timestamp,gpu_power
.000647496,134.20
.022896329,134.12
.044923335,134.12
.067123623,134.12
.089188965,134.12
.111364772,134.12
.133524420,134.01
.155368383,134.01
.177384477,134.01
.199700574,134.01
.221728219,133.99
.243497718,133.99
.265345650,133.99
.287295534,133.99
.309181738,133.99
.331224744,134.00
.353356583,134.00
.375614759,134.00
.397906536,134.00
.420222473,134.01
.442425673,134.01
.464558215,134.01
.487029578,134.01
.509168745,134.01
.531281448,134.09
.553458727,134.09
.575328163,134.09
.597378081,134.09
.619582880,134.09
.641572542,134.12
.663493786,134.12
.685458967,134.12
.707571926,134.12
.729492178,134.13
.751322061,134.13
.773419436,134.13
.795332200,134.13
.817481799,134.13
.839512165,134.10
.862079305,134.10
.883945861,134.10
.906309094,134.10
.929247694,134.06
.952257079,134.06
.975260320,134.06
.998118439,134.06
1.021540469,134.01
1.045068772,134.01
1.068311920,134.01
1.127544026,134.06
1.275559074,134.06
1.323659532,133.98
1.379663057,133.98
1.407491409,133.98
1.443658834,134.03
1.486544223,134.03
1.533544861,134.04
1.581498501,134.04
1.616770939,133.98
1.665510124,133.98
1.695926506,133.98
1.720088513,133.98
1.743747089,134.01
1.767577700,134.01
1.791501335,134.01
1.815305417,134.01
1.838938937,134.04
1.862203237,134.04
1.885472977,134.04
1.908922079,134.04
1.932133930,134.08
1.955698682,134.08
1.979149192,134.08
2.002571093,134.08
2.025882370,134.08
2.048849834,134.34
2.072414490,134.34
2.096725330,134.34
2.120310433,134.34
2.144227157,134.36
2.167902949,134.36
2.191191345,134.36
2.214389181,134.36
2.237505543,134.43
2.260991637,134.43
2.284550500,134.43
2.307976498,134.43
2.331598370,134.56
2.354954511,134.56
2.378324796,134.56
2.401659337,134.56
2.424956373,134.56
2.448149824,134.57
2.471490989,134.57
2.494577367,134.57
2.517819811,134.57
2.540845484,134.58
2.563754963,134.58
2.586497465,134.58
2.609368449,134.58
2.632596844,134.66
2.656211260,134.66
2.679959502,134.66
2.703919842,134.66
2.727771316,134.66
2.751445893,134.83
2.774946643,134.83
2.798773574,134.83
2.822341333,134.83
2.845953445,134.95
2.869517908,134.95
2.893054211,134.95
2.916684115,134.95
2.940494406,134.97
2.964278136,134.97
2.989658876,134.97
3.013067945,134.97
3.036422326,134.94
3.059616673,134.94
3.083169009,134.94
3.106639807,134.94
3.130407633,134.94
3.154071297,134.87
3.177657233,134.87
3.201014270,134.87
3.224227753,134.87
3.247392148,134.79
3.270711584,134.79
3.294016749,134.79
3.317989377,134.79
3.341843027,134.82
3.365907048,134.82
3.389625881,134.82
3.413428012,134.82
3.436944250,134.99
3.460628971,134.99
3.484078777,134.99
3.507763978,134.99
3.531339417,134.99
3.555081131,134.98
3.578878941,134.98
3.602842801,134.98
3.626763716,134.98
3.650883450,134.95
3.677625006,134.95
3.702472492,134.95
3.729188288,134.95
3.754263872,163.49
3.779283456,163.49
3.803943420,163.49
3.828765402,163.49
3.852748334,202.43
3.876649154,202.43
3.900926137,202.43
3.925135568,202.43
3.948906338,247.11
3.972276271,247.11
3.995538971,247.11
4.018781830,247.11
4.042778779,289.67
4.065629922,289.67
4.088330535,289.67
4.111325872,289.67
4.134452058,289.67
4.157182496,324.13
4.180171657,324.13
4.203324339,324.13
4.226462974,324.13
4.249432390,355.75
4.272493680,355.75
4.295583354,355.75
4.318418337,355.75
4.341503179,382.33
4.364564276,382.33
4.387573533,382.33
4.410627526,382.33
4.433688816,382.33
4.456481559,418.50
4.479451551,418.50
4.502250598,418.50
4.525695188,418.50
4.548751965,443.60
4.571654565,443.60
4.594750799,443.60
4.617782040,443.60
4.640871042,443.60
4.663749289,481.26
4.686689265,481.26
4.709467288,481.26
4.732643843,481.26
4.755585675,477.44
4.778514035,477.44
4.801492347,477.44
4.824429252,477.44
4.847362924,466.52
4.870177010,466.52
4.893794306,466.52
4.917149007,466.52
4.940479548,466.52
4.963367491,454.61
4.986222411,454.61
5.009171731,454.61
5.032028954,454.61
5.055152772,452.50
5.078162125,452.50
5.101314424,452.50
5.124137791,452.50
5.147221289,458.89
5.170155857,458.89
5.192932631,458.89
5.216228419,458.89
5.239290285,458.89
5.262600345,458.62
5.285578850,458.62
5.308343912,458.62
5.331564435,458.62
5.354695262,458.67
5.377717703,458.67
5.400571598,458.67
5.424049052,458.67
5.447453002,458.67
5.470736278,463.71
5.493569309,463.71
5.516624102,463.71
5.540000884,463.71
5.563051037,471.86
5.586222088,471.86
5.609140848,471.86
5.633001443,471.86
5.656122701,478.59
5.679176406,478.59
5.701911196,478.59
5.725012582,478.59
5.748178065,478.59
5.771174458,485.67
5.794140642,485.67
5.817415470,485.67
5.841257569,485.67
5.864403339,492.64
5.887474805,492.64
5.910130874,492.64
5.933096770,492.64
5.956335662,499.94
5.979275670,499.94
6.002138365,499.94
6.025261288,499.94
6.048861367,499.94
6.071714686,504.42
6.094954122,504.42
6.118103637,504.42
6.141545475,504.42
6.164416490,505.03
6.187435603,505.03
6.210472220,505.03
6.233914378,505.03
6.257305368,511.51
6.280223616,511.51
6.303281033,511.51
6.326405139,511.51
6.349676351,511.51
6.372600423,518.83
6.395434382,518.83
6.418715482,518.83
6.442145224,518.83
6.465393076,520.71
6.488489374,520.71
6.511465510,520.71
6.534737330,520.71
6.557821852,519.90
6.580798053,519.90
6.603702573,519.90
6.626788534,519.90
6.650086691,519.90
6.672991690,521.21
6.695905010,521.21
6.718798362,521.21
6.742202791,521.21
6.765349778,522.22
6.788214681,522.22
6.811131105,522.22
6.834182987,522.22
6.857562872,522.22
6.881097895,522.02
6.904034927,522.02
6.926882006,522.02
6.950207331,522.02
6.973754642,521.88
6.997078207,521.88
7.020057447,521.88
7.043375188,521.88
7.067014820,525.16
7.090528051,525.16
7.113582492,525.16
7.136441251,525.16
7.159527853,530.45
7.184999539,530.45
7.208091612,530.45
7.231207751,530.45
7.254079886,530.45
7.277130455,537.16
7.300245826,537.16
7.323471821,537.16
7.346955676,537.16
7.369893732,543.16
7.393224624,543.16
7.416797056,543.16
7.440220654,543.16
7.463533626,548.72
7.486521987,548.72
7.509437355,548.72
7.533456959,548.72
7.556642602,548.72
7.579629555,552.67
7.602472858,552.67
7.625647173,552.67
7.649257685,552.67
7.672716995,555.62
7.695825261,555.62
7.718825078,555.62
7.742502022,555.62
7.766070774,559.69
7.789423843,559.69
7.812255786,559.69
7.835793593,559.69
7.859498506,559.69
7.882768118,563.39
7.905658589,563.39
7.929171404,563.39
7.952130933,563.39
7.975192926,566.12
7.998633932,566.12
8.021461075,566.12
8.044518652,566.12
8.067866921,567.29
8.091464921,567.29
8.114921479,567.29
8.137910096,567.29
8.160816024,567.29
8.185274161,566.64
8.208935330,566.64
8.232334991,566.64
8.255374009,566.64
8.278053790,564.26
8.301250537,564.26
8.324962618,564.26
8.348179365,564.26
8.371292015,560.50
8.394546715,560.50
8.418194348,560.50
8.441673114,560.50
8.464818564,560.50
8.487743084,558.53
8.510905463,558.53
8.535062733,558.53
8.558500667,558.53
8.581472196,556.59
8.604809584,556.59
8.628597666,556.59
8.651782445,556.59
8.674841847,554.78
8.697527612,554.78
8.720554757,554.78
8.743860626,554.78
8.767318272,554.78
8.790260296,550.92
8.813526964,550.92
8.836924353,550.92
8.860411408,550.92
8.884044288,550.29
8.906978088,550.29
8.930070098,550.29
8.953392223,550.29
8.977075855,554.28
9.000516797,554.28
9.023550695,554.28
9.046689585,554.28
9.070041790,554.28
9.093413611,556.66
9.116861657,556.66
9.139610143,556.66
9.162603880,556.66
9.186013365,559.03
9.209470852,559.03
9.235468495,559.03
9.258560537,559.03
9.281822693,561.53
9.305146897,561.53
9.328770626,561.53
9.352541363,561.53
9.375407227,561.53
9.399013354,565.21
9.422639962,565.21
9.446066696,565.21
9.469473110,565.21
9.492268092,567.96
9.515465511,567.96
9.538863349,567.96
9.562464229,567.96
9.585670576,571.90
9.608813306,571.90
9.632295401,571.90
9.655686390,571.90
9.679157476,571.90
9.702455697,574.11
9.725450618,574.11
9.749342477,574.11
9.772743994,574.11
9.796133448,578.71
9.819359411,578.71
9.843454088,578.71
9.867286523,578.71
9.890645544,580.90
9.914303736,580.90
9.937205088,580.90
9.960221097,580.90
9.983473109,577.85
10.006844354,577.85
10.030245200,577.85
10.053436411,577.85
10.076723879,577.85
10.100245174,575.43
10.123779653,575.43
10.146891663,575.43
10.169872984,575.43
10.193013858,573.13
10.216087564,573.13
10.238477646,573.13
10.262155102,573.13
10.285487659,570.49
10.309043738,570.49
10.332614890,570.49
10.356214553,570.49
10.379694152,570.49
10.402514607,566.67
10.426007485,566.67
10.449354954,566.67
10.473044731,566.67
10.496464840,564.01
10.519856534,564.01
10.543135522,564.01
10.566531183,564.01
10.592692477,562.08
10.616123818,562.08
10.639315350,562.08
10.662477728,562.08
10.685710316,562.08
10.709498750,564.16
10.732542631,564.16
10.756162135,564.16
10.779673286,564.16
10.802952594,566.40
10.826591362,566.40
10.849453481,566.40
10.872973464,566.40
10.896313733,568.21
10.919747443,568.21
10.943258050,568.21
10.966558190,568.21
10.989821850,571.44
11.013480682,571.44
11.036714646,571.44
11.060546824,571.44
11.083932214,571.44
11.107151617,573.65
11.130642864,573.65
11.154836262,573.65
11.178341557,573.65
11.201414271,576.82
11.224590346,576.82
11.247708724,576.82
11.271042305,576.82
11.294494095,579.87
11.317750010,579.87
11.340896389,579.87
11.364851033,579.87
11.388155813,579.87
11.411418641,582.97
11.434558748,582.97
11.457716550,582.97
11.481189236,582.97
11.504336671,585.43
11.527826798,585.43
11.550733109,585.43
11.573711198,585.43
11.599562216,587.75
11.622595025,587.75
11.645853853,587.75
11.668965799,587.75
11.692144050,587.75
11.715560352,586.71
11.738743498,586.71
11.761931446,586.71
11.785757224,586.71
11.808486542,585.49
11.831717721,585.49
11.854777379,585.49
11.878449011,585.49
11.901539453,582.95
11.924463557,582.95
11.947552687,582.95
11.970668601,582.95
11.993933189,582.95
12.017802072,580.70
12.041082596,580.70
12.064640084,580.70
12.087824191,580.70
12.110809511,578.91
12.134214485,578.91
12.157382144,578.91
12.180833902,578.91
12.203950072,575.04
12.227296421,575.04
12.250566321,575.04
12.273504345,575.04
12.297099081,575.04
12.320341460,573.51
12.343727554,573.51
12.366946157,573.51
12.390902849,573.51
12.414603378,573.58
12.438066560,573.58
12.461763857,573.58
12.484933404,573.58
12.508122919,576.17
12.531598677,576.17
12.554709727,576.17
12.578173037,576.17
12.601557595,576.17
12.624957864,580.44
12.648269941,580.44
12.672245929,580.44
12.695891385,580.44
12.719131493,583.58
12.741976524,583.58
12.765873087,583.58
12.789243692,583.58
12.812787547,586.75
12.836555213,586.75
12.859736312,586.75
12.883697292,586.75
12.907411293,590.25
12.930688585,590.25
12.954195608,590.25
12.977041759,590.25
13.000343531,590.25
13.023720344,592.84
13.046990180,592.84
13.070561908,592.84
13.093850624,592.84
13.117326094,596.54
13.141091840,596.54
13.164439245,596.54
13.187882651,596.54
13.211268296,598.83
13.234347282,598.83
13.257469372,598.83
13.280587399,598.83
13.304132854,598.83
13.327201727,600.80
13.350531500,600.80
13.374506240,600.80
13.398013903,600.80
13.423504500,601.68
13.446996451,601.68
13.471089240,601.68
13.494589767,601.68
13.517530383,599.63
13.540866780,599.63
13.564310346,599.63
13.587654807,599.63
13.611031044,595.75
13.634277808,595.75
13.657800383,595.75
13.680997130,595.75
13.703971538,595.75
13.726944539,592.69
13.749838275,592.69
13.773523283,592.69
13.797103011,592.69
13.820915189,589.75
13.844410756,589.75
13.868053876,589.75
13.891505570,589.75
13.914871023,586.26
13.938520064,586.26
13.961989902,586.26
13.985198841,586.26
14.008514502,586.26
14.031989524,582.77
14.054993501,582.77
14.078003782,582.77
14.100906734,582.77
14.124203226,580.33
14.147960364,580.33
14.170861043,580.33
14.194229184,580.33
14.217933201,582.09
14.240878682,582.09
14.263581151,582.09
14.286883019,582.09
14.310155671,582.09
14.333598981,583.62
14.356706864,583.62
14.380196606,583.62
14.403605068,583.62
14.426804919,584.50
14.449931201,584.50
14.474231321,584.50
14.497231746,584.50
14.520441869,584.46
14.543429814,584.46
14.566950789,584.46
14.593166195,584.46
14.616408830,584.46
14.639996494,585.83
14.663211577,585.83
14.687414352,585.83
14.711053184,585.83
14.734464334,586.13
14.757802491,586.13
14.781505548,586.13
14.804608054,586.13
14.828185733,587.90
14.851315024,587.90
14.874560315,587.90
14.898121579,587.90
14.921352278,588.72
14.944598338,588.72
14.968146225,588.72
14.991268923,588.72
15.014721769,588.72
15.038047766,591.60
15.061380547,591.60
15.085235958,591.60
15.108479041,591.60
15.131962128,592.84
15.155329277,592.84
15.178680394,592.84
15.201915861,592.84
15.225476709,593.11
15.248768145,593.11
15.271830810,593.11
15.294903716,593.11
15.317885357,593.11
15.341024055,592.14
15.364269955,592.14
15.387543279,592.14
15.410698394,592.14
15.433453600,581.68
15.456490185,581.68
15.479835926,581.68
15.503231651,581.68
15.528180547,553.10
15.551273293,553.10
15.574338102,553.10
15.613290487,553.10
15.636656004,525.36
15.659808975,525.36
15.682864824,525.36
15.705786208,525.36
15.729000555,498.41
15.752343480,498.41
15.775778534,498.41
15.799191412,498.41
15.822641250,498.41
15.845753228,470.29
15.868820534,470.29
15.891680029,470.29
15.914538916,470.29
15.938166708,444.07
15.961580898,444.07
15.984992240,444.07
16.008421629,444.07
16.031874539,412.92
16.054804148,412.92
16.077621530,412.92
16.100662756,412.92
16.124246547,412.92
16.147661441,387.29
16.171445235,387.29
16.194620510,387.29
16.217703848,387.29
16.240269131,352.80
16.263525751,352.80
16.286673282,352.80
16.310039439,352.80
16.333541758,330.03
16.357016716,330.03
16.380424666,330.03
16.403379202,330.03
16.426386859,330.03
16.449177969,306.91
16.472342492,306.91
16.495785130,306.91
16.519409274,306.91
16.542314082,305.63
16.569597276,305.63
16.593852788,305.63
16.616887869,305.63
16.640035719,305.07
16.663325268,305.07
16.686783490,305.07
16.710149103,305.07
16.733543196,304.86
16.756973866,304.86
16.780598458,304.86
16.803706148,304.86
16.826873007,304.86
16.850005466,304.74
16.873373639,304.74
16.897558685,304.74
16.920954667,304.74
16.944414297,304.72
16.967754598,304.72
16.990778447,304.72
17.013966266,304.72
17.036885122,303.99
17.059964652,303.99
17.083043253,303.99
17.106790375,303.99
17.129923825,303.99
17.152785177,304.36
17.175731393,304.36
17.199425618,304.36
17.222877984,304.36
17.246203116,303.11
17.269735643,303.11
17.292734852,303.11
17.315933488,303.11
17.338664853,302.90
17.361834176,302.90
17.385002315,302.90
17.408460793,302.90
17.431747237,302.90
17.455373301,303.05
17.478709922,303.05
17.502221969,303.05
17.525338395,303.05
17.548397669,304.85
17.571953876,304.85
17.595386594,304.85
17.618853584,304.85
17.642200637,304.64
17.665924718,304.64
17.688974328,304.64
17.712122050,304.64
17.735715986,304.64
17.759088831,303.23
17.782495501,303.23
17.806089276,303.23
17.829496106,303.23
17.852596628,303.61
17.875509212,303.61
17.898652230,303.61
17.921989299,303.61
17.945268383,303.50
17.968717549,303.50
17.992291037,303.50
18.015558153,303.50
18.038472433,303.50
18.061439801,303.44
18.084956712,303.44
18.108018706,303.44
18.131557793,303.44
18.154836301,304.08
18.178223706,304.08
18.201279844,304.08
18.224126827,304.08
18.247188372,305.48
18.270569058,305.48
18.293925423,305.48
18.317407677,305.48
18.340808331,305.48
18.364395482,304.54
18.387639494,304.54
18.410641583,304.54
18.433770649,304.54
18.456828675,304.64
18.480013294,304.64
18.503450940,304.64
18.527015723,304.64
18.550688796,305.68
18.573654532,305.68
18.599120458,305.68
18.622174771,305.68
18.645130971,305.68
18.668497289,305.59
18.691903478,305.59
18.717961474,305.59
18.741711828,305.59
18.764938815,304.51
18.788039945,304.51
18.811617625,304.51
18.834852420,304.51
18.858317843,304.74
18.881835554,304.74
18.906151994,304.74
18.929584039,304.74
18.953119863,305.41
18.976154432,305.41
18.999043400,305.41
19.022258131,305.41
19.045807746,305.41
19.069139791,305.20
19.092364986,305.20
19.115827592,305.20
19.139286295,305.20
19.162308000,304.06
19.185481387,304.06
19.208352754,304.06
19.231544829,304.06
19.255039660,303.33
19.278414201,303.33
19.301514627,303.33
19.324652269,303.33
19.347858649,303.33
19.370854882,302.56
19.394102093,302.56
19.417648764,302.56
19.441140331,302.56
19.464597177,301.79
19.487683587,301.79
19.510840686,301.79
19.533757270,301.79
19.557171203,300.24
19.580346158,300.24
19.603654267,300.24
19.627223690,300.24
19.650827578,300.24
19.674186855,300.55
19.697236336,300.55
19.721149700,300.55
19.744947990,300.55
19.768198594,301.17
19.791468302,301.17
19.814603288,301.17
19.837510848,301.17
19.860689419,300.95
19.883837846,300.95
19.907328356,300.95
19.930789618,300.95
19.954256545,300.95
19.977602509,300.37
20.000432244,300.37
20.023617471,300.37
20.046935660,300.37
20.070030390,301.29
20.093374435,301.29
20.116747376,301.29
20.140000668,301.29
20.163050917,299.17
20.185931405,299.17
20.209014071,299.17
20.232330595,299.17
20.255703344,299.17
20.279933127,301.12
20.303341813,301.12
20.326621345,301.12
20.349911821,301.12
20.372834421,301.51
20.395941983,301.51
20.419279692,301.51
20.443367298,301.51
20.466879440,302.33
20.490365119,302.33
20.513695980,302.33
20.536776213,302.33
20.559832095,302.33
20.582785383,303.14
20.605970482,303.14
20.629313471,303.14
20.652872846,303.14
20.675694389,302.02
20.698593373,302.02
20.721615590,302.02
20.745413048,302.02
20.769140810,301.95
20.792551287,301.95
20.815887748,301.95
20.839111631,301.95
20.862228218,301.95
20.885565254,302.48
20.909380089,302.48
20.933418798,302.48
20.956810459,302.48
20.980249289,302.28
21.003619606,302.28
21.027565610,302.28
21.050598003,302.28
21.073405722,300.82
21.096758183,300.82
21.120122100,300.82
21.143601282,300.82
21.167113041,302.23
21.190372573,302.23
21.213553128,302.23
21.236396303,302.23
21.259454809,302.23
21.282505058,302.50
21.305968240,302.50
21.329933892,302.50
21.353569460,302.50
21.376748383,302.74
21.399994315,302.74
21.422941395,302.74
21.446220127,302.74
21.469349194,302.64
21.492677623,302.64
21.516127717,302.64
21.539257679,302.64
21.562164503,302.64
21.585328674,301.13
21.608415660,301.13
21.631828313,301.13
21.655228583,301.13
21.678232176,302.90
21.701371386,302.90
21.724362627,302.90
21.747101385,302.90
21.770583223,303.96
21.793632545,303.96
21.817051566,303.96
21.840326906,303.96
21.863668839,303.96
21.886624464,302.88
21.909480919,302.88
21.932485440,302.88
21.955852109,302.88
21.979108089,302.83
22.002411269,302.83
22.025869811,302.83
22.049005982,302.83
22.072315562,303.99
22.095514614,303.99
22.118626528,303.99
22.142478898,303.99
22.165863808,303.99
22.189155596,304.26
22.212793724,304.26
22.236443501,304.26
22.259721145,304.26
22.282715074,303.02
22.305717227,303.02
22.329135384,303.02
22.352686663,303.02
22.376074997,303.72
22.399551619,303.72
22.422582668,303.72
22.445668374,303.72
22.468734720,303.72
22.491838954,302.93
22.515427258,302.93
22.539125675,302.93
22.563206240,302.93
22.586657454,303.12
22.609999259,303.12
22.633228998,303.12
22.656325361,303.12
22.679530140,303.47
22.703451375,303.47
22.726773148,303.47
22.750108265,303.47
22.773600279,303.47
22.796916260,304.43
22.820343730,304.43
22.843362651,304.43
22.866708968,304.43
22.889935923,303.42
22.913457634,303.42
22.936768782,303.42
22.960220477,303.42
22.983530889,303.56
23.006644211,303.56
23.029468826,303.56
23.052579620,303.56
23.075810640,303.56
23.099317855,304.47
23.122634283,304.47
23.145827574,304.47
23.169018049,304.47
23.192074571,304.16
23.215113844,304.16
23.238244639,304.16
23.261559467,304.16
23.285125403,303.40
23.308337574,303.40
23.331545681,303.40
23.354816733,303.40
23.377785254,303.40
23.401062354,303.26
23.424515456,303.26
23.447552905,303.26
23.470870710,303.26
23.493949952,303.44
23.517208652,303.44
23.540293205,303.44
23.563405120,303.44
23.587020144,304.91
23.610084153,304.91
23.633437510,304.91
23.657060854,304.91
23.680439108,304.91
23.703376396,303.37
23.726427253,303.37
23.749747522,303.37
23.773069646,303.37
23.796410139,303.62
23.819863337,303.62
23.843174678,303.62
23.866237631,303.62
23.889348778,306.02
23.912526037,306.02
23.935484189,306.02
23.958841482,306.02
23.982218487,306.02
24.005293729,305.40
24.028955026,305.40
24.051944282,305.40
24.075016644,305.40
24.097921324,304.41
24.120776659,304.41
24.143887805,304.41
24.167059912,304.41
24.190598839,305.40
24.214216775,305.40
24.237289393,305.40
24.260179033,305.40
24.283224418,305.40
24.306457166,306.83
24.329864891,306.83
24.353083975,306.83
24.376629270,306.83
24.399700096,305.92
24.422930923,305.92
24.445929524,305.92
24.469069407,305.92
24.492550093,305.22
24.515912250,305.22
24.539380072,305.22
24.562845271,305.22
24.586017121,305.22
24.608976394,305.66
24.631790193,305.66
24.654828090,305.66
24.677948452,305.66
24.701277905,306.68
24.724384827,306.68
24.747142401,306.68
24.770167594,306.68
24.793666809,303.02
24.816905445,303.02
24.840331250,303.02
24.863628863,303.02
24.886743753,303.02
24.910141367,302.64
24.933894504,302.64
24.958357442,302.64
24.982105491,302.64
25.004937690,313.46
25.027765505,313.46
25.051033901,313.46
25.074505564,313.46
25.098752851,327.19
25.122134048,327.19
25.145813297,327.19
25.168941403,327.19
25.192405770,327.19
25.215769783,355.33
25.239139972,355.33
25.262400560,355.33
25.286406596,355.33
25.309378157,384.38
25.332659705,384.38
25.356273481,384.38
25.380019322,384.38
25.403585578,412.82
25.427241498,412.82
25.450116322,412.82
25.473361293,412.82
25.496968445,441.45
25.520076360,441.45
25.543155569,441.45
25.566598911,441.45
25.592545610,441.45
25.616557471,468.62
25.639709929,468.62
25.663292633,468.62
25.687577969,468.62
25.710744668,496.55
25.733720452,496.55
25.756489834,496.55
25.779482323,496.55
25.802557245,531.41
25.825465701,531.41
25.847944040,531.41
25.870923792,531.41
25.894304286,531.41
25.917616458,538.09
25.940941751,538.09
25.964525414,538.09
25.988067606,538.09
26.036548228,525.39
26.059198281,525.39
26.082016144,525.39
26.105022905,525.39
26.129218191,493.36
26.152888864,493.36
26.176223693,493.36
26.199668091,493.36
26.223691183,493.36
26.246884411,495.73
26.270593580,495.73
26.294321981,495.73
26.317854956,495.73
26.341566109,498.22
26.365634162,498.22
26.389173729,498.22
26.413365048,498.22
26.437024265,494.31
26.460190771,494.31
26.483393631,494.31
26.506856429,494.31
26.530161657,491.36
26.553362340,491.36
26.576441038,491.36
26.600133279,491.36
26.623851856,491.36
26.647195389,498.59
26.670673004,498.59
26.694714465,498.59
26.718059789,498.59
26.741013366,495.37
26.764592645,495.37
26.787707888,495.37
26.811096445,495.37
26.834205799,493.57
26.857801975,493.57
26.881541000,493.57
26.905018775,493.57
26.928194210,516.56
26.951469070,516.56
26.974575064,516.56
26.997889956,516.56
27.021075984,516.56
27.044404796,549.54
27.068014956,549.54
27.091850687,549.54
27.115043434,549.54
27.138439959,563.34
27.161654083,563.34
27.184630763,563.34
27.208216027,563.34
27.231637737,535.66
27.255249785,535.66
27.279576497,535.66
27.303131424,535.66
27.326448589,535.66
27.349581943,505.05
27.373295464,505.05
27.396589653,505.05
27.420660810,505.05
27.444740031,479.82
27.468001323,479.82
27.491734684,479.82
27.515238827,479.82
27.538336021,452.96
27.561284445,452.96
27.584707371,452.96
27.608148985,452.96
27.631572711,452.96
27.655197111,424.42
27.679127115,424.42
27.702224309,424.42
27.724911194,424.42
27.748121925,398.95
27.771443890,398.95
27.795024994,398.95
27.818580529,398.95
27.841562234,367.25
27.864381249,367.25
27.887218184,367.25
27.910905496,367.25
27.935146512,336.45
27.958636574,336.45
27.982393296,336.45
28.005992992,336.45
28.029506350,336.45
28.053093118,334.29
28.076802415,334.29
28.099951770,334.29
28.135484115,334.29
28.158823360,363.13
28.182653522,363.13
28.206176673,363.13
28.229734481,363.13
28.253132606,389.87
28.276970833,389.87
28.300313245,389.87
28.323683275,389.87
28.347360443,415.15
28.370657800,415.15
28.394055093,415.15
28.417940744,415.15
28.441033042,441.77
28.464679811,441.77
28.488593174,441.77
28.511793185,441.77
28.535169839,441.77
28.558786591,476.19
28.582360270,476.19
28.605843005,476.19
28.629659823,476.19
28.653249823,501.42
28.676970832,501.42
28.700265692,501.42
28.723753483,501.42
28.746789492,530.83
28.770063456,530.83
28.793090345,530.83
28.815993681,530.83
28.838907673,530.83
28.861703616,561.16
28.885129837,561.16
28.908865343,561.16
28.932326093,561.16
28.955196436,552.94
28.978128253,552.94
29.001315336,552.94
29.024332977,552.94
29.048034978,523.61
29.071494896,523.61
29.094954814,523.61
29.118354444,523.61
29.142006972,523.61
29.165472810,492.70
29.189352381,492.70
29.211971266,492.70
29.234506757,492.70
29.256843047,450.97
29.279750159,450.97
29.303235453,450.97
29.326874541,450.97
29.350219226,440.97
29.373551559,440.97
29.397387513,440.97
29.420258657,440.97
29.443952722,440.97
29.467264382,440.84
29.490634795,440.84
29.514229467,440.84
29.537598696,440.84
29.561052375,438.71
29.584825960,438.71
29.608089972,438.71
29.631661924,438.71
29.655238963,446.61
29.678756322,446.61
29.702054287,446.61
29.726186981,446.61
29.749517105,447.94
29.773048928,447.94
29.797406553,447.94
29.820387682,447.94
29.843887664,447.94
29.867323422,452.38
29.891448404,452.38
29.914953027,452.38
29.938741429,452.38
29.962091458,482.31
29.985471087,482.31
30.008642458,482.31
30.032031367,482.31
30.055785369,508.53
30.079222215,508.53
30.102878295,508.53
30.126339302,508.53
30.149788692,508.53
30.173053568,541.65
30.196526574,541.65
30.219615992,541.65
30.243149703,541.65
30.266594197,572.29
30.289939810,572.29
30.313482097,572.29
30.337191618,572.29
30.360442254,592.37
30.383724026,592.37
30.406905861,592.37
30.429879790,592.37
30.453354812,596.21
30.477094254,596.21
30.500637885,596.21
30.524069835,596.21
30.547271958,596.21
30.570692516,596.16
30.594255283,596.16
30.617356349,596.16
30.641408978,596.16
30.664760607,592.67
30.687867689,592.67
30.711207318,592.67
30.734656836,592.67
30.758026321,595.38
30.781788483,595.38
30.805779287,595.38
30.829330151,595.38
30.852951063,595.38
30.876748937,598.64
30.900728317,598.64
30.924345293,598.64
30.947697626,598.64
30.971371979,597.98
30.995122972,597.98
31.018359720,597.98
31.042166554,597.98
31.065391334,596.42
31.088716082,596.42
31.112467428,596.42
31.135605102,596.42
31.158755993,596.42
31.181824291,599.14
31.205904728,599.14
31.229275653,599.14
31.253150456,599.14
31.276649031,600.05
31.299958323,600.05
31.323500227,600.05
31.347215892,600.05
31.370637506,600.98
31.394427252,600.98
31.417605567,600.98
31.440809674,600.98
31.464271864,600.17
31.487559332,600.17
31.511515608,600.17
31.534752932,600.17
31.558524246,600.17
31.582037764,599.90
31.605727541,599.90
31.629284197,599.90
31.652929653,599.90
31.676401283,603.97
31.699770321,603.97
31.723157438,603.97
31.746817166,603.97
31.770481055,603.82
31.793696426,603.82
31.816554514,603.82
31.839741725,603.82
31.863144298,603.82
31.886492695,603.16
31.909517152,603.16
31.932733356,603.16
31.956146490,603.16
31.979273924,597.59
32.002603697,597.59
32.025893213,597.59
32.050111508,597.59
32.073447681,577.41
32.096057541,577.41
32.118611465,577.41
32.141408591,577.41
32.165163841,577.41
32.189371416,542.42
32.212591971,542.42
32.235618253,542.42
32.259259421,542.42
32.282301574,542.82
32.305526866,542.82
32.331540413,542.82
32.354904683,542.82
32.378270104,543.34
32.401566756,543.34
32.424423019,543.34
32.447768856,543.34
32.471093893,543.12
32.494419090,543.12
32.517636797,543.12
32.541288877,543.12
32.564300438,543.12
32.587380864,542.01
32.610801614,542.01
32.634158587,542.01
32.657905581,542.01
32.681097400,543.53
32.704041024,543.53
32.727035017,543.53
32.750261716,543.53
32.773599713,541.68
32.797469300,541.68
32.821260262,541.68
32.844369392,541.68
32.867901503,541.68
32.891333133,543.71
32.915665190,543.71
32.938974738,543.71
32.962455681,543.71
32.985507178,544.23
33.008846615,544.23
33.032079426,544.23
33.055300142,544.23
33.078763580,568.39
33.101762085,568.39
33.125010385,568.39
33.148283837,568.39
33.171690923,568.39
33.195406652,602.23
33.218416837,602.23
33.241490959,602.23
33.265602884,602.23
33.288847120,598.75
33.312108188,598.75
33.335771340,598.75
33.359101785,598.75
33.383763285,599.94
33.407158659,599.94
33.430398926,599.94
33.454015167,599.94
33.477415564,599.94
33.500678616,603.11
33.523904131,603.11
33.547200208,603.11
33.570429595,603.11
33.594268974,603.67
33.617940415,603.67
33.641275083,603.67
33.664677401,603.67
33.688061798,603.74
33.711343858,603.74
33.734869025,603.74
33.758097229,603.74
33.781621724,600.30
33.805427182,600.30
33.830004969,600.30
33.853129396,600.30
33.876398240,600.30
33.900405588,601.60
33.925028176,601.60
33.948382909,601.60
33.971990573,601.60
33.994852052,592.34
34.018100224,592.34
34.041807441,592.34
34.065862118,592.34
34.089181619,587.27
34.113187111,587.27
34.136751798,587.27
34.159977410,587.27
34.183704019,585.96
34.207095617,585.96
34.230451086,585.96
34.254175135,585.96
34.277202472,585.96
34.300377875,585.77
34.323754624,585.77
34.347430385,585.77
34.370907616,585.77
34.395102870,586.64
34.418109215,586.64
34.441685359,586.64
34.468706438,586.64
34.491883441,582.94
34.515523649,582.94
34.538716397,582.94
34.561546323,582.94
34.584777759,582.94
34.608066699,579.66
34.631448729,579.66
34.654772453,579.66
34.678002609,579.66
34.700917817,580.67
34.723881441,580.67
34.747072173,580.67
34.770969952,580.67
34.794324493,584.34
34.817884476,584.34
34.841075335,584.34
34.864512789,584.34
34.887803298,584.34
34.911238703,582.62
34.935052354,582.62
34.958015690,582.62
34.980948434,582.62
35.004238079,585.43
35.027675885,585.43
35.051044314,585.43
35.075002798,585.43
35.098083000,597.74
35.121363012,597.74
35.144739185,597.74
35.168133310,597.74
35.191832495,598.80
35.215368671,598.80
35.238833901,598.80
35.262614111,598.80
35.285993132,598.80
35.309593116,601.50
35.333002218,601.50
35.355904593,601.50
35.379458177,601.50
35.402849198,598.50
35.426116250,598.50
35.449528136,598.50
35.477452809,598.50
35.500348369,598.56
35.524414758,598.56
35.547730323,598.56
35.570921214,598.56
35.594649263,600.65
35.618112062,600.65
35.640828131,600.65
35.664071311,600.65
35.687547357,600.65
35.711203150,597.99
35.734508026,597.99
35.757543908,597.99
35.780808048,597.99
35.803803161,592.55
35.826724609,592.55
35.849646889,592.55
35.872491696,592.55
35.896031231,592.55
35.919582734,578.97
35.943331776,578.97
35.966619404,578.97
35.989612821,578.97
36.013061507,551.03
36.037341019,551.03
36.060414948,551.03
36.083158090,551.03
36.105667246,511.78
36.128449588,511.78
36.151968099,511.78
36.176367580,511.78
36.199833226,489.46
36.223048918,489.46
36.246532036,489.46
36.269586286,489.46
36.293009820,489.46
36.316232359,490.30
36.339406482,490.30
36.363034178,490.30
36.386839700,490.30
36.409951007,491.64
36.433123145,491.64
36.456816250,491.64
36.480526444,491.64
36.504279933,497.17
36.527539369,497.17
36.551103704,497.17
36.575917910,497.17
36.600166510,497.17
36.623424441,494.12
36.646870408,494.12
36.669710415,494.12
36.693154941,494.12
36.716340168,496.20
36.739860503,496.20
36.763416326,496.20
36.786749651,496.20
36.809715067,499.25
36.832988807,499.25
36.856438646,499.25
36.879598592,499.25
36.903199728,499.25
36.926666719,516.44
36.949772969,516.44
36.973048629,516.44
36.996474787,516.44
37.019893520,542.32
37.043573377,542.32
37.066834605,542.32
37.090449981,542.32
37.113746857,582.35
37.137195287,582.35
37.160816904,582.35
37.183837425,582.35
37.206860282,601.63
37.230310728,601.63
37.253521843,601.63
37.276970818,601.63
37.300380431,601.63
37.323791485,604.04
37.347057737,604.04
37.370776378,604.04
37.394142599,604.04
37.417350771,603.30
37.441167269,603.30
37.464416657,603.30
37.487666557,603.30
37.511193708,601.88
37.534643706,601.88
37.558801072,601.88
37.583162760,601.88
37.605813549,601.88
37.629302172,602.40
37.653153423,602.40
37.676358522,602.40
37.699645734,602.40
37.723026772,603.60
37.746171902,603.60
37.769300713,603.60
37.792684374,603.60
37.816355751,606.15
37.840256570,606.15
37.863803657,606.15
37.887120470,606.15
37.910757094,606.15
37.934160372,605.82
37.957644642,605.82
37.980894446,605.82
38.004158074,605.82
38.027953324,605.01
38.051340793,605.01
38.074839496,605.01
38.098421144,605.01
38.121802341,605.04
38.145068657,605.04
38.168323005,605.04
38.191618153,605.04
38.215228409,606.93
38.238769064,606.93
38.261898227,606.93
38.285692229,606.93
38.309145011,606.93
38.332394271,605.77
38.355943502,605.77
38.379412252,605.77
38.402454726,605.77
38.426242840,602.90
38.449577733,602.90
38.473101748,602.90
38.496911078,602.90
38.520455381,603.76
38.543563327,603.76
38.567079598,603.76
38.592971448,603.76
38.616344166,607.40
38.640017398,607.40
38.663006335,607.40
38.686530190,607.40
38.709699865,607.40
38.732693794,604.78
38.755866061,604.78
38.779080792,604.78
38.802309380,604.78
38.825397710,599.64
38.848479064,599.64
38.872148136,599.64
38.895450165,599.64
38.918803618,577.06
38.941949420,577.06
38.965441083,577.06
38.988243298,577.06
39.010873702,577.06
39.033597772,529.77
39.056466739,529.77
39.080024227,529.77
39.103738772,529.77
39.126760989,517.27
39.149969672,517.27
39.173912956,517.27
39.196713731,517.27
39.220296403,517.27
39.243573471,514.16
39.266548583,514.16
39.290086198,514.16
39.313709479,514.16
39.336723280,509.38
39.359921339,509.38
39.383430538,509.38
39.406862648,509.38
39.430337478,513.69
39.453976534,513.69
39.476972639,513.69
39.500623856,513.69
39.523843355,509.86
39.547034662,509.86
39.570540085,509.86
39.594104868,509.86
39.617337616,509.86
39.640912352,507.89
39.664487791,507.89
39.687608153,507.89
39.711443596,507.89
39.734870458,509.46
39.758115462,509.46
39.782002873,509.46
39.805212388,509.46
39.828405135,513.75
39.851953247,513.75
39.875290571,513.75
39.898324949,513.75
39.921238525,513.75
39.944151493,531.56
39.967176718,531.56
39.990231479,531.56
40.013488067,531.56
40.036719215,564.82
40.060097692,564.82
40.082636896,564.82
40.105009282,564.82
40.127325571,536.13
40.150343468,536.13
40.173825786,536.13
40.197284136,536.13
40.220610517,536.13
40.244044003,529.83
40.267585906,529.83
40.290730557,529.83
40.314234764,529.83
40.337571288,529.12
40.360689123,529.12
40.384292051,529.12
40.407893859,529.12
40.430885355,530.41
40.454161943,530.41
40.477334722,530.41
40.500648879,530.41
40.524259295,530.41
40.547530219,535.99
40.570723382,535.99
40.594774603,535.99
40.617952406,535.99
40.641319427,535.17
40.664938291,535.17
40.688315617,535.17
40.711473099,535.17
40.735372223,531.50
40.758594794,531.50
40.782189178,531.50
40.805832618,531.50
40.829167671,531.50
40.852817544,528.92
40.876608410,528.92
40.900037192,528.92
40.923773945,528.92
40.947146854,535.67
40.970203504,535.67
40.993287546,535.67
41.016679687,535.67
41.039619215,538.39
41.062573528,538.39
41.085559969,538.39
41.108855021,538.39
41.132045240,538.39
41.155324228,570.64
41.178726834,570.64
41.201689466,570.64
41.225776080,570.64
41.249081788,551.62
41.272565931,551.62
41.295865719,551.62
41.319324581,551.62
41.342478768,521.34
41.365588954,521.34
41.388958248,521.34
41.412192051,521.34
41.436236328,521.34
41.459644950,493.66
41.483164901,493.66
41.506479953,493.66
41.529719005,493.66
41.552341474,465.68
41.575644878,465.68
41.600289034,465.68
41.623918874,465.68
41.647273031,436.25
41.670696693,436.25
41.693568124,436.25
41.716833928,436.25
41.740493785,400.89
41.763861894,400.89
41.787378517,400.89
41.811374666,400.89
41.834572661,400.89
41.857647967,377.06
41.880659720,377.06
41.903750066,377.06
41.927185472,377.06
41.950951089,346.36
41.974243230,346.36
41.997797581,346.36
42.020859767,346.36
42.044493927,322.24
42.067988502,322.24
42.091199009,322.24
42.114176618,322.24
42.137097554,322.24
42.159658773,295.73
42.182714239,295.73
42.206297327,295.73
42.230012544,295.73
42.253238187,309.82
42.276472631,309.82
42.300390219,309.82
42.323575414,309.82
42.346751329,338.86
42.369966284,338.86
42.393340473,338.86
42.417146380,338.86
42.440490744,338.86
42.463355488,365.20
42.487214067,365.20
42.510288829,365.20
42.533508200,365.20
42.556898453,394.37
42.580434789,394.37
42.603638512,394.37
42.627175743,394.37
42.650569612,423.69
42.673997594,423.69
42.697766156,423.69
42.721124793,423.69
42.744384453,423.69
42.768032310,451.51
42.791338210,451.51
42.817305229,451.51
42.840964446,451.51
42.863954374,480.65
42.887161810,480.65
42.910538399,480.65
42.934065006,480.65
42.957287290,512.93
42.980860777,512.93
43.004070709,512.93
43.027138750,512.93
43.050231208,537.96
43.073218097,537.96
43.096081240,537.96
43.119016705,537.96
43.142485103,537.96
43.165588601,566.52
43.188520417,566.52
43.211665964,566.52
43.235166139,566.52
43.258374886,551.73
43.281790420,551.73
43.304974047,551.73
43.327948807,551.73
43.351199347,521.95
43.374512928,521.95
43.397889677,521.95
43.421167769,521.95
43.444720649,521.95
43.468168983,493.61
43.491521892,493.61
43.514551917,493.61
43.537813369,493.61
43.561173382,464.62
43.584512531,464.62
43.614069159,464.62
43.637155953,464.62
43.660812930,464.62
43.684884791,435.28
43.708326277,435.28
43.731421839,435.28
43.754803101,435.28
43.778084393,408.58
43.801123218,408.58
43.824875588,408.58
43.848738359,408.58
43.873873816,377.65
43.897239045,377.65
43.920395344,377.65
43.943275672,377.65
43.966494595,377.65
43.989798352,349.17
44.013529665,349.17
44.036700236,349.17
44.060197883,349.17
44.083922988,323.21
44.107170488,323.21
44.130150688,323.21
44.153391372,323.21
44.176765497,306.26
44.200227368,306.26
44.223709110,306.26
44.247173508,306.26
44.270504401,306.41
44.293570619,306.41
44.316919336,306.41
44.339829776,306.41
44.362941946,306.41
44.386240582,308.29
44.409894743,308.29
44.433382693,308.29
44.456937973,308.29
44.480120576,307.53
44.503337003,307.53
44.526330868,307.53
44.549277213,307.53
44.572850700,306.86
44.596190745,306.86
44.619494885,306.86
44.642623440,306.86
44.665449303,306.86
44.688527521,307.09
44.711594250,307.09
44.734630132,307.09
44.757731742,307.09
44.780519844,304.75
44.803702095,304.75
44.827035484,304.75
44.850830958,304.75
44.874869731,304.41
44.898095247,304.41
44.921220537,304.41
44.944136993,304.41
44.967269004,304.41
44.990290133,305.48
45.013897477,305.48
45.037379283,305.48
45.060465373,305.48
45.084011724,305.08
45.107215384,305.08
45.130554469,305.08
45.153846961,305.08
45.176992764,305.79
45.200420745,305.79
45.223780535,305.79
45.247313190,305.79
45.270787892,305.79
45.293948287,306.28
45.316958344,306.28
45.339816655,306.28
45.363539008,306.28
45.386712043,306.02
45.410034040,306.02
45.433719625,306.02
45.457513595,306.02
45.481037098,305.33
45.504321430,305.33
45.528000295,305.33
45.551252851,305.33
45.574702721,305.33
45.600286536,305.43
45.623699669,305.43
45.646892033,305.43
45.670252878,305.43
45.693235671,305.68
45.716301440,305.68
45.739289577,305.68
45.762367635,305.68
45.785613119,307.33
45.809575059,307.33
45.833107234,307.33
45.856546224,307.33
45.880238433,307.33
45.903753744,306.81
45.926969915,306.81
45.949757218,306.81
45.973038030,306.81
45.996406651,306.84
46.019822985,306.84
46.043378136,306.84
46.066906375,306.84
46.089903120,307.79
46.112795512,307.79
46.135768832,307.79
46.158709641,307.79
46.181905716,307.79
46.205129439,306.32
46.228860849,306.32
46.252047100,306.32
46.274847267,306.32
46.298301233,305.37
46.321346906,305.37
46.344766568,305.37
46.368547770,305.37
46.392034408,305.70
46.415459926,305.70
46.439001702,305.70
46.461902829,305.70
46.484614675,305.70
46.507930240,307.30
46.531285229,307.30
46.554749819,307.30
46.577949702,307.30
46.601099921,305.05
46.623988248,305.05
46.647106979,305.05
46.670554865,305.05
46.693824029,304.94
46.717288811,304.94
46.741109950,304.94
46.765044625,304.94
46.788279645,305.70
46.811357607,305.70
46.834132813,305.70
46.857283064,305.70
46.880603685,305.70
46.903941170,304.83
46.927225502,304.83
46.950481610,304.83
46.974064761,304.83
46.997216868,303.88
47.020402255,303.88
47.043610394,303.88
47.067024040,303.88
47.090498423,304.20
47.113961989,304.20
47.137744247,304.20
47.160825601,304.20
47.183858826,304.20
47.206812018,304.85
47.230083039,304.85
47.253386667,304.85
47.276585142,304.85
47.300041829,305.97
47.323294864,305.97
47.346270393,305.97
47.369194849,305.97
47.392616079,304.96
47.416178366,304.96
47.439639693,304.96
47.463209948,304.96
47.486385063,304.96
47.509492721,304.85
47.532241175,304.85
47.555799175,304.85
47.578844592,304.85
47.602166589,306.45
47.625459209,306.45
47.648785622,306.45
47.672117475,306.45
47.695301070,306.97
47.718132629,306.97
47.741782949,306.97
47.764905328,306.97
47.788337854,306.97
47.811726923,305.67
47.835286842,305.67
47.858566727,305.67
47.881728433,305.67
47.904815035,306.38
47.927585442,306.38
47.950787597,306.38
47.973829910,306.38
47.997128867,307.25
48.020474352,307.25
48.043574394,307.25
48.066552323,307.25
48.089684205,307.25
48.112720246,306.92
48.136692331,306.92
48.160113464,306.92
48.183560231,306.92
48.206940532,306.89
48.229649081,306.89
48.252753156,306.89
48.276100177,306.89
48.300384520,305.09
48.323820182,305.09
48.347476071,305.09
48.370217261,305.09
48.393423416,305.09
48.416652228,304.02
48.440283540,304.02
48.463607809,304.02
48.487178128,304.02
48.510243802,304.33
48.533802281,304.33
48.557023637,304.33
48.580102623,304.33
48.603633486,303.52
48.627084956,303.52
48.651025936,303.52
48.674154842,303.52
48.697015298,303.52
48.719930569,303.33
48.742861490,303.33
48.765825210,303.33
48.789734670,303.33
48.813289181,303.32
48.836769995,303.32
48.860169753,303.32
48.883490630,303.32
48.906967828,303.03
48.930154879,303.03
48.953228393,303.03
48.976789369,303.03
49.000261735,303.03
49.023771894,303.39
49.047171683,303.39
49.070963381,303.39
49.094247970,303.39
49.116997064,302.58
49.140104658,302.58
49.163417727,302.58
49.187931641,302.58
49.211706891,302.69
49.234924790,302.69
49.257918239,302.69
49.280970569,302.69
49.304134900,302.69
49.326972987,305.58
49.350329000,305.58
49.373705749,305.58
49.397177763,305.58
49.420486288,305.79
49.443565658,305.79
49.466341728,305.79
49.490055889,305.79
49.513168988,304.63
49.536461640,304.63
49.559694388,304.63
49.583258979,304.63
49.606483407,304.63
49.630028446,305.12
49.653243337,305.12
49.676325043,305.12
49.699389437,305.12
49.722573992,306.03
49.745911861,306.03
49.769786280,306.03
49.792894546,306.03
49.815958940,305.12
49.839274408,305.12
49.862842456,305.12
49.886100804,305.12
49.910093720,304.89
49.933631463,304.89
49.957153718,304.89
49.980342658,304.89
50.003303018,304.89
50.026691319,305.02
50.049793762,305.02
50.073475730,305.02
50.096645373,305.02
50.120044811,305.38
50.143770268,305.38
50.167183754,305.38
50.190325205,305.38
50.213577632,306.41
50.236691467,306.41
50.260965890,306.41
50.284631219,306.41
50.307881471,306.41
50.331388270,306.04
50.355664101,306.04
50.378861648,306.04
50.401965595,306.04
50.425032548,305.85
50.448180335,305.85
50.471460763,305.85
50.494857225,305.85
50.518207542,306.29
50.541815814,306.29
50.564967792,306.29
50.588041050,306.29
50.611223621,306.29
50.634298959,306.92
50.658268515,306.92
50.681586064,306.92
50.705624549,306.92
50.729139956,304.99
50.752229566,304.99
50.775247239,304.99
50.797935436,304.99
50.820971702,306.30
50.844263746,306.30
50.868033972,306.30
50.891500866,306.30
50.915209299,306.30
50.938480031,305.52
50.961939598,305.52
50.984926390,305.52
51.008309124,305.52
51.031793810,305.95
51.056182987,305.95
51.079449143,305.95
51.102989031,305.95
51.126178322,304.68
51.148973048,304.68
51.172200484,304.68
51.197659465,304.68
51.221172728,305.93
51.244572582,305.93
51.268038196,305.93
51.291598147,305.93
51.315111218,305.93
51.337632310,299.63
51.360467453,299.63
51.383135074,299.63
51.406380654,299.63
51.430183008,299.06
51.453518637,299.06
51.476769529,299.06
51.500218407,299.06
51.523754454,328.40
51.547061858,328.40
51.571126808,328.40
51.594559718,328.40
51.618508922,328.40
51.641639172,358.98
51.665332149,358.98
51.688483328,358.98
51.711704555,358.98
51.734843734,383.71
51.757831871,383.71
51.781747922,383.71
51.805309954,383.71
51.828714575,395.93
51.852367200,395.93
51.875572299,395.93
51.898568404,395.93
51.921966017,395.93
51.945125420,399.02
51.968796893,399.02
51.992250443,399.02
52.016306432,399.02
52.039731854,395.33
52.062329714,395.33
52.084698036,395.33
52.107258136,395.33
52.130643493,384.79
52.154371735,384.79
52.178021831,384.79
52.201306803,384.79
52.224864355,384.79
52.248858263,411.58
52.271882497,411.58
52.296558845,411.58
52.320135468,411.58
52.343549562,440.99
52.367001160,440.99
52.390125331,440.99
52.413488480,440.99
52.436686571,474.47
52.460320891,474.47
52.484018956,474.47
52.507300889,474.47
52.530757991,473.06
52.554559577,473.06
52.577067484,473.06
52.599406078,473.06
52.621905825,473.06
52.644726088,426.54
52.668230359,426.54
52.691480418,426.54
52.714892336,426.54
52.738114108,429.78
52.761868301,429.78
52.784930295,429.78
52.808504359,429.78
52.831871764,441.15
52.855155648,441.15
52.878423788,441.15
52.901854298,441.15
52.925040485,441.15
52.948746710,465.56
52.972475048,465.56
52.995777460,465.56
53.019404420,465.56
53.042740497,497.86
53.065957885,497.86
53.089066471,497.86
53.112273746,497.86
53.135737153,534.93
53.159212751,534.93
53.183433702,534.93
53.207082934,534.93
53.230604613,534.93
53.253708336,532.56
53.277358432,532.56
53.301136722,532.56
53.324467807,532.56
53.347624810,532.15
53.370746676,532.15
53.394189410,532.15
53.417769874,532.15
53.441223680,534.99
53.464205865,534.99
53.487742424,534.99
53.510858946,534.99
53.533977004,534.99
53.557026774,536.56
53.580548325,536.56
53.604219766,536.56
53.628145769,536.56
53.651616600,558.11
53.674306525,558.11
53.696916770,558.11
53.719617831,558.11
53.742846291,524.30
53.766858951,524.30
53.790465207,524.30
53.813703779,524.30
53.837077104,524.30
53.860647584,525.94
53.883698441,525.94
53.907022806,525.94
53.930791720,525.94
53.954316247,530.28
53.977913351,530.28
54.001007409,530.28
54.024182684,530.28
54.047336903,531.09
54.070761652,531.09
54.093939487,531.09
54.117536623,531.09
54.141300641,530.47
54.164552045,530.47
54.187995963,530.47
54.211542538,530.47
54.234933464,530.47
54.258352518,537.60
54.281614098,537.60
54.305231650,537.60
54.328889842,537.60
54.352751621,538.77
54.376082354,538.77
54.399145212,538.77
54.422485545,538.77
54.445589907,530.24
54.468557659,530.24
54.491429635,530.24
54.514342635,530.24
54.537461589,530.24
54.560561343,512.82
54.584134287,512.82
54.607633885,512.82
54.631592049,512.82
54.655295715,508.74
54.678624527,508.74
54.701386198,508.74
54.723925369,508.74
54.746564414,501.86
54.769642984,501.86
54.793220536,501.86
54.816543684,501.86
54.839916146,501.86
54.863512833,498.46
54.886915247,498.46
54.910443038,498.46
54.933859020,498.46
54.957183064,494.45
54.980612902,494.45
55.003749105,494.45
55.027120094,494.45
55.050259241,491.28
55.073705047,491.28
55.097208934,491.28
55.120190062,491.28
55.143399354,491.28
55.166591301,489.00
55.189729264,489.00
55.212777337,489.00
55.236084038,489.00
55.259497171,458.39
55.283029858,458.39
55.306588434,458.39
55.329795261,458.39
55.353039337,431.70
55.376441431,431.70
55.400078759,431.70
55.422823533,431.70
55.445351345,431.70
55.468029782,399.06
55.490791164,399.06
55.514499245,399.06
55.538064093,399.06
55.561398858,401.24
55.584692534,401.24
55.608495976,401.24
55.631587058,401.24
55.655086081,427.15
55.678777298,427.15
55.702816071,427.15
55.726352854,427.15
55.750151304,427.15
55.773184305,469.43
55.797477129,469.43
55.820964056,469.43
55.844289509,469.43
55.867717907,481.51
55.891147104,481.51
55.914741328,481.51
55.938933799,481.51
55.962283380,482.48
55.985890180,482.48
56.009553813,482.48
56.032336635,482.48
56.055700552,483.82
56.079259928,483.82
56.102507299,483.82
56.126079411,483.82
56.149428320,483.82
56.172313416,487.51
56.195551795,487.51
56.218405019,487.51
56.241484037,487.51
56.264492942,509.53
56.287517719,509.53
56.310936325,509.53
56.334235505,509.53
56.357531134,509.53
56.380618247,515.80
56.403670129,515.80
56.427037054,515.80
56.450607150,515.80
56.473393396,528.68
56.496241692,528.68
56.519768299,528.68
56.543759743,528.68
56.567420592,521.72
56.590842941,521.72
56.614413101,521.72
56.637735290,521.72
56.661096647,519.54
56.684322770,519.54
56.707822081,519.54
56.731574163,519.54
56.754750110,519.54
56.777446723,517.42
56.800310091,517.42
56.823210707,517.42
56.846000441,517.42
56.868548317,513.37
56.891629415,513.37
56.915269655,513.37
56.938659365,513.37
56.962066162,513.37
56.985103068,490.26
57.008142885,490.26
57.031499730,490.26
57.054779070,490.26
57.077508356,460.35
57.099794917,460.35
57.122095782,460.35
57.144841580,460.35
57.168624222,421.25
57.192792020,421.25
57.216406148,421.25
57.240332504,421.25
57.264060137,426.96
57.287498039,426.96
57.311201161,426.96
57.334808025,426.96
57.358288103,426.96
57.382087257,451.99
57.405527687,451.99
57.428895157,451.99
57.452966058,451.99
57.476698907,476.05
57.500449709,476.05
57.524840838,476.05
57.548229875,476.05
57.571160763,500.05
57.594876653,500.05
57.618575230,500.05
57.641778953,500.05
57.665831198,500.05
57.688705062,502.95
57.712214453,502.95
57.735315743,502.95
57.758423049,502.95
57.782221979,501.18
57.805261829,501.18
57.828112460,501.18
57.851581850,501.18
57.874671876,503.20
57.897493867,503.20
57.920652598,503.20
57.943760320,503.20
57.967108621,503.20
57.990867391,518.15
58.014613360,518.15
58.037858652,518.15
58.061116936,518.15
58.084036688,515.00
58.106951800,515.00
58.130137955,515.00
58.154046327,515.00
58.177510373,528.46
58.200581839,528.46
58.223117235,528.46
58.245471028,528.46
58.268180890,528.46
58.291214019,483.21
58.315945792,483.21
58.339511344,483.21
58.362831612,483.21
58.386159561,479.02
58.409631927,479.02
58.432778658,479.02
58.456871192,479.02
58.480342150,485.02
58.503604914,485.02
58.528509873,485.02
58.551651932,485.02
58.575521135,478.42
58.600936403,478.42
58.624052158,478.42
58.647387787,478.42
58.671333215,478.42
58.694397064,474.06
58.718460190,474.06
58.741888363,474.06
58.765579644,474.06
58.789280909,476.64
58.812255446,476.64
58.836019080,476.64
58.859829786,476.64
58.883493515,476.87
58.907017178,476.87
58.930437224,476.87
58.953508562,476.87
58.977088193,479.77
59.000627344,479.77
59.023772827,479.77
59.047068583,479.77
59.070457717,479.77
59.094206982,505.52
59.117652373,505.52
59.141156483,505.52
59.164921749,505.52
59.188704871,535.52
59.211865330,535.52
59.235331264,535.52
59.258560108,535.52
59.281863321,579.40
59.305146757,579.40
59.329253690,579.40
59.352189891,579.40
59.375371918,579.40
59.398524857,578.56
59.421474465,578.56
59.444791886,578.56
59.468112634,578.56
59.491007650,575.95
59.513810697,575.95
59.536866770,575.95
59.559819675,575.95
59.584698073,551.84
59.608397482,551.84
59.631730039,551.84
59.654806593,551.84
59.677797034,551.84
59.700719698,530.81
59.723759324,530.81
59.747069896,530.81
59.770503158,530.81
59.794065766,497.20
59.817446195,497.20
59.841097187,497.20
59.864397328,497.20
59.887164662,464.31
59.910195008,464.31
59.934082387,464.31
59.957996390,464.31
59.981477333,464.31
60.004967043,461.74
60.028188911,461.74
60.051462843,461.74
60.075072427,461.74
60.098515449,464.16
60.122144073,464.16
60.145410165,464.16
60.168896452,464.16
60.192076463,462.99
60.215391900,462.99
60.238452773,462.99
60.261670321,462.99
60.284951357,462.99
60.308281514,462.93
60.331427541,462.93
60.354596032,462.93
60.377674537,462.93
60.401354778,434.90
60.425510321,434.90
60.449037536,434.90
60.471710245,434.90
60.494606573,397.21
60.517413203,397.21
60.541386888,397.21
60.565576126,397.21
60.589083341,411.50
60.612803774,411.50
60.636558800,411.50
60.659469048,411.50
60.683064008,411.50
60.706444661,437.05
60.729678529,437.05
60.753057390,437.05
60.776466108,437.05
60.799416548,465.21
60.823004372,465.21
60.846357025,465.21
60.869647854,465.21
60.893485568,502.72
60.917022895,502.72
60.940907139,502.72
60.964464146,502.72
60.987907776,502.72
61.011786803,509.11
61.035782664,509.11
61.058690608,509.11
61.082591235,509.11
61.105765806,512.95
61.129151035,512.95
61.152664106,512.95
61.176277914,512.95
61.199225411,514.21
61.222277676,514.21
61.245207156,514.21
61.268084572,514.21
61.291110533,514.21
61.314332977,515.67
61.337883776,515.67
61.361733299,515.67
61.384931998,515.67
61.408282475,529.92
61.431180499,529.92
61.454483712,529.92
61.478310386,529.92
61.501686975,557.17
61.524833514,557.17
61.547818131,557.17
61.570893533,557.17
61.595242421,557.17
61.618805605,577.72
61.641921519,577.72
61.665393406,577.72
61.688605705,577.72
61.711815604,572.76
61.735136705,572.76
61.758361325,572.76
61.782221408,572.76
61.805451371,574.45
61.828881817,574.45
61.852192262,574.45
61.875822102,574.45
61.899394182,574.51
61.922483408,574.51
61.945339383,574.51
61.968605283,574.51
61.991738189,574.51
62.014933433,567.92
62.037946498,567.92
62.061403760,567.92
62.085031104,567.92
62.108148267,537.98
62.130641422,537.98
62.154500417,537.98
62.177904782,537.98
62.201672384,525.21
62.225139183,525.21
62.248373018,525.21
62.271973546,525.21
62.295936286,525.21
62.319522670,521.02
62.343010013,521.02
62.366576908,521.02
62.389956666,521.02
62.413314119,531.00
62.436681492,531.00
62.459871679,531.00
62.482731814,531.00
62.505864081,539.83
62.529286271,539.83
62.553728792,539.83
62.577388041,539.83
62.601148795,539.83
62.624798571,539.25
62.647728083,539.25
62.670712284,539.25
62.694442926,539.25
62.720760541,543.51
62.744276364,543.51
62.767619929,543.51
62.791348618,543.51
62.814458420,541.54
62.837382524,541.54
62.860446502,541.54
62.883495600,541.54
62.906440184,536.85
62.929622275,536.85
62.952156839,536.85
62.974609994,536.85
62.997268655,536.85
63.020192567,498.52
63.043812551,498.52
63.067376342,498.52
63.090725827,498.52
63.113917423,525.09
63.137484766,525.09
63.160360134,525.09
63.183806516,525.09
63.207093472,525.09
63.230233291,535.91
63.254116382,535.91
63.277298505,535.91
63.300298322,535.91
63.323217594,536.86
63.346234499,536.86
63.369210444,536.86
63.392576345,536.86
63.415594018,539.41
63.438697932,539.41
63.461955928,539.41
63.484823168,539.41
63.508243406,539.41
63.531466393,512.01
63.554924616,512.01
63.578252052,512.01
63.601059803,512.01
63.623537278,480.81
63.647108750,480.81
63.670937024,480.81
63.695232024,480.81
63.719055691,471.35
63.742734971,471.35
63.770335833,471.35
63.794240365,471.35
63.817655803,472.95
63.841054280,472.95
63.864790010,472.95
63.888551915,472.95
63.912216988,472.95
63.936111471,472.57
63.959400828,472.57
63.982668904,472.57
64.006495994,472.57
64.029266625,518.56
64.052426828,518.56
64.075706840,518.56
64.099313320,518.56
64.122669813,520.25
64.145972577,520.25
64.168759944,520.25
64.192020372,520.25
64.215482082,520.25
64.238848559,520.54
64.262452671,520.54
64.285532969,520.54
64.308433553,520.54
64.331567644,520.97
64.354935305,520.97
64.378182357,520.97
64.401732324,520.97
64.424691565,520.17
64.447875608,520.17
64.470493852,520.17
64.492816925,520.17
64.515479619,520.17
64.538202472,506.92
64.562243101,506.92
64.585555658,506.92
64.609332668,506.92
64.632782506,522.51
64.655924917,522.51
64.678778876,522.51
64.702867250,522.51
64.726446785,540.87
64.749811598,540.87
64.773020922,540.87
64.796058595,540.87
64.819289071,540.87
64.842469690,537.64
64.865558852,537.64
64.888432748,537.64
64.911614743,537.64
64.934348605,537.17
64.957650985,537.17
64.980915349,537.17
65.003901086,537.17
65.027475246,506.60
65.050682969,506.60
65.073816356,506.60
65.096318535,506.60
65.118680328,506.60
65.141477583,465.65
65.164605050,465.65
65.188450796,465.65
65.211801657,465.65
65.235116806,456.72
65.258876344,456.72
65.282380583,456.72
65.305581746,456.72
65.329239074,457.67
65.352851378,457.67
65.376140191,457.67
65.399206089,457.67
65.422555542,457.67
65.446127941,460.70
65.470284667,460.70
65.493593448,460.70
65.516804499,460.70
65.540292418,496.98
65.563386092,496.98
65.587444225,496.98
65.610893328,496.98
65.634174524,506.64
65.657743755,506.64
65.680720116,506.64
65.704234019,506.64
65.727801587,506.52
65.751215808,506.52
65.774759120,506.52
65.798009627,506.52
65.821053637,506.52
65.844205424,507.62
65.867338426,507.62
65.890180481,507.62
65.913209483,507.62
65.936159955,505.75
65.959375263,505.75
65.982388296,505.75
66.004860779,505.75
66.027426095,505.75
66.049944242,499.94
66.073683876,499.94
66.096954384,499.94
66.120424542,499.94
66.143490952,517.80
66.167066808,517.80
66.190432613,517.80
66.214256663,517.80
66.237678661,536.15
66.261417527,536.15
66.284998054,536.15
66.308290931,536.15
66.331667552,536.15
66.355280560,536.49
66.379049506,536.49
66.402361935,536.49
66.425856765,536.49
66.448896999,533.03
66.471524395,533.03
66.494575893,533.03
66.517888226,533.03
66.541056045,531.44
66.564364569,531.44
66.587219489,531.44
66.610364779,531.44
66.633730744,531.44
66.657061669,527.92
66.680585236,527.92
66.703403739,527.92
66.726518598,527.92
66.749759793,526.97
66.772919516,526.97
66.796018406,526.97
66.819336499,526.97
66.842121401,527.88
66.864754334,527.88
66.888049387,527.88
66.913284685,527.88
66.936258774,527.88
66.959230559,509.29
66.982371849,509.29
67.005972281,509.29
67.029192869,509.29
67.052190126,515.32
67.074883539,515.32
67.097939773,515.32
67.121507021,515.32
67.145126333,500.39
67.167902019,500.39
67.190588072,500.39
67.213888309,500.39
67.237569510,500.39
67.261156501,473.15
67.284916423,473.15
67.307799279,473.15
67.330743991,473.15
67.354455688,471.80
67.378170234,471.80
67.401214083,471.80
67.424374542,471.80
67.447600314,471.68
67.470514210,471.68
67.493547179,471.68
67.516452371,471.68
67.539525469,471.68
67.562855562,469.12
67.586537050,469.12
67.609763814,469.12
67.632796751,469.12
67.655275410,438.57
67.677959736,438.57
67.701222404,438.57
67.725206392,438.57
67.748776584,428.45
67.771851570,428.45
67.795152670,428.45
67.818525739,428.45
67.842159900,428.45
67.865654634,428.34
67.889217850,428.34
67.912154242,428.34
67.934929577,428.34
67.960337837,448.31
67.983394839,448.31
68.006990375,448.31
68.030125425,448.31
68.053406110,478.85
68.077099023,478.85
68.099974486,478.85
68.122694716,478.85
68.146421229,476.65
68.169845275,476.65
68.193260809,476.65
68.216913274,476.65
68.240064612,476.65
68.262959596,499.93
68.286501563,499.93
68.309970026,499.93
68.333617370,499.93
68.357096457,501.22
68.380427350,501.22
68.404224520,501.22
68.427751831,501.22
68.451129252,500.24
68.474479633,500.24
68.497459898,500.24
68.520489283,500.24
68.544397015,500.24
68.567720644,505.41
68.594587449,505.41
68.617770052,505.41
68.640997904,505.41
68.664442846,525.57
68.687744875,525.57
68.710750612,525.57
68.734034656,525.57
68.756902535,546.92
68.780466551,546.92
68.803823108,546.92
68.826969487,546.92
68.850978051,539.97
68.874231567,539.97
68.897134039,539.97
68.919963070,539.97
68.943094569,539.97
68.966047665,542.63
68.989129883,542.63
69.012423335,542.63
69.036267546,542.63
69.060917302,539.54
69.084437349,539.54
69.108136726,539.54
69.131404258,539.54
69.155200117,564.02
69.178302239,564.02
69.202245011,564.02
69.225328093,564.02
69.248754123,564.02
69.272516636,564.38
69.296781428,564.38
69.320135521,564.38
69.343906195,564.38
69.366760250,563.72
69.389873828,563.72
69.413578870,563.72
69.436780385,563.72
69.460481650,563.03
69.483380154,563.03
69.506152608,563.03
69.529569038,563.03
69.552562775,563.03
69.575438239,563.67
69.601034597,563.67
69.624257425,563.67
69.647774368,563.67
69.670795849,561.54
69.693931956,561.54
69.716789531,561.54
69.740406379,561.54
69.763445525,544.41
69.786973732,544.41
69.810272560,544.41
69.833698238,544.41
69.857181229,544.41
69.880442521,523.29
69.903464706,523.29
69.925938373,523.29
69.948913230,523.29
69.972186714,494.23
69.995416838,494.23
70.019224344,494.23
70.042560325,494.23
70.065253834,467.10
70.089029660,467.10
70.112922608,467.10
70.136573184,467.10
70.159937581,460.37
70.183273626,460.37
70.206769513,460.37
70.230880191,460.37
70.254856243,460.37
70.278357058,461.24
70.301360555,461.24
70.324193234,461.24
70.347822658,461.24
70.371123311,459.28
70.394306522,459.28
70.417327427,459.28
70.440277419,459.28
70.463960540,458.23
70.487509452,458.23
70.510857113,458.23
70.534081764,458.23
70.557196398,458.23
70.580394810,459.55
70.604049994,459.55
70.627302582,459.55
70.650842886,459.55
70.673961296,463.67
70.696919160,463.67
70.720130916,463.67
70.743196878,463.67
70.766548539,481.38
70.789594756,481.38
70.812635918,481.38
70.835894266,481.38
70.859076069,481.38
70.882135087,507.29
70.905533052,507.29
70.928675143,507.29
70.951207562,507.29
70.974385141,504.42
70.997166524,504.42
71.019614751,504.42
71.043274831,504.42
71.066968352,514.98
71.090576784,514.98
71.114231073,514.98
71.137298123,514.98
71.161003548,514.98
71.185250547,520.11
71.209228231,520.11
71.232383154,520.11
71.255497725,520.11
71.278392676,521.89
71.302371353,521.89
71.325664325,521.89
71.349122707,521.89
71.372515873,525.40
71.395296839,525.40
71.419149402,525.40
71.442660553,525.40
71.466193048,525.40
71.489266146,525.62
71.513069332,525.62
71.536511810,525.62
71.560699673,525.62
71.584296361,524.20
71.607916569,524.20
71.630974467,524.20
71.654381009,524.20
71.677496475,522.06
71.700757799,522.06
71.723694735,522.06
71.746536854,522.06
71.769759810,522.06
71.792803179,521.43
71.815684083,521.43
71.838427161,521.43
71.862083658,521.43
71.885453143,508.07
71.908436992,508.07
71.931914286,508.07
71.955970052,508.07
71.979470834,520.42
72.003004705,520.42
72.026234317,520.42
72.050093312,520.42
72.073411117,520.42
72.096640088,540.84
72.119579969,540.84
72.142811788,540.84
72.166037912,540.84
72.189158562,541.91
72.212363022,541.91
72.235282166,541.91
72.258536194,541.91
72.281693709,535.00
72.304605941,535.00
72.328117060,535.00
72.351585522,535.00
72.374550171,535.00
72.396883548,510.22
72.420178408,510.22
72.443681591,510.22
72.467697356,510.22
72.491248859,489.23
72.514790922,489.23
72.538191032,489.23
72.561862249,489.23
72.584962771,490.89
72.608301888,490.89
72.631414602,490.89
72.654297074,490.89
72.677496317,490.89
72.701104653,491.45
72.724557691,491.45
72.748079178,491.45
72.771349047,491.45
72.794631107,482.27
72.817919439,482.27
72.840751478,482.27
72.863853248,482.27
72.887011339,500.30
72.910641916,500.30
72.934060809,500.30
72.956812752,500.30
72.979919802,500.30
73.002845058,514.84
73.026501875,514.84
73.049876640,514.84
73.073243053,514.84
73.096664699,512.47
73.120304587,512.47
73.143843899,512.47
73.167098183,512.47
73.190007567,513.54
73.212926455,513.54
73.236184643,513.54
73.259681393,513.54
73.283799271,516.91
73.306910418,516.91
73.330037980,516.91
73.353129862,516.91
73.376447827,516.91
73.399573853,541.71
73.422792553,541.71
73.445732689,541.71
73.468789339,541.71
73.491858853,561.43
73.515495445,561.43
73.538674336,561.43
73.561757098,561.43
73.585205400,561.43
73.608597446,545.04
73.631277643,545.04
73.654187763,545.04
73.677638433,545.04
73.700872557,521.59
73.724041176,521.59
73.747160770,521.59
73.770318061,521.59
73.793219413,502.00
73.816178846,502.00
73.839535819,502.00
73.863054138,502.00
73.886707178,502.00
73.910184025,476.35
73.933709032,476.35
73.957228695,476.35
73.980889223,476.35
74.004503608,471.66
74.028394219,471.66
74.051774424,471.66
74.074987300,471.66
74.098066734,470.89
74.121597373,470.89
74.144691079,470.89
74.167710384,470.89
74.190905435,474.04
74.214338537,474.04
74.237895257,474.04
74.260823297,474.04
74.283867211,474.04
74.307220984,461.61
74.330790343,461.61
74.354413463,461.61
74.377903046,461.61
74.401223891,435.38
74.424531231,435.38
74.448001934,435.38
74.470836821,435.38
74.493333720,404.19
74.516081406,404.19
74.539398155,404.19
74.562815577,404.19
74.586109701,404.19
74.612605846,412.04
74.636106789,412.04
74.659254512,412.04
74.682720030,412.04
74.706392559,437.02
74.730019199,437.02
74.753066473,437.02
74.776019601,437.02
74.799493600,437.02
74.822751532,465.30
74.846019864,465.30
74.869132610,465.30
74.892789331,465.30
74.916446147,484.48
74.939559374,484.48
74.962345460,484.48
74.985553120,484.48
75.009088655,467.62
75.032397820,467.62
75.055911850,467.62
75.078945332,467.62
75.102107039,467.62
75.125566189,469.10
75.148888890,469.10
75.172352008,469.10
75.195762550,469.10
75.218720126,469.57
75.242116204,469.57
75.265635611,469.57
75.291411908,469.57
75.314674800,478.29
75.337705562,478.29
75.360718243,478.29
75.384341971,478.29
75.407792769,507.18
75.431287056,507.18
75.454436827,507.18
75.477529829,507.18
75.501056372,507.18
75.524580291,535.36
75.548512631,535.36
75.571662017,535.36
75.595324466,535.36
75.618635487,546.17
75.642645235,546.17
75.665865855,546.17
75.689050506,546.17
75.712152404,546.99
75.735274431,546.99
75.758508234,546.99
75.781419890,546.99
75.804421627,546.99
75.827513381,542.62
75.851060053,542.62
75.874127646,542.62
75.896911845,542.62
75.919959375,515.72
75.943594399,515.72
75.966562504,515.72
75.989224941,515.72
76.012154965,503.54
76.035689380,503.54
76.059269460,503.54
76.082885060,503.54
76.106277361,504.07
76.129452349,504.07
76.153730260,504.07
76.177593575,504.07
76.201100022,504.07
76.224791943,500.29
76.248515896,500.29
76.271200510,500.29
76.294783790,500.29
76.318360413,501.31
76.341553961,501.31
76.364706227,501.31
76.390502781,501.31
76.414248462,501.15
76.437638684,501.15
76.461195915,501.15
76.484597689,501.15
76.507274174,475.70
76.529903555,475.70
76.553092046,475.70
76.576508924,475.70
76.601301114,475.70
76.624812040,460.51
76.647705648,460.51
76.670185907,460.51
76.693502688,460.51
76.716935662,459.91
76.740289531,459.91
76.763882315,459.91
76.787145367,459.91
76.810598469,467.93
76.835001310,467.93
76.859672347,467.93
76.883204138,467.93
76.906297524,467.93
76.929499039,489.02
76.953811799,489.02
76.977320262,489.02
77.000734868,489.02
77.023529339,524.80
77.046393890,524.80
77.069776848,524.80
77.093378976,524.80
77.116786925,529.57
77.140144794,529.57
77.163055170,529.57
77.186241998,529.57
77.209193942,529.57
77.232273632,529.22
77.255849232,529.22
77.278832857,529.22
77.301781505,529.22
77.324739882,528.65
77.347858164,528.65
77.371357955,528.65
77.394561070,528.65
77.417680216,510.42
77.440802787,510.42
77.463998126,510.42
77.486891734,510.42
77.510062561,510.42
77.533442382,508.76
77.557445603,508.76
77.581030227,508.76
77.603961307,508.76
77.627019173,494.01
77.650016494,494.01
77.673327706,494.01
77.695927263,494.01
77.718789638,460.67
77.742354838,460.67
77.766447435,460.67
77.789814713,460.67
77.813384392,460.67
77.836455218,456.44
77.860542024,456.44
77.884406363,456.44
77.907901801,456.44
77.930813297,455.22
77.953863323,455.22
77.977133223,455.22
78.000181585,455.22
78.023011416,455.42
78.046175747,455.42
78.069357966,455.42
78.092720795,455.42
78.116226154,455.42
78.139412629,450.64
78.163214599,450.64
78.186354546,450.64
78.210017986,450.64
78.233499825,448.96
78.256588891,448.96
78.279540676,448.96
78.302474668,448.96
78.325940858,447.96
78.349277735,447.96
78.372346705,447.96
78.395407739,447.96
78.418939658,447.96
78.442307767,470.62
78.465972744,470.62
78.489725114,470.62
78.513319593,470.62
78.536573205,496.94
78.560002979,496.94
78.583186958,496.94
78.606859199,496.94
78.630232301,524.78
78.653629978,524.78
78.676926407,524.78
78.700325236,524.78
78.723642817,554.39
78.747446163,554.39
78.770824193,554.39
78.793931883,554.39
78.817203575,554.39
78.840367970,556.11
78.863458828,556.11
78.886705656,556.11
78.910085445,556.11
78.934039449,555.39
78.957124547,555.39
78.980028715,555.39
79.002936915,555.39
79.026373729,555.23
79.049882672,555.23
79.073251965,555.23
79.096730476,555.23
79.120262843,555.23
79.143527143,557.27
79.166756403,557.27
79.189533529,557.27
79.212627012,557.27
79.235452299,566.59
79.258495476,566.59
79.282056580,566.59
79.305441457,566.59
79.328647740,567.91
79.351729766,567.91
79.374577806,567.91
79.398414176,567.91
79.422403509,567.91
79.445765506,565.76
79.469080751,565.76
79.492653662,565.76
79.516203406,565.76
79.539835102,568.71
79.563101354,568.71
79.586490936,568.71
79.609728579,568.71
79.633141009,555.63
79.656699041,555.63
79.680328305,555.63
79.703185752,555.63
79.725772540,555.63
79.748674596,524.07
79.772780410,524.07
79.796608813,524.07
79.820441471,524.07
79.843945102,515.37
79.867171578,515.37
79.890460422,515.37
79.914168439,515.37
79.937929321,519.20
79.961548057,519.20
79.984639523,519.20
80.007630572,519.20
80.030997306,519.20
80.054003843,516.56
80.076920139,516.56
80.099780466,516.56
80.123637573,516.56
80.146870065,517.60
80.169950427,517.60
80.193026501,517.60
80.216200528,517.60
80.239812064,495.15
80.263296078,495.15
80.286607419,495.15
80.310056809,495.15
80.333358870,495.15
80.356412607,468.52
80.379452297,468.52
80.402454290,468.52
80.425993729,468.52
80.449227661,439.61
80.472839069,439.61
80.496614991,439.61
80.519625752,439.61
80.567796035,400.71
80.591183665,400.71
80.614891362,400.71
80.639151834,400.71
80.662214243,416.73
80.685216780,416.73
80.708777500,416.73
80.732148105,416.73
80.755421077,416.73
80.778569184,449.23
80.801846508,449.23
80.825546141,449.23
80.849345936,449.23
80.872801246,455.75
80.896062986,455.75
80.919189556,455.75
80.942453280,455.75
80.965500458,455.35
80.989705921,455.35
81.012895244,455.35
81.035851605,455.35
81.058851614,453.20
81.082232267,453.20
81.105774298,453.20
81.129380618,453.20
81.152745880,453.20
81.175742305,457.55
81.198807467,457.55
81.222351290,457.55
81.245995882,457.55
81.269253174,478.02
81.292244863,478.02
81.315348329,478.02
81.338542453,478.02
81.361666271,502.19
81.384593159,502.19
81.407588848,502.19
81.431091519,502.19
81.454327339,502.19
81.477405909,508.12
81.500568288,508.12
81.523627433,508.12
81.546469969,508.12
81.569221303,507.60
81.612334984,507.60
81.635836246,507.60
81.659558664,507.60
81.682749683,504.58
81.706094784,504.58
81.729769841,504.58
81.753854950,504.58
81.777092466,504.61
81.800274525,504.61
81.823457512,504.61
81.846883030,504.61
81.870503303,504.41
81.893978261,504.41
81.917666886,504.41
81.940828465,504.41
81.963595543,504.41
81.986857283,503.80
82.010374354,503.80
82.034025475,503.80
82.057328975,503.80
82.080487386,506.42
82.104021290,506.42
82.127622553,506.42
82.151298026,506.42
82.174948603,502.62
82.198326312,502.62
82.221214576,502.62
82.244775167,502.62
82.267994187,504.09
82.291967647,504.09
82.315406605,504.09
82.338343094,504.09
82.362020742,504.09
82.385663895,500.83
82.409408905,500.83
82.433000344,500.83
82.456731594,500.83
82.480678558,522.05
82.504188365,522.05
82.527328855,522.05
82.550596740,522.05
82.574069170,550.24
82.597454400,550.24
82.621059824,550.24
82.644166682,550.24
82.667912715,563.70
82.690892116,563.70
82.714300962,563.70
82.737221354,563.70
82.760308148,563.70
82.783261885,555.80
82.806741163,555.80
82.829908598,555.80
82.853251459,555.80
82.876245260,528.84
82.898707407,528.84
82.921310355,528.84
82.944876099,528.84
82.969433758,507.19
82.992817035,507.19
83.016399099,507.19
83.039405700,507.19
83.062343725,507.19
83.085702938,504.62
83.109204809,504.62
83.132157617,504.62
83.155378525,504.62
83.178443494,509.72
83.202123927,509.72
83.226113644,509.72
83.249623579,509.72
83.272870983,507.44
83.295953905,507.44
83.319033883,507.44
83.342786380,507.44
83.366349724,510.58
83.389580071,510.58
83.412752947,510.58
83.435523353,510.58
83.459183882,510.58
83.482610135,518.07
83.506162055,518.07
83.529299281,518.07
83.552565566,518.07
83.575854154,515.98
83.602570590,515.98
83.625786025,515.98
83.649153047,515.98
83.672087871,517.11
83.695661839,517.11
83.718720632,517.11
83.741587936,517.11
83.764466471,517.11
83.787324207,514.64
83.810914943,514.64
83.834018633,514.64
83.857788603,514.64
83.881501644,509.55
83.904963162,509.55
83.927395037,509.55
83.950416838,509.55
83.973886773,508.83
83.997623302,508.83
84.021378040,508.83
84.044772454,508.83
84.067866928,510.98
84.091697666,510.98
84.115738455,510.98
84.139377896,510.98
84.162868118,510.98
84.185896992,510.33
84.208764135,510.33
84.231784465,510.33
84.255280543,510.33
84.278548299,510.24
84.301684822,510.24
84.325070692,510.24
84.348244911,510.24
84.371415162,504.46
84.394337410,504.46
84.417700143,504.46
84.440793177,504.46
84.464043205,504.46
84.487630581,477.50
84.511603369,477.50
84.534483089,477.50
84.557107893,477.50
84.580110142,447.09
84.603816336,447.09
84.627411008,447.09
84.651199666,447.09
84.674211227,443.50
84.697546152,443.50
84.721859808,443.50
84.745498480,443.50
84.768959935,452.20
84.792475950,452.20
84.816082174,452.20
84.839593581,452.20
84.863342974,452.20
84.887516917,478.41
84.910897410,478.41
84.933941260,478.41
84.957408058,478.41
84.981249549,508.96
85.004744572,508.96
85.028360844,508.96
85.051336373,508.96
85.074455711,507.76
85.097782988,507.76
85.121698336,507.76
85.144844042,507.76
85.167721778,507.76
85.190862109,509.53
85.215019411,509.53
85.238447841,509.53
85.262311604,509.53
85.285702593,510.12
85.308734091,510.12
85.332172537,510.12
85.356125581,510.12
85.379235479,513.99
85.402763110,513.99
85.425752239,513.99
85.448549494,513.99
85.472152454,513.99
85.495451379,534.55
85.518414075,534.55
85.541476517,534.55
85.564589615,534.55
85.588201919,567.56
85.612126899,567.56
85.635448896,567.56
85.659229554,567.56
85.682311708,575.29
85.705590248,575.29
85.728953237,575.29
85.752465668,575.29
85.776016244,576.58
85.799553635,576.58
85.822866447,576.58
85.848766138,576.58
85.872533356,576.58
85.896057723,578.03
85.920023855,578.03
85.942835286,578.03
85.966408614,578.03
85.989689970,578.10
86.013010751,578.10
86.036303755,578.10
86.059188691,578.10
86.082524256,578.87
86.105505737,578.87
86.128569362,578.87
86.151651676,578.87
86.174731462,578.87
86.197841521,578.99
86.221215326,578.99
86.244525355,578.99
86.267843031,578.99
86.290761215,560.49
86.313502565,560.49
86.336844946,560.49
86.360396066,560.49
86.384153812,532.71
86.407678819,532.71
86.430895630,532.71
86.454001048,532.71
86.477081827,532.71
86.500283150,503.70
86.523179798,503.70
86.546874343,503.70
86.570277812,503.70
86.595610008,479.41
86.618874468,479.41
86.642134384,479.41
86.665908354,479.41
86.689103118,451.79
86.712353882,451.79
86.735356835,451.79
86.758547342,451.79
86.781241780,451.79
86.804075547,413.75
86.827678155,413.75
86.853838168,413.75
86.877390183,413.75
86.900953783,413.79
86.924071841,413.79
86.948044406,413.79
86.971832264,413.79
86.995259926,410.02
87.018875974,410.02
87.041800686,410.02
87.064810743,410.02
87.088406951,405.59
87.111970231,405.59
87.135936459,405.59
87.159426010,405.59
87.182843527,405.59
87.206385975,405.41
87.230592526,405.41
87.253743417,405.41
87.277319496,405.41
87.301033209,407.25
87.324757643,407.25
87.347741300,407.25
87.370802973,407.25
87.393717702,401.57
87.416926481,401.57
87.440144573,401.57
87.463830349,401.57
87.487070329,401.57
87.510426182,429.86
87.533795860,429.86
87.557766024,429.86
87.581187670,429.86
87.604578531,451.98
87.627928337,451.98
87.650917914,451.98
87.674122501,451.98
87.697602451,482.41
87.721307365,482.41
87.744376847,482.41
87.767530233,482.41
87.791089929,506.17
87.815369409,506.17
87.838734542,506.17
87.862232701,506.17
87.885108132,506.17
87.908489138,519.08
87.931687965,519.08
87.955262829,519.08
87.978735483,519.08
88.001648419,520.89
88.024650924,520.89
88.048049850,520.89
88.071378663,520.89
88.094379184,521.88
88.117394073,521.88
88.140369986,521.88
88.163807152,521.88
88.187726276,521.88
88.211147922,522.55
88.234565247,522.55
88.257577481,522.55
88.280868373,522.55
88.304427268,533.11
88.327990964,533.11
88.351793830,533.11
88.374808688,533.11
88.397965466,565.16
88.421634027,565.16
88.445767489,565.16
88.469481618,565.16
88.492455867,565.16
88.515551685,572.53
88.539355384,572.53
88.562754117,572.53
88.586550104,572.53
88.609820932,573.04
88.633046703,573.04
88.656058809,573.04
88.679891947,573.04
88.704028193,562.74
88.727096811,562.74
88.749750896,562.74
88.772713497,562.74
88.796274440,562.74
88.819713687,537.04
88.843223045,537.04
88.866510322,537.04
88.889618236,537.04
88.913167532,534.86
88.936526841,534.86
88.959977351,534.86
88.983494870,534.86
89.006295773,535.16
89.029229381,535.16
89.052592786,535.16
89.075294456,535.16
89.098350786,535.16
89.121509868,535.11
89.144757080,535.11
89.168315144,535.11
89.191705845,535.11
89.215240101,528.10
89.238847093,528.10
89.261779645,528.10
89.285469806,528.10
89.308628953,498.80
89.332193736,498.80
89.355724728,498.80
89.378900003,498.80
89.402234735,498.80
89.425654653,473.99
89.448406180,473.99
89.471048904,473.99
89.494720057,473.99
89.518616045,443.41
89.542295614,443.41
89.566075376,443.41
89.589792225,443.41
89.612820042,441.74
89.636386554,441.74
89.659827336,441.74
89.683116788,441.74
89.706467809,455.22
89.729447882,455.22
89.752669622,455.22
89.775810817,455.22
89.799101005,455.22
89.822238072,478.77
89.845538852,478.77
89.868801488,478.77
89.892215454,478.77
89.915478986,476.34
89.938642997,476.34
89.961929281,476.34
89.985318511,476.34
90.008747357,451.83
90.031844647,451.83
90.055347382,451.83
90.078682691,451.83
90.101448137,451.83
90.124058190,417.25
90.147885952,417.25
90.171703923,417.25
90.195190145,417.25
90.218644432,422.20
90.241597720,422.20
90.264990150,422.20
90.288578998,422.20
90.311895362,446.92
90.335143086,446.92
90.358061174,446.92
90.381213857,446.92
90.404545166,446.92
90.427876795,475.67
90.451257192,475.67
90.474350227,475.67
90.497497885,475.67
90.521118669,504.83
90.544727934,504.83
90.567880744,504.83
90.591261942,504.83
90.614504130,490.88
90.637121702,490.88
90.659917613,490.88
90.683438588,490.88
90.706969355,490.88
90.730432250,469.98
90.753610437,469.98
90.776542829,469.98
90.799694904,469.98
90.822967492,469.90
90.846432979,469.90
90.869793888,469.90
90.892872714,469.90
90.916165718,475.70
90.939519875,475.70
90.963848092,475.70
90.987796272,475.70
91.011338175,475.70
91.034522154,493.57
91.058365853,493.57
91.082319633,493.57
91.105665598,493.57
91.129275662,519.26
91.153045824,519.26
91.176621360,519.26
91.200314529,519.26
91.223818160,527.27
91.246928122,527.27
91.270268391,527.27
91.293382385,527.27
91.316351610,527.27
91.339475236,525.32
91.362359116,525.32
91.385344085,525.32
91.408850756,525.32
91.431919502,524.26
91.455258459,524.26
91.478714633,524.26
91.502046134,524.26
91.525326594,518.14
91.548712080,518.14
91.571556439,518.14
91.595814671,518.14
91.619581952,525.85
91.642873069,525.85
91.665885718,525.85
91.688879167,525.85
91.711872648,525.85
91.735026963,554.45
91.758897286,554.45
91.782352916,554.45
91.805835715,554.45
91.829290417,553.66
91.852614142,553.66
91.876184174,553.66
91.899425785,553.66
91.922376514,556.62
91.945414187,556.62
91.968602903,556.62
91.991634944,556.62
92.015015757,556.62
92.037930422,554.15
92.060944095,554.15
92.084050089,554.15
92.108042013,554.15
92.132105907,557.33
92.155263486,557.33
92.178601003,557.33
92.201974104,557.33
92.225370982,559.26
92.248744819,559.26
92.272611654,559.26
92.295405965,559.26
92.318345525,559.26
92.342092007,558.17
92.365424020,558.17
92.389105925,558.17
92.412417873,558.17
92.435596284,562.92
92.459119371,562.92
92.482693691,562.92
92.505998408,562.92
92.529389333,570.65
92.552186588,570.65
92.575361863,570.65
92.601551637,570.65
92.624673951,570.65
92.647806026,568.42
92.670931220,568.42
92.694015998,568.42
92.717451661,568.42
92.740272820,560.59
92.763044538,560.59
92.786653930,560.59
92.810493053,560.59
92.834619539,541.46
92.858190914,541.46
92.880832807,541.46
92.904339670,541.46
92.928020167,513.92
92.951770681,513.92
92.975145862,513.92
92.998328145,513.92
93.021799584,513.92
93.045546002,513.82
93.069025248,513.82
93.092279596,513.82
93.115745499,513.82
93.138559521,516.41
93.161380681,516.41
93.186394345,516.41
93.209718038,516.41
93.233401030,517.86
93.256536049,517.86
93.280386532,517.86
93.304086805,517.86
93.327920264,517.86
93.351305909,514.53
93.375554061,514.53
93.399424032,514.53
93.422896078,514.53
93.446024057,509.81
93.468977825,509.81
93.492314286,509.81
93.516550726,509.81
93.540033748,510.04
93.563887975,510.04
93.586816687,510.04
93.609721751,510.04
93.633186022,510.04
93.656640372,510.49
93.679609149,510.49
93.702462148,510.49
93.725398316,510.49
93.748852539,514.17
93.772359114,514.17
93.795193105,514.17
93.818740320,514.17
93.842160558,515.91
93.865455163,515.91
93.888927081,515.91
93.912174645,515.91
93.935337184,515.91
93.958887599,548.38
93.982530016,548.38
94.005782540,548.38
94.029755392,548.38
94.052739209,548.01
94.075358958,548.01
94.098761435,548.01
94.122106312,548.01
94.145029648,546.17
94.167851319,546.17
94.191046275,546.17
94.214334127,546.17
94.237525754,546.17
94.260538340,544.68
94.283767183,544.68
94.306778744,544.68
94.330184870,544.68
94.352966861,518.56
94.375854293,518.56
94.399566086,518.56
94.423634459,518.56
94.446908423,511.20
94.470623513,511.20
94.493769155,511.20
94.517211698,511.20
94.540773153,512.08
94.564533555,512.08
94.587932801,512.08
94.610948362,512.08
94.633921747,512.08
94.657309152,510.88
94.680751118,510.88
94.704540897,510.88
94.727726636,510.88
94.750730069,515.19
94.774016097,515.19
94.797657522,515.19
94.821375555,515.19
94.844274315,532.32
94.867555543,532.32
94.890872708,532.32
94.914599189,532.32
94.938399304,532.32
94.961939831,530.27
94.985051073,530.27
95.008254221,530.27
95.031840316,530.27
95.055257610,529.87
95.079047773,529.87
95.102199271,529.87
95.124911149,529.87
95.148339675,533.05
95.171802378,533.05
95.195468314,533.05
95.218515300,533.05
95.241493869,533.05
95.264827802,536.71
95.289225203,536.71
95.312573216,536.71
95.337027578,536.71
95.360013891,567.59
95.382991595,567.59
95.406482682,567.59
95.429772134,567.59
95.453343766,578.55
95.476461633,578.55
95.499198215,578.55
95.522623797,578.55
95.546213828,578.55
95.569755572,575.86
95.595801088,575.86
95.618927114,575.86
95.642445721,575.86
95.665924424,574.90
95.689276277,574.90
95.712263486,574.90
95.735229255,574.90
95.758578196,574.47
95.781865952,574.47
95.804994251,574.47
95.827906579,574.47
95.851536579,562.49
95.874769167,562.49
95.897629238,562.49
95.920544222,562.49
95.944378449,562.49
95.967613245,537.51
95.991034603,537.51
96.014355736,537.51
96.037600099,537.51
96.060614829,510.57
96.083972698,510.57
96.106884066,510.57
96.129381669,510.57
96.151988394,510.57
96.175593402,469.60
96.199178762,469.60
96.222552855,469.60
96.246145991,469.60
96.269178448,468.70
96.322733529,468.70
96.346211016,468.70
96.369525109,468.70
96.392620063,467.40
96.416117230,467.40
96.439613756,467.40
96.463330382,467.40
96.486560410,464.70
96.510002472,464.70
96.532785966,464.70
96.555609013,464.70
96.579071684,464.78
96.602455665,464.78
96.626000481,464.78
96.649277261,464.78
96.672312662,464.78
96.695391040,462.64
96.718503595,462.64
96.741542292,462.64
96.765337062,462.64
96.788548626,466.81
96.811402361,466.81
96.834851656,466.81
96.858856252,466.81
96.881748548,456.37
96.904427561,456.37
96.927732598,456.37
96.951351270,456.37
96.975283130,456.37
96.999232718,467.52
97.022515290,467.52
97.045565124,467.52
97.069030130,467.52
97.092651139,495.11
97.116134417,495.11
97.139555807,495.11
97.162562600,495.11
97.185462000,527.52
97.208715420,527.52
97.231944968,527.52
97.255085619,527.52
97.278301438,527.52
97.301450505,529.44
97.324552243,529.44
97.347396186,529.44
97.370422980,529.44
97.393337548,521.37
97.416687001,521.37
97.440128327,521.37
97.464110364,521.37
97.487191013,499.47
97.510203823,499.47
97.533512827,499.47
97.557265197,499.47
97.580901821,478.71
97.604751920,478.71
97.627853755,478.71
97.650848068,478.71
97.674259153,478.71
97.697730400,482.58
97.721371024,482.58
97.744491771,482.58
97.767774599,482.58
97.791046195,477.39
97.815369708,477.39
97.838765593,477.39
97.861916260,477.39
97.884754667,509.09
97.907770869,509.09
97.931078049,509.09
97.954875827,509.09
97.978166976,509.09
98.001227466,521.49
98.024212275,521.49
98.048240903,521.49
98.072057082,521.49
98.095487528,523.84
98.118669715,523.84
98.142001792,523.84
98.165446446,523.84
98.189039966,525.80
98.212617902,525.80
98.235782969,525.80
98.258804930,525.80
98.282184368,525.80
98.305173753,525.51
98.329421744,525.51
98.352731581,525.51
98.376560815,525.51
98.399597337,535.74
98.422752356,535.74
98.446141713,535.74
98.470435241,535.74
98.493765462,563.14
98.516971810,563.14
98.540630674,563.14
98.563900190,563.14
98.587343533,563.14
98.610546040,583.28
98.633456096,583.28
98.656637899,583.28
98.680709377,583.28
98.704086766,582.77
98.727386010,582.77
98.750355267,582.77
98.773708944,582.77
98.797159935,585.07
98.820678382,585.07
98.844089788,585.07
98.866937379,585.07
98.890054893,585.07
98.913227512,584.82
98.936544517,584.82
98.959795857,584.82
98.982908859,584.82
99.005643745,585.25
99.028860429,585.25
99.052195226,585.25
99.075699881,585.25
99.098876596,585.52
99.121895453,585.52
99.145227242,585.52
99.168611160,585.52
99.192207368,585.52
99.215582965,586.23
99.238326971,586.23
99.261132610,586.23
99.284611504,586.23
99.307665658,583.41
99.330663587,583.41
99.353524011,583.41
99.376997657,583.41
99.400323366,584.21
99.424110968,584.21
99.447645095,584.21
99.470853075,584.21
99.493860892,584.21
99.517180201,582.98
99.541139741,582.98
99.564456874,582.98
99.588073210,582.98
99.611181508,582.74
99.634336719,582.74
99.657606075,582.74
99.681189675,582.74
99.704319126,583.77
99.727615394,583.77
99.751420596,583.77
99.774994724,583.77
99.798505555,575.67
99.821930817,575.67
99.845698963,575.67
99.869004864,575.67
99.892308748,575.67
99.916253088,571.02
99.939230569,571.02
99.962040688,571.02
99.985116538,571.02
100.008357894,568.24
100.031558673,568.24
100.055149793,568.24
100.078291660,568.24
100.101619192,565.79
100.124841124,565.79
100.149928133,565.79
100.173451220,565.79
100.196674784,565.79
100.219436102,564.82
100.242442351,564.82
100.266023551,564.82
100.289327052,564.82
100.312823995,564.98
100.335861796,564.98
100.358813293,564.98
100.382402076,564.98
100.405965356,564.52
100.429425274,564.52
100.453070699,564.52
100.475850705,564.52
100.499440385,564.52
100.523061714,562.38
100.547303433,562.38
100.570834904,562.38
100.596070363,562.38
100.618733120,563.84
100.642334864,563.84
100.665594364,563.84
100.689285293,563.84
100.712263702,564.84
100.735203774,564.84
100.758761358,564.84
100.782172604,564.84
100.805901933,570.11
100.829149337,570.11
100.852355333,570.11
100.875549616,570.11
100.899083775,570.11
100.922882257,574.37
100.946053117,574.37
100.968882852,574.37
100.991622090,574.37
101.015555710,577.10
101.038887466,577.10
101.062283480,577.10
101.085482819,577.10
101.108897553,577.27
101.132176254,577.27
101.155596940,577.27
101.179199484,577.27
101.202700074,577.27
101.225710004,579.80
101.249642119,579.80
101.273213815,579.80
101.296807207,579.80
101.320058643,583.80
101.343005563,583.80
101.366058277,583.80
101.389697782,583.80
101.413162788,581.51
101.436762836,581.51
101.459837502,581.51
101.482589540,581.51
101.505991986,581.51
101.529454688,583.03
101.554673443,583.03
101.577699244,583.03
101.603491702,583.03
101.627042917,581.43
101.650518548,581.43
101.673874049,581.43
101.697292431,581.43
101.720038101,580.78
101.742851484,580.78
101.766630254,580.78
101.790014779,580.78
101.813367304,581.03
101.836755126,581.03
101.859618973,581.03
101.883333039,581.03
101.906994079,581.03
101.930831602,576.80
101.954270624,576.80
101.977385611,576.80
102.000381172,576.80
102.024351176,575.04
102.048193787,575.04
102.072121231,575.04
102.095113208,575.04
102.118501541,570.26
102.142054293,570.26
102.165867815,570.26
102.189106515,570.26
102.212434432,570.26
102.235801517,568.78
102.259600159,568.78
102.283060974,568.78
102.306639421,568.78
102.329601670,566.51
102.352775697,566.51
102.376436866,566.51
102.400464375,566.51
102.423818884,567.97
102.446524906,567.97
102.469222607,567.97
102.492628093,567.97
102.516279470,567.97
102.539864221,566.66
102.563107689,566.66
102.585791375,566.66
102.612128062,566.66
102.635489548,569.02
102.659192701,569.02
102.682314311,569.02
102.705619348,569.02
102.728930240,567.27
102.752537777,567.27
102.776141569,567.27
102.799611663,567.27
102.822783738,571.35
102.846010438,571.35
102.870346494,571.35
102.894055696,571.35
102.917724192,571.35
102.940529543,576.21
102.963873044,576.21
102.987154689,576.21
103.010977875,576.21
103.034421505,577.62
103.057542188,577.62
103.080717079,577.62
103.103807457,577.62
103.127192847,580.77
103.150797407,580.77
103.173878985,580.77
103.196796785,580.77
103.219766009,580.77
103.243385962,580.40
103.267108987,580.40
103.290582954,580.40
103.313738133,580.40
103.336471227,580.67
103.359803623,580.67
103.383216981,580.67
103.407516653,580.67
103.430964764,582.17
103.454165159,582.17
103.477380435,582.17
103.500951106,582.17
103.524445361,582.17
103.548057185,581.73
103.571055466,581.73
103.595706086,581.73
103.619165429,581.73
103.642345248,577.47
103.665234376,577.47
103.688322866,577.47
103.711768320,577.47
103.734761737,576.16
103.757938836,576.16
103.781034110,576.16
103.804065064,576.16
103.827388276,576.16
103.850791362,561.44
103.874176752,561.44
103.897214649,561.44
103.920307747,561.44
103.943281196,531.12
103.966577625,531.12
103.989119389,531.12
104.011885123,531.12
104.034880268,498.28
104.059060163,498.28
104.082757844,498.28
104.106409892,498.28
104.129790642,499.60
104.153141471,499.60
104.176656718,499.60
104.199938522,499.60
104.223111589,499.60
104.246122255,499.91
104.269436795,499.91
104.292718888,499.91
104.316449561,499.91
104.339749126,491.73
104.363030578,491.73
104.386481312,491.73
104.409856686,491.73
104.433218715,487.44
104.456294629,487.44
104.479177261,487.44
104.502378296,487.44
104.525214271,487.44
104.548588077,489.37
104.571824344,489.37
104.596649878,489.37
104.620160678,489.37
104.643373265,492.43
104.666843200,492.43
104.690264557,492.43
104.713128661,492.43
104.736275744,492.95
104.759482251,492.95
104.784318377,492.95
104.807928250,492.95
104.832106640,492.95
104.855652640,505.07
104.878769866,505.07
104.901733875,505.07
104.925666055,505.07
104.948753905,525.74
104.971913660,525.74
104.994907749,525.74
105.018078288,525.74
105.041626207,559.75
105.064906379,559.75
105.087634929,559.75
105.110855005,559.75
105.134356972,559.75
105.157698329,544.92
105.181325545,544.92
105.204162000,544.92
105.227578430,544.92
105.250427334,517.35
105.273601009,517.35
105.296929726,517.35
105.320390444,517.35
105.343897531,496.12
105.366787139,496.12
105.389891949,496.12
105.412802197,496.12
105.436258339,496.12
105.459554320,464.50
105.482832796,464.50
105.505401920,464.50
105.528711309,464.50
105.552206684,440.39
105.575759883,440.39
105.609295886,440.39
105.632542874,440.39
105.655533123,436.46
105.678921520,436.46
105.702365726,436.46
105.725654699,436.46
105.760848992,436.51
105.783445477,436.51
105.806946676,436.51
105.830447971,436.51
105.853437036,436.51
105.876304467,438.43
105.899431294,438.43
105.922908812,438.43
105.946103832,438.43
105.969143233,438.77
105.993141718,438.77
106.016693765,438.77
106.040267445,438.77
106.063373759,422.65
106.086854798,422.65
106.109495027,422.65
106.132970913,422.65
106.156756659,416.11
106.180445157,416.11
106.203932467,416.11
106.226872316,416.11
106.249804740,416.11
106.273167313,443.40
106.296743457,443.40
106.320146031,443.40
106.343565053,443.40
106.366572710,473.09
106.390058132,473.09
106.413834982,473.09
106.437052242,473.09
106.460716931,497.49
106.484080496,497.49
106.506865431,497.49
106.530292325,497.49
106.554121815,497.49
106.577416004,524.93
106.602901290,524.93
106.625882290,524.93
106.648860091,524.93
106.672023654,524.09
106.695094128,524.09
106.718097465,524.09
106.741313093,524.09
106.764410127,527.27
106.787955998,527.27
106.810912647,527.27
106.834047826,527.27
106.858077927,506.11
106.881305586,506.11
106.904691520,506.11
106.927816426,506.11
106.951314681,506.11
106.974538981,480.55
106.997367564,480.55
107.020143795,480.55
107.043832228,480.55
107.067676150,466.25
107.091387752,466.25
107.115152762,466.25
107.138321989,466.25
107.161269581,496.45
107.184384536,496.45
107.207582531,496.45
107.231119666,496.45
107.254586753,496.45
107.277842445,497.86
107.301354076,497.86
107.324913899,497.86
107.348770110,497.86
107.372295661,499.80
107.395364727,499.80
107.418285919,499.80
107.441818991,499.80
107.465283645,501.24
107.489057007,501.24
107.512354460,501.24
107.535414117,501.24
107.558892276,501.02
107.582297698,501.02
107.605707920,501.02
107.628991324,501.02
107.652005829,501.02
107.675245681,504.06
107.699366471,504.06
107.722969239,504.06
107.747010988,504.06
107.770404858,502.92
107.793675942,502.92
107.817671067,502.92
107.841885266,502.92
107.865999560,524.03
107.889514391,524.03
107.912692034,524.03
107.936230513,524.03
107.960289830,551.10
107.983886326,551.10
108.007558375,551.10
108.030882868,551.10
108.054087455,551.10
108.077967379,579.60
108.101395297,579.60
108.124667533,579.60
108.147806968,579.60
108.171039171,579.66
108.194316784,579.66
108.217740510,579.66
108.240954569,579.66
108.264833148,578.84
108.287846502,578.84
108.311702073,578.84
108.335217448,578.84
108.358584885,578.84
108.382022435,578.35
108.406061176,578.35
108.429035265,578.35
108.452330445,578.35
108.475600602,579.67
108.498903622,579.67
108.522267028,579.67
108.545143195,579.67
108.568268390,580.35
108.591757685,580.35
108.615371173,580.35
108.639006005,580.35
108.661994942,580.35
108.685095336,580.57
108.709007068,580.57
108.732394217,580.57
108.756282365,580.57
108.779577001,580.36
108.802535890,580.36
108.825788222,580.36
108.849968501,580.36
108.873408931,581.89
108.896977490,581.89
108.920138365,581.89
108.942928356,581.89
108.966254801,581.89
108.989383707,581.21
109.012629351,581.21
109.035726962,581.21
109.059177440,581.21
109.082799024,579.89
109.105885530,579.89
109.129064709,579.89
109.152283089,579.89
109.175686783,567.36
109.199476273,567.36
109.222627612,567.36
109.245372898,567.36
109.268151208,567.36
109.291841401,529.98
109.315418249,529.98
109.338788567,529.98
109.362515784,529.98
109.385312207,527.37
109.407843859,527.37
109.431110719,527.37
109.455136276,527.37
109.478534241,525.87
109.501973391,525.87
109.525015417,525.87
109.548155108,525.87
109.571755828,521.33
109.596826805,521.33
109.620466725,521.33
109.643653904,521.33
109.666731866,521.33
109.690161353,521.74
109.713694968,521.74
109.737027749,521.74
109.760565780,521.74
109.783510716,522.68
109.806769416,522.68
109.829872083,522.68
109.852794843,522.68
109.875834212,520.61
109.898910894,520.61
109.922192443,520.61
109.945528616,520.61
109.969470268,520.61
109.995147140,506.65
110.019195417,506.65
110.042199010,506.65
110.065567599,506.65
110.088961981,480.40
110.112365643,480.40
110.135585110,480.40
110.158253020,480.40
110.181062627,456.89
110.204130956,456.89
110.227610619,456.89
110.251085354,456.89
110.274672826,456.89
110.298052999,484.72
110.321322707,484.72
110.345032772,484.72
110.368718805,484.72
110.392075043,487.44
110.415867285,487.44
110.438955551,487.44
110.462266412,487.44
110.486135039,487.76
110.509589293,487.76
110.533038427,487.76
110.556240455,487.76
110.579258320,491.12
110.602990850,491.12
110.627210681,491.12
110.650562470,491.12
110.674173750,491.12
110.696977501,491.85
110.719491776,491.85
110.742869486,491.85
110.766447166,491.85
110.790122447,487.73
110.813755583,487.73
110.836956138,487.73
110.860620571,487.73
110.884451022,488.71
110.908095422,488.71
110.932704090,488.71
110.955890565,488.71
110.978802413,488.71
111.002604608,502.42
111.027121978,502.42
111.050695434,502.42
111.074276314,502.42
111.097425349,531.43
111.121107862,531.43
111.144909288,531.43
111.168360278,531.43
111.191889509,574.46
111.215264275,574.46
111.238331421,574.46
111.261406343,574.46
111.284407888,574.46
111.307780701,576.75
111.331053161,576.75
111.354075315,576.75
111.377420576,576.75
111.400461001,572.00
111.423629780,572.00
111.446864704,572.00
111.470698323,572.00
111.493872414,569.73
111.517314764,569.73
111.540708410,569.73
111.563971302,569.73
111.587357267,569.73
111.610863330,568.88
111.633648809,568.88
111.656512337,568.88
111.679642491,568.88
111.702466786,569.49
111.725996113,569.49
111.749359295,569.49
111.773185649,569.49
111.796717793,569.43
111.819724202,569.43
111.842603889,569.43
111.865576794,569.43
111.888813318,569.43
111.911836239,570.61
111.935213053,570.61
111.958956943,570.61
111.982300156,570.61
112.005904652,570.21
112.029404411,570.21
112.055377286,570.21
112.078862773,570.21
112.102222082,566.77
112.125258891,566.77
112.148581880,566.77
112.171999846,566.77
112.195598358,565.37
112.218826402,565.37
112.242756726,565.37
112.265974497,565.37
112.289060939,565.37
112.312494649,566.95
112.336646128,566.95
112.359846779,566.95
112.383358090,566.95
112.406726424,571.11
112.430331592,571.11
112.453705589,571.11
112.477065282,571.11
112.500708883,576.26
112.524277187,576.26
112.547344780,576.26
112.570880732,576.26
112.596812135,577.36
112.619919153,577.36
112.642881146,577.36
112.665966852,577.36
112.690222971,577.36
112.713677034,577.33
112.737193273,577.33
112.760320355,577.33
112.783188043,577.33
112.806557880,582.47
112.830244233,582.47
112.853727288,582.47
112.876500638,582.47
112.899886316,583.72
112.923358874,583.72
112.947522161,583.72
112.970849982,583.72
112.994559055,583.72
113.017839451,587.59
113.041853648,587.59
113.065336767,587.59
113.089347412,587.59
113.112457310,590.95
113.135684874,590.95
113.158818964,590.95
113.182326691,590.95
113.205774482,591.11
113.229706725,591.11
113.252706575,591.11
113.275496309,591.11
113.299406441,591.11
113.322685525,591.77
113.345964353,591.77
113.369382511,591.77
113.392691068,591.77
113.415889351,586.46
113.439103731,586.46
113.462489984,586.46
113.485859374,586.46
113.508777270,589.78
113.531907393,589.78
113.555116940,589.78
113.578297463,589.78
113.602993076,589.78
113.626257344,562.17
113.649488364,562.17
113.672474485,562.17
113.695284604,562.17
113.718072099,524.55
113.741175885,524.55
113.765088896,524.55
113.788677968,524.55
113.812320129,517.75
113.835899984,517.75
113.858587350,517.75
113.882137093,517.75
113.905577588,513.88
113.929015778,513.88
113.952407503,513.88
113.975398808,513.88
113.998678949,513.88
114.022196020,512.00
114.045617474,512.00
114.069151665,512.00
114.092551967,512.00
114.115434055,508.92
114.138668754,508.92
114.162580742,508.92
114.186889406,508.92
114.210371373,510.49
114.233498359,510.49
114.257465516,510.49
114.281041915,510.49
114.304648811,510.49
114.327890391,509.47
114.351675753,509.47
114.375121208,509.47
114.399117292,509.47
114.422306872,510.66
114.445850599,510.66
114.468786479,510.66
114.491957050,510.66
114.515615115,508.64
114.539433278,508.64
114.562844811,508.64
114.585921141,508.64
114.608533338,508.64
114.631501027,535.60
114.655619129,535.60
114.678976198,535.60
114.702244722,535.60
114.725254651,562.59
114.747969473,562.59
114.771784436,562.59
114.795411588,562.59
114.818846930,578.41
114.842031965,578.41
114.864832836,578.41
114.887910510,578.41
114.911205275,578.41
114.934702730,580.26
114.958057079,580.26
114.980836477,580.26
115.003776230,580.26
115.027245012,581.34
115.050574017,581.34
115.074158769,581.34
115.097533310,581.34
115.120735498,582.46
115.144130199,582.46
115.167749640,582.46
115.191247415,582.46
115.214794694,584.64
115.240259211,584.64
115.263729818,584.64
115.287444811,584.64
115.311073276,584.64
115.334744237,584.81
115.357849239,584.81
115.380858016,584.81
115.404615058,584.81
115.428156545,583.58
115.451683600,583.58
115.474833019,583.58
115.497720355,583.58
115.520816589,583.09
115.544653376,583.09
115.567925772,583.09
115.591422555,583.09
115.614641735,583.09
115.637519278,585.12
115.660961885,585.12
115.684426155,585.12
115.707877273,585.12
115.731055909,582.01
115.754107534,582.01
115.777413563,582.01
115.800893770,582.01
115.824325240,581.80
115.847669733,581.80
115.870587437,581.80
115.893568246,581.80
115.917059749,581.80
115.940595828,580.05
115.964849067,580.05
115.987873333,580.05
116.011731560,580.05
116.035299383,579.52
116.058965608,579.52
116.082411350,579.52
116.106502540,579.52
116.129462293,580.05
116.152270620,580.05
116.175365190,580.05
116.198510417,580.05
116.221715260,580.05
116.244625508,576.86
116.267915537,576.86
116.291880453,576.86
116.315408596,576.86
116.338320668,565.20
116.361427398,565.20
116.384359695,565.20
116.407908318,565.20
116.431263372,539.87
116.454468375,539.87
116.477622306,539.87
116.500672588,539.87
116.524008408,539.87
116.546654654,512.14
116.569234466,512.14
116.592427277,512.14
116.616546051,512.14
116.639938321,489.41
116.663365503,489.41
116.686772493,489.41
116.710222875,489.41
116.733791755,487.67
116.757503804,487.67
116.780878185,487.67
116.804354968,487.67
116.827805862,487.67
116.850897232,491.11
116.874612130,491.11
116.897915182,491.11
116.921483454,491.11
116.944839019,489.81
116.967730963,489.81
116.990958751,489.81
117.014911987,489.81
117.038185759,487.91
117.062004146,487.91
117.085301854,487.91
117.108153606,487.91
117.131303985,485.43
117.154301210,485.43
117.177520549,485.43
117.200728849,485.43
117.223872796,485.43
117.247105447,484.39
117.270937178,484.39
117.294303335,484.39
117.317042478,484.39
117.339611794,459.68
117.363132001,459.68
117.386813522,459.68
117.410296416,459.68
117.434052402,481.94
117.457046235,481.94
117.479906947,481.94
117.503159023,481.94
117.526750271,481.94
117.550153100,512.28
117.573456889,512.28
117.597097225,512.28
117.620071410,512.28
117.643390047,531.71
117.666761100,531.71
117.690356860,531.71
117.713452967,531.71
117.737030327,534.83
117.760461669,534.83
117.784654555,534.83
117.808057865,534.83
117.831578264,534.83
117.854542945,531.43
117.877177478,531.43
117.900202671,531.43
117.923482396,531.43
117.946656327,531.38
117.969880434,531.38
117.992835995,531.38
118.015887685,531.38
118.039165809,528.14
118.062046265,528.14
118.085260036,528.14
118.108634578,528.14
118.131919198,528.14
118.155147306,504.86
118.178536216,504.86
118.201831492,504.86
118.225199281,504.86
118.248377149,476.15
118.271077826,476.15
118.293805544,476.15
118.317173302,476.15
118.340901255,480.68
118.364358613,480.68
118.388954129,480.68
118.412064827,480.68
118.435386280,480.68
118.458606036,488.85
118.482764938,488.85
118.506057143,488.85
118.529963274,488.85
118.552861586,486.86
118.576157343,486.86
118.599637133,486.86
118.623027963,486.86
118.646513674,490.42
118.669794614,490.42
118.692549788,490.42
118.716170669,490.42
118.740090304,490.42
118.763509838,488.88
118.787074270,488.88
118.810353290,488.88
118.833682615,488.88
118.857332168,489.23
118.880735126,489.23
118.904364166,489.23
118.927612498,489.23
118.950789277,490.83
118.974168363,490.83
118.997607481,490.83
119.020871141,490.83
119.044608438,496.71
119.068041509,496.71
119.090972429,496.71
119.114483964,496.71
119.137903306,496.71
119.161381560,521.82
119.184717157,521.82
119.207788207,521.82
119.231564385,521.82
119.255290643,545.72
119.278860739,545.72
119.302939192,545.72
119.326229637,545.72
119.349452688,574.73
119.373126177,574.73
119.396695473,574.73
119.422486298,574.73
119.445770599,574.73
119.468781872,577.54
119.492589730,577.54
119.516118417,577.54
119.539440318,577.54
119.563127375,573.24
119.586397244,573.24
119.609951403,573.24
119.633299640,573.24
119.656907880,575.71
119.680365431,575.71
119.703437185,575.71
119.726240807,575.71
119.749502260,577.30
119.772907937,577.30
119.796392336,577.30
119.819848446,577.30
119.842900712,577.30
119.865954834,578.83
119.889388768,578.83
119.912939856,578.83
119.936621024,578.83
119.959551721,580.48
119.982792853,580.48
120.006619719,580.48
120.030026357,580.48
120.053309922,579.92
120.076831441,579.92
120.099819610,579.92
120.123125766,579.92
120.147032666,579.92
120.170412263,580.28
120.194129881,580.28
120.217000160,580.28
120.240046602,580.28
120.263365719,583.96
120.287050344,583.96
120.310587319,583.96
120.333738146,583.96
120.357001998,581.07
120.380228666,581.07
120.404081037,581.07
120.427421146,581.07
120.451291085,581.07
120.475937929,582.26
120.499154869,582.26
120.522343488,582.26
120.545800750,582.26
120.569329790,585.28
120.592399816,585.28
120.615358736,585.28
120.639223747,585.28
120.662808019,582.44
120.686095136,582.44
120.709886962,582.44
120.732904379,582.44
120.756091878,582.44
120.779486740,583.21
120.802590334,583.21
120.825807274,583.21
120.848827987,583.21
120.871853085,583.45
120.895044840,583.45
120.918145106,583.45
120.941558944,583.45
120.964819148,571.45
120.988643487,571.45
121.012056941,571.45
121.035335449,571.45
121.058339842,571.45
121.080893958,539.89
121.103802638,539.89
121.127546208,539.89
121.151185649,539.89
121.174493181,519.44
121.198226639,519.44
121.221348185,519.44
121.244751399,519.44
121.267885810,518.81
121.291350752,518.81
121.314946128,518.81
121.338115035,518.81
121.360971971,518.81
121.384063725,518.74
121.407481531,518.74
121.430715591,518.74
121.454363767,518.74
121.484759958,519.80
121.507921473,519.80
121.531398479,519.80
121.554625019,519.80
121.578115178,517.77
121.603375981,517.77
121.626321909,517.77
121.649631010,517.77
121.672698220,521.64
121.695725045,521.64
121.718572093,521.64
121.741636007,521.64
121.764948115,517.82
121.788317057,517.82
121.811295114,517.82
121.834356947,517.82
121.857754177,517.82
121.881309137,496.76
121.904358426,496.76
121.927429284,496.76
121.950516206,496.76
121.973811003,479.16
121.997183848,479.16
122.019909518,479.16
122.042480114,479.16
122.065391291,479.16
122.089338767,480.26
122.113345795,480.26
122.136898323,480.26
122.160727302,480.26
122.184177236,491.44
122.207936038,491.44
122.231766008,491.44
122.255240263,491.44
122.278590100,491.69
122.301796608,491.69
122.324509765,491.69
122.347722865,491.69
122.371181887,491.24
122.394197417,491.24
122.418449792,491.24
122.441642924,491.24
122.464775894,491.24
122.488223557,490.14
122.512439132,490.14
122.535893066,490.14
122.559563355,490.14
122.582463299,491.91
122.605950034,491.91
122.629389600,491.91
122.652682508,491.91
122.676396958,493.49
122.699167236,493.49
122.722487601,493.49
122.745775645,493.49
122.769202699,493.49
122.792553177,493.14
122.815771012,493.14
122.838596939,493.14
122.862595936,493.14
122.885913869,512.64
122.909521661,512.64
122.933233774,512.64
122.956914015,512.64
122.980342157,542.65
123.003645978,542.65
123.027305547,542.65
123.051044156,542.65
123.074534123,581.80
123.098203580,581.80
123.122154640,581.80
123.145825345,581.80
123.169417809,581.80
123.192582428,586.15
123.216154155,586.15
123.240155296,586.15
123.263908178,586.15
123.287104093,586.69
123.310727726,586.69
123.333892633,586.69
123.356797505,586.69
123.380255471,586.14
123.403592860,586.14
123.426961417,586.14
123.450434616,586.14
123.473559619,586.14
123.496724814,587.85
123.520484191,587.85
123.543700395,587.85
123.567971491,587.85
123.591272783,585.23
123.614245176,585.23
123.637913577,585.23
123.661501113,585.23
123.685063049,585.70
123.708261844,585.70
123.731408223,585.70
123.754877325,585.70
123.778380252,585.70
123.801862027,585.89
123.825423611,585.89
123.848558565,585.89
123.871615087,585.89
123.894943356,590.52
123.918296649,590.52
123.941774296,590.52
123.964942819,590.52
123.987475079,589.34
124.010589393,589.34
124.033971198,589.34
124.057294155,589.34
124.080870075,589.34
124.104013094,587.87
124.127113904,587.87
124.150559646,587.87
124.173835819,587.87
124.197425051,587.28
124.220760712,587.28
124.243469741,587.28
124.266892859,587.28
124.290185224,586.27
124.313496181,586.27
124.337295847,586.27
124.360352849,586.27
124.383652445,586.82
124.407343342,586.82
124.430890974,586.82
124.454737905,586.82
124.478258688,586.82
124.501416235,584.69
124.524866073,584.69
124.548522570,584.69
124.572298940,584.69
124.597308348,586.58
124.623537803,586.58
124.647179515,586.58
124.670697258,586.58
124.694096536,584.53
124.717589863,584.53
124.740667153,584.53
124.763596153,584.53
124.787104008,585.02
124.810803257,585.02
124.834065957,585.02
124.857112143,585.02
124.880215801,585.02
124.904084941,584.16
124.927420122,584.16
124.950715846,584.16
124.974264437,584.16
124.997276063,581.87
125.019908964,581.87
125.043161584,581.87
125.066722687,581.87
125.090036428,581.03
125.113526779,581.03
125.136472323,581.03
125.159829137,581.03
125.183588418,581.03
125.206866415,577.56
125.230136827,577.56
125.253189573,577.56
125.276213486,577.56
125.299543963,577.77
125.322650789,577.77
125.345765424,577.77
125.369076957,577.77
125.392722253,576.87
125.417017125,576.87
125.440455411,576.87
125.462939766,576.87
125.485663868,576.87
125.509401998,543.45
125.532690427,543.45
125.556041992,543.45
125.579740025,543.45
125.603608204,543.09
125.626429043,543.09
125.649599486,543.09
125.675852333,543.09
125.699550910,545.58
125.725059364,545.58
125.747928268,545.58
125.771432699,545.58
125.795044619,542.49
125.818763708,542.49
125.842709520,542.49
125.865962844,542.49
125.889255081,542.49
125.913057467,541.04
125.936638411,541.04
125.960246651,541.04
125.983839147,541.04
126.006790036,542.46
126.030203778,542.46
126.053817522,542.46
126.077498627,542.46
126.101378870,543.03
126.124380383,543.03
126.147280359,543.03
126.170796662,543.03
126.194138563,543.03
126.217607314,546.65
126.240922527,546.65
126.264022793,546.65
126.287970141,546.65
126.311278666,547.63
126.334747192,547.63
126.358217127,547.63
126.381991385,547.63
126.405375206,548.87
126.428765300,548.87
126.452044288,548.87
126.475558095,548.87
126.498838236,548.87
126.521861861,585.43
126.545253619,585.43
126.568538943,585.43
126.591910093,585.43
126.615661790,585.35
126.638756361,585.35
126.662063605,585.35
126.685660005,585.35
126.709593913,587.18
126.733262378,587.18
126.756303988,587.18
126.779237660,587.18
126.802663914,587.66
126.826091384,587.66
126.849248131,587.66
126.872463311,587.66
126.895590329,587.66
126.918830725,589.82
126.942484310,589.82
126.965845635,589.82
126.989554260,589.82
127.012810208,591.72
127.035661064,591.72
127.058951412,591.72
127.082123071,591.72
127.105540941,591.46
127.128974556,591.46
127.152014469,591.46
127.174950893,591.46
127.198541085,591.46
127.222068013,593.20
127.245516411,593.20
127.268641958,593.20
127.291646031,593.20
127.314928603,591.71
127.338503371,591.71
127.361868248,591.71
127.384672351,591.71
127.407945035,593.82
127.431079862,593.82
127.454105407,593.82
127.477081480,593.82
127.500563319,593.82
127.523991013,586.49
127.547573717,586.49
127.571335975,586.49
127.596815309,586.49
127.619567763,554.48
127.642582972,554.48
127.666134892,554.48
127.689910014,554.48
127.713582735,533.60
127.737057469,533.60
127.760552172,533.60
127.783410292,533.60
127.807051812,533.60
127.830922391,534.85
127.854261764,534.85
127.877828404,534.85
127.901470436,534.85
127.924346380,534.24
127.947864027,534.24
127.971210856,534.24
127.995267358,534.24
128.018471753,532.55
128.041292080,532.55
128.064589053,532.55
128.087989707,532.55
128.111253271,532.55
128.134764070,534.10
128.157738255,534.10
128.180874297,534.10
128.204362824,534.10
128.227603764,534.00
128.251171108,534.00
128.274379183,534.00
128.297379192,534.00
128.320635140,532.06
128.344087027,532.06
128.367284958,532.06
128.390635563,532.06
128.413849463,532.06
128.437001506,534.15
128.460432144,534.15
128.483860798,534.15
128.507531407,534.15
128.530778075,535.63
128.553840453,535.63
128.576955759,535.63
128.600413406,535.63
128.623362566,573.67
128.646570194,573.67
128.669616443,573.67
128.692748966,573.67
128.716209332,588.28
128.739543745,588.28
128.762467050,588.28
128.785528531,588.28
128.809056771,588.28
128.832038444,568.50
128.855207575,568.50
128.877999837,568.50
128.901081960,568.50
128.924343124,540.70
128.947681313,540.70
128.971042478,540.70
128.994404347,540.70
129.017809545,540.70
129.040977300,509.93
129.064236544,509.93
129.087252490,509.93
129.110388660,509.93
129.133344285,481.89
129.156465319,481.89
129.180067031,481.89
129.203528678,481.89
129.226722641,452.32
129.249354070,452.32
129.272072028,452.32
129.295411657,452.32
129.319378205,452.32
129.343005550,419.49
129.366466236,419.49
129.389970955,419.49
129.413093142,419.49
129.436858952,416.97
129.460464792,416.97
129.483976231,416.97
129.507451702,416.97
129.530562496,417.80
129.553087620,417.80
129.576439185,417.80
129.599944928,417.80
129.623396078,415.60
129.646949022,415.60
129.670113289,415.60
129.693485558,415.60
129.716917636,415.60
129.740450355,414.25
129.764014371,414.25
129.787229807,414.25
129.810168599,414.25
129.834022570,435.70
129.857196661,435.70
129.880634563,435.70
129.904162099,435.70
129.927405055,464.49
129.950974958,464.49
129.975494953,464.49
129.998556467,464.49
130.021232408,464.49
130.044335042,464.96
130.067825329,464.96
130.091046685,464.96
130.114409258,464.96
130.137893081,492.68
130.160861954,492.68
130.184088237,492.68
130.207291929,492.68
130.230684839,523.28
130.254311351,523.28
130.278150890,523.28
130.301571576,523.28
130.325127367,523.28
130.348473717,555.64
130.372862702,555.64
130.396122042,555.64
130.419199204,555.64
130.442430224,557.78
130.465783485,557.78
130.489034857,557.78
130.513082206,557.78
130.536345418,558.21
130.559743032,558.21
130.582841442,558.21
130.606316177,558.21
130.630077315,558.21
130.653483665,562.52
130.676298840,562.52
130.699682629,562.52
130.723390198,562.52
130.746798916,563.10
130.770316019,563.10
130.793317053,563.10
130.816732170,563.10
130.840386171,565.23
130.864318927,565.23
130.887687388,565.23
130.910872104,565.23
130.933683535,563.69
130.956863066,563.69
130.980305672,563.69
131.003865112,563.69
131.027383879,563.69
131.050253934,592.26
131.073469178,592.26
131.096432803,592.26
131.120628538,592.26
131.143991975,594.15
131.167096017,594.15
131.189905912,594.15
131.213091044,594.15
131.236234734,592.34
131.259036501,592.34
131.282144704,592.34
131.305198729,592.34
131.328240435,592.34
131.351213308,592.01
131.374262566,592.01
131.397447281,592.01
131.420774622,592.01
131.444451631,569.41
131.467975166,569.41
131.491047560,569.41
131.514226323,569.41
131.537314749,569.41
131.560700363,541.91
131.584369052,541.91
131.607369317,541.91
131.630197324,541.91
131.653069428,501.12
131.676584867,501.12
131.700471382,501.12
131.724340969,501.12
131.748167228,495.35
131.771441352,495.35
131.794740117,495.35
131.818590632,495.35
131.842268889,495.41
131.865792488,495.41
131.889822653,495.41
131.912707973,495.41
131.936011921,495.41
131.959576193,494.66
131.984058011,494.66
132.009486144,494.66
132.032492554,494.66
132.055686613,491.94
132.080297137,491.94
132.103667870,491.94
132.127197389,491.94
132.150231639,492.38
132.173349377,492.38
132.196507692,492.38
132.219991771,492.38
132.243515370,494.18
132.266930104,494.18
132.289781183,494.18
132.313283246,494.18
132.337250787,494.18
132.360869715,493.10
132.384531716,493.10
132.407882609,493.10
132.431266078,493.10
132.454814862,522.98
132.478641249,522.98
132.502290257,522.98
132.525395484,522.98
132.548287364,552.44
132.571676241,552.44
132.598072289,552.44
132.621663025,552.44
132.645024639,552.44
132.668028552,584.40
132.691750809,584.40
132.715785006,584.40
132.739509888,584.40
132.762999279,590.09
132.786230714,590.09
132.809081634,590.09
132.832433871,590.09
132.855799485,591.32
132.879498926,591.32
132.902733498,591.32
132.926244489,591.32
132.950020475,590.95
132.973644139,590.95
132.997076089,590.95
133.020751594,590.95
133.043959286,590.95
133.067441636,593.06
133.090851922,593.06
133.114277248,593.06
133.137835408,593.06
133.160880921,591.92
133.183898467,591.92
133.207167567,591.92
133.230681886,591.92
133.254405776,591.12
133.277809373,591.12
133.301342189,591.12
133.324396086,591.12
133.347938246,591.12
133.371331060,592.44
133.395473546,592.44
133.418653653,592.44
133.442745643,592.44
133.466031799,590.39
133.489429541,590.39
133.513101334,590.39
133.536638149,590.39
133.559636814,584.98
133.583254175,584.98
133.606841454,584.98
133.630254492,584.98
133.653880301,584.98
133.676910614,586.09
133.700089249,586.09
133.723719058,586.09
133.747841480,586.09
133.771256758,588.93
133.794433153,588.93
133.817112262,588.93
133.841021882,588.93
133.864331495,586.33
133.887899190,586.33
133.911236292,586.33
133.934088043,586.33
133.957520409,586.33
133.980740709,587.86
134.004831003,587.86
134.028354378,587.86
134.051640470,587.86
134.074622399,588.98
134.098082637,588.98
134.121775711,588.98
134.145525904,588.98
134.168681211,589.22
134.192251883,589.22
134.215978397,589.22
134.239420427,589.22
134.262784312,584.80
134.286399432,584.80
134.309955672,584.80
134.333170628,584.80
134.356549777,584.80
134.379906846,580.95
134.402885639,580.95
134.425682798,580.95
134.449146781,580.95
134.472296391,581.81
134.495351505,581.81
134.518847520,581.81
134.541863369,581.81
134.565073333,583.61
134.588631077,583.61
134.612212404,583.61
134.635775076,583.61
134.659194610,583.61
134.682014265,582.36
134.705336038,582.36
134.728870293,582.36
134.752111713,582.36
134.775285708,581.11
134.798487224,581.11
134.821926278,581.11
134.845226835,581.11
134.869361769,585.22
134.893202332,585.22
134.916414887,585.22
134.939291375,585.22
134.962892639,585.22
134.986292301,582.03
135.010467460,582.03
135.033911282,582.03
135.057423297,582.03
135.080710989,583.18
135.111291566,583.18
135.134814269,583.18
135.161259630,583.18
135.184421593,583.97
135.207999881,583.97
135.231484791,583.97
135.254840581,583.97
135.278400948,588.50
135.301618368,588.50
135.324604713,588.50
135.348045463,588.50
135.371582311,592.84
135.395122582,592.84
135.419298381,592.84
135.442148628,592.84
135.465622083,592.84
135.488588523,591.93
135.511887096,591.93
135.534881377,591.93
135.558041932,591.93
135.581097110,593.52
135.604048542,593.52
135.627116264,593.52
135.650596983,593.52
135.673972165,575.87
135.697261393,575.87
135.720350299,575.87
135.743164194,575.87
135.765966825,575.87
135.789304822,543.61
135.813112841,543.61
135.836652536,543.61
135.860278504,543.61
135.883742711,533.82
135.906840833,533.82
135.930202542,533.82
135.953781278,533.82
135.977308461,536.03
136.000790108,536.03
136.024400140,536.03
136.047021201,536.03
136.070322942,536.03
136.093887245,530.02
136.117344156,530.02
136.140696265,530.02
136.166391985,530.02
136.189579261,526.61
136.213055083,526.61
136.236411096,526.61
136.260445134,526.61
136.283619193,528.55
136.306599010,528.55
136.329746924,528.55
136.352762646,528.55
136.375718846,528.55
136.398472357,527.55
136.421753105,527.55
136.444852027,527.55
136.468377515,527.55
136.491308883,520.57
136.514615776,520.57
136.538029486,520.57
136.561272473,520.57
136.584162337,494.74
136.607311276,494.74
136.630929789,494.74
136.653709475,494.74
136.676278471,494.74
136.698963469,471.86
136.723288869,471.86
136.747023415,471.86
136.771115469,471.86
136.794783165,507.97
136.818117386,507.97
136.841027155,507.97
136.864611746,507.97
136.887931375,506.34
136.911213468,506.34
136.934460360,506.34
136.957852789,506.34
136.981768713,506.34
137.005504955,501.00
137.028733862,501.00
137.052316502,501.00
137.075717828,501.00
137.098950160,499.67
137.122003482,499.67
137.145142052,499.67
137.168116365,499.67
137.191442522,500.34
137.215279213,500.34
137.238635290,500.34
137.261890534,500.34
137.285170483,495.47
137.308497920,495.47
137.331736588,495.47
137.355331100,495.47
137.378665513,495.47
137.401410959,498.31
137.424560026,498.31
137.447700997,498.31
137.471438678,498.31
137.495131207,502.40
137.518643382,502.40
137.542575466,502.40
137.565875767,502.40
137.589505223,526.92
137.613435419,526.92
137.636893834,526.92
137.659961876,526.92
137.683181823,526.92
137.706573069,570.68
137.731004391,570.68
137.754298035,570.68
137.778051813,570.68
137.801616405,571.43
137.825020866,571.43
137.848450288,571.43
137.872054401,571.43
137.895194251,569.40
137.918447415,569.40
137.941923430,569.40
137.965398133,569.40
137.988584192,569.40
138.011574953,571.24
138.034563218,571.24
138.057610364,571.24
138.081346157,571.24
138.104805212,573.36
138.128225194,573.36
138.152030908,573.36
138.175176679,573.36
138.198307250,573.17
138.222431624,573.17
138.245898390,573.17
138.269344197,573.17
138.292626385,578.61
138.315548089,578.61
138.338715908,578.61
138.362015249,578.61
138.385126011,578.61
138.408568138,577.62
138.431686868,577.62
138.454808127,577.62
138.478254989,577.62
138.501742108,578.07
138.524869446,578.07
138.547906704,578.07
138.571259581,578.07
138.597165352,572.98
138.620275794,572.98
138.644048580,572.98
138.667318257,572.98
138.690846112,572.98
138.713885354,560.13
138.737060885,560.13
138.760435618,560.13
138.783749903,560.13
138.807129148,533.57
138.830237319,533.57
138.852965741,533.57
138.875921462,533.57
138.899560902,508.64
138.923687964,508.64
138.947362925,508.64
138.969822320,508.64
138.992577398,508.64
139.016117158,472.99
139.040826179,472.99
139.064585269,472.99
139.088299206,472.99
139.111487889,472.75
139.134102038,472.75
139.157156096,472.75
139.180615310,472.75
139.204108669,473.59
139.227532683,473.59
139.250673142,473.59
139.274080292,473.59
139.297664660,473.59
139.322013484,471.58
139.346569287,471.58
139.369998133,471.58
139.392968670,471.58
139.416563566,471.03
139.440104510,471.03
139.463689902,471.03
139.487568801,471.03
139.511074544,471.98
139.534416733,471.98
139.558325265,471.98
139.581651038,471.98
139.605143084,476.32
139.628567098,476.32
139.652047049,476.32
139.675430743,476.32
139.698931302,476.32
139.722213138,485.29
139.746669644,485.29
139.769883000,485.29
139.793537096,485.29
139.816679027,515.78
139.839902815,515.78
139.863345229,515.78
139.886458552,515.78
139.909584962,543.54
139.932976944,543.54
139.956605984,543.54
139.979871276,543.54
140.003133689,543.54
140.026152770,584.01
140.049344877,584.01
140.073053183,584.01
140.096598318,584.01
140.120154750,584.08
140.143351561,584.08
140.166810552,584.08
140.190646986,584.08
140.214017176,586.97
140.237437094,586.97
140.260882004,586.97
140.283944862,586.97
140.307580558,586.51
140.331229695,586.51
140.357995316,586.51
140.381487587,586.51
140.404508940,586.51
140.427711127,588.67
140.451800589,588.67
140.475156186,588.67
140.499387474,588.67
140.522788575,587.82
140.545534662,587.82
140.568725073,587.82
140.592909672,587.82
140.616436439,588.18
140.640076776,588.18
140.663333972,588.18
140.686480255,588.18
140.709645866,588.18
140.733491805,591.09
140.757094477,591.09
140.780200599,591.09
140.803123839,591.09
140.826389612,588.39
140.849652664,588.39
140.873432714,588.39
140.896864824,588.39
140.920314790,589.57
140.943314000,589.57
140.966282040,589.57
140.989152704,589.57
141.012212010,589.57
141.035732729,581.51
141.058777507,581.51
141.082047119,581.51
141.105283931,581.51
141.128601128,554.91
141.151566864,554.91
141.174258230,554.91
141.197756165,554.91
141.221003921,523.83
141.245063782,523.83
141.268581685,523.83
141.292207110,523.83
141.315932567,509.43
141.339422150,509.43
141.362864916,509.43
141.386107744,509.43
141.409431309,509.43
141.433035357,507.17
141.456057767,507.17
141.479054576,507.17
141.502720993,507.17
141.526282320,504.91
141.549483036,504.91
141.572925642,504.91
141.598162669,504.91
141.621666684,504.97
141.645641328,504.97
141.669120447,504.97
141.692867281,504.97
141.716402208,504.97
141.739368649,503.85
141.763069242,503.85
141.786613770,503.85
141.810081048,503.85
141.833630184,502.68
141.856579088,502.68
141.879737083,502.68
141.903805905,502.68
141.927281471,499.73
141.950496075,499.73
141.973641878,499.73
141.996259259,499.73
142.019709353,499.73
142.043478171,514.12
142.067032267,514.12
142.090565882,514.12
142.113586051,514.12
142.136644109,536.76
142.160363359,536.76
142.183611915,536.76
142.207136730,536.76
142.230374118,570.88
142.253216013,570.88
142.276753788,570.88
142.300211467,570.88
142.323696826,582.45
142.347180712,582.45
142.370338867,582.45
142.392833367,582.45
142.416290213,582.45
142.439696915,580.59
142.462866430,580.59
142.486179723,580.59
142.509400983,580.59
142.532619138,579.74
142.555541898,579.74
142.578539092,579.74
142.603719286,579.74
142.627512392,568.17
142.651643422,568.17
142.675085485,568.17
142.697697937,568.17
142.720625978,568.17
142.744391884,533.04
142.769109577,533.04
142.792491766,533.04
142.816579340,533.04
142.839715959,532.97
142.862571902,532.97
142.886334864,532.97
142.910017953,532.97
142.933448239,535.47
142.956615482,535.47
142.979803046,535.47
143.003576952,535.47
143.027062534,535.47
143.050472372,532.39
143.074006436,532.39
143.096948652,532.39
143.119529169,532.39
143.142805533,529.04
143.166126026,529.04
143.189379926,529.04
143.213105415,529.04
143.236061840,530.83
143.259506942,530.83
143.283177327,530.83
143.306395355,530.83
143.329730792,530.83
143.353026964,533.60
143.376382882,533.60
143.400399927,533.60
143.424219177,533.60
143.447439125,528.64
143.470314653,528.64
143.493860236,528.64
143.517446940,528.64
143.543150084,520.21
143.566890614,520.21
143.590294692,520.21
143.613611377,520.21
143.637255297,531.64
143.660682447,531.64
143.684200671,531.64
143.707224936,531.64
143.730006511,531.64
143.753064632,571.62
143.776623016,571.62
143.799582225,571.62
143.823231329,571.62
143.846393804,574.14
143.869440182,574.14
143.892599681,574.14
143.916093776,574.14
143.939750497,573.53
143.963095822,573.53
143.986029942,573.53
144.009302755,573.53
144.032784561,573.53
144.056078398,574.37
144.079747311,574.37
144.102948730,574.37
144.126113829,574.37
144.149323505,579.50
144.172737535,579.50
144.196104908,579.50
144.219454649,579.50
144.242239008,579.91
144.266183252,579.91
144.289914822,579.91
144.313504406,579.91
144.337532907,581.54
144.360801239,581.54
144.384186821,581.54
144.407821781,581.54
144.431833418,581.54
144.455326809,590.30
144.478636261,590.30
144.501585262,590.30
144.524921691,590.30
144.548460075,597.31
144.571950105,597.31
144.598237000,597.31
144.621386899,597.31
144.644555678,595.78
144.667844971,595.78
144.691288409,595.78
144.714636006,595.78
144.737636271,595.78
144.760529015,597.24
144.785003858,597.24
144.808301598,597.24
144.832343923,597.24
144.855456670,598.17
144.878675754,598.17
144.901991222,598.17
144.925393124,598.17
144.949039541,597.82
144.972499907,597.82
144.995552109,597.82
145.018291827,597.82
145.041821346,597.82
145.065636949,598.54
145.089050051,598.54
145.112208238,598.54
145.135353689,598.54
145.158915592,596.02
145.182794556,596.02
145.206458413,596.02
145.230272351,596.02
145.253525131,595.77
145.276259473,595.77
145.299769696,595.77
145.323410097,595.77
145.346892576,591.98
145.370509904,591.98
145.393381304,591.98
145.416676260,591.98
145.440281396,591.98
145.463607489,588.18
145.486885742,588.18
145.510458941,588.18
145.533440006,588.18
145.556801972,589.22
145.580477669,589.22
145.605040800,589.22
145.631907062,589.22
145.654720925,590.09
145.677769702,590.09
145.702004350,590.09
145.725452300,590.09
145.749185374,590.09
145.772475082,590.75
145.795591125,590.75
145.818868257,590.75
145.842311951,590.75
145.865560539,586.56
145.888947369,586.56
145.912057619,586.56
145.935410689,586.56
145.958996305,585.39
145.982392862,585.39
146.005720587,585.39
146.029170650,585.39
146.052082946,582.62
146.075440431,582.62
146.098663131,582.62
146.121837286,582.62
146.145056722,582.62
146.167916793,584.75
146.190837794,584.75
146.214272112,584.75
146.237478459,584.75
146.260536357,576.00
146.284497273,576.00
146.307787334,576.00
146.330427115,576.00
146.353396788,576.00
146.377300519,538.17
146.401159130,538.17
146.424599497,538.17
146.448741311,538.17
146.471898058,539.84
146.494842354,539.84
146.518281793,539.84
146.541475052,539.84
146.564417397,538.52
146.587386173,538.52
146.610491976,538.52
146.634948098,538.52
146.658753812,532.34
146.684259546,532.34
146.707837802,532.34
146.731025845,532.34
146.754335106,532.34
146.777558894,530.16
146.801437953,530.16
146.824539147,530.16
146.847863352,530.16
146.871182821,529.93
146.894633140,529.93
146.917821791,529.93
146.941311438,529.93
146.964501817,533.99
146.987946951,533.99
147.012014365,533.99
147.035306569,533.99
147.058814393,533.99
147.082439017,532.12
147.105586772,532.12
147.129024930,532.12
147.152403983,532.12
147.175556218,533.40
147.198557924,533.40
147.221929393,533.40
147.245708259,533.40
147.269169842,541.95
147.292971172,541.95
147.315888268,541.95
147.338911606,541.95
147.362177250,578.58
147.385896019,578.58
147.409301441,578.58
147.432505453,578.58
147.455874746,578.58
147.479153479,577.45
147.502418259,577.45
147.526068355,577.45
147.549461873,577.45
147.572191991,581.26
147.597740446,581.26
147.621154124,581.26
147.644595642,581.26
147.668181866,589.26
147.691389397,589.26
147.714335742,589.26
147.737763884,589.26
147.761191130,589.26
147.784501415,588.72
147.808697854,588.72
147.832151340,588.72
147.855816701,588.72
147.878989160,590.33
147.902380406,590.33
147.925741827,590.33
147.948495914,590.33
147.971779126,590.98
147.995329158,590.98
148.018853941,590.98
148.042293347,590.98
148.065813938,590.98
148.088903901,595.59
148.111767524,595.59
148.134989744,595.59
148.158461982,595.59
148.182033838,592.64
148.205331963,592.64
148.228417285,592.64
148.251868787,592.64
148.274731675,592.57
148.298084552,592.57
148.321178291,592.57
148.344418974,592.57
148.367414312,592.57
148.390185038,592.04
148.413803198,592.04
148.437046538,592.04
148.460294134,592.04
148.483207999,563.41
148.506183911,563.41
148.529417267,563.41
148.553205606,563.41
148.577427581,534.59
148.600630248,534.59
148.623120844,534.59
148.645945011,534.59
148.669717445,534.59
148.693825403,500.21
148.717449355,500.21
148.740971418,500.21
148.764347464,500.21
148.787319729,500.17
148.810738719,500.17
148.834140397,500.17
148.857573851,500.17
148.880909448,499.50
148.903858256,499.50
148.927016955,499.50
148.950436361,499.50
148.973744278,499.50
148.997102275,493.61
149.020154445,493.61
149.042782610,493.61
149.065992254,493.61
149.089343179,493.09
149.112229331,493.09
149.135806755,493.09
149.159355602,493.09
149.182146137,491.31
149.205468294,491.31
149.228820211,491.31
149.252348258,491.31
149.275678223,491.31
149.298853018,493.58
149.322404874,493.58
149.346079515,493.58
149.369442984,493.58
149.392696884,488.21
149.416226340,488.21
149.439809044,488.21
149.463239042,488.21
149.486474926,504.31
149.509812283,504.31
149.532578017,504.31
149.555921262,504.31
149.579594495,532.74
149.605521578,532.74
149.629376925,532.74
149.652245253,532.74
149.675226350,532.74
149.698696412,570.00
149.722866867,570.00
149.746102271,570.00
149.769781232,570.00
149.792925211,567.55
149.816502411,567.55
149.840256636,567.55
149.864196208,567.55
149.887683263,567.04
149.910689352,567.04
149.932836072,567.04
149.956146805,567.04
149.979568323,567.04
150.002556588,567.05
150.026301309,567.05
150.049494249,567.05
150.073167354,567.05
150.096198371,564.08
150.119357774,564.08
150.142291479,564.08
150.165883335,564.08
150.190110206,547.39
150.213913457,547.39
150.236537909,547.39
150.259292284,547.39
150.283078734,547.39
150.307279205,513.83
150.330790260,513.83
150.354540998,513.83
150.377812626,513.83
150.401369154,525.15
150.425054323,525.15
150.448731812,525.15
150.472278003,525.15
150.495911812,528.76
150.519061871,528.76
150.542596510,528.76
150.566137005,528.76
150.589700925,526.73
150.613337070,526.73
150.636683451,526.73
150.659339712,526.73
150.682646477,526.73
150.705921081,526.08
150.729276582,526.08
150.752936119,526.08
150.776278500,526.08
150.799256685,526.97
150.826077762,526.97
150.849406767,526.97
150.873196578,526.97
150.896554927,531.39
150.919481015,531.39
150.943019143,531.39
150.966407764,531.39
150.989677633,530.66
151.013516051,530.66
151.036654078,530.66
151.059381412,530.66
151.082868499,530.66
151.106334914,531.64
151.129875889,531.64
151.153226782,531.64
151.176251496,531.64
151.199823415,549.26
151.223321286,549.26
151.246708084,549.26
151.270053217,549.26
151.293106923,582.59
151.315954866,582.59
151.339009404,582.59
151.362101670,582.59
151.385144560,582.59
151.408181946,578.41
151.431515687,578.41
151.455475099,578.41
151.478523173,578.41
151.500896551,554.68
151.523631149,554.68
151.546961946,554.68
151.570717516,554.68
151.594082521,554.68
151.617601832,540.42
151.640812596,540.42
151.663693308,540.42
151.687172010,540.42
151.710714682,538.99
151.734260233,538.99
151.758020187,538.99
151.781046725,538.99
151.803854092,537.11
151.827393659,537.11
151.851431568,537.11
151.877674655,537.11
151.901420497,535.47
151.927163257,535.47
151.951217871,535.47
151.975024865,535.47
151.998517936,537.44
152.022481956,537.44
152.045835474,537.44
152.069380577,537.44
152.093340245,537.44
152.117097063,537.16
152.140710903,537.16
152.164142694,537.16
152.187015757,537.16
152.210412699,536.05
152.234037483,536.05
152.257550395,536.05
152.281016073,536.05
152.304560089,539.92
152.328162985,539.92
152.351916315,539.92
152.375170375,539.92
152.398802551,539.92
152.422307462,540.11
152.445382928,540.11
152.469105698,540.11
152.493088310,540.11
152.516468100,566.38
152.540391000,566.38
152.563643972,566.38
152.587061362,566.38
152.610816836,580.03
152.634380787,580.03
152.657701472,580.03
152.680722954,580.03
152.703617042,583.13
152.727033504,583.13
152.750436109,583.13
152.774036125,583.13
152.797859856,583.13
152.820977179,587.30
152.844356680,587.30
152.867678453,587.30
152.891169316,587.30
152.914725044,585.88
152.938021792,585.88
152.960899816,585.88
152.984340886,585.88
153.008042567,586.01
153.031404117,586.01
153.055888975,586.01
153.079251356,586.01
153.102797228,586.01
153.126585534,588.21
153.150423281,588.21
153.173936288,588.21
153.197095467,588.21
153.220084308,589.77
153.243456482,589.77
153.266860176,589.77
153.290809156,589.77
153.314267378,588.16
153.337447805,588.16
153.361084526,588.16
153.385033890,588.16
153.408686451,588.43
153.432411588,588.43
153.455829618,588.43
153.479126143,588.43
153.503122612,588.43
153.527028743,585.98
153.550634327,585.98
153.574534315,585.98
153.599222216,585.98
153.622686390,586.66
153.646544265,586.66
153.670180794,586.66
153.694056653,586.66
153.717415802,587.94
153.740208033,587.94
153.763903794,587.94
153.787390753,587.94
153.811116403,585.26
153.835043303,585.26
153.858298611,585.26
153.881516414,585.26
153.905355281,585.26
153.928854624,586.05
153.952597746,586.05
153.979207013,586.05
154.002422928,586.05
154.025865663,584.55
154.049305261,584.55
154.072913373,584.55
154.096823217,584.55
154.119749241,587.40
154.143528683,587.40
154.166787511,587.40
154.190222374,587.40
154.213687508,587.40
154.237174275,586.41
154.260347662,586.41
154.284004223,586.41
154.307497582,586.41
154.330916444,585.83
154.354452843,585.83
154.377502933,585.83
154.401079589,585.83
154.424543219,586.38
154.448098691,586.38
154.471918837,586.38
154.495299107,586.38
154.518394925,588.95
154.541809947,588.95
154.566408599,588.95
154.589932582,588.95
154.613457781,588.95
154.636524351,589.45
154.660540628,589.45
154.683781568,589.45
154.707036908,589.45
154.730885471,589.92
154.754123371,589.92
154.776914450,589.92
154.800519714,589.92
154.823901904,591.07
154.847483872,591.07
154.870670251,591.07
154.893572179,591.07
154.916968225,591.07
154.939998954,590.50
154.964091200,590.50
154.987540495,590.50
155.010823835,590.50
155.034084967,590.75
155.058057404,590.75
155.081107589,590.75
155.104225552,590.75
155.127056599,556.97
155.150973195,556.97
155.174807486,556.97
155.198511951,556.97
155.222191744,556.97
155.245238154,557.59
155.268972891,557.59
155.292864655,557.59
155.316290173,557.59
155.339654122,555.67
155.362839414,555.67
155.385782750,555.67
155.409660658,555.67
155.433386851,554.81
155.456793201,554.81
155.480753541,554.81
155.503958641,554.81
155.527259197,555.32
155.550904590,555.32
155.575072101,555.32
155.599467454,555.32
155.622614025,555.32
155.645614066,554.76
155.669665959,554.76
155.692861779,554.76
155.716733510,554.76
155.740133812,554.47
155.763204158,554.47
155.786555947,554.47
155.810145339,554.47
155.833451176,556.34
155.857297659,556.34
155.880645480,556.34
155.903823059,556.34
155.927351938,556.34
155.950754352,555.20
155.974455298,555.20
155.997751022,555.20
156.021049979,555.20
156.044407240,553.87
156.067864407,553.87
156.091296869,553.87
156.117292144,553.87
156.140483228,586.60
156.164536145,586.60
156.188679431,586.60
156.213019808,586.60
156.236756658,588.97
156.260479587,588.97
156.284115668,588.97
156.307631523,588.97
156.331381077,590.53
156.355322025,590.53
156.378838328,590.53
156.402668235,590.53
156.426476413,590.53
156.450164206,589.77
156.474717993,589.77
156.498244697,589.77
156.521634566,589.77
156.544909523,590.70
156.568429858,590.70
156.591963921,590.70
156.616142984,590.70
156.639381844,592.30
156.662567327,592.30
156.685870828,592.30
156.709232121,592.30
156.732869098,592.30
156.756521787,594.18
156.780451983,594.18
156.804352962,594.18
156.828011603,594.18
156.851471521,592.77
156.875383285,592.77
156.898489664,592.77
156.921820397,592.77
156.945355900,596.02
156.968738378,596.02
156.992437339,596.02
157.016025483,596.02
157.039743100,594.90
157.063438061,594.90
157.086823835,594.90
157.112740774,594.90
157.136299541,596.20
157.159722660,596.20
157.183152658,596.20
157.206637568,596.20
157.230190224,596.20
157.253573534,595.72
157.276700968,595.72
157.299893428,595.72
157.323276609,595.72
157.346595918,594.17
157.370609187,594.17
157.393837071,594.17
157.417124379,594.17
157.440884141,595.00
157.464366588,595.00
157.488694645,595.00
157.512086082,595.00
157.535223437,595.00
157.558020916,593.49
157.581430306,593.49
157.605782651,593.49
157.629678094,593.49
157.652898138,592.27
157.676268807,592.27
157.699880792,592.27
157.723720106,592.27
157.747146393,593.28
157.770545766,593.28
157.793297485,593.28
157.817064255,593.28
157.840473229,593.28
157.864266207,592.35
157.887916016,592.35
157.910879384,592.35
157.934453896,592.35
157.958193914,592.53
157.981963148,592.53
158.005609917,592.53
158.028963562,592.53
158.052888478,593.45
158.076742097,593.45
158.099963517,593.45
158.123608205,593.45
158.146749336,594.21
158.169876643,594.21
158.194314780,594.21
158.217780683,594.21
158.241577597,594.21
158.264765993,597.39
158.288382041,597.39
158.311812583,597.39
158.335538009,597.39
158.359249738,598.43
158.382676024,598.43
158.405650017,598.43
158.428528201,598.43
158.451578035,594.44
158.474421466,594.44
158.497318850,594.44
158.520454605,594.44
158.544082109,594.44
158.567832175,578.54
158.591512512,578.54
158.614822445,578.54
158.638024792,578.54
158.661337349,548.42
158.684600401,548.42
158.708114881,548.42
158.731213579,548.42
158.753929649,511.91
158.776742104,511.91
158.800642987,511.91
158.824460734,511.91
158.848057838,511.91
158.871781472,502.51
158.895343023,502.51
158.918773726,502.51
158.942586160,502.51
158.966000510,497.74
158.989452716,497.74
159.012643096,497.74
159.036144135,497.74
159.059725239,495.55
159.083211429,495.55
159.106461042,495.55
159.129902240,495.55
159.153180428,495.38
159.176354775,495.38
159.199561859,495.38
159.223271412,495.38
159.246917733,495.38
159.270333843,493.92
159.293318140,493.92
159.316726154,493.92
159.340444571,493.92
159.363948843,491.26
159.387881470,491.26
159.411206027,491.26
159.434324406,491.26
159.457923142,493.55
159.481273491,493.55
159.505127654,493.55
159.528543092,493.55
159.551554398,493.55
159.574895883,504.34
159.600126446,504.34
159.623393754,504.34
159.646752583,504.34
159.669719312,533.43
159.692946748,533.43
159.716581804,533.43
159.740387935,533.43
159.763822189,564.46
159.787035609,564.46
159.810317189,564.46
159.833571761,564.46
159.856923423,564.46
159.880286860,583.81
159.903702490,583.81
159.927004167,583.81
159.950681528,583.81
159.974152678,581.88
159.997452787,581.88
160.020763488,581.88
160.043921227,581.88
160.066892532,583.68
160.090354242,583.68
160.114077300,583.68
160.137243839,583.68
160.160624652,583.68
160.183288882,585.50
160.206622271,585.50
160.230371600,585.50
160.253837791,585.50
160.277530192,585.67
160.302757811,585.67
160.326102144,585.67
160.349558447,585.67
160.372916092,587.86
160.396369098,587.86
160.419503157,587.86
160.442547039,587.86
160.465817899,588.27
160.489362907,588.27
160.512900618,588.27
160.536460986,588.27
160.559704134,588.27
160.583146420,588.37
160.607652719,588.37
160.631283423,588.37
160.654856495,588.37
160.678086491,589.28
160.701073988,589.28
160.724545330,589.28
160.748422854,589.28
160.771660146,585.91
160.795142976,585.91
160.818322508,585.91
160.841475959,585.91
160.865939217,583.42
160.889334622,583.42
160.913133617,583.42
160.936320892,583.42
160.959465671,583.42
160.983112696,583.74
161.006888618,583.74
161.030230647,583.74
161.054116235,583.74
161.077125204,584.64
161.100327903,584.64
161.124243251,584.64
161.147757154,584.64
161.171499956,582.18
161.194908514,582.18
161.218410993,582.18
161.242120258,582.18
161.266064502,582.18
161.289447108,580.23
161.314651719,580.23
161.337879954,580.23
161.361145535,580.23
161.384616877,578.65
161.408120156,578.65
161.431443145,578.65
161.454972920,578.65
161.477816288,577.86
161.500810473,577.86
161.523922323,577.86
161.547331073,577.86
161.571015314,577.86
161.593974267,578.73
161.616831139,578.73
161.639869708,578.73
161.663087896,578.73
161.686577575,575.68
161.710193591,575.68
161.733383715,575.68
161.757011091,575.68
161.780322528,579.93
161.803756270,579.93
161.827668706,579.93
161.850691755,579.93
161.873860502,581.70
161.897195076,581.70
161.921153400,581.70
161.944584614,581.70
161.968056725,581.70
161.990841915,585.46
162.014065703,585.46
162.037503893,585.46
162.061087333,585.46
162.084741174,584.46
162.107785856,584.46
162.130851594,584.46
162.154615836,584.46
162.178046122,585.12
162.201511448,585.12
162.225188137,585.12
162.247953872,585.12
162.271354110,585.12
162.294724939,586.46
162.318171034,586.46
162.341471686,586.46
162.364730898,586.46
162.388045599,589.33
162.411518830,589.33
162.435004029,589.33
162.458601965,589.33
162.481698263,591.33
162.504651456,591.33
162.528376945,591.33
162.551670046,591.33
162.575099820,591.33
162.599282211,588.56
162.622891411,588.56
162.646276577,588.56
162.669912721,588.56
162.693462017,590.65
162.717222963,590.65
162.740336797,590.65
162.763865965,590.65
162.787513725,589.35
162.810893707,589.35
162.834218168,589.35
162.857301378,589.35
162.880380428,589.35
162.904109854,589.26
162.927532588,589.26
162.950991866,589.26
162.974770572,589.26
162.997794678,592.96
163.020375034,592.96
163.043474181,592.96
163.066658928,592.96
163.089881244,583.77
163.112912357,583.77
163.136203346,583.77
163.160257607,583.77
163.183449491,583.77
163.206140600,559.46
163.229015072,559.46
163.252330029,559.46
163.276302177,559.46
163.299592398,542.89
163.323222078,542.89
163.346488907,542.89
163.369526804,542.89
163.393022435,540.26
163.416705556,540.26
163.440149602,540.26
163.463904148,540.26
163.487048895,539.65
163.510342604,539.65
163.533827483,539.65
163.557099399,539.65
163.580719831,539.65
163.605441108,540.36
163.628241051,540.36
163.651660233,540.36
163.675130968,540.36
163.698322179,538.24
163.722007412,538.24
163.745247392,538.24
163.767977382,538.24
163.791744633,538.34
163.815444778,538.34
163.839072154,538.34
163.862679434,538.34
163.885988855,538.34
163.909633544,537.06
163.933553020,537.06
163.956953929,537.06
163.980594586,537.06
164.003868006,534.19
164.026730830,534.19
164.050246525,534.19
164.074205457,534.19
164.097668864,539.42
164.121299408,539.42
164.144430747,539.42
164.167376644,539.42
164.190962164,553.81
164.214566916,553.81
164.238232213,553.81
164.261655139,553.81
164.284755821,553.81
164.308173147,581.41
164.331523336,581.41
164.354780437,581.41
164.378462374,581.41
164.401466927,585.30
164.424792764,585.30
164.450060959,585.30
164.473608591,585.30
164.497686660,586.39
164.520838095,586.39
164.543447028,586.39
164.566754305,586.39
164.590447154,586.39
164.613966785,586.84
164.638202425,586.84
164.661336099,586.84
164.684480334,586.84
164.707942973,588.47
164.731480716,588.47
164.755011227,588.47
164.779103921,588.47
164.801778935,591.52
164.825157412,591.52
164.848738964,591.52
164.872171362,591.52
164.896095894,591.52
164.919342466,589.97
164.942533486,589.97
164.965707929,589.97
164.989362026,589.97
165.012940122,593.10
165.036282439,593.10
165.059017581,593.10
165.082554140,593.10
165.105813641,593.75
165.129231510,593.75
165.152992297,593.75
165.176062162,593.75
165.199633314,595.35
165.223172370,595.35
165.246540799,595.35
165.269923373,595.35
165.293075736,595.35
165.315901311,598.56
165.339421102,598.56
165.363116607,598.56
165.386585710,598.56
165.410283967,596.34
165.433188135,596.34
165.456352722,596.34
165.479608703,596.34
165.505276199,597.50
165.528937687,597.50
165.552311397,597.50
165.575635122,597.50
165.600066220,597.50
165.623602683,596.64
165.647031817,596.64
165.670854684,596.64
165.694187977,596.64
165.717914490,596.98
165.741989904,596.98
165.766053830,596.98
165.789912089,596.98
165.813280230,597.28
165.836668884,597.28
165.860499303,597.28
165.884207608,597.28
165.907900937,596.26
165.931818365,596.26
165.955026888,596.26
165.978262036,596.26
166.001957894,596.26
166.025626551,597.06
166.049405385,597.06
166.072831991,597.06
166.096353542,597.06
166.120181273,597.76
166.143565863,597.76
166.167068053,597.76
166.190526692,597.76
166.213549133,597.98
166.236946267,597.98
166.260488811,597.98
166.284086875,597.98
166.307956558,598.29
166.331348284,598.29
166.354671881,598.29
166.378525852,598.29
166.401891689,598.29
166.425547386,596.62
166.449102122,596.62
166.471944273,596.62
166.495323422,596.62
166.518805613,597.09
166.544618199,597.09
166.568437418,597.09
166.592537279,597.09
166.615890509,596.26
166.640134564,596.26
166.663701140,596.26
166.687338181,596.26
166.710523344,596.05
166.733862525,596.05
166.757735120,596.05
166.781486434,596.05
166.805007921,596.05
166.828850564,596.04
166.852375892,596.04
166.876321416,596.04
166.900152410,596.04
166.923773067,593.54
166.947368347,593.54
166.970902090,593.54
166.993854995,593.54
167.017551556,594.72
167.041239541,594.72
167.065377996,594.72
167.088632152,594.72
167.112096294,594.72
167.135445364,593.62
167.159233062,593.62
167.182592275,593.62
167.206259748,593.62
167.229419791,592.34
167.252549946,592.34
167.275913639,592.34
167.299342325,592.34
167.322721603,592.24
167.346995707,592.24
167.370407113,592.24
167.393461043,592.24
167.417172484,592.16
167.440236366,592.16
167.463353529,592.16
167.486454307,592.16
167.509877329,592.16
167.533202014,589.36
167.556186599,589.36
167.579388147,589.36
167.605137788,589.36
167.628173637,592.48
167.651947287,592.48
167.675454054,592.48
167.698726259,592.48
167.722275106,578.91
167.745344620,578.91
167.768915164,578.91
167.792562733,578.91
167.816068572,578.91
167.839105125,579.54
167.862776598,579.54
167.886158884,579.54
167.909389424,579.54
167.932325688,578.42
167.955259553,578.42
167.978366123,578.42
168.002183198,578.42
168.025532299,576.42
168.049072314,576.42
168.072650730,576.42
168.096218362,576.42
168.119826762,576.42
168.143316217,578.27
168.166597638,578.27
168.189701520,578.27
168.212825243,578.27
168.236725838,574.46
168.260307230,574.46
168.283568810,574.46
168.307129562,574.46
168.330953901,572.12
168.354454940,572.12
168.378163021,572.12
168.401707389,572.12
168.424855752,574.63
168.448257941,574.63
168.471501345,574.63
168.494889807,574.63
168.518160411,574.63
168.541508329,571.68
168.565243066,571.68
168.588699209,571.68
168.611950869,571.68
168.635233985,570.20
168.658518574,570.20
168.683527982,570.20
168.706640377,570.20
168.729418399,580.88
168.753136561,580.88
168.776838946,580.88
168.799989165,580.88
168.823613118,580.88
168.846826057,580.22
168.870098806,580.22
168.893825799,580.22
168.916686287,580.22
168.939662488,583.30
168.962704449,583.30
168.985445224,583.30
169.008475473,583.30
169.031546011,580.62
169.054209089,580.62
169.077649103,580.62
169.101820262,580.62
169.125416150,580.62
169.148695906,563.93
169.172378547,563.93
169.194918679,563.93
169.217886848,563.93
169.240796904,527.00
169.264151798,527.00
169.287927656,527.00
169.311012882,527.00
169.334626722,525.36
169.357792077,525.36
169.381014809,525.36
169.404560553,525.36
169.428034583,525.36
169.451672264,525.70
169.475071862,525.70
169.498278497,525.70
169.522008019,525.70
169.545566530,528.47
169.568824623,528.47
169.592323806,528.47
169.615821165,528.47
169.638795734,525.66
169.662297476,525.66
169.687534536,525.66
169.710724051,525.66
169.735005643,526.58
169.758295767,526.58
169.782375405,526.58
169.805945693,526.58
169.829712719,526.58
169.852998811,529.24
169.877095953,529.24
169.900185820,529.24
169.924057167,529.24
169.947827329,527.08
169.971258159,527.08
169.995059426,527.08
170.019019062,527.08
170.041918942,528.98
170.065470573,528.98
170.089105022,528.98
170.112483660,528.98
170.136070556,541.68
170.159226311,541.68
170.182279952,541.68
170.205334938,541.68
170.228791593,541.68
170.252098197,578.06
170.275474979,578.06
170.298408812,578.06
170.321677048,578.06
170.345168551,590.50
170.368500628,590.50
170.392111876,590.50
170.415361456,590.50
170.438537371,590.83
170.461893001,590.83
170.485461816,590.83
170.508733701,590.83
170.532275700,590.83
170.555080667,593.97
170.578475849,593.97
170.602248859,593.97
170.625849355,593.97
170.649304730,595.09
170.672477573,595.09
170.695575887,595.09
170.719159807,595.09
170.742790448,594.00
170.766277727,594.00
170.790703960,594.00
170.813520511,594.00
170.836903149,594.00
170.860248922,595.77
170.884556018,595.77
170.908320356,595.77
170.932501115,595.77
170.955812808,596.90
170.979339607,596.90
171.002917095,596.90
171.026564792,596.90
171.049975622,599.23
171.072886286,599.23
171.096279260,599.23
171.119681802,599.23
171.142988086,599.23
171.166700424,599.03
171.189868243,599.03
171.212711994,599.03
171.236444620,599.03
171.260108349,599.42
171.283332393,599.42
171.307237788,599.42
171.330643690,599.42
171.354132313,598.76
171.377877387,598.76
171.401190680,598.76
171.424465540,598.76
171.447806897,600.09
171.470794202,600.09
171.494302569,600.09
171.517478165,600.09
171.540697185,600.09
171.564169327,597.97
171.587352378,597.97
171.610377060,597.97
171.633975284,597.97
171.657421314,596.61
171.680671567,596.61
171.704134813,596.61
171.727194631,596.61
171.750767895,595.73
171.774200389,595.73
171.798336955,595.73
171.821686409,595.73
171.845038134,595.73
171.867659643,597.18
171.891311819,597.18
171.914503159,597.18
171.938000326,597.18
171.961564022,594.45
171.984523678,594.45
172.007477575,594.45
172.031150616,594.45
172.054908074,590.77
172.078074677,590.77
172.101651941,590.77
172.124669486,590.77
172.147967931,590.77
172.171545451,589.30
172.195206748,589.30
172.218684266,589.30
172.242690783,589.30
172.265572743,590.29
172.288718226,590.29
172.312260930,590.29
172.336468729,590.29
172.359535267,589.55
172.382845455,589.55
172.405564629,589.55
172.428658496,589.55
172.451858987,589.55
172.474969558,582.92
172.498074912,582.92
172.521218027,582.92
172.545129375,582.92
172.568856912,562.26
172.592098428,562.26
172.614865091,562.26
172.637340070,562.26
172.660438032,522.10
172.684073377,522.10
172.707779986,522.10
172.731329506,522.10
172.754806481,522.10
172.778284799,521.78
172.801705293,521.78
172.825382110,521.78
172.849414068,521.78
172.873959855,519.69
172.897397437,519.69
172.920726282,519.69
172.944355674,519.69
172.967812265,523.13
172.991412217,523.13
173.014896360,523.13
173.038223285,523.13
173.061436928,525.75
173.084847406,525.75
173.108246556,525.75
173.131530793,525.75
173.155211450,525.75
173.178232163,529.85
173.201179660,529.85
173.224657403,529.85
173.248037896,529.85
173.271421110,529.78
173.294623457,529.78
173.317509449,529.78
173.340932503,529.78
173.364531944,529.33
173.387872949,529.33
173.412198189,529.33
173.435934783,529.33
173.459367693,529.33
173.483065534,535.12
173.507135796,535.12
173.530662787,535.12
173.554254259,535.12
173.577585824,556.84
173.601031951,556.84
173.624280539,556.84
173.647922923,556.84
173.671266425,598.83
173.694508453,598.83
173.717388780,598.83
173.740713113,598.83
173.764065991,598.83
173.787142993,599.66
173.810606591,599.66
173.833772523,599.66
173.857395995,599.66
173.884588692,598.76
173.907728031,598.76
173.931349104,598.76
173.954505051,598.76
173.977614597,598.99
174.000738448,598.99
174.024074333,598.99
174.047550444,598.99
174.071127132,601.97
174.094265734,601.97
174.117885239,601.97
174.141351621,601.97
174.164703987,601.97
174.187994431,597.81
174.212075605,597.81
174.235178239,597.81
174.259285685,597.81
174.282881541,596.60
174.306598103,596.60
174.330254600,596.60
174.354028634,596.60
174.377305958,595.52
174.401113849,595.52
174.424547783,595.52
174.448063062,595.52
174.471480004,596.14
174.494665423,596.14
174.518092542,596.14
174.541645293,596.14
174.565485216,596.14
174.588851566,595.70
174.611916984,595.70
174.635582760,595.70
174.658969942,595.70
174.682318435,593.07
174.705878643,593.07
174.729224032,593.07
174.752334571,593.07
174.775836506,594.40
174.799558155,594.40
174.823436735,594.40
174.846901677,594.40
174.870291739,594.40
174.893694089,593.66
174.917756222,593.66
174.941043883,593.66
174.964796989,593.66
174.988167594,594.28
175.011327637,594.28
175.034707203,594.28
175.058809369,594.28
175.082399497,594.11
175.105729942,594.11
175.128811104,594.11
175.152230862,594.11
175.175585883,594.11
175.199000458,593.89
175.222304662,593.89
175.245433441,593.89
175.268192231,593.89
175.291301586,594.28
175.314975843,594.28
175.338345136,594.28
175.362001249,594.28
175.385016395,599.16
175.408001780,599.16
175.432209803,599.16
175.455482615,599.16
175.479100776,595.91
175.502510741,595.91
175.525560703,595.91
175.548661898,595.91
175.572309722,595.91
175.595827689,596.44
175.619502714,596.44
175.642557796,596.44
175.665702639,596.44
175.689400673,597.94
175.712846927,597.94
175.736140603,597.94
175.759725387,597.94
175.782967704,597.21
175.805694654,597.21
175.828493317,597.21
175.851580111,597.21
175.874858843,597.21
175.897963174,599.74
175.920935822,599.74
175.943625492,599.74
175.966920961,599.74
175.990378127,575.84
176.013595867,575.84
176.036775974,575.84
176.059879761,575.84
176.083310335,545.31
176.107213619,545.31
176.130360957,545.31
176.152914786,545.31
176.175607879,545.31
176.198555216,505.45
176.222040895,505.45
176.245720240,505.45
176.269114910,505.45
176.292813103,504.11
176.315848472,504.11
176.338945347,504.11
176.362196911,504.11
176.385500252,504.28
176.409054315,504.28
176.432746908,504.28
176.455551843,504.28
176.478852976,504.28
176.502466752,502.64
176.525681868,502.64
176.548900920,502.64
176.572529768,502.64
176.595286255,499.39
176.618681533,499.39
176.641938345,499.39
176.665505049,499.39
176.689059176,499.22
176.712532759,499.22
176.735419167,499.22
176.758696555,499.22
176.782481245,499.22
176.805702121,500.42
176.829015126,500.42
176.851978111,500.42
176.875481710,500.42
176.898752282,493.54
176.922262601,493.54
176.945287219,493.54
176.968208795,493.54
176.991778283,498.25
177.014634163,498.25
177.037298712,498.25
177.059885820,498.25
177.083031687,498.25
177.106600567,498.44
177.130121286,498.44
177.153481396,498.44
177.177364679,498.44
177.200409073,540.48
177.223615708,540.48
177.246954986,540.48
177.270485561,540.48
177.294040041,543.09
177.317445526,543.09
177.340717955,543.09
177.363923406,543.09
177.387557343,543.09
177.410795115,539.93
177.434186617,539.93
177.457214658,539.93
177.480230540,539.93
177.503604665,538.68
177.527297738,538.68
177.550473142,538.68
177.574127430,538.68
177.600003217,543.32
177.623821603,543.32
177.647409812,543.32
177.670962947,543.32
177.694360177,543.32
177.717543036,542.23
177.740885257,542.23
177.764233495,542.23
177.787723238,542.23
177.810819344,534.21
177.833616823,534.21
177.857015045,534.21
177.880612245,534.21
177.903789408,528.49
177.927256527,528.49
177.950669053,528.49
177.973473060,528.49
177.996728304,534.99
178.020264479,534.99
178.043502891,534.99
178.070688997,534.99
178.094189108,534.99
178.117818948,573.33
178.141706488,573.33
178.164968292,573.33
178.188385074,573.33
178.211930785,573.85
178.235050732,573.85
178.258227415,573.85
178.281940873,573.85
178.305177909,572.54
178.328711364,572.54
178.352214419,572.54
178.375207260,572.54
178.398647978,572.54
178.422207674,571.80
178.445868523,571.80
178.469247001,571.80
178.492608998,571.80
178.515442573,571.47
178.538920092,571.47
178.562674286,571.47
178.586322911,571.47
178.610257683,571.17
178.633491935,571.17
178.656383847,571.17
178.679257870,571.17
178.702540859,572.92
178.725544644,572.92
178.748618158,572.92
178.772159838,572.92
178.795916816,572.92
178.819099003,576.16
178.842574602,576.16
178.865795350,576.16
178.888384634,576.16
178.910748540,548.85
178.933603363,548.85
178.956912720,548.85
178.980327102,548.85
179.003684396,548.85
179.027257627,540.38
179.050480263,540.38
179.073452464,540.38
179.096893054,540.38
179.122290499,541.84
179.145558576,541.84
179.169672006,541.84
179.192866225,541.84
179.216367648,539.43
179.239555468,539.43
179.262893241,539.43
179.286384936,539.43
179.310378684,543.09
179.333544616,543.09
179.357313018,543.09
179.380903146,543.09
179.404733596,543.09
179.428451822,543.90
179.451971965,543.90
179.475227529,543.90
179.499180158,543.90
179.523168914,542.72
179.546677793,542.72
179.570709270,542.72
179.594429256,542.72
179.617886326,542.14
179.641724937,542.14
179.665258841,542.14
179.688625318,542.14
179.712185014,542.88
179.735101886,542.88
179.759169012,542.88
179.782525057,542.88
179.805917775,542.88
179.829302492,544.80
179.853384306,544.80
179.876625054,544.80
179.899967531,544.80
179.923676093,575.65
179.947278253,575.65
179.970739739,575.65
179.993956967,575.65
180.017428022,590.48
180.040909317,590.48
180.064160049,590.48
180.087636928,590.48
180.111035597,590.48
180.134167064,594.29
180.157359684,594.29
180.180899283,594.29
180.204626821,594.29
180.228174932,596.18
180.251264991,596.18
180.274562443,596.18
180.298488223,596.18
180.321840268,590.90
180.345294139,590.90
180.368845258,590.90
180.391552368,590.90
180.415171521,591.62
180.439000755,591.62
180.462519235,591.62
180.485760655,591.62
180.509439040,591.62
180.532337256,595.40
180.556300444,595.40
180.580074254,595.40
180.606903588,595.40
180.630264785,591.05
180.653618398,591.05
180.676883147,591.05
180.700561020,591.05
180.723573029,592.13
180.746825713,592.13
180.770095902,592.13
180.793315849,592.13
180.816557813,592.13
180.839482078,589.38
180.863068270,589.38
180.886843488,589.38
180.910308495,589.38
180.932851283,557.33
180.955245813,557.33
180.978192253,557.33
181.001771117,557.33
181.025277052,529.75
181.048822988,529.75
181.072445436,529.75
181.096466321,529.75
181.119905984,529.75
181.143858228,526.91
181.167528261,526.91
181.191008340,526.91
181.215067945,526.91
181.239078590,526.83
181.264452450,526.83
181.287834992,526.83
181.311758980,526.83
181.335125329,530.90
181.358748450,530.90
181.382223281,530.90
181.406584810,530.90
181.430203738,530.15
181.453835626,530.15
181.477817119,530.15
181.501274605,530.15
181.524809949,531.19
181.548410477,531.19
181.573422286,531.19
181.599384409,531.19
181.622886216,531.19
181.646058067,530.08
181.670038952,530.08
181.693487926,530.08
181.717066438,530.08
181.740716247,531.00
181.764254406,531.00
181.787766677,531.00
181.811670441,531.00
181.835331898,541.41
181.859061675,541.41
181.882297495,541.41
181.905330433,541.41
181.929211572,576.68
181.952776548,576.68
181.977256830,576.68
182.001204883,576.68
182.024702338,576.68
182.048327026,599.36
182.072183077,599.36
182.096290939,599.36
182.119898123,599.36
182.143265305,601.24
182.166751976,601.24
182.190857054,601.24
182.214802514,601.24
182.238278945,597.49
182.262138580,597.49
182.285503841,597.49
182.311242698,597.49
182.335209726,600.73
182.358689709,600.73
182.382156572,600.73
182.405394504,600.73
182.428426801,600.73
182.452139267,603.74
182.475876373,603.74
182.499185281,603.74
182.523022484,603.74
182.546273920,604.36
182.569600877,604.36
182.593957446,604.36
182.617948059,604.36
182.641473194,605.78
182.665027162,605.78
182.688299878,605.78
182.711432977,605.78
182.734767518,606.06
182.758149900,606.06
182.781767900,606.06
182.805022792,606.06
182.828466295,606.06
182.852087463,602.49
182.875554262,602.49
182.898748737,602.49
182.921875692,602.49
182.945144728,591.77
182.968588583,591.77
182.991880083,591.77
183.015305569,591.77
183.039061939,591.72
183.062954055,591.72
183.086668088,591.72
183.109912708,591.72
183.133012271,591.72
183.155907607,588.34
183.179642760,588.34
183.202913013,588.34
183.226342083,588.34
183.249869234,586.62
183.273407298,586.62
183.296677006,586.62
183.321636334,586.62
183.344966427,576.11
183.368445866,576.11
183.392052730,576.11
183.415434536,576.11
183.438759317,569.75
183.462069057,569.75
183.485103851,569.75
183.508841981,569.75
183.532423469,569.75
183.555766042,567.41
183.579118407,567.41
183.602570614,567.41
183.625896323,567.41
183.649405874,566.67
183.672896961,566.67
183.696371599,566.67
183.719875326,566.67
183.743493967,560.93
183.767123999,560.93
183.790733712,560.93
183.813842330,560.93
183.837153895,560.93
183.860160400,566.05
183.884585194,566.05
183.907998840,566.05
183.931600360,566.05
183.955519420,570.84
183.979273166,570.84
184.002752925,570.84
184.026841683,570.84
184.050042046,567.61
184.073753039,567.61
184.097347360,567.61
184.120886159,567.61
184.144181820,567.45
184.167079524,567.45
184.189971148,567.45
184.213276024,567.45
184.236542117,567.45
184.259955667,566.81
184.283764453,566.81
184.307011345,566.81
184.331125831,566.81
184.354486901,574.11
184.377996932,574.11
184.401888920,574.11
184.425202308,574.11
184.448540434,576.88
184.471814494,576.88
184.495923412,576.88
184.519021790,576.88
184.542143337,576.88
184.565082226,577.57
184.587913497,577.57
184.610865314,577.57
184.634322064,577.57
184.657685693,574.96
184.681233389,574.96
184.705006335,574.96
184.728577039,574.96
184.752021885,578.62
184.775610925,578.62
184.799124221,578.62
184.822742541,578.62
184.846296509,578.62
184.869541257,577.69
184.893377883,577.69
184.916410917,577.69
184.940321241,577.69
184.963304130,583.32
184.986436909,583.32
185.010010077,583.32
185.033857488,583.32
185.057423007,583.13
185.081199730,583.13
185.104974020,583.13
185.128225936,583.13
185.151401595,583.13
185.174617511,585.27
185.197563055,585.27
185.220536344,585.27
185.243756868,585.27
185.267165874,587.26
185.290784066,587.26
185.314069455,587.26
185.337673375,587.26
185.360920043,581.98
185.384137111,581.98
185.412400701,581.98
185.435763882,581.98
185.459804032,586.47
185.482458597,586.47
185.506087029,586.47
185.529417890,586.47
185.553013843,586.47
185.576432065,584.27
185.600843642,584.27
185.623816163,584.27
185.647953210,584.27
185.671125093,586.32
185.694615124,586.32
185.718026434,586.32
185.741610610,586.32
185.764774877,585.15
185.787917128,585.15
185.811598361,585.15
185.834589794,585.15
185.857557579,585.15
185.880673589,585.41
185.904102915,585.41
185.927019244,585.41
185.949834323,585.41
185.972439128,576.41
185.995733700,576.41
186.019202419,576.41
186.042776227,576.41
186.066135824,544.66
186.089523486,544.66
186.112649832,544.66
186.135672786,544.66
186.159509925,544.66
186.182927091,517.94
186.206177215,517.94
186.229664846,517.94
186.253318111,517.94
186.276568235,491.21
186.299559220,491.21
186.322972130,491.21
186.346727220,491.21
186.370669608,460.38
186.393092587,460.38
186.415603086,460.38
186.438495030,460.38
186.488755194,432.61
186.512056679,432.61
186.536160669,432.61
186.559398249,432.61
186.582762998,433.70
186.606611177,433.70
186.630093272,433.70
186.653281987,433.70
186.677018805,433.70
186.700352034,434.16
186.723791664,434.16
186.747307872,434.16
186.770709005,434.16
186.794237309,437.49
186.817921582,437.49
186.841302044,437.49
186.865684565,437.49
186.889599369,435.72
186.913543965,435.72
186.937424368,435.72
186.960956031,435.72
186.984255884,444.69
187.008021918,444.69
187.031905490,444.69
187.055406465,444.69
187.079481558,444.69
187.102761251,477.43
187.126089232,477.43
187.150159077,477.43
187.173641396,477.43
187.196876032,505.40
187.220354255,505.40
187.243483290,505.40
187.267149963,505.40
187.290266261,529.47
187.313557570,529.47
187.336631308,529.47
187.359561940,529.47
187.382557053,529.47
187.406339792,567.91
187.430711913,567.91
187.455116098,567.91
187.478582769,567.91
187.501780892,575.80
187.525126410,575.80
187.548731994,575.80
187.572831632,575.80
187.599539652,574.66
187.623123668,574.66
187.646760516,574.66
187.669868367,574.66
187.693184604,572.07
187.716962830,572.07
187.740172218,572.07
187.764042637,572.07
187.787798015,572.41
187.811490480,572.41
187.835703111,572.41
187.859277335,572.41
187.883044681,572.41
187.906766107,575.37
187.930588462,575.37
187.954564418,575.37
187.978373781,575.37
188.002005317,574.20
188.025633686,574.20
188.049460105,574.20
188.073253467,574.20
188.097015213,572.00
188.121006018,572.00
188.144368719,572.00
188.168207778,572.00
188.191639472,574.29
188.214821372,574.29
188.238153353,574.29
188.261519382,574.29
188.284707682,574.65
188.307762763,574.65
188.331110265,574.65
188.354474694,574.65
188.377719698,574.65
188.401354659,562.02
188.424886802,562.02
188.447860731,562.02
188.471314666,562.02
188.494924794,545.69
188.518449097,545.69
188.542003033,545.69
188.566383634,545.69
188.590437223,522.68
188.614151417,522.68
188.638398929,522.68
188.662049537,522.68
188.685501584,505.25
188.708737212,505.25
188.732523758,505.25
188.756379201,505.25
188.780074642,505.25
188.803680099,499.86
188.827604278,499.86
188.850732033,499.86
188.874542900,499.86
188.898274598,498.96
188.921592114,498.96
188.945372261,498.96
188.968733106,498.96
188.991942238,503.30
189.015668367,503.30
189.039440834,503.30
189.062875888,503.30
189.086935685,503.22
189.109847790,503.22
189.133233659,503.22
189.156702666,503.22
189.179926262,503.22
189.203484133,500.52
189.227157238,500.52
189.250643781,500.52
189.275080991,500.52
189.298511053,501.63
189.321868475,501.63
189.345491371,501.63
189.369224573,501.63
189.392409704,513.77
189.415598932,513.77
189.439042786,513.77
189.462375791,513.77
189.485992351,513.77
189.509140554,540.54
189.532672378,540.54
189.556152649,540.54
189.579738169,540.54
189.606366540,575.28
189.630315200,575.28
189.653808527,575.28
189.679946268,575.28
189.703378154,586.86
189.726955866,586.86
189.750387241,586.86
189.773404562,586.86
189.796768831,598.59
189.820359375,598.59
189.843684060,598.59
189.867230124,598.59
189.890347415,598.06
189.913520994,598.06
189.937584695,598.06
189.960878404,598.06
189.984511381,598.06
190.007907170,600.79
190.030607560,600.79
190.053904885,600.79
190.077451364,600.79
190.101046741,596.80
190.124495203,596.80
190.147429259,596.80
190.170338740,596.80
190.193905156,594.54
190.217247217,594.54
190.241017187,594.54
190.264162830,594.54
190.287603804,594.54
190.311162700,579.22
190.334329559,579.22
190.358044200,579.22
190.381733882,579.22
190.404862724,547.07
190.427503626,547.07
190.450344625,547.07
190.474145091,547.07
190.498363675,515.90
190.522070476,515.90
190.545705917,515.90
190.569321677,515.90
190.592787388,515.90
190.616071944,516.52
190.639505750,516.52
190.662824163,516.52
190.695100472,516.52
190.718345092,516.34
190.741927060,516.34
190.765754630,516.34
190.789347862,516.34
190.812925958,518.48
190.836484662,518.48
190.859574624,518.48
190.883018127,518.48
190.906829857,517.02
190.930209167,517.02
190.953783615,517.02
190.977213965,517.02
191.000381464,517.02
191.023487331,517.40
191.047829499,517.40
191.071020935,517.40
191.094953371,517.40
191.117950596,519.23
191.141817527,519.23
191.164976066,519.23
191.188509042,519.23
191.211844703,523.90
191.235132908,523.90
191.257870738,523.90
191.281252320,523.90
191.304400042,543.43
191.327519893,543.43
191.351134277,543.43
191.374320561,543.43
191.397331546,543.43
191.420668327,572.51
191.444558971,572.51
191.467891912,572.51
191.491376727,572.51
191.514368544,602.09
191.537969456,602.09
191.561402526,602.09
191.585069359,602.09
191.608702528,603.54
191.632303888,603.54
191.655431771,603.54
191.679131500,603.54
191.702885694,603.54
191.725947400,602.63
191.749748667,602.63
191.772922694,602.63
191.795899535,602.63
191.819022585,602.16
191.842150084,602.16
191.865265711,602.16
191.888739709,602.16
191.911844168,602.77
191.935458616,602.77
191.958839174,602.77
191.981893808,602.77
192.004966938,602.77
192.028304103,589.13
192.051780854,589.13
192.074944129,589.13
192.098580690,589.13
192.122070400,589.93
192.145225323,589.93
192.168402551,589.93
192.191902470,589.93
192.214933935,590.01
192.238012122,590.01
192.261423496,590.01
192.284832790,590.01
192.308913931,586.37
192.332395834,586.37
192.355698471,586.37
192.379357560,586.37
192.403158154,586.37
192.426522072,583.29
192.450119496,583.29
192.473481845,583.29
192.496999332,583.29
192.520208560,582.75
192.543459740,582.75
192.566492678,582.75
192.589748178,582.75
192.613433955,583.12
192.636614223,583.12
192.659910075,583.12
192.683374346,583.12
192.706739223,583.12
192.730113637,582.72
192.754373053,582.72
192.777242052,582.72
192.801315802,582.72
192.825780468,582.14
192.848968896,582.14
192.872406894,582.14
192.896025406,582.14
192.919366092,583.23
192.942856538,583.23
192.966183527,583.23
192.989434900,583.23
193.013111365,594.88
193.036545427,594.88
193.059634077,594.88
193.082849449,594.88
193.106101909,594.88
193.129520675,598.23
193.152675182,598.23
193.175590455,598.23
193.199262504,598.23
193.222386866,596.12
193.245694687,596.12
193.269376432,596.12
193.292657149,596.12
193.315660006,600.58
193.339088372,600.58
193.362377857,600.58
193.385960369,600.58
193.409808676,600.58
193.432662219,606.45
193.456076441,606.45
193.479744042,606.45
193.503108888,606.45
193.526741928,603.42
193.550192023,603.42
193.573639333,603.42
193.599807091,603.42
193.623416963,604.99
193.646563438,604.99
193.670171198,604.99
193.693369706,604.99
193.717010491,604.99
193.740341800,604.00
193.763560755,604.00
193.787008514,604.00
193.810395088,604.00
193.835307663,605.82
193.859078081,605.82
193.882956500,605.82
193.906442979,605.82
193.930013235,605.89
193.953347200,605.89
193.976483883,605.89
193.999745047,605.89
194.023295751,605.95
194.046858743,605.95
194.070928044,605.95
194.093793012,605.95
194.116915199,605.95
194.140092042,604.90
194.163632025,604.90
194.187155497,604.90
194.210402997,604.90
194.234260008,606.34
194.257751415,606.34
194.281093252,606.34
194.304340400,606.34
194.328068642,605.99
194.351058443,605.99
194.374158710,605.99
194.397168223,605.99
194.420464716,605.99
194.443951034,604.98
194.467673100,604.98
194.490619221,604.98
194.513969218,604.98
194.537305583,605.12
194.560512507,605.12
194.584142123,605.12
194.607127700,605.12
194.630551843,604.76
194.653949296,604.76
194.677425471,604.76
194.701270450,604.76
194.724771713,604.76
194.748192719,605.26
194.771636574,605.26
194.795155373,605.26
194.818485018,605.26
194.841759494,604.57
194.865096275,604.57
194.888323327,604.57
194.912160082,604.57
194.935588288,603.49
194.959175089,603.49
194.982639871,603.49
195.005332485,603.49
195.028730387,603.49
195.051888222,603.05
195.075310348,603.05
195.098467703,603.05
195.122188872,603.05
195.145426133,601.72
195.169202503,601.72
195.192723158,601.72
195.216179525,601.72
195.239700852,602.54
195.263063361,602.54
195.285945737,602.54
195.309134005,602.54
195.332609987,602.03
195.355911184,602.03
195.379499456,602.03
195.403064720,602.03
195.427062757,602.03
195.450417394,599.87
195.473992034,599.87
195.497418704,599.87
195.521102849,599.87
195.544433838,601.34
195.568088927,601.34
195.591301227,601.34
195.614567095,601.34
195.638468875,602.70
195.661397491,602.70
195.685106917,602.70
195.708283920,602.70
195.731625277,602.70
195.754992715,600.18
195.778237111,600.18
195.801260192,600.18
195.825245621,600.18
195.848843685,603.36
195.871992880,603.36
195.895430878,603.36
195.919042383,603.36
195.942116281,603.17
195.967857314,603.17
195.990789642,603.17
196.013895381,603.17
196.036966303,587.86
196.060420525,587.86
196.084194431,587.86
196.107294602,587.86
196.129814126,587.86
196.152085390,552.00
196.175199833,552.00
196.198705768,552.00
196.222697885,552.00
196.245952681,532.19
196.269325463,532.19
196.292832838,532.19
196.315662189,532.19
196.339223869,531.41
196.362812397,531.41
196.386077433,531.41
196.409788586,531.41
196.433071607,531.41
196.456281315,532.52
196.479748625,532.52
196.502646009,532.52
196.525771908,532.52
196.549556854,532.71
196.572848387,532.71
196.596733271,532.71
196.620087652,532.71
196.643721524,528.07
196.667123970,528.07
196.690912405,528.07
196.713862909,528.07
196.737424397,528.07
196.760663577,526.88
196.784619245,526.88
196.807732472,526.88
196.831942255,526.88
196.855074458,524.23
196.878875533,524.23
196.902212538,524.23
196.926408433,524.23
196.949897376,529.65
196.976541587,529.65
197.000262308,529.65
197.026071502,529.65
197.049492860,542.39
197.072872714,542.39
197.096210103,542.39
197.119398243,542.39
197.144029695,542.39
197.167329547,576.60
197.190575767,576.60
197.214106343,576.60
197.237193489,576.60
197.260268251,594.41
197.283780394,594.41
197.307200696,594.41
197.331149101,594.41
197.354389529,595.75
197.377280033,595.75
197.400724271,595.75
197.423892506,595.75
197.447196935,594.31
197.470806711,594.31
197.493938786,594.31
197.517267791,594.31
197.540739198,594.31
197.563966186,592.88
197.587207158,592.88
197.610992776,592.88
197.634597016,592.88
197.658285322,594.30
197.681806649,594.30
197.705439945,594.30
197.728993849,594.30
197.752915693,598.39
197.775842581,598.39
197.799680200,598.39
197.823006229,598.39
197.846287746,598.39
197.869788625,595.55
197.893752101,595.55
197.916473003,595.55
197.940351903,595.55
197.963479145,591.95
197.986733046,591.95
198.009799968,591.95
198.032809353,591.95
198.055946996,592.04
198.079179968,592.04
198.102180873,592.04
198.125469590,592.04
198.148943525,592.04
198.172263249,570.26
198.196601642,570.26
198.219663124,570.26
198.243069186,570.26
198.266080171,542.19
198.289212086,542.19
198.312723941,542.19
198.336619321,542.19
198.360097832,510.49
198.383774553,510.49
198.406823971,510.49
198.429915757,510.49
198.453045880,510.49
198.476228611,482.72
198.500334585,482.72
198.523277186,482.72
198.545764389,482.72
198.568056198,444.14
198.591108176,444.14
198.614587295,444.14
198.638079726,444.14
198.661420091,431.77
198.685006315,431.77
198.708383545,431.77
198.731493923,431.77
198.755053299,431.77
198.778694276,430.99
198.802407445,430.99
198.826098694,430.99
198.849899321,430.99
198.873062788,429.57
198.896716949,429.57
198.920219396,429.57
198.944013302,429.57
198.967901482,434.71
198.991080405,434.71
199.014302625,434.71
199.037804656,434.71
199.061347551,434.71
199.084849007,433.60
199.108602976,433.60
199.131675723,433.60
199.155229978,433.60
199.178855115,456.40
199.202134039,456.40
199.225945674,456.40
199.249546810,456.40
199.272540643,483.57
199.296018738,483.57
199.319608834,483.57
199.343107665,483.57
199.366912004,515.45
199.390412403,515.45
199.414294790,515.45
199.438126329,515.45
199.461838603,515.45
199.485342010,538.25
199.509121100,538.25
199.532667003,538.25
199.556415533,538.25
199.579763227,574.77
199.603792400,574.77
199.627102780,574.77
199.650701357,574.77
199.674140059,591.58
199.698167760,591.58
199.721923842,591.58
199.745250095,591.58
199.769082850,588.92
199.792686738,588.92
199.816709927,588.92
199.839868786,588.92
199.863248992,588.92
199.886680846,592.32
199.909798617,592.32
199.933198855,592.32
199.956725782,592.32
199.980314566,590.04
200.003708916,590.04
200.027362085,590.04
200.050483312,590.04
200.074323715,592.76
200.097890034,592.76
200.121350177,592.76
200.144555885,592.76
200.170062291,592.76
200.193368064,596.44
200.217039121,596.44
200.241051621,596.44
200.264540884,596.44
200.288237766,597.67
200.311540978,597.67
200.334694590,597.67
200.357803336,597.67
200.381358647,599.32
200.404892775,599.32
200.428131923,599.32
200.451207965,599.32
200.474503690,599.63
200.497989561,599.63
200.521113219,599.63
200.544571602,599.63
200.567957696,599.63
200.591395470,602.04
200.614904573,602.04
200.638193162,602.04
200.661836954,602.04
200.685107239,602.87
200.707945806,602.87
200.731404541,602.87
200.754841803,602.87
200.778050007,606.08
200.801398916,606.08
200.825281207,606.08
200.848397858,606.08
200.872471736,606.08
200.895960775,605.93
200.920141437,605.93
200.943877263,605.93
200.967434367,605.93
200.990547657,607.79
201.013878583,607.79
201.037120515,607.79
201.060893909,607.79
201.084181249,610.06
201.107344813,610.06
201.130557208,610.06
201.154089544,610.06
201.177388244,610.06
201.201181799,608.81
201.224178384,608.81
201.247233242,608.81
201.270539047,608.81
201.293673362,608.82
201.317076832,608.82
201.340549966,608.82
201.364053149,608.82
201.387720110,608.88
201.411245086,608.88
201.434716012,608.88
201.458429086,608.88
201.481879180,609.79
201.504991479,609.79
201.528482438,609.79
201.551903508,609.79
201.575244481,609.79
201.601071979,611.07
201.624681563,611.07
201.648078921,611.07
201.672039742,611.07
201.695284106,609.93
201.718618359,609.93
201.741760930,609.93
201.765764598,609.93
201.788867489,610.12
201.813148953,610.12
201.836494470,610.12
201.860221336,610.12
201.883311298,610.12
201.906470509,609.22
201.929582648,609.22
201.953057127,609.22
201.976557110,609.22
201.999876323,609.92
202.022851596,609.92
202.046064631,609.92
202.069811177,609.92
202.093047509,608.07
202.116652933,608.07
202.139790992,608.07
202.162999196,608.07
202.186222440,608.07
202.209256593,607.78
202.232372988,607.78
202.256030669,607.78
202.279130263,607.78
202.302164161,601.91
202.325165674,601.91
202.347798959,601.91
202.371236478,601.91
202.395111025,572.67
202.418235196,572.67
202.440751103,572.67
202.463344740,572.67
202.486356429,572.67
202.509932381,532.62
202.533197994,532.62
202.556502294,532.62
202.580102087,532.62
202.603517237,532.36
202.626147162,532.36
202.649436998,532.36
202.673382107,532.36
202.696854025,530.64
202.720591291,530.64
202.744162411,530.64
202.767134932,530.64
202.790821413,527.46
202.814230387,527.46
202.837577952,527.46
202.861194545,527.46
202.884453885,527.46
202.907718313,526.06
202.931124727,526.06
202.954588710,526.06
202.978019284,526.06
203.001493411,524.36
203.024989650,524.36
203.048172253,524.36
203.071790062,524.36
203.095527295,524.61
203.119176688,524.61
203.143507497,524.61
203.166562547,524.61
203.190009249,524.61
203.213012810,520.36
203.236943614,520.36
203.263101132,520.36
203.286543995,520.36
203.309416578,524.91
203.332692719,524.91
203.355687160,524.91
203.379198471,524.91
203.402214609,549.00
203.425273691,549.00
203.448250372,549.00
203.471533072,549.00
203.494550106,549.00
203.517840902,579.93
203.541182707,579.93
203.564181309,579.93
203.587309383,579.93
203.610435922,553.21
203.634348550,553.21
203.657705331,553.21
203.681611495,553.21
203.704560016,526.67
203.727953182,526.67
203.751343371,526.67
203.774963068,526.67
203.798155335,526.67
203.820624650,497.65
203.843052621,497.65
203.865852052,497.65
203.889857737,497.65
203.913841214,463.29
203.937647152,463.29
203.961253696,463.29
203.985197717,463.29
204.008379840,466.68
204.032365045,466.68
204.055938244,466.68
204.079462228,466.68
204.103327463,466.81
204.126989784,466.81
204.150193188,466.81
204.173764147,466.81
204.197508133,466.81
204.220792626,468.44
204.244718342,468.44
204.267922385,468.44
204.291510657,468.44
204.317130025,464.65
204.340859419,464.65
204.364075846,464.65
204.387715095,464.65
204.410525950,462.73
204.434039533,462.73
204.457387355,462.73
204.480403236,462.73
204.504018644,479.81
204.527137599,479.81
204.549855717,479.81
204.573056593,479.81
204.596755650,479.81
204.620013582,505.76
204.643779072,505.76
204.667002284,505.76
204.690419706,505.76
204.714899317,533.71
204.738274818,533.71
204.761909139,533.71
204.785756390,533.71
204.809201012,565.19
204.832536354,565.19
204.855971088,565.19
204.879177723,565.19
204.903061455,565.19
204.926306619,600.97
204.950114990,600.97
204.973405690,600.97
204.996957866,600.97
205.020480313,599.82
205.044204363,599.82
205.067759707,599.82
205.091241673,599.82
205.114444981,597.81
205.137796322,597.81
205.161068303,597.81
205.184427964,597.81
205.207284740,597.81
205.230657265,599.19
205.253934750,599.19
205.277197962,599.19
205.300681497,599.19
205.323877989,603.30
205.347113361,603.30
205.370398269,603.30
205.393937901,603.30
205.417426203,603.16
205.441086220,603.16
205.464070933,603.16
205.487342178,603.16
205.510696399,603.16
205.533872859,602.62
205.557371658,602.62
205.580562229,602.62
205.603447581,602.62
205.626739178,600.84
205.650038326,600.84
205.673382052,600.84
205.696429485,600.84
205.719549816,604.33
205.742623810,604.33
205.766025360,604.33
205.789818211,604.33
205.812876045,604.33
205.835196750,577.30
205.857612081,577.30
205.880403735,577.30
205.904188138,577.30
205.927729561,540.95
205.951066374,540.95
205.974597142,540.95
205.998235846,540.95
206.021370481,543.41
206.044997666,543.41
206.068541105,543.41
206.092117153,543.41
206.115837875,542.56
206.139475972,542.56
206.162710031,542.56
206.185909659,542.56
206.210023473,542.56
206.233528864,541.69
206.257338259,541.69
206.281212262,541.69
206.304941720,541.69
206.328802155,540.53
206.352487900,540.53
206.376194990,540.53
206.400718473,540.53
206.423838899,543.58
206.447484484,543.58
206.471339127,543.58
206.494838694,543.58
206.518561976,543.86
206.542062407,543.86
206.565395956,543.86
206.588966308,543.86
206.612727702,543.86
206.636055395,543.85
206.659920982,543.85
206.683561607,543.85
206.707257464,543.85
206.730648902,541.33
206.754045620,541.33
206.777470978,541.33
206.801004369,541.33
206.824274270,570.03
206.847413129,570.03
206.871050361,570.03
206.894373670,570.03
206.917904118,570.03
206.941361316,605.30
206.965474074,605.30
206.988789415,605.30
207.012539705,605.30
207.035748197,603.43
207.059689753,603.43
207.083051783,603.43
207.106660631,603.43
207.129997764,604.73
207.153535252,604.73
207.177063587,604.73
207.200618611,604.73
207.223491546,604.73
207.247222092,604.74
207.270547289,604.74
207.293742885,604.74
207.317544375,604.74
207.341304329,604.80
207.365136988,604.80
207.388614411,604.80
207.413119622,604.80
207.436895192,605.28
207.460867948,605.28
207.484679967,605.28
207.509513469,605.28
207.533065517,602.76
207.556237752,602.76
207.579679527,602.76
207.603217334,602.76
207.626458274,602.76
207.649824816,604.10
207.673065340,604.10
207.696096005,604.10
207.719301969,604.10
207.742171833,607.04
207.765412581,607.04
207.788301197,607.04
207.811646362,607.04
207.835023240,580.60
207.858725913,580.60
207.882702286,580.60
207.906620578,580.60
207.929709580,547.00
207.952302992,547.00
207.974814036,547.00
207.997552922,547.00
208.020988393,547.00
208.044891900,514.54
208.068637134,514.54
208.092350720,514.54
208.115911664,514.54
208.139091163,513.03
208.162357703,513.03
208.185777781,513.03
208.209392614,513.03
208.232958294,513.78
208.256963051,513.78
208.280061909,513.78
208.303658309,513.78
208.326912145,513.78
208.350375808,511.74
208.373874575,511.74
208.397466655,511.74
208.421020847,511.74
208.445071332,512.81
208.468679988,512.81
208.492441894,512.81
208.516303834,512.81
208.539631687,513.99
208.563747709,513.99
208.587425262,513.99
208.611329794,513.99
208.635163093,515.92
208.659254826,515.92
208.683004764,515.92
208.707125267,515.92
208.730805060,515.92
208.754319987,510.78
208.778740493,510.78
208.802382749,510.78
208.826432371,510.78
208.850182341,536.72
208.873786325,536.72
208.897405797,536.72
208.920976149,536.72
208.944242242,569.47
208.968409720,569.47
208.992404685,569.47
209.015946781,569.47
209.040001714,602.67
209.063650339,602.67
209.091359650,602.67
209.115290326,602.67
209.138664324,602.67
209.162298933,602.64
209.185967814,602.64
209.209169841,602.64
209.232463070,602.64
209.255466183,604.26
209.278761364,604.26
209.302148418,604.26
209.325609712,604.26
209.349257537,602.66
209.373235894,602.66
209.396662244,602.66
209.419731214,602.66
209.442837816,589.82
209.466392936,589.82
209.489732565,589.82
209.513285765,589.82
209.536779988,589.82
209.560453541,591.32
209.583578256,591.32
209.608130763,591.32
209.631428472,591.32
209.654181758,586.87
209.677267336,586.87
209.700298034,586.87
209.723701440,586.87
209.747787062,585.20
209.771139747,585.20
209.794331407,585.20
209.818028992,585.20
209.841399181,585.20
209.864768699,583.20
209.888627118,583.20
209.912171582,583.20
209.935416874,583.20
209.958496468,582.71
209.982225862,582.71
210.005594675,582.71
210.029266948,582.71
210.052465136,579.61
210.076154785,579.61
210.099408781,579.61
210.122878396,579.61
210.146702191,582.18
210.170319327,582.18
210.193764014,582.18
210.216648374,582.18
210.240648939,582.18
210.264618847,577.84
210.288105678,577.84
210.311796255,577.84
210.335524369,577.84
210.358483066,578.65
210.382384045,578.65
210.405507896,578.65
210.428910854,578.65
210.452695128,592.97
210.476038117,592.97
210.499386259,592.97
210.522958275,592.97
210.546284400,592.97
210.569699070,592.03
210.593591153,592.03
210.617128513,592.03
210.641166358,592.03
210.664380578,593.92
210.687547533,593.92
210.710778745,593.92
210.733483423,593.92
210.756301990,593.28
210.779361744,593.28
210.802289593,593.28
210.825961450,593.28
210.849785948,593.28
210.873613583,569.84
210.897410978,569.84
210.919897669,569.84
210.942394857,569.84
210.965227792,528.24
210.988878529,528.24
211.012870677,528.24
211.037058220,528.24
211.060684669,522.15
211.084608785,522.15
211.108108960,522.15
211.131497774,522.15
211.155270464,521.57
211.178640909,521.57
211.202425312,521.57
211.225722668,521.57
211.248853815,521.57
211.272413255,526.96
211.295938742,526.96
211.319731753,526.96
211.343432122,526.96
211.366606021,527.36
211.390393592,527.36
211.414180746,527.36
211.437849787,527.36
211.461705006,525.70
211.485478049,525.70
211.508962864,525.70
211.532357277,525.70
211.556385970,525.70
211.580106564,528.84
211.604067352,528.84
211.627309381,528.84
211.651045206,528.84
211.674504325,528.03
211.698352696,528.03
211.722130954,528.03
211.745752699,528.03
211.768697379,528.84
211.792039409,528.84
211.816121286,528.84
211.839650262,528.84
211.863852845,559.58
211.887257083,559.58
211.911414257,559.58
211.935378182,559.58
211.958965398,559.58
211.982505253,598.84
212.006747677,598.84
212.030306413,598.84
212.053785532,598.84
212.077337771,608.32
212.100845498,608.32
212.124593580,608.32
212.148076539,608.32
212.171339464,606.05
212.194464178,606.05
212.217933121,606.05
212.241106444,606.05
212.265080801,606.00
212.288318957,606.00
212.311808092,606.00
212.335158505,606.00
212.358926779,606.00
212.382323465,607.83
212.405960730,607.83
212.429183334,607.83
212.452972696,607.83
212.476579016,604.23
212.499995510,604.23
212.523518438,604.23
212.547143382,604.23
212.570455235,603.59
212.593842705,603.59
212.618325771,603.59
212.641847226,603.59
212.665527244,603.59
212.688539797,607.37
212.711759201,607.37
212.735185071,607.37
212.758914145,607.37
212.782375951,606.43
212.805514426,606.43
212.829058314,606.43
212.852720155,606.43
212.875793989,604.39
212.899021393,604.39
212.922316222,604.39
212.945309031,604.39
212.968633076,604.39
212.991921248,585.13
213.015262478,585.13
213.038686268,585.13
213.062486158,585.13
213.086033822,552.61
213.109224297,552.61
213.132187730,552.61
213.155726434,552.61
213.179279345,525.48
213.203143781,525.48
213.226300208,525.48
213.248738451,525.48
213.271448697,525.48
213.294541219,482.98
213.317931473,482.98
213.341610562,482.98
213.365182322,482.98
213.388584864,473.07
213.412524340,473.07
213.435849249,473.07
213.459306319,473.07
213.482959904,474.06
213.506359214,474.06
213.530165473,474.06
213.553464845,474.06
213.576828059,470.77
213.602894728,470.77
213.626429271,470.77
213.649800901,470.77
213.673630423,470.77
213.697129030,467.07
213.720860056,467.07
213.746949541,467.07
213.770971706,467.07
213.797394347,467.48
213.821245278,467.48
213.844486698,467.48
213.868619201,467.48
213.892523988,465.20
213.916142149,465.20
213.939937271,465.20
213.963622408,465.20
213.986859636,482.92
214.010597702,482.92
214.034282487,482.92
214.058084810,482.92
214.082044062,509.83
214.105693839,509.83
214.129158366,509.83
214.152182471,509.83
214.175519796,509.83
214.198547102,539.50
214.221931916,539.50
214.245008598,539.50
214.268693959,539.50
214.291552847,575.00
214.315221440,575.00
214.338810384,575.00
214.361749529,575.00
214.384418654,550.30
214.407154116,550.30
214.430155950,550.30
214.453434010,550.30
214.477497264,550.30
214.501088384,524.91
214.525023924,524.91
214.548865927,524.91
214.571874320,524.91
214.595537249,528.63
214.619025072,528.63
214.642496927,528.63
214.666232465,528.63
214.689637215,527.39
214.712960556,527.39
214.736498011,527.39
214.759742503,527.39
214.783422648,527.39
214.807079817,529.86
214.830359830,529.86
214.853867589,529.86
214.878161565,529.86
214.901571083,528.21
214.925415582,528.21
214.949243025,528.21
214.972465789,528.21
214.995549063,526.08
215.018711058,526.08
215.041833341,526.08
215.064876679,526.08
215.087925649,528.35
215.110729304,528.35
215.133952164,528.35
215.157056238,528.35
215.180310714,528.35
215.203320164,513.32
215.226380622,513.32
215.249410327,513.32
215.273214346,513.32
215.296500534,490.87
215.320283849,490.87
215.344213661,490.87
215.367580106,490.87
215.391055929,494.18
215.413836192,494.18
215.436790409,494.18
215.459407501,494.18
215.482536152,494.18
215.506297450,482.87
215.530118045,482.87
215.553358025,482.87
215.577122395,482.87
215.603887600,484.15
215.627155932,484.15
215.650654667,484.15
215.674394653,484.15
215.697771147,484.22
215.721682175,484.22
215.744801449,484.22
215.768541371,484.22
215.792196012,482.15
215.816225889,482.15
215.840808637,482.15
215.864452941,482.15
215.889522511,482.15
215.913631077,483.45
215.937508984,483.45
215.961059848,483.45
215.984958331,483.45
216.008427018,487.96
216.031817688,487.96
216.056074832,487.96
216.079701600,487.96
216.103458194,485.05
216.127271237,485.05
216.150332207,485.05
216.173630780,485.05
216.197096234,498.33
216.220538457,498.33
216.244021576,498.33
216.267379317,498.33
216.290068251,498.33
216.313515433,526.48
216.338004420,526.48
216.361356977,526.48
216.385403238,526.48
216.408671763,555.37
216.431706109,555.37
216.455088426,555.37
216.478232885,555.37
216.501730884,584.77
216.524878383,584.77
216.547802072,584.77
216.570705760,584.77
216.594225967,584.77
216.617800223,554.37
216.641158124,554.37
216.664245847,554.37
216.687499939,554.37
216.711089075,526.03
216.734566466,526.03
216.757864239,526.03
216.781530272,526.03
216.804960462,498.52
216.828697472,498.52
216.851708553,498.52
216.874873396,498.52
216.898012639,498.52
216.922087157,471.46
216.945840839,471.46
216.969402423,471.46
216.993076168,471.46
217.016421205,440.66
217.039755970,440.66
217.063248817,440.66
217.086142425,440.66
217.108703165,406.07
217.131342755,406.07
217.154567598,406.07
217.178273952,406.07
217.202180820,384.08
217.225593538,384.08
217.248960783,384.08
217.272362941,384.08
217.295769675,384.08
217.319140505,387.23
217.342702089,387.23
217.366117719,387.23
217.389690471,387.23
217.413187126,381.41
217.436809926,381.41
217.460723450,381.41
217.484386123,381.41
217.507958075,396.73
217.531801262,396.73
217.554973369,396.73
217.578120964,396.73
217.602541566,396.73
217.625775306,424.97
217.649019894,424.97
217.671911806,424.97
217.694863591,424.97
217.718275733,449.14
217.741734691,449.14
217.764974447,449.14
217.788901187,449.14
217.812485875,468.14
217.835923554,468.14
217.859544338,468.14
217.882709885,468.14
217.906114987,468.14
217.929520601,497.54
217.953646640,497.54
217.977993385,497.54
218.001540632,497.54
218.025066280,520.08
218.048952987,520.08
218.072438410,520.08
218.096022842,520.08
218.119492809,552.06
218.143304027,552.06
218.166699145,552.06
218.190252569,552.06
218.214329519,572.73
218.238245762,572.73
218.261605808,572.73
218.285447587,572.73
218.309280150,574.96
218.333057640,574.96
218.356507191,574.96
218.380557292,574.96
218.404124796,574.96
218.427521002,575.77
218.450727605,575.77
218.474889324,575.77
218.498572509,575.77
218.521825257,573.72
218.545554459,573.72
218.569083467,573.72
218.592358583,573.72
218.615593923,576.70
218.639501047,576.70
218.663012294,576.70
218.686369875,576.70
218.709257691,576.70
218.733056910,581.03
218.756616958,581.03
218.779696168,581.03
218.803497882,581.03
218.826934281,594.77
218.850106132,594.77
218.873373856,594.77
218.897144403,594.77
218.920473728,593.93
218.943733228,593.93
218.966837463,593.93
218.989970337,593.93
219.013328751,593.93
219.036589147,595.24
219.059479267,595.24
219.082846001,595.24
219.106512386,595.24
219.129540683,572.51
219.152087823,572.51
219.174743413,572.51
219.197590332,572.51
219.221297710,535.49
219.244914782,535.49
219.268546479,535.49
219.291953085,535.49
219.316142228,535.49
219.339888262,536.07
219.363120498,536.07
219.386614241,536.07
219.410133680,536.07
219.433629247,535.64
219.456877675,535.64
219.480166072,535.64
219.504086444,535.64
219.527687100,537.02
219.551003273,537.02
219.574772411,537.02
219.598358219,537.02
219.621736249,536.28
219.645756174,536.28
219.669115163,536.28
219.692300007,536.28
219.716437501,536.28
219.739638441,534.72
219.763995938,534.72
219.787496017,534.72
219.810862046,534.72
219.834251756,533.84
219.858058079,533.84
219.880919782,533.84
219.904830522,533.84
219.928299625,529.98
219.951806296,529.98
219.975502153,529.98
219.998997688,529.98
220.022017986,534.20
220.045531921,534.20
220.069252067,534.20
220.092913396,534.20
220.115997694,534.20
220.139141929,558.36
220.162417941,558.36
220.185256477,558.36
220.208213062,558.36
220.231218671,588.06
220.254389786,588.06
220.277524517,588.06
220.300590159,588.06
220.324692485,560.06
220.348274837,560.06
220.371779940,560.06
220.395481174,560.06
220.418614913,560.06
220.442129616,530.95
220.465343996,530.95
220.488654441,530.95
220.512040246,530.95
220.535435780,501.54
220.558942387,501.54
220.582707493,501.54
220.609321976,501.54
220.632795015,472.85
220.656355767,472.85
220.679863302,472.85
220.703180179,472.85
220.726784867,472.85
220.750069104,444.86
220.774376840,444.86
220.798018873,444.86
220.821527016,444.86
220.844796725,413.83
220.868296388,413.83
220.891714994,413.83
220.914968286,413.83
220.938190730,393.31
220.961511959,393.31
220.985103783,393.31
221.008372851,393.31
221.031756545,367.08
221.054783851,367.08
221.078901921,367.08
221.101904106,367.08
221.126335108,367.08
221.149615345,332.54
221.173351619,332.54
221.196885458,332.54
221.220723461,332.54
221.243885840,315.93
221.266764728,315.93
221.290180262,315.93
221.313437490,315.93
221.337341190,311.08
221.361091352,311.08
221.384589127,311.08
221.407851027,311.08
221.430959358,311.08
221.453920711,311.11
221.477317877,311.11
221.500056091,311.11
221.522581631,311.11
221.544990689,300.51
221.567886313,300.51
221.591306680,300.51
221.614881863,300.51
221.638571161,313.30
221.662076968,313.30
221.685918939,313.30
221.709157927,313.30
221.732929113,313.30
221.756399528,340.21
221.779679636,340.21
221.803457191,340.21
221.827506332,340.21
221.850631335,372.39
221.874271160,372.39
221.897963625,372.39
221.921275606,372.39
221.944819077,399.36
221.968498807,399.36
221.992143175,399.36
222.016089627,399.36
222.039752684,425.62
222.063515903,425.62
222.087025646,425.62
222.110504380,425.62
222.134220974,425.62
222.157729917,453.20
222.181877268,453.20
222.205328770,453.20
222.229471609,453.20
222.252798118,485.24
222.276412694,485.24
222.300058855,485.24
222.323912314,485.24
222.347505514,510.57
222.371126843,510.57
222.394532681,510.57
222.418255898,510.57
222.441757962,541.77
222.465096535,541.77
222.488615014,541.77
222.511754513,541.77
222.535355969,541.77
222.558756719,584.06
222.582259454,584.06
222.605656012,584.06
222.629284477,584.06
222.652532329,600.43
222.676208410,600.43
222.699631624,600.43
222.722958805,600.43
222.746628774,603.09
222.769882643,603.09
222.793005309,603.09
222.816921809,603.09
222.840439776,603.09
222.863925519,603.87
222.887601920,603.87
222.910543945,603.87
222.933779221,603.87
222.957056194,601.63
222.980555665,601.63
223.004007135,601.63
223.028050068,601.63
223.050991805,606.12
223.074281706,606.12
223.098073468,606.12
223.121485130,606.12
223.144910201,609.31
223.168492617,609.31
223.191974807,609.31
223.215685641,609.31
223.239358106,609.31
223.262827305,605.58
223.286346648,605.58
223.309636421,605.58
223.333221173,605.58
223.356764068,601.14
223.380493110,601.14
223.403810531,601.14
223.427771543,601.14
223.450882882,601.36
223.474358385,601.36
223.497827455,601.36
223.521423536,601.36
223.544935199,601.36
223.568738193,602.27
223.591882268,602.27
223.615628558,602.27
223.639298335,602.27
223.662553996,600.72
223.686168188,600.72
223.709633195,600.72
223.733391101,600.72
223.757093806,597.00
223.780660574,597.00
223.804295087,597.00
223.827967456,597.00
223.851833939,593.81
223.875466884,593.81
223.900537125,593.81
223.924105109,593.81
223.947830022,593.81
223.971781179,596.08
223.995239945,596.08
224.018455637,596.08
224.041958948,596.08
224.065314449,591.88
224.088845473,591.88
224.112781653,591.88
224.136000961,591.88
224.159326990,588.17
224.182948030,588.17
224.206281932,588.17
224.232165014,588.17
224.255748870,592.21
224.279160148,592.21
224.303827889,592.21
224.327642468,592.21
224.351496343,592.21
224.375002694,593.84
224.398594038,593.84
224.421796418,593.84
224.445261104,593.84
224.468332666,591.77
224.491598855,591.77
224.514938836,591.77
224.538347266,591.77
224.561972147,589.38
224.585340032,589.38
224.609213011,589.38
224.632380383,589.38
224.655003652,589.38
224.677404966,558.94
224.700086700,558.94
224.723061909,558.94
224.747134314,558.94
224.770764987,535.04
224.793987975,535.04
224.817350484,535.04
224.841025637,535.04
224.864165520,534.86
224.887369564,534.86
224.910925900,534.86
224.934289017,534.86
224.957836201,534.86
224.981189846,538.96
225.005023017,538.96
225.029115647,538.96
225.053004755,538.96
225.076975911,539.37
225.102232075,539.37
225.125670297,539.37
225.150271029,539.37
225.174092679,541.01
225.197953051,541.01
225.221840142,541.01
225.245659233,541.01
225.275136821,539.19
225.298912263,539.19
225.322455223,539.19
225.346269354,539.19
225.369936795,539.07
225.393283176,539.07
225.416795415,539.07
225.440254534,539.07
225.464083481,540.50
225.487642984,540.50
225.512087202,540.50
225.535497776,540.50
225.559697736,540.50
225.583498874,544.05
225.609477926,544.05
225.633099446,544.05
225.657001802,544.05
225.681365955,573.97
225.705305879,573.97
225.728808550,573.97
225.752690778,573.97
225.776495212,601.58
225.799800121,601.58
225.823575307,601.58
225.847262461,601.58
225.871071503,602.04
225.894589663,602.04
225.918166543,602.04
225.941455131,602.04
225.965237006,602.04
225.988651644,601.40
226.012078506,601.40
226.035559097,601.40
226.058775205,601.40
226.081880751,602.23
226.105281277,602.23
226.128423304,602.23
226.151814582,602.23
226.175734058,605.64
226.198673618,605.64
226.222167777,605.64
226.245713297,605.64
226.269179808,606.48
226.292722287,606.48
226.316371264,606.48
226.339744366,606.48
226.364211336,606.48
226.387820568,603.14
226.411185222,603.14
226.435041817,603.14
226.458671945,603.14
226.481850517,603.68
226.505205378,603.68
226.528670513,603.68
226.551886461,603.68
226.574994983,605.18
226.598167475,605.18
226.621686050,605.18
226.645305810,605.18
226.668476990,605.18
226.691925644,595.47
226.715708959,595.47
226.738578886,595.47
226.762422681,595.47
226.785816039,565.66
226.809215317,565.66
226.832722116,565.66
226.856867739,565.66
226.880177160,536.02
226.903453844,536.02
226.926766241,536.02
226.950392178,536.02
226.974058659,536.02
226.997767636,505.08
227.021433221,505.08
227.044749938,505.08
227.068261761,505.08
227.091391788,474.57
227.114678937,474.57
227.138344874,474.57
227.162220093,474.57
227.186017552,441.80
227.208590740,441.80
227.231125208,441.80
227.254000384,441.80
227.277489455,406.06
227.301390979,406.06
227.324822129,406.06
227.348554275,406.06
227.372448886,406.06
227.396100007,409.44
227.421916881,409.44
227.445684835,409.44
227.469842426,409.44
227.493682157,408.74
227.517567424,408.74
227.540909134,408.74
227.564941923,408.74
227.588533555,403.38
227.612167779,403.38
227.636268826,403.38
227.660194574,403.38
227.684162050,413.99
227.708215127,413.99
227.731829800,413.99
227.756116416,413.99
227.780002292,413.99
227.803559811,445.06
227.827638873,445.06
227.851239593,445.06
227.875188606,445.06
227.898899951,478.13
227.922745954,478.13
227.946569045,478.13
227.972111996,478.13
227.996336019,509.05
228.020168422,509.05
228.044410526,509.05
228.068073999,509.05
228.092326086,540.28
228.116125465,540.28
228.139875499,540.28
228.163336473,540.28
228.187399983,575.69
228.210623931,575.69
228.234317420,575.69
228.257923549,575.69
228.281861969,575.69
228.305751684,608.72
228.341364927,608.72
228.391006108,607.05
228.415081906,607.05
228.438864260,607.05
228.462837528,607.05
228.485877090,607.05
228.509358193,606.95
228.532971841,606.95
228.556087372,606.95
228.579898879,606.95
228.603082570,607.97
228.626305494,607.97
228.649848806,607.97
228.673213427,607.97
228.696676450,609.40
228.720280626,609.40
228.743394493,609.40
228.766646665,609.40
228.790588765,609.31
228.813879178,609.31
228.837224215,609.31
228.860882664,609.31
228.884360375,609.31
228.908371596,608.83
228.932704165,608.83
228.956217460,608.83
228.980611085,608.83
229.003796441,610.25
229.027374217,610.25
229.050761622,610.25
229.074382663,610.25
229.097926422,610.16
229.121177155,610.16
229.144328174,610.16
229.167861213,610.16
229.191390989,610.16
229.214900924,609.55
229.238145768,609.55
229.261615063,609.55
229.285330376,609.55
229.308403634,592.12
229.331697791,592.12
229.355254863,592.12
229.378613500,592.12
229.402014410,563.77
229.425301815,563.77
229.448871911,563.77
229.473224288,563.77
229.496360619,533.57
229.519901562,533.57
229.544522326,533.57
229.568373449,533.57
229.592047738,533.57
229.615759948,503.77
229.639654048,503.77
229.663225008,503.77
229.687026370,503.77
229.710369935,474.18
229.733778621,474.18
229.757699601,474.18
229.781567493,474.18
229.805398168,446.51
229.828067741,446.51
229.850512096,446.51
229.873339783,446.51
229.897039193,405.85
229.920791691,405.85
229.944519100,405.85
229.967906058,405.85
229.991469274,405.85
230.015335085,402.35
230.038947838,402.35
230.062487629,402.35
230.086328672,402.35
230.109880688,397.28
230.134070727,397.28
230.157725656,397.28
230.182191794,397.28
230.205923300,396.14
230.229543188,396.14
230.253028227,396.14
230.277112409,396.14
230.300803818,409.97
230.324835840,409.97
230.348249518,409.97
230.372374596,409.97
230.396392953,409.97
230.420203468,441.22
230.444406691,441.22
230.468348727,441.22
230.492232587,441.22
230.516147134,471.46
230.539892016,471.46
230.564816432,471.46
230.588635459,471.46
230.612342900,498.61
230.635642337,498.61
230.659322226,498.61
230.682827233,498.61
230.705926284,524.43
230.729082615,524.43
230.752576582,524.43
230.775712369,524.43
230.798729530,524.43
230.821806981,560.46
230.845067313,560.46
230.868492671,560.46
230.891778636,560.46
230.914952823,565.30
230.938127426,565.30
230.961517296,565.30
230.984892190,565.30
231.008133162,536.43
231.031184052,536.43
231.055010567,536.43
231.078009104,536.43
231.101354461,536.43
231.124945837,511.07
231.148207258,511.07
231.171758185,511.07
231.194894932,511.07
231.217487769,480.64
231.240812742,480.64
231.263850416,480.64
231.287436480,480.64
231.311235122,454.06
231.334783842,454.06
231.358428371,454.06
231.381262074,454.06
231.404631336,454.06
231.428029078,426.44
231.452125228,426.44
231.475532986,426.44
231.499623056,426.44
231.523007293,396.25
231.546265322,396.25
231.569366772,396.25
231.592157787,396.25
231.615276678,367.23
231.638520210,367.23
231.662040065,367.23
231.685237645,367.23
231.708466265,367.23
231.731540003,342.15
231.754591757,342.15
231.777591574,342.15
231.801445961,342.15
231.824970969,317.67
231.848396199,317.67
231.871748980,317.67
231.895353157,317.67
231.918465999,309.78
231.941634651,309.78
231.964808582,309.78
231.987758863,309.78
232.011601474,309.78
232.034956687,308.91
232.058455198,308.91
232.081939341,308.91
232.105321723,308.91
232.128548487,308.25
232.151440175,308.25
232.174637530,308.25
232.198199338,308.25
232.221495575,309.08
232.244942437,309.08
232.268730552,309.08
232.291836290,309.08
232.315049998,309.08
232.337895478,308.80
232.361232195,308.80
232.384469423,308.80
232.408208993,308.80
232.431248747,308.38
232.453567564,308.38
232.476057455,308.38
232.499261755,308.38
232.522585096,295.97
232.546385147,295.97
232.569746792,295.97
232.592961076,295.97
232.620210350,323.87
232.643258520,323.87
232.667326574,323.87
232.690703388,323.87
232.714208715,323.87
232.737528024,352.54
232.761871121,352.54
232.785036956,352.54
232.808431018,352.54
232.832399166,382.25
232.856203537,382.25
232.880132965,382.25
232.904072697,382.25
232.928188975,410.64
232.952825611,410.64
232.976867201,410.64
233.000508529,410.64
233.024701417,437.05
233.048351865,437.05
233.072027050,437.05
233.096236674,437.05
233.120081109,437.05
233.144373421,476.89
233.168003102,476.89
233.191660335,476.89
233.215966247,476.89
233.239586615,505.04
233.263503403,505.04
233.287218269,505.04
233.310809741,505.04
233.334516190,530.55
233.358322609,530.55
233.382010562,530.55
233.406445660,530.55
233.430083949,561.04
233.453186615,561.04
233.476641094,561.04
233.499847794,561.04
233.523417858,561.04
233.547238708,602.82
233.570642594,602.82
233.593663148,602.82
233.617078298,602.82
233.640329382,604.56
233.666344114,604.56
233.690093924,604.56
233.713490994,604.56
233.737213796,605.81
233.761037495,605.81
233.785027180,605.81
233.809245795,605.81
233.833065782,605.09
233.856430275,605.09
233.879895730,605.09
233.903680452,605.09
233.927264500,608.74
233.951314314,608.74
233.975329567,608.74
233.999584023,608.74
234.023242952,608.74
234.046699062,610.03
234.071248177,610.03
234.094885154,610.03
234.118505203,610.03
234.142225508,608.03
234.165820788,608.03
234.189071809,608.03
234.212971508,608.03
234.236002334,610.88
234.259391692,610.88
234.282613048,610.88
234.306092103,610.88
234.329530581,611.28
234.353326119,611.28
234.376992664,611.28
234.400624009,611.28
234.423778068,611.28
234.447157346,610.43
234.470758578,610.43
234.494139520,610.43
234.517265099,610.43
234.541391841,608.77
234.564815535,608.77
234.588372703,608.77
234.612029392,608.77
234.635594112,609.63
234.658659786,609.63
234.682502717,609.63
234.711474731,609.63
234.735553537,612.14
234.761515916,612.14
234.785372159,612.14
234.809045937,612.14
234.832829859,612.14
234.856637110,610.17
234.880448584,610.17
234.903881239,610.17
234.927386758,610.17
234.950807764,609.52
234.974285155,609.52
234.997786674,609.52
235.021716358,609.52
235.044759920,607.05
235.067968635,607.05
235.091424522,607.05
235.114971994,607.05
235.138592650,607.93
235.162184826,607.93
235.185487943,607.93
235.208926678,607.93
235.232114625,607.93
235.255474479,603.35
235.279820871,603.35
235.302992659,603.35
235.326473218,603.35
235.349612844,599.83
235.372466900,599.83
235.395747041,599.83
235.419078542,599.83
235.442054519,601.83
235.465309827,601.83
235.488406734,601.83
235.511530936,601.83
235.534791269,601.83
235.558115026,576.02
235.581841187,576.02
235.608323957,576.02
235.632129192,576.02
235.655096017,541.34
235.677796278,541.34
235.701121859,541.34
235.724438352,541.34
235.747422074,507.56
235.770220833,507.56
235.793156745,507.56
235.816901371,507.56
235.840335562,507.56
235.864460544,479.29
235.888168529,479.29
235.911899939,479.29
235.935173968,479.29
235.957778196,444.97
235.980135798,444.97
236.002706555,444.97
236.025608035,444.97
236.049361397,416.60
236.073115079,416.60
236.096743511,416.60
236.120082629,416.60
236.144222843,416.60
236.167517864,413.17
236.191011255,413.17
236.214033985,413.17
236.237604432,413.17
236.261281634,412.00
236.284825873,412.00
236.308003036,412.00
236.331860464,412.00
236.355277662,410.50
236.378879054,410.50
236.402618496,410.50
236.426456883,410.50
236.450254918,410.27
236.474659647,410.27
236.498381393,410.27
236.522356837,410.27
236.546158232,437.85
236.569672199,437.85
236.593368888,437.85
236.617213004,437.85
236.640712571,437.85
236.664238730,467.45
236.688044029,467.45
236.711279849,467.45
236.734990938,467.45
236.758457705,497.33
236.782024889,497.33
236.808178823,497.33
236.832396862,497.33
236.858193992,524.81
236.882636770,524.81
236.906171249,524.81
236.929777665,524.81
236.953512979,560.62
236.977264581,560.62
237.001033271,560.62
237.024722153,560.62
237.048677405,560.62
237.072714866,590.95
237.096525861,590.95
237.119970355,590.95
237.143912904,590.95
237.167598329,592.59
237.191316299,592.59
237.214936155,592.59
237.238899791,592.59
237.262630433,591.41
237.287142396,591.41
237.310800877,591.41
237.334362045,591.41
237.358505459,597.84
237.382485800,597.84
237.406443996,597.84
237.429931915,597.84
237.453474171,598.34
237.476905993,598.34
237.500313751,598.34
237.523397217,598.34
237.546624973,598.34
237.569845049,596.50
237.592975940,596.50
237.616662197,596.50
237.640111716,596.50
237.663441841,596.31
237.686792638,596.31
237.710231949,596.31
237.733607226,596.31
237.757403469,599.88
237.781015677,599.88
237.804556301,599.88
237.827830361,599.88
237.854254826,599.88
237.877857915,600.97
237.901584588,600.97
237.924587862,600.97
237.948233958,600.97
237.971444882,598.70
237.994696766,598.70
238.018351727,598.70
238.042312964,598.70
238.065405134,600.64
238.088761756,600.64
238.111900102,600.64
238.135114226,600.64
238.158888101,600.64
238.182178417,601.47
238.205976612,601.47
238.229298961,601.47
238.252698911,601.47
238.276168494,601.71
238.300023873,601.71
238.323523856,601.71
238.346633402,601.71
238.370057001,600.67
238.393663673,600.67
238.417474636,600.67
238.441271934,600.67
238.464617963,601.64
238.487993113,601.64
238.512006510,601.64
238.536015203,601.64
238.559816566,601.64
238.582791199,604.08
238.606544881,604.08
238.630539974,604.08
238.654233271,604.08
238.677637541,605.20
238.701334006,605.20
238.724680996,605.20
238.748131122,605.20
238.771522144,598.96
238.795036271,598.96
238.818541630,598.96
238.841742474,598.96
238.865074871,597.52
238.889064620,597.52
238.912424794,597.52
238.935806535,597.52
238.959539321,597.52
238.982497250,600.44
239.005700302,600.44
239.029181276,600.44
239.052570730,600.44
239.075807446,596.86
239.099788363,596.86
239.122874389,596.86
239.146253411,596.86
239.169534864,594.29
239.192741819,594.29
239.216803217,594.29
239.240401281,594.29
239.263485835,594.29
239.286740888,592.28
239.311143665,592.28
239.334058170,592.28
239.357735755,592.28
239.381311483,593.90
239.404226659,593.90
239.427542096,593.90
239.450717339,593.90
239.473937639,592.59
239.497419766,592.59
239.520732867,592.59
239.543753741,592.59
239.566628341,592.59
239.589730751,589.22
239.613425648,589.22
239.636427770,589.22
239.659334594,589.22
239.682732336,582.04
239.706129086,582.04
239.730176211,582.04
239.753730531,582.04
239.777440405,556.69
239.800694785,556.69
239.824147247,556.69
239.847183545,556.69
239.870378245,556.69
239.893666673,528.20
239.917651302,528.20
239.941018260,528.20
239.964882439,528.20
239.988244372,498.92
240.011713923,498.92
240.034908239,498.92
240.057874232,498.92
240.080969058,471.65
240.104026924,471.65
240.127503899,471.65
240.150872585,471.65
240.174341719,471.65
240.197618532,449.05
240.221060626,449.05
240.244429984,449.05
240.267745485,449.05
240.290568884,421.84
240.313580830,421.84
240.336973164,421.84
240.360444602,421.84
240.383672326,391.46
240.406642319,391.46
240.429578648,391.46
240.452915045,391.46
240.476850041,363.91
240.500547307,363.91
240.523756022,363.91
240.546553789,363.91
240.569305892,363.91
240.592175436,325.52
240.615916606,325.52
240.640074772,325.52
240.663778310,325.52
240.687537208,318.99
240.711244361,318.99
240.734526518,318.99
240.757750274,318.99
240.781488500,342.58
240.804568958,342.58
240.828635443,342.58
240.852325189,342.58
240.875479856,342.58
240.898815037,369.89
240.923038805,369.89
240.946757862,369.89
240.971052638,369.89
240.996822632,399.30
241.020217398,399.30
241.045051380,399.30
241.068674693,399.30
241.092119091,433.14
241.116202537,433.14
241.139552374,433.14
241.162852323,433.14
241.186261201,462.51
241.209733024,462.51
241.233413681,462.51
241.256893056,462.51
241.280190733,462.51
241.303793117,491.16
241.327191371,491.16
241.350634970,491.16
241.374306859,491.16
241.397899163,517.18
241.421184263,517.18
241.445107067,517.18
241.468571530,517.18
241.491577299,550.14
241.515168356,550.14
241.538349455,550.14
241.561464954,550.14
241.584800263,583.89
241.609755623,583.89
241.632991219,583.89
241.656803622,583.89
241.679938704,583.89
241.703525185,591.75
241.726913294,591.75
241.750348381,591.75
241.773846028,591.75
241.797318331,597.58
241.820458502,597.58
241.843812499,597.58
241.867230849,597.58
241.890894834,595.60
241.914088670,595.60
241.937688334,595.60
241.961145661,595.60
241.984444937,595.60
242.007500979,590.88
242.031326150,590.88
242.054780437,590.88
242.078552647,590.88
242.102016374,576.73
242.125454756,576.73
242.148940243,576.73
242.173157803,576.73
242.196270389,543.76
242.219395008,543.76
242.242526955,543.76
242.265884728,543.76
242.289430664,543.76
242.312726037,516.33
242.336322277,516.33
242.359603921,516.33
242.383163489,516.33
242.406350413,485.69
242.429421975,485.69
242.453305098,485.69
242.476902267,485.69
242.500388074,457.15
242.523813784,457.15
242.547352263,457.15
242.570470098,457.15
242.593608605,430.82
242.617287918,430.82
242.640088181,430.82
242.662539896,430.82
242.684879610,430.82
242.707772034,389.14
242.731346258,389.14
242.755157029,389.14
242.779005016,389.14
242.802568168,384.04
242.826530748,384.04
242.850069196,384.04
242.874055328,384.04
242.897506287,384.87
242.920824828,384.87
242.945408344,384.87
242.968473762,384.87
242.991526700,384.87
243.014602038,387.42
243.037696448,387.42
243.061000397,387.42
243.084535069,387.42
243.124791757,402.76
243.148568575,402.76
243.172434963,402.76
243.196487496,402.76
243.220185530,404.71
243.243332133,404.71
243.265893641,404.71
243.288609263,404.71
243.311748698,404.71
243.335703854,388.56
243.360278538,388.56
243.384109181,388.56
243.407901071,388.56
243.431728994,416.83
243.455258449,416.83
243.478683968,416.83
243.502450706,416.83
243.526472839,444.83
243.550119320,444.83
243.573856490,444.83
243.597216023,444.83
243.620887752,472.92
243.644524985,472.92
243.667812742,472.92
243.691582040,472.92
243.715454411,514.03
243.739087804,514.03
243.763098097,514.03
243.786665633,514.03
243.810382578,514.03
243.833922082,518.14
243.857533842,518.14
243.880950944,518.14
243.905454267,518.14
243.929197773,518.92
243.953716424,518.92
243.977458586,518.92
244.001033546,518.92
244.024816220,518.97
244.048381132,518.97
244.071628696,518.97
244.095328042,518.97
244.118941370,519.21
244.141722433,519.21
244.164772875,519.21
244.187581618,519.21
244.210707709,519.21
244.233529348,539.98
244.256591630,539.98
244.279715769,539.98
244.303078662,539.98
244.326269426,565.27
244.350229574,565.27
244.373361361,565.27
244.396600477,565.27
244.419848298,543.43
244.443242679,543.43
244.466430755,543.43
244.489587726,543.43
244.512623448,543.43
244.535774915,518.05
244.559089808,518.05
244.582503038,518.05
244.606062574,518.05
244.629368251,492.44
244.652738856,492.44
244.675587184,492.44
244.698702459,492.44
244.721785029,458.04
244.745864795,458.04
244.769352042,458.04
244.793307518,458.04
244.816063781,423.38
244.838422311,423.38
244.861476784,423.38
244.885046784,423.38
244.908921492,423.38
244.932211361,399.40
244.956019155,399.40
244.979702052,399.40
245.003165875,399.40
245.026792964,403.64
245.050793529,403.64
245.074342408,403.64
245.098270012,403.64
245.122102991,403.69
245.145231834,403.69
245.168410822,403.69
245.191634609,403.69
245.214733500,403.69
245.238637296,407.75
245.263190827,407.75
245.286069235,407.75
245.309324927,407.75
245.332936464,423.70
245.356997637,423.70
245.380260626,423.70
245.404049028,423.70
245.427094222,449.12
245.450466491,449.12
245.474025483,449.12
245.497281464,449.12
245.520582276,482.34
245.544061171,482.34
245.567329568,482.34
245.590953232,482.34
245.614522176,482.34
245.637668043,506.93
245.661418749,506.93
245.684392742,506.93
245.707489233,506.93
245.730364633,529.62
245.753252513,529.62
245.776289610,529.62
245.799842842,529.62
245.822530816,557.50
245.845435496,557.50
245.869290843,557.50
245.892477415,557.50
245.916546877,557.50
245.940481137,564.84
245.963889887,564.84
245.987014473,564.84
246.010534521,564.84
246.033537058,536.49
246.056591500,536.49
246.080554529,536.49
246.104438420,536.49
246.128809485,506.78
246.152642112,506.78
246.175137476,506.78
246.197621671,506.78
246.220504175,465.67
246.243933789,465.67
246.267921266,465.67
246.291561667,465.67
246.314994545,465.67
246.338681795,460.18
246.362114097,460.18
246.385277532,460.18
246.409537172,460.18
246.432894017,462.59
246.456554994,462.59
246.480048674,462.59
246.502974794,462.59
246.526511002,457.52
246.550249835,457.52
246.573673978,457.52
246.597320778,457.52
246.621516194,457.52
246.644667245,463.64
246.668486111,463.64
246.692577301,463.64
246.716452969,463.64
246.740249755,468.30
246.763974349,468.30
246.787394715,468.30
246.810887850,468.30
246.834824670,467.31
246.858418031,467.31
246.881871165,467.31
246.905664272,467.31
246.929048317,493.11
246.953458423,493.11
246.976784164,493.11
247.000128882,493.11
247.024106982,493.11
247.047315378,520.92
247.071131653,520.92
247.094716981,520.92
247.118315109,520.92
247.141645394,550.17
247.165584006,550.17
247.188762130,550.17
247.212300993,550.17
247.235806833,590.93
247.258966652,590.93
247.282216616,590.93
247.307212072,590.93
247.330406516,598.77
247.353405437,598.77
247.376552744,598.77
247.399952566,598.77
247.422781278,598.77
247.445549796,600.37
247.468930066,600.37
247.492362112,600.37
247.515567276,600.37
247.538757688,587.14
247.561755649,587.14
247.585058638,587.14
247.610394322,587.14
247.634071299,576.42
247.657591763,576.42
247.680702109,576.42
247.703959273,576.42
247.727972767,576.42
247.751553711,571.33
247.775593252,571.33
247.798829168,571.33
247.822187901,571.33
247.845604748,562.93
247.868968185,562.93
247.892332583,562.93
247.916249499,562.93
247.939374373,565.94
247.962818484,565.94
247.986537798,565.94
248.009806898,565.94
248.033090559,565.94
248.056620590,560.86
248.079811738,560.86
248.102784835,560.86
248.125826605,560.86
248.149130745,559.53
248.171992641,559.53
248.195048107,559.53
248.218525722,559.53
248.241803975,560.67
248.265216213,560.67
248.288494337,560.67
248.312112594,560.67
248.335429087,557.77
248.361134503,557.77
248.384523701,557.77
248.407954883,557.77
248.430937933,557.77
248.453902870,556.91
248.477345828,556.91
248.501167799,556.91
248.524750855,556.91
248.547850161,566.85
248.571482914,566.85
248.594821679,566.85
248.618269854,566.85
248.641917327,577.90
248.665442270,577.90
248.689049134,577.90
248.712585950,577.90
248.735804458,577.90
248.759230264,581.32
248.783385519,581.32
248.806197942,581.32
248.829276704,581.32
248.852282826,592.11
248.875810073,592.11
248.899287208,592.11
248.922489588,592.11
248.946033571,576.49
248.969234127,576.49
248.992369914,576.49
249.015458724,576.49
249.038307340,576.49
249.061705338,553.65
249.086172596,553.65
249.109360864,553.65
249.133076625,553.65
249.156636033,533.00
249.180279826,533.00
249.203862818,533.00
249.227497970,533.00
249.250631357,523.70
249.273748136,523.70
249.296695505,523.70
249.319651514,523.70
249.342888166,523.70
249.365878607,524.06
249.388730231,524.06
249.411378044,524.06
249.433816479,524.06
249.456446980,485.22
249.479784689,485.22
249.502938300,485.22
249.525948486,485.22
249.549196658,472.72
249.572605760,472.72
249.595949901,472.72
249.619176569,472.72
249.643008236,472.72
249.666617117,451.46
249.690700146,451.46
249.714218530,451.46
249.736935368,451.46
249.759557005,414.56
249.782554006,414.56
249.806066661,414.56
249.829939705,414.56
249.853908621,394.60
249.877597887,394.60
249.901353041,394.60
249.924989761,394.60
249.948445776,394.60
249.971895967,408.62
249.995622608,408.62
250.019015134,408.62
250.042584974,408.62
250.066194431,435.60
250.089538668,435.60
250.112920634,435.60
250.135965155,435.60
250.159116783,457.40
250.182394555,457.40
250.205436165,457.40
250.228819667,457.40
250.252369730,456.79
250.275701328,456.79
250.298851355,456.79
250.322022886,456.79
250.345493141,456.79
250.368591711,426.07
250.393005401,426.07
250.417278449,426.07
250.440629694,426.07
250.463856170,449.50
250.486737746,449.50
250.509942782,449.50
250.533358316,449.50
250.556680921,450.19
250.580231049,450.19
250.605357195,450.19
250.628373652,450.19
250.651785666,450.19
250.675134544,462.54
250.698250875,462.54
250.721038817,462.54
250.744053387,462.54
250.767296887,496.29
250.790384258,496.29
250.813608589,496.29
250.836882906,496.29
250.860672556,497.77
250.884417822,497.77
250.907599466,497.77
250.930989784,497.77
250.954649737,497.77
250.979019746,466.92
251.002960342,466.92
251.026831785,466.92
251.049577680,466.92
251.072354711,426.55
251.095172926,426.55
251.118600556,426.55
251.142726403,426.55
251.166504405,404.49
251.190092709,404.49
251.214032409,404.49
251.237495560,404.49
251.261154201,415.75
251.284964620,415.75
251.308416026,415.75
251.331854184,415.75
251.355233942,415.75
251.378119646,446.35
251.401724303,446.35
251.424794169,446.35
251.447999172,446.35
251.471279313,460.08
251.495087172,460.08
251.518607891,460.08
251.543974616,460.08
251.567566440,458.03
251.591064215,458.03
251.614541446,458.03
251.638078709,458.03
251.661832647,432.76
251.685338743,432.76
251.708839014,432.76
251.732142259,432.76
251.756059975,432.76
251.779492245,399.72
251.803302376,399.72
251.827064090,399.72
251.850696010,399.72
251.874395644,398.91
251.897828618,398.91
251.920845492,398.91
251.943941790,398.91
251.967063689,400.74
251.990309301,400.74
252.013676515,400.74
252.037196210,400.74
252.060469567,400.74
252.083728235,412.71
252.107346811,412.71
252.130443846,412.71
252.153821044,412.71
252.177373219,402.47
252.200851154,402.47
252.224592772,402.47
252.247949458,402.47
252.271204350,367.53
252.293918436,367.53
252.316564393,367.53
252.339065709,367.53
252.362063958,367.53
252.385599494,329.37
252.409721596,329.37
252.433193707,329.37
252.456932829,329.37
252.480340875,335.73
252.503359476,335.73
252.526528608,335.73
252.550073295,335.73
252.573725984,349.93
252.597483186,349.93
252.621329189,349.93
252.644431536,349.93
252.667640156,349.93
252.690709766,375.41
252.713938898,375.41
252.737282271,375.41
252.761164947,375.41
252.784778275,405.64
252.808257906,405.64
252.831998020,405.64
252.855953976,405.64
252.879669546,408.58
252.903028503,408.58
252.926403941,408.58
252.949792531,408.58
252.973629798,408.94
252.997401496,408.94
253.021784850,408.94
253.045354945,408.94
253.069113940,408.94
253.092495137,408.28
253.115844655,408.28
253.138643478,408.28
253.161688864,408.28
253.184231940,399.08
253.207243629,399.08
253.231041440,399.08
253.254854066,399.08
253.278207616,411.98
253.301833777,411.98
253.325501378,411.98
253.348709613,411.98
253.372310558,411.98
253.395683563,455.47
253.419134778,455.47
253.442929836,455.47
253.466225753,455.47
253.489375972,455.10
253.512323405,455.10
253.535239157,455.10
253.558570403,455.10
253.581617452,454.85
253.604908441,454.85
253.628255367,454.85
253.651840151,454.85
253.675348422,454.85
253.698723572,431.62
253.721241527,431.62
253.743587033,431.62
253.766368992,431.62
253.789609676,388.37
253.813639649,388.37
253.837349267,388.37
253.861159174,388.37
253.884760854,409.83
253.908555496,409.83
253.932028119,409.83
253.955945387,409.83
253.979574684,436.38
254.003181900,436.38
254.026887358,436.38
254.049965672,436.38
254.073285461,436.38
254.096633634,466.92
254.120140402,466.92
254.143502847,466.92
254.167407091,466.92
254.190760800,501.50
254.214180111,501.50
254.237704670,501.50
254.260948650,501.50
254.284695804,526.02
254.308382893,526.02
254.331675930,526.02
254.355175241,526.02
254.378601111,526.02
254.401876900,524.80
254.425598486,524.80
254.448953763,524.80
254.472478099,524.80
254.495674430,528.09
254.518779241,528.09
254.542122966,528.09
254.565744999,528.09
254.588638031,530.08
254.612165278,530.08
254.635324361,530.08
254.658487861,530.08
254.682341096,530.08
254.705318097,540.83
254.728605470,540.83
254.751850666,540.83
254.775449626,540.83
254.798663270,550.19
254.821797041,550.19
254.844736313,550.19
254.868529228,550.19
254.891553462,513.83
254.913898839,513.83
254.936503356,513.83
254.959393028,513.83
254.983349881,513.83
255.007082410,485.18
255.030759804,485.18
255.054425485,485.18
255.078475490,485.18
255.101954737,487.61
255.125539489,487.61
255.149202002,487.61
255.172497599,487.61
255.195879629,485.13
255.219704544,485.13
255.242772298,485.13
255.265768435,485.13
255.289077856,478.13
255.312302796,478.13
255.335334838,478.13
255.358634818,478.13
255.381915983,478.13
255.404904344,477.48
255.428598762,477.48
255.451924247,477.48
255.475335269,477.48
255.498503952,446.74
255.521601339,446.74
255.545629136,446.74
255.569028542,446.74
255.592454924,419.57
255.615949979,419.57
255.639843919,419.57
255.662889657,419.57
255.724282301,409.59
255.747795052,409.59
255.770778166,409.59
255.793818463,409.59
255.816957194,410.80
255.840786397,410.80
255.864302861,410.80
255.887779515,410.80
255.911244778,410.80
255.934922011,415.08
255.958430123,415.08
255.981798456,415.08
256.005169830,415.08
256.027967693,413.41
256.051188441,413.41
256.074411749,413.41
256.097780498,413.41
256.121875496,386.13
256.145221430,386.13
256.168414561,386.13
256.191654285,386.13
256.214541813,357.67
256.238027684,357.67
256.261010830,357.67
256.284861889,357.67
256.308055628,357.67
256.331511547,326.39
256.354944297,326.39
256.378384216,326.39
256.401839526,326.39
256.424436523,305.19
256.447005775,305.19
256.469585204,305.19
256.492506396,305.19
256.515826249,296.67
256.540435333,296.67
256.563869716,296.67
256.587115040,296.67
256.610700944,296.67
256.633911740,326.45
256.657326730,326.45
256.680808569,326.45
256.704487562,326.45
256.727796951,353.40
256.751492040,353.40
256.774548562,353.40
256.797594332,353.40
256.820674535,381.04
256.843520590,381.04
256.866844763,381.04
256.890031463,381.04
256.913188274,381.04
256.936409246,407.30
256.959585577,407.30
256.983572190,407.30
257.006869995,407.30
257.030425979,411.39
257.053656647,411.39
257.077243831,411.39
257.100065342,411.39
257.122738468,404.51
257.145682188,404.51
257.168617717,404.51
257.192227301,404.51
257.216335676,404.51
257.240102286,411.16
257.263761791,411.16
257.287481328,411.16
257.310914687,411.16
257.334592624,439.81
257.358507364,439.81
257.382047027,439.81
257.405940615,439.81
257.429825403,469.02
257.453045671,469.02
257.476814873,469.02
257.500345032,469.02
257.523604469,507.31
257.547989486,507.31
257.571416156,507.31
257.594762730,507.31
257.618178872,507.31
257.641381316,505.10
257.664676880,505.10
257.688443395,505.10
257.711661998,505.10
257.735182238,507.16
257.758392906,507.16
257.781613877,507.16
257.805131365,507.16
257.828718229,506.09
257.852141891,506.09
257.876214073,506.09
257.900105517,506.09
257.923717501,506.09
257.947238796,514.19
257.970551993,514.19
257.993850054,514.19
258.017773946,514.19
258.041469676,539.01
258.064642039,539.01
258.088136454,539.01
258.111560276,539.01
258.134937218,573.52
258.159052120,573.52
258.182411142,573.52
258.205714771,573.52
258.229519237,600.18
258.253356632,600.18
258.276967433,600.18
258.300408663,600.18
258.323776165,600.18
258.347102962,602.01
258.370554528,602.01
258.393616171,602.01
258.417858018,602.01
258.441055662,597.30
258.464493276,597.30
258.488116077,597.30
258.510909780,597.30
258.534107039,595.65
258.557263819,595.65
258.580578552,595.65
258.604116551,595.65
258.627848281,595.65
258.650747233,599.15
258.674153999,599.15
258.697376827,599.15
258.720800649,599.15
258.744316057,599.72
258.767683910,599.72
258.790730512,599.72
258.813956796,599.72
258.837535148,596.92
258.861311999,596.92
258.884452202,596.92
258.908268060,596.92
258.931558825,596.92
258.954553842,593.53
258.977469275,593.53
259.000474020,593.53
259.023526606,593.53
259.046922908,583.99
259.070364171,583.99
259.093825145,583.99
259.117322344,583.99
259.140656630,555.60
259.163804737,555.60
259.186866187,555.60
259.209906421,555.60
259.233108032,555.60
259.256445550,527.38
259.279841755,527.38
259.303215017,527.38
259.326482294,527.38
259.349639265,496.86
259.372939662,496.86
259.395875894,496.86
259.419375749,496.86
259.442834868,474.27
259.466655367,474.27
259.490296120,474.27
259.513475139,474.27
259.536745904,474.27
259.559790073,446.37
259.583028229,446.37
259.606133232,446.37
259.629685088,446.37
259.653127182,410.76
259.676630973,410.76
259.700325391,410.76
259.724140770,410.76
259.746889032,377.76
259.770046867,377.76
259.793752453,377.76
259.817643640,377.76
259.841164040,360.37
259.865341663,360.37
259.889028816,360.37
259.922788214,360.37
259.946562632,368.41
259.970116312,368.41
259.993518438,368.41
260.017142262,368.41
260.040384738,368.41
260.063964594,378.69
260.087420513,378.69
260.110435979,378.69
260.133316371,378.69
260.156427069,406.74
260.179750538,406.74
260.203501052,406.74
260.227311279,406.74
260.250541627,420.44
260.274590385,420.44
260.298143616,420.44
260.321586255,420.44
260.344871227,420.44
260.368864272,421.70
260.392027227,421.70
260.415225575,421.70
260.438582261,421.70
260.461905218,420.18
260.485216943,420.18
260.508782079,420.18
260.531994186,420.18
260.555109205,423.29
260.578072862,423.29
260.603452899,423.29
260.626534093,423.29
260.649723641,422.89
260.673083078,422.89
260.696377171,422.89
260.719862850,422.89
260.743021453,422.89
260.766074199,424.50
260.789497253,424.50
260.812559952,424.50
260.836176160,424.50
260.859747952,410.41
260.883492514,410.41
260.906759918,410.41
260.929275922,410.41
260.951860919,371.28
260.974587293,371.28
260.998059564,371.28
261.021917183,371.28
261.045323053,371.28
261.068904349,358.46
261.092260971,358.46
261.115905563,358.46
261.139136071,358.46
261.162449300,356.69
261.185607200,356.69
261.208958893,356.69
261.232561437,356.69
261.255570599,370.92
261.279184727,370.92
261.302477764,370.92
261.325508718,370.92
261.348841787,370.92
261.372559789,400.88
261.395414708,400.88
261.418609536,400.88
261.442566740,400.88
261.466137604,426.42
261.489662804,426.42
261.512803999,426.42
261.536281742,426.42
261.559489497,450.61
261.583537711,450.61
261.606760283,450.61
261.629764164,450.61
261.653007408,450.61
261.676352958,474.45
261.699405128,474.45
261.722648468,474.45
261.746279461,474.45
261.769756019,477.63
261.792972543,477.63
261.816051754,477.63
261.839243029,477.63
261.862632963,475.47
261.886223379,475.47
261.909350462,475.47
261.932023524,475.47
261.954600744,475.47
261.977368175,471.79
262.000896734,471.79
262.025773149,471.79
262.049463855,471.79
262.072999422,480.14
262.096406124,480.14
262.119866907,480.14
262.143457963,480.14
262.166916314,479.67
262.190119686,479.67
262.213443123,479.67
262.237446696,479.67
262.260521970,477.77
262.283929920,477.77
262.307165644,477.77
262.330548186,477.77
262.353750437,477.77
262.376792719,478.16
262.399880186,478.16
262.423588843,478.16
262.447292093,478.16
262.470700459,475.90
262.494172826,475.90
262.517655177,475.90
262.540916725,475.90
262.564773384,476.43
262.588192278,476.43
262.611691366,476.43
262.635238997,476.43
262.658609635,476.43
262.681602476,481.63
262.704745687,481.63
262.727759425,481.63
262.751481458,481.63
262.774764383,509.54
262.798429616,509.54
262.822306244,509.54
262.846331993,509.54
262.869929641,532.84
262.893742108,532.84
262.917376908,532.84
262.940733562,532.84
262.964375659,565.20
262.987953467,565.20
263.011447274,565.20
263.034928473,565.20
263.058115108,565.20
263.081658324,579.39
263.105176259,579.39
263.128318190,579.39
263.151449817,579.39
263.174225344,577.98
263.197382891,577.98
263.220356116,577.98
263.243320157,577.98
263.266595306,573.90
263.289840246,573.90
263.313840779,573.90
263.337055095,573.90
263.360547366,573.90
263.383746802,542.08
263.406621625,542.08
263.429730340,542.08
263.453005841,542.08
263.476364414,518.84
263.499861293,518.84
263.523453885,518.84
263.546615849,518.84
263.569253198,483.03
263.591842674,483.03
263.614447127,483.03
263.637150717,483.03
263.660953360,483.03
263.684513504,456.38
263.708136272,456.38
263.731484286,456.38
263.755352209,456.38
263.778925185,458.24
263.802507793,458.24
263.826176450,458.24
263.849947348,458.24
263.873875913,467.61
263.897629883,467.61
263.920843942,467.61
263.945128575,467.61
263.968382539,467.61
263.991647127,471.49
264.015443402,471.49
264.038332754,471.49
264.061706016,471.49
264.085194383,469.26
264.108712190,469.26
264.132092652,469.26
264.157135085,469.26
264.179932660,471.15
264.203288609,471.15
264.226272299,471.15
264.249559927,471.15
264.272897957,471.15
264.297208541,474.69
264.320661388,474.69
264.343826487,474.69
264.367239141,474.69
264.390394416,481.58
264.413590972,481.58
264.436972970,481.58
264.460391576,481.58
264.483576195,502.93
264.507180852,502.93
264.530618978,502.93
264.554015984,502.93
264.578016869,535.55
264.603969968,535.55
264.627010394,535.55
264.650275495,535.55
264.673501363,535.55
264.696646270,571.35
264.719660263,571.35
264.743077845,571.35
264.766631365,571.35
264.790164501,560.76
264.813510690,560.76
264.836318441,560.76
264.859612758,560.76
264.882699680,531.80
264.906107438,531.80
264.929378043,531.80
264.952587943,531.80
264.975600528,531.80
264.998567737,502.42
265.021669892,502.42
265.045021425,502.42
265.068289182,502.42
265.091643563,474.07
265.115384093,474.07
265.138565897,474.07
265.161194030,474.07
265.184662876,447.12
265.210814666,447.12
265.234135447,447.12
265.257739304,447.12
265.281265527,415.65
265.305040105,415.65
265.328593273,415.65
265.352171017,415.65
265.375309076,415.65
265.398545568,405.39
265.421690219,405.39
265.444774422,405.39
265.468052482,405.39
265.491708371,381.67
265.515560166,381.67
265.539316760,381.67
265.561951550,381.67
265.584541346,343.98
265.607466603,343.98
265.631256157,343.98
265.655094032,343.98
265.678585759,343.98
265.702390226,336.17
265.726481768,336.17
265.749881814,336.17
265.773493638,336.17
265.797603005,346.55
265.821363535,346.55
265.845140929,346.55
265.869141398,346.55
265.892681542,373.86
265.916561401,373.86
265.940009128,373.86
265.963328245,373.86
265.987097991,406.23
266.010516565,406.23
266.033874371,406.23
266.057444019,406.23
266.081662090,406.23
266.105444764,435.54
266.129496850,435.54
266.152386874,435.54
266.176297902,435.54
266.200084320,464.09
266.223825426,464.09
266.248000073,464.09
266.271800604,464.09
266.294747717,489.68
266.318792378,489.68
266.342310409,489.68
266.365719352,489.68
266.388888515,489.68
266.412617813,519.22
266.436007171,519.22
266.459620083,519.22
266.483159011,519.22
266.506504400,544.48
266.530202689,544.48
266.553384877,544.48
266.577223488,544.48
266.600410219,590.83
266.624236798,590.83
266.647265480,590.83
266.670050671,590.83
266.693823169,597.58
266.717419698,597.58
266.741005282,597.58
266.764401296,597.58
266.788114497,597.58
266.811253260,594.77
266.834623802,594.77
266.858024104,594.77
266.881613144,594.77
266.904739043,596.48
266.928040144,596.48
266.951423966,596.48
266.974618121,596.48
266.997728788,591.73
267.020936352,591.73
267.043833032,591.73
267.066723664,591.73
267.090051709,591.73
267.113308489,587.76
267.136847417,587.76
267.160112357,587.76
267.183498483,587.76
267.206610206,560.69
267.229916203,560.69
267.257108389,560.69
267.280306640,560.69
267.303378586,531.48
267.326850281,531.48
267.350403705,531.48
267.374061290,531.48
267.397927005,501.76
267.422030707,501.76
267.445727333,501.76
267.469909244,501.76
267.493878416,501.76
267.517854757,477.03
267.541966683,477.03
267.565350153,477.03
267.588313874,477.03
267.614969862,440.13
267.638588150,440.13
267.661909219,440.13
267.685246736,440.13
267.708165337,428.97
267.731669224,428.97
267.755171319,428.97
267.778399395,428.97
267.802068916,431.10
267.825755750,431.10
267.849446231,431.10
267.872681635,431.10
267.896797657,431.10
267.920284840,428.42
267.943495924,428.42
267.966960419,428.42
267.990848663,428.42
268.013958049,430.91
268.037017323,430.91
268.060006485,430.91
268.082883965,430.91
268.105958311,438.49
268.129083026,438.49
268.152345534,438.49
268.176423540,438.49
268.199580607,438.49
268.222681994,452.79
268.245629202,452.79
268.268778813,452.79
268.292522191,452.79
268.316135712,470.81
268.339745904,470.81
268.362790362,470.81
268.385847396,470.81
268.409812825,500.54
268.434620855,500.54
268.457918436,500.54
268.481055631,500.54
268.504334715,500.54
268.528375313,528.11
268.551356954,528.11
268.574520197,528.11
268.598010196,528.11
268.621216416,567.39
268.644613198,567.39
268.668480865,567.39
268.691925648,567.39
268.715061979,568.89
268.738605642,568.89
268.761961432,568.89
268.785160772,568.89
268.808255054,568.23
268.832116673,568.23
268.855203052,568.23
268.878287862,568.23
268.901943815,568.23
268.925334229,568.83
268.948590849,568.83
268.972047120,568.83
268.995673089,568.83
269.019232720,569.72
269.042691615,569.72
269.066464049,569.72
269.090078082,569.72
269.114161240,570.96
269.137321251,570.96
269.160897427,570.96
269.184349794,570.96
269.208350646,570.96
269.231617635,579.58
269.254800974,579.58
269.277579413,579.58
269.300852962,579.58
269.323736202,584.15
269.346546161,584.15
269.369546138,584.15
269.395892714,584.15
269.419417978,569.60
269.442996042,569.60
269.466422392,569.60
269.489839174,569.60
269.513239732,541.15
269.536679075,541.15
269.559572363,541.15
269.582151888,541.15
269.605831905,541.15
269.628733769,496.41
269.652195160,496.41
269.675763208,496.41
269.699038804,496.41
269.722488163,496.26
269.746105939,496.26
269.768907258,496.26
269.792075206,496.26
269.815607733,495.01
269.839389128,495.01
269.862740213,495.01
269.886377126,495.01
269.909442256,495.01
269.933025984,492.22
269.956361453,492.22
269.979835036,492.22
270.003370316,492.22
270.026769306,492.36
270.049912677,492.36
270.073258386,492.36
270.096534431,492.36
270.119965933,490.39
270.143271834,490.39
270.166325476,490.39
270.189396526,490.39
270.212719771,490.39
270.235718149,491.95
270.258705262,491.95
270.281742680,491.95
270.304777793,491.95
270.327711754,493.76
270.350777588,493.76
270.374027872,493.76
270.399234211,493.76
270.423013654,481.20
270.449632361,481.20
270.473091160,481.20
270.496451461,481.20
270.519821491,481.20
270.544299213,484.66
270.567572858,484.66
270.590589219,484.66
270.613393610,484.66
270.636802456,496.03
270.660011012,496.03
270.683866776,496.03
270.707541961,496.03
270.731098744,472.66
270.754709769,472.66
270.778058230,472.66
270.801067584,472.66
270.824534831,464.45
270.847928221,464.45
270.871408619,464.45
270.894703480,464.45
270.918061638,464.45
270.941550165,467.65
270.964991875,467.65
270.988231247,467.65
271.011631709,467.65
271.035113964,469.49
271.058320344,469.49
271.082028682,469.49
271.105070004,469.49
271.128923975,470.95
271.152348021,470.95
271.175410591,470.95
271.198836653,470.95
271.222165691,470.95
271.245011330,470.54
271.268833109,470.54
271.292090849,470.54
271.315786099,470.54
271.339250594,472.47
271.362754769,472.47
271.386066846,472.47
271.409603085,472.47
271.433057980,495.28
271.456794478,495.28
271.480382014,495.28
271.503956782,495.28
271.527406365,495.28
271.552222299,522.29
271.575911692,522.29
271.599474140,522.29
271.623411344,522.29
271.646549051,551.83
271.669565125,551.83
271.692494254,551.83
271.716183711,551.83
271.739536108,586.10
271.762853017,586.10
271.786061573,586.10
271.809608245,586.10
271.833171525,589.65
271.856713972,589.65
271.880334725,589.65
271.903607601,589.65
271.926753756,589.65
271.949920744,591.20
271.973387415,591.20
271.996722852,591.20
272.020497878,591.20
272.043415775,594.67
272.066819213,594.67
272.090074201,594.67
272.113959373,594.67
272.137398043,593.20
272.160693192,593.20
272.184111254,593.20
272.207778215,593.20
272.231495129,593.20
272.254772549,590.17
272.277948977,590.17
272.301331935,590.17
272.325319891,590.17
272.348634912,577.83
272.372276945,577.83
272.395523677,577.83
272.419285968,577.83
272.442458075,581.48
272.466619698,581.48
272.490025120,581.48
272.513725105,581.48
272.538698833,585.03
272.561988798,585.03
272.585421101,585.03
272.611879454,585.03
272.635425710,585.03
272.659062046,580.75
272.682474220,580.75
272.705501334,580.75
272.729117063,580.75
272.752461428,577.83
272.775881730,577.83
272.799333297,577.83
272.822858592,577.83
272.845807465,579.49
272.869299128,579.49
272.892235297,579.49
272.915389196,579.49
272.938676697,579.49
272.962066023,580.95
272.985554262,580.95
273.009392649,580.95
273.032582324,580.95
273.054993303,547.40
273.077565467,547.40
273.100490724,547.40
273.124643514,547.40
273.148345324,524.04
273.172380001,524.04
273.195447851,524.04
273.219436576,524.04
273.242511914,524.04
273.266544448,527.39
273.289801868,527.39
273.313275483,527.39
273.336909548,527.39
273.359681522,541.40
273.382257431,541.40
273.405398882,541.40
273.429010834,541.40
273.452305759,533.91
273.475740814,533.91
273.499273981,533.91
273.522520105,533.91
273.548631127,532.40
273.572314120,532.40
273.595962041,532.40
273.619206533,532.40
273.642447025,532.40
273.666065378,531.87
273.689553201,531.87
273.712841693,531.87
273.736839666,531.87
273.760047294,536.67
273.783268074,536.67
273.807187742,536.67
273.831230739,536.67
273.854796419,537.45
273.878563318,537.45
273.901588415,537.45
273.925090030,537.45
273.948320058,534.17
273.972411184,534.17
273.995794782,534.17
274.018952458,534.17
274.041810097,534.17
274.064401558,557.76
274.087629538,557.76
274.110346696,557.76
274.133662517,557.76
274.157070051,587.42
274.180102573,587.42
274.203406010,587.42
274.226707687,587.42
274.250417496,560.24
274.274753745,560.24
274.297711130,560.24
274.321022631,560.24
274.344483798,560.24
274.367934436,529.28
274.391522388,529.28
274.415065732,529.28
274.438820438,529.28
274.462143171,505.15
274.485089004,505.15
274.507940628,505.15
274.530712122,505.15
274.554282059,471.45
274.578033981,471.45
274.601781007,471.45
274.625507936,471.45
274.649275667,471.45
274.672718913,469.87
274.696077007,469.87
274.719575198,469.87
274.742837450,469.87
274.766219160,468.48
274.789632710,468.48
274.812578287,468.48
274.836124863,468.48
274.859609038,468.65
274.882910970,468.65
274.906559275,468.65
274.929896825,468.65
274.953322055,468.65
274.976505426,468.80
275.000368326,468.80
275.023668307,468.80
275.047226658,468.80
275.070645617,468.86
275.094432227,468.86
275.118312279,468.86
275.141962184,468.86
275.165346613,469.30
275.188490240,469.30
275.211812782,469.30
275.235204667,469.30
275.258942637,493.84
275.282564542,493.84
275.305850059,493.84
275.328956693,493.84
275.352622374,493.84
275.375951187,518.59
275.399420898,518.59
275.423134068,518.59
275.446654851,518.59
275.469962960,545.99
275.492875257,545.99
275.515642143,545.99
275.538639017,545.99
275.562168408,591.76
275.585333635,591.76
275.613234725,591.76
275.636464466,591.76
275.659821951,591.76
275.684399131,560.12
275.707217826,560.12
275.730347533,560.12
275.754131743,560.12
275.777622862,537.59
275.801074397,537.59
275.824810575,537.59
275.848390431,537.59
275.871829133,536.64
275.895503551,536.64
275.919139183,536.64
275.942472348,536.64
275.966403153,541.11
275.989539836,541.11
276.013226893,541.11
276.036608379,541.11
276.059715877,541.11
276.083220628,538.42
276.106541122,538.42
276.129429834,538.42
276.152889560,538.42
276.176490409,538.08
276.199761461,538.08
276.223468071,538.08
276.246568849,538.08
276.269524666,536.98
276.292684709,536.98
276.315673807,536.98
276.338700888,536.98
276.362027910,536.98
276.385104464,541.23
276.408656032,541.23
276.432533875,541.23
276.456350726,541.23
276.479642131,524.19
276.502370233,524.19
276.524967326,524.19
276.547895526,524.19
276.571298036,491.94
276.594829220,491.94
276.618283923,491.94
276.641601408,491.94
276.665477139,530.10
276.726415378,530.10
276.749616702,530.10
276.773374992,530.10
276.796713661,547.10
276.820058443,547.10
276.843308663,547.10
276.866516899,547.10
276.889968113,547.10
276.913376416,546.51
276.936641324,546.51
276.960203868,546.51
276.984114256,546.51
277.007465277,539.75
277.030624456,539.75
277.053909941,539.75
277.077116673,539.75
277.100244908,533.47
277.123500888,533.47
277.146537826,533.47
277.169309705,533.47
277.192234609,533.47
277.215726848,534.87
277.239513363,534.87
277.262728063,534.87
277.286218062,534.87
277.309736317,532.84
277.333219884,532.84
277.356820188,532.84
277.380060232,532.84
277.403448726,533.85
277.426642498,533.85
277.450388820,533.85
277.474310920,533.85
277.497706134,533.85
277.520816801,546.24
277.544471730,546.24
277.567691934,546.24
277.590791912,546.24
277.614293527,576.59
277.637914952,576.59
277.661476152,576.59
277.684419616,576.59
277.707779214,578.07
277.731642625,578.07
277.755117520,578.07
277.778522430,578.07
277.802360401,578.07
277.825582013,578.10
277.848960011,578.10
277.872414682,578.10
277.896308525,578.10
277.919561050,578.59
277.942707685,578.59
277.965554604,578.59
277.988446965,578.59
278.011389373,578.04
278.034439271,578.04
278.057415472,578.04
278.080914784,578.04
278.104491600,565.58
278.128457220,565.58
278.151635696,565.58
278.174893116,565.58
278.198603982,565.58
278.222107389,537.63
278.245756942,537.63
278.269428799,537.63
278.292904142,537.63
278.316094169,512.30
278.339430023,512.30
278.362135789,512.30
278.384583472,512.30
278.407213557,464.96
278.430587010,464.96
278.454009425,464.96
278.477800611,464.96
278.501079312,464.96
278.525112901,467.79
278.548600084,467.79
278.571864705,467.79
278.595490897,467.79
278.618793854,469.28
278.642344526,469.28
278.665921662,469.28
278.689378477,469.28
278.712768634,467.27
278.736082279,467.27
278.759095793,467.27
278.782053178,467.27
278.805316390,467.27
278.828486770,466.20
278.851647389,466.20
278.874771560,466.20
278.897568047,466.20
278.920758490,449.34
278.944183497,449.34
278.967556950,449.34
278.991256552,449.34
279.014685430,430.25
279.037975011,430.25
279.060810763,430.25
279.084040663,430.25
279.106620347,430.25
279.128797243,410.71
279.151135677,410.71
279.173809954,410.71
279.197355634,410.71
279.220966499,413.75
279.244457330,413.75
279.267748734,413.75
279.291301838,413.75
279.314184342,441.04
279.337534212,441.04
279.360991506,441.04
279.384212638,441.04
279.407632749,441.04
279.431131452,480.99
279.454401224,480.99
279.477612020,480.99
279.501292517,480.99
279.524730228,490.00
279.548366564,490.00
279.571887604,490.00
279.595448548,490.00
279.619173077,483.50
279.642898247,483.50
279.666685114,483.50
279.690429612,483.50
279.714314431,483.50
279.737709261,457.08
279.761260573,457.08
279.784786892,457.08
279.808119930,457.08
279.831488999,430.76
279.855133336,430.76
279.878860650,430.76
279.904265583,430.76
279.928171235,412.38
279.951724659,412.38
279.975590662,412.38
279.999096213,412.38
280.022119007,426.79
280.045619310,426.79
280.068907227,426.79
280.091964613,426.79
280.115341203,426.79
280.138659168,457.13
280.162260048,457.13
280.185094136,457.13
280.208510278,457.13
280.231758994,481.28
280.255146496,481.28
280.278515406,481.28
280.301855643,481.28
280.324842724,482.74
280.348599542,482.74
280.372271656,482.74
280.395576724,482.74
280.418939202,482.74
280.443594046,474.07
280.467075821,474.07
280.489856404,474.07
280.512922078,474.07
280.536083338,474.91
280.559050419,474.91
280.582627139,474.91
280.608618319,474.91
280.631814554,480.83
280.655255721,480.83
280.679051515,480.83
280.702071589,480.83
280.725302257,508.32
280.748508637,508.32
280.772202094,508.32
280.795683933,508.32
280.818931914,508.32
280.842535418,534.19
280.865965352,534.19
280.889187124,534.19
280.916055914,534.19
280.939193589,565.98
280.962705829,565.98
280.986320661,565.98
281.009933894,565.98
281.033617431,573.60
281.057515915,573.60
281.080834072,573.60
281.104234694,573.60
281.127842454,578.67
281.151280933,578.67
281.174827124,578.67
281.197630043,578.67
281.220614053,578.67
281.243874705,577.11
281.267638595,577.11
281.290774734,577.11
281.313734647,577.11
281.337204742,577.84
281.361067321,577.84
281.384442503,577.84
281.407975511,577.84
281.431790121,587.12
281.455842303,587.12
281.479302798,587.12
281.502831325,587.12
281.526417901,587.12
281.549465239,587.16
281.572736292,587.16
281.596237971,587.16
281.619828931,587.16
281.642936110,590.34
281.666494814,590.34
281.689765194,590.34
281.712550993,590.34
281.735852638,594.39
281.759111210,594.39
281.782643706,594.39
281.805896870,594.39
281.828950640,594.39
281.852663010,596.87
281.876369427,596.87
281.899741057,596.87
281.923326961,596.87
281.946673439,597.54
281.969789321,597.54
281.993327545,597.54
282.017575633,597.54
282.040865214,597.02
282.064796690,597.02
282.088152319,597.02
282.111494701,597.02
282.134940507,598.79
282.159223123,598.79
282.182618945,598.79
282.205837805,598.79
282.228835927,598.79
282.252386950,598.48
282.275791380,598.48
282.298855615,598.48
282.322598545,598.48
282.345976670,598.05
282.369205674,598.05
282.392635321,598.05
282.416263081,598.05
282.440249470,600.31
282.464348340,600.31
282.487581632,600.31
282.511114256,600.31
282.534800225,600.31
282.558454194,599.57
282.582094371,599.57
282.607146916,599.57
282.630208398,599.57
282.653603708,598.50
282.677318222,598.50
282.700564250,598.50
282.723994920,598.50
282.747048914,599.96
282.770379840,599.96
282.793839822,599.96
282.817445887,599.96
282.840902861,596.67
282.864509534,596.67
282.887752202,596.67
282.910944534,596.67
282.934099361,596.67
282.957370061,598.43
282.980897437,598.43
283.004763888,598.43
283.028442945,598.43
283.052102994,595.54
283.075506721,595.54
283.098694764,595.54
283.122353053,595.54
283.145470472,595.77
283.168739348,595.77
283.192239043,595.77
283.215561649,595.77
283.238585178,595.77
283.261695813,598.76
283.284587437,598.76
283.307896698,598.76
283.331157223,598.76
283.354636469,591.99
283.377546334,591.99
283.400676201,591.99
283.424234489,591.99
283.447894474,565.07
283.471703740,565.07
283.495806930,565.07
283.519534052,565.07
283.542327243,565.07
283.565109874,529.94
283.588162460,529.94
283.614776175,529.94
283.638529793,529.94
283.661616012,515.24
283.685108411,515.24
283.708752140,515.24
283.731610675,515.24
283.754699326,516.21
283.778018955,516.21
283.801554267,516.21
283.825056202,516.21
283.848152532,517.85
283.871513794,517.85
283.894857967,517.85
283.918260573,517.85
283.941849293,517.85
283.965195547,512.67
283.988221029,512.67
284.011268814,512.67
284.034541403,512.67
284.060055809,514.45
284.082998698,514.45
284.106483609,514.45
284.129965928,514.45
284.153537144,505.95
284.176630851,505.95
284.199568459,505.95
284.222935321,505.95
284.246198277,505.95
284.269192303,490.75
284.292528252,490.75
284.316073964,490.75
284.339260215,490.75
284.362843303,492.31
284.386330582,492.31
284.409413249,492.31
284.432730926,492.31
284.456069211,513.63
284.479257511,513.63
284.502087182,513.63
284.525318874,513.63
284.548500998,513.63
284.571570512,555.88
284.594707419,555.88
284.618417421,555.88
284.641859451,555.88
284.665032806,567.46
284.688558454,567.46
284.712232007,567.46
284.735441715,567.46
284.758516413,563.34
284.781991564,563.34
284.805487483,563.34
284.828506085,563.34
284.852273015,563.34
284.875775014,562.61
284.899125332,562.61
284.922270335,562.61
284.945607212,562.61
284.968786072,565.14
284.992379688,565.14
285.016030233,565.14
285.039609321,565.14
285.062853685,567.30
285.086762313,567.30
285.109742866,567.30
285.132623386,567.30
285.156285131,567.30
285.180579716,572.43
285.203803472,572.43
285.226732056,572.43
285.250085862,572.43
285.273407091,588.93
285.296657471,588.93
285.319939916,588.93
285.343584797,588.93
285.366553350,588.39
285.389573903,588.39
285.412749755,588.39
285.436247658,588.39
285.459644056,593.21
285.484155411,593.21
285.508101383,593.21
285.532103196,593.21
285.555648908,593.21
285.579335261,589.46
285.606621240,589.46
285.629936997,589.46
285.653832505,589.46
285.677319464,595.84
285.700908920,595.84
285.724508616,595.84
285.747851638,595.84
285.771204451,596.16
285.794521424,596.16
285.817601818,596.16
285.840958696,596.16
285.864670938,599.20
285.887592290,599.20
285.911020208,599.20
285.934487551,599.20
285.958085839,599.20
285.981507678,598.65
286.004942348,598.65
286.027814932,598.65
286.051140641,598.65
286.074650065,595.16
286.097923709,595.16
286.121331915,595.16
286.147397560,595.16
286.170485539,591.98
286.193558701,591.98
286.216732536,591.98
286.239767202,591.98
286.262659754,591.98
286.285707892,594.65
286.309002689,594.65
286.332758195,594.65
286.356734376,594.65
286.379906611,567.27
286.402622361,567.27
286.425431424,567.27
286.448625132,567.27
286.472045370,534.65
286.495323399,534.65
286.519084793,534.65
286.542788555,534.65
286.566439996,534.65
286.590031308,511.02
286.614561287,511.02
286.637973045,511.02
286.661568037,511.02
286.685003956,482.08
286.708755462,482.08
286.732279381,482.08
286.755134717,482.08
286.777856003,444.11
286.801087887,444.11
286.824767969,444.11
286.848514899,444.11
286.872417414,436.37
286.896195001,436.37
286.919618663,436.37
286.942720722,436.37
286.965991038,436.37
286.989382092,434.41
287.012567992,434.41
287.035903781,434.41
287.059129169,434.41
287.082549055,436.21
287.105956270,436.21
287.128830454,436.21
287.151850015,436.21
287.175099755,418.34
287.198296887,418.34
287.221371905,418.34
287.247385582,418.34
287.270646810,418.34
287.293653124,417.96
287.317492727,417.96
287.341016006,417.96
287.364841401,417.96
287.388605771,436.09
287.411729942,436.09
287.434720447,436.09
287.458411857,436.09
287.481808767,464.93
287.506167320,464.93
287.529211554,464.93
287.552538319,464.93
287.575803451,464.93
287.599820273,495.24
287.622725721,495.24
287.645643105,495.24
287.668671723,495.24
287.692207995,519.50
287.716013421,519.50
287.739293498,519.50
287.762669768,519.50
287.786191415,542.06
287.809587141,542.06
287.832618095,542.06
287.855975452,542.06
287.879479084,560.38
287.902545366,560.38
287.925524095,560.38
287.949268945,560.38
287.972599422,560.38
287.996091501,558.75
288.019338458,558.75
288.042722439,558.75
288.066128950,558.75
288.089532484,562.24
288.113187445,562.24
288.136282079,562.24
288.159533611,562.24
288.183290813,577.09
288.206541866,577.09
288.229536403,577.09
288.252274042,577.09
288.275244547,577.09
288.298637521,581.08
288.322388419,581.08
288.345720208,581.08
288.368944156,581.08
288.392528108,579.07
288.415840153,579.07
288.439169222,579.07
288.462489203,579.07
288.485755584,581.64
288.508811082,581.64
288.531953845,581.64
288.555356547,581.64
288.579087029,581.64
288.602376898,583.94
288.625914513,583.94
288.648991931,583.94
288.672174759,583.94
288.695596021,583.27
288.718840417,583.27
288.741911436,583.27
288.765521212,583.27
288.788692136,592.06
288.811926932,592.06
288.835026206,592.06
288.858283819,592.06
288.881541463,592.06
288.904682562,591.38
288.928343731,591.38
288.951637440,591.38
288.974899756,591.38
288.998592254,591.83
289.021711913,591.83
289.045113207,591.83
289.069158732,591.83
289.092714652,590.31
289.116394093,590.31
289.139499320,590.31
289.162225406,590.31
289.185717261,590.31
289.209154620,590.66
289.232607114,590.66
289.256012600,590.66
289.279168388,590.66
289.302306670,588.70
289.325683964,588.70
289.349257996,588.70
289.372832732,588.70
289.396187018,593.36
289.419536599,593.36
289.442651010,593.36
289.465936079,593.36
289.489429694,593.36
289.512728779,592.05
289.535963031,592.05
289.559266596,592.05
289.582830964,592.05
289.608426395,590.21
289.631705320,590.21
289.654613104,590.21
289.678055903,590.21
289.701379500,591.28
289.724707161,591.28
289.748365674,591.28
289.771557941,591.28
289.795206694,591.49
289.818669717,591.49
289.841963170,591.49
289.865508658,591.49
289.888942560,591.49
289.911941097,590.87
289.935114645,590.87
289.958412642,590.87
289.982074835,590.87
290.005556642,590.65
290.028486986,590.65
290.051594645,590.65
290.075061732,590.65
290.098597331,592.83
290.122106211,592.83
290.145181645,592.83
290.168079317,592.83
290.191533732,592.83
290.214917042,590.87
290.238288991,590.87
290.261544556,590.87
290.284577814,590.87
290.307704480,589.71
290.331438866,589.71
290.354755999,589.71
290.378483953,589.71
290.401599580,588.70
290.424525989,588.70
290.447828881,588.70
290.471043613,588.70
290.494624749,588.70
290.517869146,590.05
290.540557952,590.05
290.563384743,590.05
290.586432817,590.05
290.609370714,589.52
290.632421604,589.52
290.655664400,589.52
290.678785755,589.52
290.701916998,583.32
290.725426101,583.32
290.748593856,583.32
290.771669963,583.32
290.794598579,583.32
290.817911936,551.52
290.841342190,551.52
290.865227074,551.52
290.888889747,551.52
290.912069567,524.25
290.935222634,524.25
290.958243892,524.25
290.981198588,524.25
291.004257638,494.95
291.027799350,494.95
291.051064739,494.95
291.074313615,494.95
291.098341028,494.95
291.121729362,465.27
291.144888541,465.27
291.168062729,465.27
291.191515191,465.27
291.214861829,440.02
291.238065873,440.02
291.261164091,440.02
291.284671178,440.02
291.307747541,409.78
291.330375802,409.78
291.353305442,409.78
291.376799634,409.78
291.400446530,409.78
291.423995602,394.69
291.447323615,394.69
291.470362729,394.69
291.493551221,394.69
291.517431752,393.12
291.540593076,393.12
291.563928129,393.12
291.586989419,393.12
291.617341865,390.28
291.640664438,390.28
291.664291751,390.28
291.687694005,390.28
291.711135172,396.35
291.733870698,396.35
291.756865587,396.35
291.780188289,396.35
291.803922962,396.35
291.827335105,423.16
291.850594221,423.16
291.874151389,423.16
291.897897807,423.16
291.921178396,448.49
291.944901965,448.49
291.967910167,448.49
291.990700542,448.49
292.013974218,478.61
292.037769949,478.61
292.061245004,478.61
292.084436504,478.61
292.107665028,478.61
292.131004625,503.33
292.154298302,503.33
292.177654411,503.33
292.201353149,503.33
292.224701322,530.90
292.247942486,530.90
292.271480454,530.90
292.295316953,530.90
292.319015595,560.76
292.342899454,560.76
292.365750758,560.76
292.389207732,560.76
292.412688996,560.76
292.436146034,581.65
292.459779203,581.65
292.483765976,581.65
292.507170086,581.65
292.530644149,584.01
292.554189732,584.01
292.577459473,584.01
292.600970976,584.01
292.624607537,579.85
292.648454980,579.85
292.671937171,579.85
292.695441570,579.85
292.719084563,580.50
292.742171742,580.50
292.765513259,580.50
292.788799608,580.50
292.812412840,580.50
292.835494227,581.39
292.858671934,581.39
292.882285615,581.39
292.906000384,581.39
292.929517424,583.49
292.952810300,583.49
292.976080073,583.49
292.999566552,583.49
293.023122216,583.17
293.046726328,583.17
293.069973572,583.17
293.093115984,583.17
293.116347196,583.17
293.139721641,584.17
293.163002422,584.17
293.186721128,584.17
293.210057685,584.17
293.233693350,584.42
293.257821660,584.42
293.280955879,584.42
293.304795674,584.42
293.328063815,584.19
293.351741560,584.19
293.374792578,584.19
293.398061743,584.19
293.421503357,584.19
293.445541938,587.72
293.468677821,587.72
293.492042091,587.72
293.515484922,587.72
293.539085194,586.46
293.562728443,586.46
293.585756292,586.46
293.608612844,586.46
293.632089307,590.37
293.655128517,590.37
293.678528371,590.37
293.701515068,590.37
293.724700424,590.37
293.748321145,589.88
293.771834152,589.88
293.795289559,589.88
293.818549091,589.88
293.841497836,589.24
293.864822521,589.24
293.888142598,589.24
293.911624341,589.24
293.935074212,592.26
293.958309744,592.26
293.981456987,592.26
294.004921802,592.26
294.028920351,592.86
294.052408750,592.86
294.075746651,592.86
294.098310559,592.86
294.121570924,592.86
294.145032090,594.31
294.168575946,594.31
294.191618868,594.31
294.215024994,594.31
294.238801557,594.80
294.262434725,594.80
294.285929460,594.80
294.309198593,594.80
294.332376396,594.76
294.355766426,594.76
294.379228809,594.76
294.402634071,594.76
294.426200743,594.76
294.449302066,593.92
294.472431517,593.92
294.495621640,593.92
294.518850068,593.92
294.542247234,594.36
294.565786578,594.36
294.588970782,594.36
294.615082027,594.36
294.638558906,592.89
294.661760294,592.89
294.685148243,592.89
294.708209726,592.89
294.731137446,592.89
294.755377534,591.77
294.778808140,591.77
294.801953815,591.77
294.825121795,591.77
294.848332975,593.15
294.871385913,593.15
294.894412706,593.15
294.917816496,593.15
294.940825338,582.30
294.964344393,582.30
294.987715575,582.30
295.011145413,582.30
295.034478643,554.69
295.058122308,554.69
295.081168077,554.69
295.103590032,554.69
295.126063508,554.69
295.149101309,514.19
295.172543212,514.19
295.195949210,514.19
295.219856462,514.19
295.242974233,512.45
295.266242309,512.45
295.289838582,512.45
295.313400229,512.45
295.336595665,507.79
295.360275458,507.79
295.383338156,507.79
295.406100883,507.79
295.429306495,507.79
295.452605068,507.67
295.476064155,507.67
295.499149573,507.67
295.522239375,507.67
295.545530140,505.02
295.569090188,505.02
295.592445466,505.02
295.615965353,505.02
295.639162997,505.01
295.662101533,505.01
295.685709774,505.01
295.709193981,505.01
295.732170118,505.01
295.755502387,503.61
295.779171268,503.61
295.802752021,503.61
295.826221987,503.61
295.849350542,495.15
295.872418457,495.15
295.895904104,495.15
295.919439095,495.15
295.941992763,475.41
295.964694881,475.41
295.987957646,475.41
296.011595231,475.41
296.035075054,475.41
296.058870880,495.82
296.081928970,495.82
296.104913556,495.82
296.128303841,495.82
296.151775824,526.58
296.175334176,526.58
296.198542764,526.58
296.221488981,526.58
296.245285607,525.74
296.269277564,525.74
296.292682154,525.74
296.316488061,525.74
296.339601512,525.74
296.362919797,528.83
296.386676359,528.83
296.410192662,528.83
296.433844519,528.83
296.457078036,531.25
296.480110781,531.25
296.503363754,531.25
296.527455360,531.25
296.550913582,530.27
296.575254759,530.27
296.598389650,530.27
296.620933206,530.27
296.644029825,530.27
296.670198895,528.26
296.693691390,528.26
296.716773032,528.26
296.740031285,528.26
296.763440547,530.58
296.786987571,530.58
296.810636676,530.58
296.834272020,530.58
296.857526529,540.37
296.880558891,540.37
296.904295165,540.37
296.927971630,540.37
296.951662175,575.59
296.974967340,575.59
296.998154008,575.59
297.021456069,575.59
297.044930771,575.59
297.068521956,580.57
297.092155412,580.57
297.115004924,580.57
297.138224200,580.57
297.161745272,583.91
297.185063941,583.91
297.208656053,583.91
297.231811392,583.91
297.254603239,587.02
297.277791027,587.02
297.301162912,587.02
297.324859218,587.02
297.348205791,587.02
297.371082791,585.80
297.394407316,585.80
297.418174695,585.80
297.441879256,585.80
297.465193381,585.32
297.488289360,585.32
297.511174072,585.32
297.534479749,585.32
297.557772306,586.48
297.581218272,586.48
297.608227192,586.48
297.631250562,586.48
297.654574447,586.28
297.687314377,586.28
297.710872793,586.28
297.734074052,586.28
297.757383697,584.39
297.780560317,584.39
297.803863050,584.39
297.827262776,584.39
297.850925225,584.39
297.873805265,583.74
297.897006205,583.74
297.920092871,583.74
297.943101680,583.74
297.966116538,583.16
297.989143364,583.16
298.012340016,583.16
298.034976117,583.16
298.057871965,583.16
298.081907122,564.82
298.104834939,564.82
298.127935909,564.82
298.150942991,564.82
298.174239548,548.35
298.197848140,548.35
298.221192474,548.35
298.244570983,548.35
298.267600113,520.79
298.290794141,520.79
298.313650693,520.79
298.336767151,520.79
298.360510401,493.76
298.384957148,493.76
298.408201992,493.76
298.431287442,493.76
298.454788225,493.76
298.477650473,459.23
298.500884725,459.23
298.524199138,459.23
298.547585776,459.23
298.571094816,433.34
298.594288267,433.34
298.616654221,433.34
298.639474645,433.34
298.662993892,433.34
298.686739926,404.30
298.710242277,404.30
298.764779355,404.30
298.787996583,404.30
298.811371701,405.98
298.834450207,405.98
298.857556073,405.98
298.880875639,405.98
298.903761727,403.64
298.927343599,403.64
298.950671612,403.64
298.973876648,403.64
298.997352503,393.48
299.020683076,393.48
299.043627661,393.48
299.066960506,393.48
299.090844174,393.48
299.114391261,413.16
299.138096431,413.16
299.161934594,413.16
299.185606867,413.16
299.209362373,429.92
299.233031543,429.92
299.256357796,429.92
299.279942484,429.92
299.303452195,455.18
299.326735696,455.18
299.350262719,455.18
299.373649549,455.18
299.398137672,479.00
299.421500534,479.00
299.444749026,479.00
299.468115248,479.00
299.492445288,479.00
299.515618452,495.53
299.538536316,495.53
299.561468965,495.53
299.584618320,495.53
299.610140630,496.69
299.633790183,496.69
299.657163957,496.69
299.680812102,496.69
299.704258421,490.58
299.727766020,490.58
299.751296883,490.58
299.774494015,490.58
299.797645130,461.20
299.820385361,461.20
299.842817748,461.20
299.866424100,461.20
299.890437369,461.20
299.914247884,436.40
299.937881277,436.40
299.961333579,436.40
299.984617304,436.40
300.008061863,446.83
300.031598038,446.83
300.055109286,446.83
300.078754806,446.83
300.102927277,449.91
300.126215258,449.91
300.150103598,449.91
300.173614077,449.91
300.197933430,452.03
300.221201186,452.03
300.243924265,452.03
300.267328887,452.03
300.291202378,452.03
300.314824283,449.85
300.338366794,449.85
300.361528246,449.85
300.385872975,449.85
300.409565664,454.62
300.433089168,454.62
300.456680320,454.62
300.479801291,454.62
300.502801876,468.89
300.526847050,468.89
300.550199191,468.89
300.573858408,468.89
300.597502617,501.26
300.620536227,501.26
300.644099667,501.26
300.667662627,501.26
300.691198962,501.26
300.714560928,526.23
300.737443816,526.23
300.760583123,526.23
300.783612189,526.23
300.806566534,553.51
300.829571055,553.51
300.852708538,553.51
300.875865893,553.51
300.901731760,583.51
300.925357248,583.51
300.948722062,583.51
300.971879801,583.51
300.995154214,583.51
301.018616213,573.89
301.042027235,573.89
301.065199022,573.89
301.088703454,573.89
301.111731847,567.61
301.134787569,567.61
301.157947229,567.61
301.180952454,567.61
301.205356864,563.06
301.229236051,563.06
301.252835780,563.06
301.276499893,563.06
301.300119589,563.06
301.323515571,566.05
301.346833761,566.05
301.370496722,566.05
301.393837375,566.05
301.417516112,560.75
301.440830653,560.75
301.463842183,560.75
301.486880113,560.75
301.510066940,562.99
301.533316809,562.99
301.556511188,562.99
301.579901218,562.99
301.603213487,562.99
301.626956961,559.00
301.650519281,559.00
301.673645756,559.00
301.697269741,559.00
301.720571098,557.76
301.743749669,557.76
301.766996753,557.76
301.790508833,557.76
301.813957647,559.37
301.836997721,559.37
301.860156196,559.37
301.883105005,559.37
301.906482555,559.37
301.930609777,563.28
301.953959359,563.28
301.977217131,563.28
302.000620665,563.28
302.023349664,575.22
302.046485387,575.22
302.069762743,575.22
302.093237446,575.22
302.116736470,576.92
302.140094659,576.92
302.163550610,576.92
302.187205059,576.92
302.211192728,580.23
302.234495172,580.23
302.257504526,580.23
302.280964381,580.23
302.304089320,580.23
302.327450677,580.77
302.350498751,580.77
302.373513897,580.77
302.396748437,580.77
302.420833547,583.32
302.444165304,583.32
302.467521094,583.32
302.490746258,583.32
302.513662682,583.51
302.537042504,583.51
302.560524791,583.51
302.583910181,583.51
302.613325144,586.95
302.637045226,586.95
302.660358871,586.95
302.683964264,586.95
302.707485623,586.95
302.730491233,586.72
302.753704236,586.72
302.776769623,586.72
302.800347047,586.72
302.824432349,583.72
302.848101358,583.72
302.871215193,583.72
302.894094305,583.72
302.918801598,583.68
302.944910379,583.68
302.968365210,583.68
302.991952394,583.68
303.015242583,583.68
303.038843239,583.18
303.062125236,583.18
303.085319167,583.18
303.108348553,583.18
303.131379315,586.41
303.154545246,586.41
303.178126446,586.41
303.201722559,586.41
303.225195982,586.35
303.248615388,586.35
303.271530916,586.35
303.294268011,586.35
303.317343861,586.35
303.340223389,586.52
303.363342504,586.52
303.385911980,586.52
303.408860725,586.52
303.431291192,582.07
303.453854812,582.07
303.476274527,582.07
303.499070822,582.07
303.523111964,549.58
303.546712940,549.58
303.570098618,549.58
303.593212101,549.58
303.616343184,549.58
303.639906048,548.52
303.663456527,548.52
303.686793437,548.52
303.711107157,548.52
303.734191840,547.09
303.757190313,547.09
303.780585335,547.09
303.804371882,547.09
303.827746487,547.60
303.851184614,547.60
303.874469459,547.60
303.897967842,547.60
303.922055576,547.60
303.945059297,537.87
303.968075883,537.87
303.994185304,537.87
304.018189581,537.87
304.044363419,526.40
304.067767945,526.40
304.091168887,526.40
304.114889097,526.40
304.138629307,525.35
304.162136042,525.35
304.185631162,525.35
304.208770021,525.35
304.231787342,522.76
304.255614433,522.76
304.278766796,522.76
304.302268796,522.76
304.325527144,522.76
304.348603922,523.17
304.372066625,523.17
304.395813683,523.17
304.419188513,523.17
304.442624783,530.59
304.465651193,530.59
304.488799684,530.59
304.513013212,530.59
304.537265332,561.22
304.560788643,561.22
304.583778636,561.22
304.608111877,561.22
304.632144859,562.39
304.655351942,562.39
304.678884182,562.39
304.702078658,562.39
304.725245517,562.39
304.748586906,562.76
304.771763718,562.76
304.795229141,562.76
304.819430956,562.76
304.842275604,565.21
304.865488640,565.21
304.889024335,565.21
304.912884259,565.21
304.936523091,571.48
304.959923713,571.48
304.982860650,571.48
305.005865908,571.48
305.029251298,571.48
305.052841586,585.27
305.076215071,585.27
305.099366507,585.27
305.122993275,585.27
305.146453802,585.37
305.169872120,585.37
305.193282375,585.37
305.216563955,585.37
305.239733311,586.29
305.263179949,586.29
305.286309496,586.29
305.309719302,586.29
305.332846289,586.29
305.355839483,589.47
305.379037414,589.47
305.402425684,589.47
305.425961092,589.47
305.449246032,588.58
305.472280538,588.58
305.495535975,588.58
305.519052854,588.58
305.542514597,588.73
305.566131989,588.73
305.588887836,588.73
305.614617093,588.73
305.639187104,589.98
305.662595215,589.98
305.686077342,589.98
305.709096647,589.98
305.732403252,589.98
305.755584480,590.85
305.778879405,590.85
305.802298971,590.85
305.825734697,590.85
305.848596785,590.72
305.871715292,590.72
305.895264652,590.72
305.918960445,590.72
305.943002067,590.13
305.966020892,590.13
305.988929605,590.13
306.013001883,590.13
306.036628587,590.13
306.060274076,589.10
306.083787820,589.10
306.107032760,589.10
306.132117081,589.10
306.155960684,590.34
306.179585533,590.34
306.202844137,590.34
306.225798066,590.34
306.248940573,588.20
306.272418668,588.20
306.295773626,588.20
306.319368170,588.20
306.342924890,589.68
306.365821666,589.68
306.389233745,589.68
306.412618622,589.68
306.436415089,589.68
306.459904928,588.66
306.483080332,588.66
306.506177814,588.66
306.530062410,588.66
306.554187296,590.34
306.577761936,590.34
306.601029341,590.34
306.624183784,590.34
306.647904826,585.59
306.671392713,585.59
306.694889688,585.59
306.718116196,585.59
306.741269935,585.59
306.764733406,586.97
306.787916490,586.97
306.811354552,586.97
306.835563632,586.97
306.858831612,588.11
306.881875174,588.11
306.905389237,588.11
306.929413547,588.11
306.952941946,587.52
306.976082661,587.52
306.998815596,587.52
307.021955927,587.52
307.045533767,587.52
307.068917845,589.81
307.092108480,589.81
307.115234571,589.81
307.140807026,589.81
307.164364130,588.21
307.188216533,588.21
307.212076617,588.21
307.235249652,588.21
307.258273790,589.37
307.281716556,589.37
307.304902424,589.37
307.328420263,589.37
307.352340700,588.93
307.375335173,588.93
307.398808820,588.93
307.422182818,588.93
307.445605776,588.93
307.468869308,589.64
307.491923398,589.64
307.515175987,589.64
307.538969669,589.64
307.562190833,586.43
307.585675936,586.43
307.608776235,586.43
307.631783188,586.43
307.655471046,591.87
307.679093430,591.87
307.702696071,591.87
307.725975796,591.87
307.749052222,591.87
307.772343883,587.84
307.796632419,587.84
307.819722861,587.84
307.843355998,587.84
307.866688267,588.72
307.889574484,588.72
307.912854528,588.72
307.936831957,588.72
307.960415301,590.22
307.983407823,590.22
308.006756572,590.22
308.029920583,590.22
308.052885872,590.22
308.075720856,583.14
308.098459166,583.14
308.121496040,583.14
308.145127257,583.14
308.168432486,569.42
308.191815316,569.42
308.215479813,569.42
308.239458682,569.42
308.263029994,540.99
308.286663834,540.99
308.310126505,540.99
308.333739994,540.99
308.356914021,540.99
308.379753261,510.43
308.402238576,510.43
308.425257082,510.43
308.449065869,510.43
308.472482555,483.98
308.496029547,483.98
308.519415641,483.98
308.542594980,483.98
308.565641774,485.22
308.589080381,485.22
308.614918407,485.22
308.638406198,485.22
308.662172360,481.67
308.685643607,481.67
308.708998468,481.67
308.732208368,481.67
308.755777280,481.67
308.778846987,485.05
308.801524976,485.05
308.824850430,485.05
308.848253676,485.05
308.871710202,483.66
308.894974151,483.66
308.917908303,483.66
308.941017786,483.66
308.965114224,481.47
308.988440285,481.47
309.011931341,481.47
309.035062359,481.47
309.057992160,481.47
309.081501327,488.33
309.104915582,488.33
309.128342348,488.33
309.151758874,488.33
309.174747332,504.07
309.197989136,504.07
309.221175099,504.07
309.244845901,504.07
309.268888770,534.76
309.292111726,534.76
309.315201529,534.76
309.338908394,534.76
309.362342521,534.76
309.385798535,564.64
309.409205557,564.64
309.432108222,564.64
309.455663406,564.64
309.479038075,590.92
309.502465162,590.92
309.526160219,590.92
309.549599626,590.92
309.572988792,588.66
309.596186211,588.66
309.619361583,588.66
309.642219543,588.66
309.665406562,588.66
309.688370283,588.38
309.711821498,588.38
309.734857668,588.38
309.758588534,588.38
309.781610623,568.41
309.804791723,568.41
309.827609234,568.41
309.851160994,568.41
309.874166860,542.29
309.897689403,542.29
309.920787654,542.29
309.944256948,542.29
309.967744036,542.29
309.991247859,514.75
310.014422174,514.75
310.037609514,514.75
310.060750037,514.75
310.083756446,487.07
310.106539237,487.07
310.129641968,487.07
310.153359618,487.07
310.177249525,457.24
310.200597443,457.24
310.223692525,457.24
310.246450932,457.24
310.269847906,457.24
310.292844043,426.18
310.316672990,426.18
310.340097485,426.18
310.363505627,426.18
310.386839368,398.77
310.410099861,398.77
310.433681317,398.77
310.457172276,398.77
310.480638819,374.57
310.504111666,374.57
310.527547680,374.57
310.550630827,374.57
310.574247483,350.20
310.597669417,350.20
310.620604562,350.20
310.644220387,350.20
310.668033013,350.20
310.691500996,331.70
310.714943059,331.70
310.738569636,331.70
310.762568857,331.70
310.786012583,340.24
310.809632856,340.24
310.832989893,340.24
310.856033775,340.24
310.879320892,367.17
310.902915244,367.17
310.926325594,367.17
310.950099981,367.17
310.973806590,367.17
310.997149068,398.61
311.021071776,398.61
311.044875603,398.61
311.068746502,398.61
311.092715707,422.30
311.116227882,422.30
311.139913628,422.30
311.164445175,422.30
311.188031783,451.20
311.212067676,451.20
311.235575884,451.20
311.258715799,451.20
311.282462281,480.96
311.306356316,480.96
311.332906287,480.96
311.356163035,480.96
311.379532681,504.67
311.403104985,504.67
311.426948492,504.67
311.450294938,504.67
311.474100364,504.67
311.496854099,537.55
311.520271073,537.55
311.543800081,537.55
311.567445826,537.55
311.591180692,562.32
311.614583810,562.32
311.637598283,562.32
311.661116859,562.32
311.685087887,585.40
311.708355740,585.40
311.731490503,585.40
311.754018955,585.40
311.777446649,585.40
311.800799495,587.30
311.824298966,587.30
311.848103337,587.30
311.871814266,587.30
311.895314922,586.48
311.918765528,586.48
311.942169446,586.48
311.966219516,586.48
311.989997486,586.38
312.013091641,586.38
312.036802730,586.38
312.059939222,586.38
312.083379140,586.38
312.106952468,586.72
312.130076671,586.72
312.153393388,586.72
312.177206495,586.72
312.199945093,575.14
312.222635371,575.14
312.246300700,575.14
312.270006638,575.14
312.293482589,559.98
312.317092141,559.98
312.340603997,559.98
312.363660071,559.98
312.387403065,561.52
312.411229324,561.52
312.434932125,561.52
312.459078036,561.52
312.482592963,561.52
312.506365430,561.31
312.530233257,561.31
312.553649559,561.31
312.577819918,561.31
312.601310717,563.33
312.624201958,563.33
312.648024697,563.33
312.672157039,563.33
312.695613726,559.79
312.719446033,559.79
312.742519675,559.79
312.765609062,559.79
312.789013108,559.79
312.812381025,562.16
312.835742671,562.16
312.858727288,562.16
312.881542720,562.16
312.904664267,562.74
312.928128153,562.74
312.951424902,562.74
312.975018358,562.74
312.998102145,562.09
313.021617968,562.09
313.045346946,562.09
313.068907442,562.09
313.092389985,562.89
313.115761455,562.89
313.138640791,562.89
313.161689121,562.89
313.185011950,562.89
313.208263130,576.54
313.231665769,576.54
313.254840884,576.54
313.278592646,576.54
313.302726077,591.37
313.326143563,591.37
313.349790396,591.37
313.372801829,591.37
313.395467339,590.32
313.418682839,590.32
313.442115269,590.32
313.465577300,590.32
313.488864417,590.32
313.512068461,592.33
313.535611004,592.33
313.559003210,592.33
313.582498426,592.33
313.608119457,593.54
313.631298125,593.54
313.654378391,593.54
313.677712484,593.54
313.701187283,594.89
313.724876005,594.89
313.748180370,594.89
313.771543423,594.89
313.795369586,594.89
313.818898722,594.84
313.842380337,594.84
313.865735486,594.84
313.889044555,594.84
313.912167062,595.32
313.935522500,595.32
313.958749392,595.32
313.982817446,595.32
314.006115027,595.98
314.029595202,595.98
314.053129969,595.98
314.076480863,595.98
314.099805708,595.98
314.123183386,597.73
314.145862847,597.73
314.168945386,597.73
314.192455481,597.73
314.215900232,598.08
314.239558873,598.08
314.262521282,598.08
314.285871503,598.08
314.309267421,599.89
314.332672267,599.89
314.356239419,599.89
314.379458215,599.89
314.402325071,599.89
314.425812062,600.22
314.449157484,600.22
314.480805881,600.22
314.504436394,598.29
314.527857400,598.29
314.551224006,598.29
314.574805238,598.29
314.598220132,598.29
314.622126520,598.63
314.645178338,598.63
314.668631505,598.63
314.693089579,598.63
314.716760348,598.82
314.740495726,598.82
314.763645177,598.82
314.786868677,598.82
314.810583319,599.10
314.833946341,599.10
314.857230545,599.10
314.880892675,599.10
314.904029134,599.10
314.927430652,599.58
314.950736745,599.58
314.974272760,599.58
314.997963082,599.58
315.021361240,599.28
315.044460706,599.28
315.068061555,599.28
315.091726212,599.28
315.115155314,596.57
315.138754947,596.57
315.161729164,596.57
315.184688565,596.57
315.208054338,596.57
315.231698003,592.48
315.255124258,592.48
315.278315885,592.48
315.300966739,592.48
315.324404417,591.63
315.347921649,591.63
315.371614146,591.63
315.395515766,591.63
315.418819491,592.49
315.441873453,592.49
315.465724320,592.49
315.489100846,592.49
315.512699070,590.69
315.536251022,590.69
315.559557403,590.69
315.583349678,590.69
315.608926613,590.69
315.632519973,588.29
315.656137398,588.29
315.679811815,588.29
315.703239093,588.29
315.727311915,587.03
315.750885179,587.03
315.774441099,587.03
315.798044732,587.03
315.821540299,586.79
315.845414302,586.79
315.868865165,586.79
315.892179514,586.79
315.915925868,586.08
315.939517020,586.08
315.962672712,586.08
315.986779230,586.08
316.010379022,586.08
316.033970591,584.19
316.057620559,584.19
316.081038430,584.19
316.104441580,584.19
316.128195998,585.57
316.151392650,585.57
316.175099067,585.57
316.198311911,585.57
316.221204079,585.81
316.244819200,585.81
316.268280591,585.81
316.291542427,585.81
316.315119019,585.81
316.338111381,586.84
316.361196255,586.84
316.384423019,586.84
316.408312447,586.84
316.431958640,585.70
316.455379262,585.70
316.478502089,585.70
316.502128922,585.70
316.525752522,585.77
316.549119576,585.77
316.572473478,585.77
316.595545360,585.77
316.619002302,585.77
316.642527406,588.93
316.666539427,588.93
316.689954577,588.93
316.713384064,588.93
316.736495403,590.67
316.759750071,590.67
316.783000291,590.67
316.806256208,590.67
316.830065891,590.29
316.853209710,590.29
316.876358521,590.29
316.899816808,590.29
316.923770268,589.78
316.947413581,589.78
316.970430966,589.78
316.993337631,589.78
317.016713101,589.78
317.040084634,591.33
317.063268678,591.33
317.086750357,591.33
317.110062434,591.33
317.134068855,589.84
317.157826089,589.84
317.180976693,589.84
317.204771399,589.84
317.228856509,592.65
317.251714789,592.65
317.274937361,592.65
317.298582146,592.65
317.321896367,592.65
317.345606433,590.69
317.368572682,590.69
317.391688756,590.69
317.416158959,590.69
317.439550973,589.96
317.463120941,589.96
317.486231672,589.96
317.509801608,589.96
317.533015731,590.08
317.555971164,590.08
317.578796580,590.08
317.601951823,590.08
317.627899067,590.08
317.651603980,586.77
317.675326206,586.77
317.698688812,586.77
317.722198683,586.77
317.745668362,557.67
317.769336827,557.67
317.792933707,557.67
317.816787263,557.67
317.840154924,532.68
317.863455833,532.68
317.886801991,532.68
317.910155924,532.68
317.934126633,502.88
317.957681625,502.88
317.981539404,502.88
318.005337791,502.88
318.028848078,502.88
318.052093882,484.23
318.075866541,484.23
318.099358044,484.23
318.123011469,484.23
318.146332122,482.43
318.170200078,482.43
318.193345593,482.43
318.216832264,482.43
318.240045396,479.88
318.263386497,479.88
318.286754159,479.88
318.309995003,479.88
318.332990308,479.88
318.356059151,483.36
318.378877078,483.36
318.401994593,483.36
318.425063563,483.36
318.448364120,483.62
318.471567524,483.62
318.494875473,483.62
318.518362272,483.62
318.541783758,475.32
318.565174396,475.32
318.588198374,475.32
318.615321087,475.32
318.639742873,475.79
318.662964005,475.79
318.686836536,475.79
318.710371336,475.79
318.733886071,475.79
318.756864448,500.85
318.779920587,500.85
318.802927700,500.85
318.827077291,500.85
318.850608762,525.92
318.873877575,525.92
318.897395542,525.92
318.921357355,525.92
318.944844186,544.49
318.968044870,544.49
318.991635350,544.49
319.014837954,544.49
319.038208144,544.49
319.061906241,564.86
319.085463345,564.86
319.108678397,564.86
319.132014666,564.86
319.155044596,571.72
319.178408546,571.72
319.202414615,571.72
319.226021223,571.72
319.249879931,569.24
319.273420394,569.24
319.296596982,569.24
319.319847682,569.24
319.343763350,568.68
319.367272741,568.68
319.390315375,568.68
319.413404570,568.68
319.436839496,568.68
319.461172033,563.16
319.484295788,563.16
319.507433943,563.16
319.530408224,563.16
319.553744142,577.21
319.577720514,577.21
319.601269426,577.21
319.624513950,577.21
319.648256432,575.17
319.671764480,575.17
319.695029420,575.17
319.718646269,575.17
319.742424943,575.17
319.765478873,579.35
319.788871719,579.35
319.812247797,579.35
319.836529965,579.35
319.859722169,578.46
319.882718146,578.46
319.905647339,578.46
319.928398098,578.46
319.951961026,582.61
319.975210894,582.61
319.998459674,582.61
320.022172460,582.61
320.045483897,582.61
320.068807334,583.37
320.092271093,583.37
320.115849669,583.37
320.139235155,583.37
320.162331550,584.95
320.185542890,584.95
320.209757569,584.95
320.233501267,584.95
320.257430695,585.62
320.280456721,585.62
320.303516475,585.62
320.326353795,585.62
320.349381837,583.44
320.372373494,583.44
320.395113180,583.44
320.418517162,583.44
320.441814071,583.44
320.465485641,570.22
320.488536499,570.22
320.511505532,570.22
320.534589766,570.22
320.557676689,541.49
320.580918077,541.49
320.604333451,541.49
320.627602712,541.49
320.651150887,515.01
320.674524917,515.01
320.698486058,515.01
320.722060602,515.01
320.746014414,515.01
320.769540702,485.98
320.793195887,485.98
320.816582141,485.98
320.840319791,485.98
320.863932223,460.94
320.887411086,460.94
320.910136052,460.94
320.932723673,460.94
320.955964869,460.94
320.979118257,424.43
321.002750625,424.43
321.025957709,424.43
321.049828641,424.43
321.073050765,423.74
321.096083895,423.74
321.119585478,423.74
321.142941299,423.74
321.166179712,418.86
321.189398668,418.86
321.212994940,418.86
321.236704398,418.86
321.261394283,416.39
321.284852281,416.39
321.308258183,416.39
321.331695382,416.39
321.355118116,416.39
321.378463346,415.92
321.402141955,415.92
321.425148493,415.92
321.448507450,415.92
321.471924456,428.83
321.495922941,428.83
321.519359244,428.83
321.543184383,428.83
321.567166868,453.43
321.590731396,453.43
321.615536482,453.43
321.639170355,453.43
321.662552993,486.23
321.685759948,486.23
321.709198075,486.23
321.732871852,486.23
321.756177817,486.23
321.779555847,507.15
321.802461775,507.15
321.828643486,507.15
321.852078124,507.15
321.875618108,534.47
321.898843592,534.47
321.922271094,534.47
321.945691909,534.47
321.969572568,576.77
321.992575682,576.77
322.015512106,576.77
322.038740726,576.77
322.061811265,580.49
322.085213743,580.49
322.108931297,580.49
322.132092332,580.49
322.155474842,580.49
322.178956105,573.14
322.202087796,573.14
322.225270175,573.14
322.248631053,573.14
322.272039163,577.03
322.295141222,577.03
322.318434803,577.03
322.342303238,577.03
322.366379260,578.94
322.389706921,578.94
322.413102967,578.94
322.436514117,578.94
322.459359053,578.94
322.482393687,580.65
322.505576867,580.65
322.528655853,580.65
322.552059387,580.65
322.575828877,582.71
322.599630848,582.71
322.622738059,582.71
322.646469853,582.71
322.669912011,577.42
322.693094807,577.42
322.716467045,577.42
322.739659664,577.42
322.762731035,577.42
322.785840133,581.95
322.809248691,581.95
322.833042182,581.95
322.856895257,581.95
322.880537418,581.69
322.903833847,581.69
322.927605225,581.69
322.951176538,581.69
322.974468518,584.65
322.997635794,584.65
323.021035488,584.65
323.044093002,584.65
323.068035102,584.65
323.091912786,581.70
323.115528482,581.70
323.139123475,581.70
323.162722595,581.70
323.186194322,586.56
323.209580064,586.56
323.233028079,586.56
323.256465117,586.56
323.279804554,587.87
323.303244217,587.87
323.326895498,587.87
323.350385689,587.87
323.374490223,589.40
323.397488985,589.40
323.420829190,589.40
323.444185172,589.40
323.467555425,589.40
323.491217907,589.17
323.514711906,589.17
323.537968622,589.17
323.561302939,589.17
323.584721866,590.39
323.608381307,590.39
323.631383972,590.39
323.654622896,590.39
323.678498628,594.46
323.702093940,594.46
323.725906695,594.46
323.749892380,594.46
323.773214121,594.46
323.796941051,594.73
323.820921936,594.73
323.844392959,594.73
323.868233458,594.73
323.892265223,595.86
323.915787831,595.86
323.939110564,595.86
323.962467890,595.86
323.986043618,596.05
324.009346255,596.05
324.032829406,596.05
324.056378765,596.05
324.080286465,597.89
324.103348236,597.89
324.126423958,597.89
324.149607297,597.89
324.173194866,597.89
324.196125914,595.66
324.219264997,595.66
324.242134669,595.66
324.264910516,595.66
324.288092160,594.34
324.311061353,594.34
324.333568269,594.34
324.355932367,594.34
324.378474387,594.34
324.401907745,548.63
324.425328624,548.63
324.448145239,548.63
324.471577830,548.63
324.494557167,547.32
324.517674746,547.32
324.540943558,547.32
324.564404949,547.32
324.587859684,542.73
324.615115358,542.73
324.638494220,542.73
324.661412821,542.73
324.685013445,543.31
324.708331506,543.31
324.732030756,543.31
324.755017197,543.31
324.777964822,543.31
324.801567302,541.02
324.824974100,541.02
324.848280993,541.02
324.872375096,541.02
324.895391489,540.08
324.918710094,540.08
324.941932250,540.08
324.965999312,540.08
324.989592448,542.19
325.012760428,542.19
325.035678516,542.19
325.059214532,542.19
325.082739571,542.19
325.106117025,540.91
325.129749106,540.91
325.152555097,540.91
325.175850470,540.91
325.198915280,543.70
325.222582818,543.70
325.246248915,543.70
325.269603296,543.70
325.292786700,543.16
325.316482045,543.16
325.339907404,543.16
325.363354810,543.16
325.386873226,543.16
325.410281336,591.38
325.433787975,591.38
325.457175669,591.38
325.480657732,591.38
325.504113555,589.91
325.527338687,589.91
325.550265096,589.91
325.573261329,589.91
325.597181989,593.04
325.620249199,593.04
325.643261625,593.04
325.666159329,593.04
325.689506383,586.37
325.712644026,586.37
325.735449217,586.37
325.758486731,586.37
325.781765272,586.37
325.804892994,559.75
325.828430194,559.75
325.851617022,559.75
325.874719272,559.75
325.897436463,530.14
325.920377303,530.14
325.943372129,530.14
325.966499884,530.14
325.990011803,530.14
326.013706061,500.76
326.037207676,500.76
326.060440584,500.76
326.083962167,500.76
326.107459335,473.21
326.131281210,473.21
326.154819177,473.21
326.178371737,473.21
326.202221900,446.63
326.225358103,446.63
326.249053289,446.63
326.272903036,446.63
326.296714895,433.17
326.320387936,433.17
326.343687117,433.17
326.367329054,433.17
326.390827789,433.17
326.414812898,430.77
326.437957997,430.77
326.460907318,430.77
326.484486214,430.77
326.507880596,428.81
326.531041376,428.81
326.554361933,428.81
326.577940477,428.81
326.600846917,429.16
326.623890959,429.16
326.647304286,429.16
326.670504265,429.16
326.694055833,429.16
326.717050275,437.57
326.740460241,437.57
326.763593340,437.57
326.787043626,437.57
326.810482457,462.45
326.833866727,462.45
326.857026866,462.45
326.880799493,462.45
326.904052753,490.70
326.927756482,490.70
326.951193329,490.70
326.974156602,490.70
326.997359014,490.70
327.020650163,518.48
327.044141474,518.48
327.067561808,518.48
327.090919582,518.48
327.114153674,553.09
327.137574936,553.09
327.160827621,553.09
327.184830170,553.09
327.208211655,580.91
327.231696023,580.91
327.254851234,580.91
327.278081870,580.91
327.301252633,580.91
327.324612519,595.40
327.347734770,595.40
327.370696283,595.40
327.394213194,595.40
327.417763546,596.97
327.441114056,596.97
327.464524118,596.97
327.487574464,596.97
327.510845260,599.66
327.534069913,599.66
327.557241860,599.66
327.580789396,599.66
327.604188610,599.66
327.626910344,600.95
327.650370583,600.95
327.673742981,600.95
327.697104210,600.95
327.720794852,601.23
327.743875342,601.23
327.766805143,601.23
327.790371879,601.23
327.813676148,600.50
327.837059970,600.50
327.860233741,600.50
327.883126869,600.50
327.906499459,600.50
327.929933970,599.97
327.953142142,599.97
327.976269864,599.97
327.999332275,599.97
328.022316092,599.91
328.045301925,599.91
328.068284078,599.91
328.091886975,599.91
328.115086315,585.09
328.138961438,585.09
328.162483342,585.09
328.185870460,585.09
328.209342955,585.09
328.233047004,556.98
328.257002193,556.98
328.280597793,556.98
328.304128081,556.98
328.327262940,526.80
328.349837152,526.80
328.372152706,526.80
328.395199468,526.80
328.418522873,491.31
328.442222698,491.31
328.465440790,491.31
328.488958694,491.31
328.512281651,491.31
328.535477823,493.46
328.559050927,493.46
328.582246779,493.46
328.609119953,493.46
328.632806370,489.45
328.656167792,489.45
328.679691615,489.45
328.703622452,489.45
328.727162339,488.09
328.750438448,488.09
328.773773661,488.09
328.797038858,488.09
328.820710459,484.32
328.844355820,484.32
328.867765242,484.32
328.891236745,484.32
328.914798489,484.32
328.938313928,486.31
328.961828472,486.31
328.985225606,486.31
329.008418034,486.31
329.031392699,486.46
329.054434885,486.46
329.078157911,486.46
329.101679366,486.46
329.124930386,493.58
329.147672793,493.58
329.180607029,493.58
329.204205189,493.58
329.227570899,507.30
329.251214468,507.30
329.274600914,507.30
329.297587899,507.30
329.321811923,531.88
329.345419043,531.88
329.368610479,531.88
329.392273056,531.88
329.415517036,531.88
329.438690040,571.40
329.462840110,571.40
329.485962041,571.40
329.510065712,571.40
329.533549503,570.85
329.556450279,570.85
329.579626706,570.85
329.603367908,570.85
329.626589201,571.44
329.650413731,571.44
329.673360876,571.44
329.696395638,571.44
329.719866245,571.44
329.743258355,572.50
329.766470847,572.50
329.789949262,572.50
329.812951032,572.50
329.836350022,573.68
329.859820244,573.68
329.883347300,573.68
329.907221496,573.68
329.930217441,573.90
329.953525006,573.90
329.976669561,573.90
330.000027335,573.90
330.023589207,574.73
330.047630700,574.73
330.070396499,574.73
330.093672576,574.73
330.117009101,574.73
330.140578941,586.53
330.164305903,586.53
330.187729469,586.53
330.211356654,586.53
330.237780735,591.91
330.261645202,591.91
330.285553446,591.91
330.310005505,591.91
330.333816211,591.82
330.357627462,591.82
330.381387608,591.82
330.405288876,591.82
330.430151819,595.68
330.453566778,595.68
330.476803302,595.68
330.500291381,595.68
330.523630114,595.68
330.547285779,594.00
330.570817187,594.00
330.594090480,594.00
330.618057252,594.00
330.641465010,596.03
330.664885473,596.03
330.688388912,596.03
330.712123362,596.03
330.735355822,596.22
330.758995327,596.22
330.782558159,596.22
330.806121983,596.22
330.829743759,596.22
330.852627064,597.97
330.876053798,597.97
330.899622838,597.97
330.923085189,597.97
330.946556756,595.84
330.969872577,595.84
330.992721001,595.84
331.016325401,595.84
331.039890793,595.32
331.063356504,595.32
331.087088458,595.32
331.110208661,595.32
331.133877798,592.96
331.157326901,592.96
331.180805028,592.96
331.204155569,592.96
331.227755873,592.96
331.250930861,599.21
331.279194131,599.21
331.302778435,599.21
331.326711512,599.21
331.350341256,597.07
331.373948569,597.07
331.397164101,597.07
331.420910935,597.07
331.444925836,594.53
331.468329274,594.53
331.491669512,594.53
331.514657073,594.53
331.538880617,594.56
331.562259606,594.56
331.585516547,594.56
331.609810843,594.56
331.633056231,594.56
331.656473334,593.44
331.680503243,593.44
331.703852153,593.44
331.727401768,593.44
331.750855703,593.41
331.774092547,593.41
331.797757396,593.41
331.821604392,593.41
331.844773043,592.05
331.868644967,592.05
331.891808562,592.05
331.914795099,592.05
331.938875569,592.05
331.962363328,591.26
331.985702606,591.26
332.008937786,591.26
332.032340072,591.26
332.055611605,592.37
332.078666335,592.37
332.102026604,592.37
332.125572764,592.37
332.149406991,594.60
332.172590683,594.60
332.196963956,594.60
332.220578981,594.60
332.244957054,593.45
332.268309868,593.45
332.291288341,593.45
332.314776100,593.45
332.338210963,593.45
332.361426718,594.26
332.385417139,594.26
332.408564639,594.26
332.432737238,594.26
332.456336806,597.13
332.479916246,597.13
332.503522791,597.13
332.527179640,597.13
332.550253218,598.23
332.574114933,598.23
332.597608741,598.23
332.620966418,598.23
332.644586499,598.23
332.667968977,600.78
332.690911642,600.78
332.715110993,600.78
332.738611168,600.78
332.762294321,600.40
332.785935170,600.40
332.808921868,600.40
332.832413531,600.40
332.856046380,601.01
332.879355129,601.01
332.903041130,601.01
332.926352567,601.01
332.949926183,599.21
332.972966065,599.21
332.996097052,599.21
333.019163878,599.21
333.042157104,599.21
333.065691871,601.26
333.089567219,601.26
333.113524616,601.26
333.137612605,601.26
333.161345263,592.52
333.185045441,592.52
333.208465487,592.52
333.232213281,592.52
333.255724145,592.90
333.279400834,592.90
333.302875153,592.90
333.326447937,592.90
333.350186195,589.31
333.379337252,589.31
333.402734834,589.31
333.426336450,589.31
333.450024179,589.31
333.473365505,590.47
333.497114387,590.47
333.520684963,590.47
333.544256723,590.47
333.567533664,589.22
333.590755276,589.22
333.615319111,589.22
333.638590164,589.22
333.662247557,588.98
333.685276815,588.98
333.708743166,588.98
333.732107531,588.98
333.755892638,588.47
333.779515695,588.47
333.802567001,588.47
333.825842213,588.47
333.849919227,588.47
333.873623437,586.82
333.897458112,586.82
333.921164562,586.82
333.944856195,586.82
333.968409811,590.42
333.991882370,590.42
334.015560851,590.42
334.039292965,590.42
334.063017527,590.07
334.086391877,590.07
334.109823891,590.07
334.133111616,590.07
334.156697936,597.22
334.180547523,597.22
334.203705679,597.22
334.227139517,597.22
334.250886447,597.22
334.273966778,597.94
334.297556650,597.94
334.320682421,597.94
334.343454492,597.94
334.367103725,599.17
334.390024309,599.17
334.412944030,599.17
334.436111305,599.17
334.459270037,599.75
334.482343327,599.75
334.505190343,599.75
334.528007022,599.75
334.551102233,599.75
334.574025537,583.50
334.597027883,583.50
334.620191670,583.50
334.643521699,583.50
334.666663886,556.41
334.689889210,556.41
334.713140519,556.41
334.736400083,556.41
334.759888514,556.41
334.783576276,530.94
334.807020994,530.94
334.830526994,530.94
334.854292100,530.94
334.877670546,509.52
334.901285186,509.52
334.924512335,509.52
334.948069375,509.52
334.971536621,486.57
334.994538071,486.57
335.017481504,486.57
335.040999183,486.57
335.063823159,457.78
335.086270010,457.78
335.109015264,457.78
335.132538640,457.78
335.156004766,457.78
335.179422541,439.29
335.202569080,439.29
335.226014215,439.29
335.248869678,439.29
335.272377246,441.85
335.296446708,441.85
335.320194822,441.85
335.344299836,441.85
335.368852791,443.11
335.392456456,443.11
335.415914711,443.11
335.439248676,443.11
335.463036470,443.11
335.487503921,442.85
335.510586171,442.85
335.534370446,442.85
335.558166017,442.85
335.581644239,457.63
335.608397892,457.63
335.631777330,457.63
335.655250177,457.63
335.678978227,487.80
335.702506851,487.80
335.725931313,487.80
335.749334079,487.80
335.772327720,512.31
335.795752791,512.31
335.818957155,512.31
335.842352721,512.31
335.866106595,512.31
335.889332367,536.37
335.912471290,536.37
335.936494863,536.37
335.959922558,536.37
335.983459693,556.47
336.007020669,556.47
336.030102568,556.47
336.053208211,556.47
336.076139579,575.43
336.099389672,575.43
336.122539219,575.43
336.145808319,575.43
336.169148333,575.43
336.192218263,595.28
336.215064927,595.28
336.238055752,595.28
336.261330773,595.28
336.284270974,568.46
336.307349352,568.46
336.330835639,568.46
336.354175844,568.46
336.377587379,547.14
336.400729054,547.14
336.424003946,547.14
336.447258679,547.14
336.470495555,547.14
336.493844945,529.58
336.517105309,529.58
336.540599820,529.58
336.563391315,529.58
336.585842934,501.06
336.611461662,501.06
336.634833420,501.06
336.658203418,501.06
336.681115618,482.88
336.704886005,482.88
336.728238114,482.88
336.751400973,482.88
336.774879772,482.88
336.798492141,482.61
336.821840634,482.61
336.845489003,482.61
336.868755256,482.61
336.892096485,479.50
336.915346034,479.50
336.938497981,479.50
336.961891051,479.50
336.984911413,484.17
337.007677947,484.17
337.031133450,484.17
337.054541528,484.17
337.077678627,484.17
337.101220467,481.67
337.124395455,481.67
337.147694028,481.67
337.171369693,481.67
337.195094351,485.43
337.218516125,485.43
337.242173166,485.43
337.265130071,485.43
337.289778580,514.50
337.313247170,514.50
337.336673425,514.50
337.360121024,514.50
337.384081940,537.60
337.407232735,537.60
337.430406923,537.60
337.453729432,537.60
337.477085766,537.60
337.500669846,556.66
337.523573854,556.66
337.546497575,556.66
337.569707443,556.66
337.592724412,587.85
337.616060234,587.85
337.639198229,587.85
337.662191838,587.85
337.686363733,597.09
337.709604578,597.09
337.732796717,597.09
337.755954361,597.09
337.779184293,597.09
337.802374064,592.07
337.825342905,592.07
337.848234210,592.07
337.871498862,592.07
337.894817979,589.23
337.918761616,589.23
337.942047613,589.23
337.965392650,589.23
337.988881593,584.19
338.011905411,584.19
338.035275089,584.19
338.058229530,584.19
338.081363269,584.19
338.104413999,583.32
338.127588762,583.32
338.151317388,583.32
338.175099935,583.32
338.198408364,580.24
338.221978268,580.24
338.245281225,580.24
338.269424543,580.24
338.292645483,580.18
338.315762806,580.18
338.338717279,580.18
338.361894155,580.18
338.385545020,580.18
338.409336046,578.75
338.432487993,578.75
338.455949416,578.75
338.479360758,578.75
338.502707876,575.72
338.525885103,575.72
338.549095323,575.72
338.572691692,575.72
338.595749654,577.17
338.619665354,577.17
338.643396316,577.17
338.666921003,577.17
338.690070167,577.17
338.713802505,579.45
338.737354552,579.45
338.760526788,579.45
338.784065204,579.45
338.807492930,586.35
338.830738446,586.35
338.853772632,586.35
338.877337064,586.35
338.901744770,588.22
338.925362098,588.22
338.948659935,588.22
338.972343665,588.22
338.996101635,592.75
339.019450865,592.75
339.043087009,592.75
339.066414415,592.75
339.089365016,592.75
339.112615588,595.41
339.136193588,595.41
339.160315659,595.41
339.183639640,595.41
339.207088806,595.72
339.230879577,595.72
339.253878082,595.72
339.277291473,595.72
339.300817984,597.27
339.324288047,597.27
339.347317689,597.27
339.369921470,597.27
339.393167274,597.27
339.416087891,597.66
339.439260606,597.66
339.462418474,597.66
339.485442227,597.66
339.508377788,596.11
339.531694121,596.11
339.554647666,596.11
339.577512282,596.11
339.600723622,566.35
339.623710351,566.35
339.646575159,566.35
339.669561665,566.35
339.726717204,566.35
339.749802431,531.46
339.773366319,531.46
339.796756893,531.46
339.819849735,531.46
339.842974162,505.01
339.866047389,505.01
339.889149735,505.01
339.912771096,505.01
339.936278759,477.03
339.959596788,477.03
339.982801536,477.03
340.006151182,477.03
340.029557628,477.03
340.052858153,451.45
340.075916307,451.45
340.099083806,451.45
340.122549197,451.45
340.146076989,433.33
340.168885412,433.33
340.191910062,433.33
340.215151674,433.33
340.239009870,415.16
340.262148249,415.16
340.284592316,415.16
340.307231649,415.16
340.330513870,415.16
340.354119326,375.50
340.377587821,375.50
340.400896506,375.50
340.424855215,375.50
340.448187708,377.24
340.471730860,377.24
340.495261051,377.24
340.518779883,377.24
340.542336123,391.49
340.565890763,391.49
340.589110615,391.49
340.620684259,391.49
340.644191346,416.36
340.667828003,416.36
340.691410131,416.36
340.714569887,416.36
340.737812779,445.81
340.761144600,445.81
340.784476838,445.81
340.810227247,445.81
340.833698334,445.81
340.856709224,473.34
340.879847859,473.34
340.902996062,473.34
340.926894898,473.34
340.950425601,498.73
340.974025842,498.73
340.997316191,498.73
341.020913903,498.73
341.044045978,520.60
341.067532233,520.60
341.090723189,520.60
341.113574044,520.60
341.136774344,542.96
341.160235351,542.96
341.183600165,542.96
341.207032147,542.96
341.230357056,542.96
341.253587469,562.64
341.277002715,562.64
341.300938031,562.64
341.324368030,562.64
341.347867661,597.03
341.370922743,597.03
341.394190532,597.03
341.417383247,597.03
341.440405273,601.20
341.464006761,601.20
341.487237078,601.20
341.510499458,601.20
341.534056338,601.20
341.557406751,599.60
341.580751277,599.60
341.604305981,599.60
341.627317254,599.60
341.650767925,601.77
341.674246404,601.77
341.697858709,601.77
341.721611975,601.77
341.744909332,603.37
341.768064991,603.37
341.791328748,603.37
341.814998941,603.37
341.838277066,602.15
341.864252149,602.15
341.887511042,602.15
341.910547436,602.15
341.934904389,602.15
341.958156017,602.54
341.981899267,602.54
342.004943949,602.54
342.028396828,602.54
342.051907115,602.94
342.075165240,602.94
342.098849097,602.94
342.122529723,602.94
342.145941097,603.45
342.168865746,603.45
342.191754842,603.45
342.214802596,603.45
342.237918735,600.42
342.261006649,600.42
342.284118660,600.42
342.307087949,600.42
342.330348633,600.42
342.353442340,588.26
342.376626672,588.26
342.399843516,588.26
342.423285578,588.26
342.446264691,568.61
342.469546720,568.61
342.492623147,568.61
342.515811414,568.61
342.539252933,552.57
342.563439996,552.57
342.586633544,552.57
342.614843053,552.57
342.638221915,532.79
342.661572105,532.79
342.684607923,532.79
342.708025409,532.79
342.731594129,532.79
342.755511237,522.05
342.779079285,522.05
342.802506372,522.05
342.825672527,522.05
342.849200414,523.65
342.873010609,523.65
342.896158301,523.65
342.919891886,523.65
342.943190971,522.12
342.966454056,522.12
342.989722357,522.12
343.013509447,522.12
343.036778228,522.12
343.060161730,523.79
343.083760402,523.79
343.107352706,523.79
343.131048564,523.79
343.154231679,521.18
343.178028338,521.18
343.201134077,521.18
343.224965104,521.18
343.248209244,519.61
343.272050191,519.61
343.295175834,519.61
343.318693322,519.61
343.342325147,519.61
343.366030828,537.18
343.389323577,537.18
343.412639142,537.18
343.436358648,537.18
343.459563716,557.00
343.482539725,557.00
343.505612439,557.00
343.529194952,557.00
343.553337182,573.76
343.576371400,573.76
343.599920312,573.76
343.623626826,573.76
343.647709376,573.76
343.671251567,587.46
343.694802527,587.46
343.717820425,587.46
343.741161206,587.46
343.764316002,595.18
343.787889650,595.18
343.811273792,595.18
343.834351946,595.18
343.857928346,595.37
343.881400425,595.37
343.904602997,595.37
343.927760032,595.37
343.953047300,594.17
343.975931116,594.17
343.999187577,594.17
344.022345188,594.17
344.045955477,594.17
344.069150816,596.45
344.092180266,596.45
344.115569144,596.45
344.139020167,596.45
344.162506550,597.17
344.186057670,597.17
344.209468948,597.17
344.232428797,597.17
344.255597992,599.16
344.279123448,599.16
344.302394853,599.16
344.326216696,599.16
344.349488740,599.16
344.373230166,598.16
344.396511171,598.16
344.419891313,598.16
344.443098013,598.16
344.466462538,600.74
344.489559733,600.74
344.512227195,600.74
344.534907553,600.74
344.557281763,567.48
344.579737158,567.48
344.603172116,567.48
344.626782533,567.48
344.649941648,567.48
344.673517568,555.01
344.696774029,555.01
344.719964601,555.01
344.743855404,555.01
344.767492957,555.47
344.790776490,555.47
344.814033814,555.47
344.837265347,555.47
344.859894664,554.61
344.882739152,554.61
344.905532791,554.61
344.928530112,554.61
344.951617131,554.61
344.974552019,556.83
344.999201456,556.83
345.021905654,556.83
345.044521915,556.83
345.066903709,520.09
345.089684388,520.09
345.112936497,520.09
345.136569505,520.09
345.160339252,504.34
345.184071526,504.34
345.207358611,504.34
345.230515966,504.34
345.253801451,504.34
345.277205913,506.32
345.300574119,506.32
345.324376985,506.32
345.348023626,506.32
345.371209686,503.30
345.394478883,503.30
345.418031602,503.30
345.441821893,503.30
345.465566967,502.12
345.488798595,502.12
345.512066192,502.12
345.535338300,502.12
345.558900428,502.12
345.582492125,527.29
345.611601101,527.29
345.634748376,527.29
345.658017093,527.29
345.681028302,548.01
345.704236730,548.01
345.727223107,548.01
345.750663666,548.01
345.773720764,546.86
345.796711589,546.86
345.819765008,546.86
345.843157374,546.86
345.866549548,533.82
345.889702423,533.82
345.912924995,533.82
345.936122479,533.82
345.959472892,533.82
345.982701640,505.90
346.014933789,505.90
346.038443628,505.90
346.062150910,505.90
346.085557388,511.15
346.108862809,511.15
346.131898307,511.15
346.155406514,511.15
346.178572701,507.81
346.201957291,507.81
346.225518299,507.81
346.248831656,507.81
346.272467801,489.54
346.295773094,489.54
346.319049363,489.54
346.342348736,489.54
346.365780974,489.54
346.388950522,473.89
346.411566943,473.89
346.433813024,473.89
346.456506502,473.89
346.480039509,435.57
346.503746791,435.57
346.527325879,435.57
346.551038889,435.57
346.574728282,439.22
346.598363019,439.22
346.622559010,439.22
346.646090226,439.22
346.670384618,439.22
346.694082076,438.35
346.717061893,438.35
346.740975929,438.35
346.764904301,438.35
346.788834818,442.52
346.812791382,442.52
346.836629129,442.52
346.860233082,442.52
346.884048301,457.92
346.907736222,457.92
346.931460816,457.92
346.955715432,457.92
346.979514235,482.83
347.003012970,482.83
347.026455961,482.83
347.050043881,482.83
347.074330017,507.50
347.097913745,507.50
347.121319424,507.50
347.144726638,507.50
347.168431231,507.50
347.191604747,525.39
347.215151771,525.39
347.238118980,525.39
347.261600851,525.39
347.285047426,544.48
347.308197037,544.48
347.331847934,544.48
347.355462766,544.48
347.378540697,568.53
347.401968775,568.53
347.425069874,568.53
347.448125916,568.53
347.471893582,568.53
347.494772278,604.91
347.517803968,604.91
347.541021580,604.91
347.564526428,604.91
347.588041387,605.58
347.613062284,605.58
347.636809118,605.58
347.660256493,605.58
347.684300418,605.65
347.707556431,605.65
347.731168223,605.65
347.753928870,605.65
347.777123666,605.78
347.800406398,605.78
347.824098864,605.78
347.847471614,605.78
347.870836395,605.78
347.893616626,609.02
347.916919263,609.02
347.940543248,609.02
347.963931870,609.02
347.987567727,604.96
348.010772635,604.96
348.033904422,604.96
348.057172882,604.96
348.081405962,605.53
348.104714039,605.53
348.128373384,605.53
348.151654005,605.53
348.174914337,605.53
348.198522802,604.02
348.221559580,604.02
348.245053323,604.02
348.268453753,604.02
348.291171935,605.74
348.314087816,605.74
348.337017073,605.74
348.359994714,605.74
348.383647659,603.15
348.406622452,603.15
348.429222457,603.15
348.451554075,603.15
348.474120223,603.15
348.497091304,574.93
348.520004209,574.93
348.542805048,574.93
348.565779041,574.93
348.588587624,560.98
348.614342834,560.98
348.637447485,560.98
348.660443622,560.98
348.683762259,542.60
348.707026496,542.60
348.730491503,542.60
348.753827676,542.60
348.777302251,542.60
348.800955644,521.90
348.824309034,521.90
348.847515765,521.90
348.870868707,521.90
348.893960269,506.80
348.916909686,506.80
348.940452070,506.80
348.963459920,506.80
348.986185814,483.78
349.008536952,483.78
349.031833093,483.78
349.055283508,483.78
349.078758275,483.78
349.101862701,463.85
349.125283292,463.85
349.148452103,463.85
349.171738804,463.85
349.196318608,461.72
349.220003969,461.72
349.243377263,461.72
349.266654684,461.72
349.290193227,460.78
349.313910781,460.78
349.337142793,460.78
349.360187219,460.78
349.383774756,460.78
349.406859854,461.39
349.429961721,461.39
349.454231889,461.39
349.478616042,461.39
349.502442173,490.73
349.526296945,490.73
349.549952418,490.73
349.573919414,490.73
349.597694505,502.98
349.621035286,502.98
349.644955626,502.98
349.668408473,502.98
349.691949449,522.98
349.716123296,522.98
349.739632623,522.98
349.763184031,522.98
349.786959538,522.98
349.810182174,541.71
349.833924432,541.71
349.857616417,541.71
349.881187281,541.71
349.904745761,560.83
349.927932077,560.83
349.950830165,560.83
349.973817887,560.83
349.996936169,586.09
350.019912691,586.09
350.043026429,586.09
350.065909798,586.09
350.089083633,586.09
350.111591061,601.45
350.134564318,601.45
350.157420742,601.45
350.180186605,601.45
350.206867041,583.61
350.230164174,583.61
350.253202168,583.61
350.275932542,583.61
350.299127338,563.77
350.322477719,563.77
350.345522465,563.77
350.368381801,563.77
350.391443091,563.77
350.414682144,545.98
350.437825483,545.98
350.460800884,545.98
350.484080865,545.98
350.507294125,528.90
350.530649498,528.90
350.553596419,528.90
350.577082674,528.90
350.601091655,510.22
350.624531222,510.22
350.647531488,510.22
350.670005635,510.22
350.692365733,510.22
350.715033323,470.70
350.738512538,470.70
350.761625029,470.70
350.785006962,470.70
350.808804069,460.47
350.832288788,460.47
350.856465067,460.47
350.880280030,460.47
350.903952687,459.69
350.927701474,459.69
350.951439828,459.69
350.974823873,459.69
350.998446642,459.69
351.022113347,463.30
351.045866390,463.30
351.069353989,463.30
351.093004918,463.30
351.116444132,466.46
351.139913459,466.46
351.163412130,466.46
351.187120276,466.46
351.211232234,490.23
351.234587064,490.23
351.260748070,490.23
351.284438968,490.23
351.307758693,507.97
351.331112754,507.97
351.354287902,507.97
351.377469481,507.97
351.400908440,507.97
351.424621706,523.55
351.448124025,523.55
351.471570824,523.55
351.494952982,523.55
351.518418756,544.09
351.541675473,544.09
351.564798140,544.09
351.588588814,544.09
351.613528110,557.22
351.637106398,557.22
351.660744111,557.22
351.683996636,557.22
351.707624780,557.22
351.731188157,600.46
351.754583979,600.46
351.777627317,600.46
351.801440871,600.46
351.824875926,586.06
351.848127330,586.06
351.871411823,586.06
351.895036640,586.06
351.918613776,566.64
351.942127775,566.64
351.965209610,566.64
351.988553559,566.64
352.012309482,566.64
352.035862265,551.43
352.059137958,551.43
352.082523668,551.43
352.105485085,551.43
352.128869867,533.30
352.152055447,533.30
352.175163265,533.30
352.198557968,533.30
352.221684314,513.85
352.244689604,513.85
352.267791407,513.85
352.290838009,513.85
352.313905955,513.85
352.337019054,499.48
352.360085304,499.48
352.382913408,499.48
352.406431791,499.48
352.429324439,479.86
352.452147167,479.86
352.475348075,479.86
352.499315743,479.86
352.522296969,465.07
352.545212177,465.07
352.568325212,465.07
352.591341670,465.07
352.621309696,445.70
352.644874864,445.70
352.668441152,445.70
352.691798701,445.70
352.715674497,445.70
352.739409075,429.57
352.763121317,429.57
352.786752405,429.57
352.810678186,429.57
352.834164889,422.05
352.857955499,422.05
352.881328537,422.05
352.904152160,422.05
352.926920487,404.34
352.950375254,404.34
352.974303082,404.34
352.997778553,404.34
353.021600588,410.21
353.045308958,410.21
353.068680588,410.21
353.092602112,410.21
353.116462515,410.21
353.139973827,426.90
353.163806742,426.90
353.186950529,426.90
353.210421840,426.90
353.233750237,447.80
353.257038314,447.80
353.280021555,447.80
353.303055645,447.80
353.326557229,462.91
353.350420800,462.91
353.373732045,462.91
353.397602497,462.91
353.421121264,462.91
353.444256219,474.18
353.467485671,474.18
353.490182445,474.18
353.513728733,474.18
353.536746471,491.56
353.560119445,491.56
353.584413613,491.56
353.614954446,491.56
353.638614399,505.67
353.661696585,505.67
353.684828212,505.67
353.707766845,505.67
353.730873192,505.67
353.754066644,524.50
353.777272735,524.50
353.800759886,524.50
353.824380191,524.50
353.847592811,541.17
353.871127579,541.17
353.894392775,541.17
353.917750293,541.17
353.941124739,573.01
353.964097356,573.01
353.987157206,573.01
354.010297249,573.01
354.034200021,581.80
354.058107497,581.80
354.081694137,581.80
354.105115816,581.80
354.128412053,581.80
354.151812643,578.72
354.175215025,578.72
354.198387965,578.72
354.221880140,578.72
354.244856757,580.22
354.268201890,580.22
354.291947445,580.22
354.315602406,580.22
354.339498457,580.68
354.363267884,580.68
354.386079315,580.68
354.409414273,580.68
354.433881435,587.46
354.457145735,587.46
354.479988783,587.46
354.503129722,587.46
354.526721099,587.46
354.550295099,586.61
354.573759210,586.61
354.597176088,586.61
354.620845705,586.61
354.643697553,590.83
354.666431159,590.83
354.689417153,590.83
354.712569132,590.83
354.736784228,594.65
354.760021776,594.65
354.782721974,594.65
354.805305371,594.65
354.827744926,594.65
354.850207297,558.58
354.873423277,558.58
354.896389462,558.58
354.919811812,558.58
354.942853166,548.37
354.966166971,548.37
354.989304391,548.37
355.012340944,548.37
355.035719518,548.37
355.059129517,538.16
355.082595291,538.16
355.106083019,538.16
355.129884541,538.16
355.153148074,521.37
355.176408054,521.37
355.199863653,521.37
355.223304852,521.37
355.247317417,499.90
355.270668694,499.90
355.294063940,499.90
355.317331057,499.90
355.340989346,472.98
355.363334436,472.98
355.385816488,472.98
355.408559982,472.98
355.431864763,472.98
355.455181096,443.98
355.478315603,443.98
355.502038821,443.98
355.525538549,443.98
355.549837485,446.55
355.573181979,446.55
355.596635241,446.55
355.620975138,446.55
355.644554226,447.60
355.667650621,447.60
355.690879529,447.60
355.714338840,447.60
355.738123403,447.60
355.761739067,441.48
355.784987208,441.48
355.808586680,441.48
355.831898149,441.48
355.855349012,482.87
355.878886372,482.87
355.902049583,482.87
355.925423293,482.87
355.948754250,494.17
355.972335002,494.17
355.995511366,494.17
356.019368025,494.17
356.042665574,494.17
356.065820081,507.05
356.089450626,507.05
356.112716527,507.05
356.136281151,507.05
356.159565740,527.02
356.182384371,527.02
356.205473565,527.02
356.228899788,527.02
356.252130264,548.05
356.275837642,548.05
356.298929236,548.05
356.322195937,548.05
356.345190314,548.05
356.368574136,572.97
356.391670371,572.97
356.414763085,572.97
356.438321757,572.97
356.461128901,596.58
356.484140430,596.58
356.507490076,596.58
356.531077100,596.58
356.554415322,576.63
356.577512452,576.63
356.600553198,576.63
356.624006653,576.63
356.647270313,576.63
356.670424181,559.60
356.693599776,559.60
356.716589546,559.60
356.739670644,559.60
356.762777343,542.33
356.786104908,542.33
356.809417593,542.33
356.832653957,542.33
356.855822161,526.26
356.879408865,526.26
356.902542348,526.26
356.925711320,526.26
356.949219143,526.26
356.972432563,506.89
356.995580222,506.89
357.018780042,506.89
357.041770355,506.89
357.064723804,490.75
357.087895976,490.75
357.110641934,490.75
357.134529282,490.75
357.157564108,474.04
357.180852793,474.04
357.203764257,474.04
357.227139791,474.04
357.250387356,474.04
357.273372677,456.36
357.296675154,456.36
357.319976255,456.36
357.343146922,456.36
357.366109619,438.37
357.389313503,438.37
357.412577644,438.37
357.436111676,438.37
357.459321736,421.85
357.483053657,421.85
357.506300934,421.85
357.529608275,421.85
357.553203203,421.85
357.576638930,424.12
357.600031392,424.12
357.623428782,424.12
357.646551609,424.12
357.670103977,420.74
357.693834587,420.74
357.716841316,420.74
357.739507882,420.74
357.761818283,404.48
357.784291695,404.48
357.807559739,404.48
357.830861640,404.48
357.854538842,404.48
357.877808710,408.69
357.901592121,408.69
357.924795909,408.69
357.948197107,408.69
357.971692322,425.08
357.994858158,425.08
358.018663008,425.08
358.042073999,425.08
358.064991191,442.47
358.087952064,442.47
358.111326542,442.47
358.134716252,442.47
358.158472078,442.47
358.181863804,461.83
358.205212234,461.83
358.228958524,461.83
358.252589069,461.83
358.276178109,477.98
358.299551275,477.98
358.322551636,477.98
358.345796641,477.98
358.369904247,495.08
358.393317381,495.08
358.416906934,495.08
358.440038721,495.08
358.464351801,511.44
358.487894281,511.44
358.510786129,511.44
358.534523331,511.44
358.557997234,511.44
358.580915355,533.28
358.604390794,533.28
358.627924922,533.28
358.651546570,533.28
358.675483327,559.29
358.699177104,559.29
358.722491965,559.29
358.746225679,559.29
358.769451899,598.60
358.792343556,598.60
358.815284172,598.60
358.838610426,598.60
358.861497218,598.60
358.884197928,585.72
358.906948303,585.72
358.929997305,585.72
358.952974882,585.72
358.975967883,579.93
358.998993077,579.93
359.021717947,579.93
359.044304032,579.93
359.066692355,546.19
359.089233607,546.19
359.112694166,546.19
359.136313382,546.19
359.159617555,546.19
359.183232516,528.40
359.206694035,528.40
359.229578363,528.40
359.253087402,528.40
359.277050495,530.31
359.300253867,530.31
359.323592952,530.31
359.346844453,530.31
359.371060636,529.05
359.394443146,529.05
359.418069819,529.05
359.441575274,529.05
359.465362589,529.05
359.488838444,532.67
359.511916630,532.67
359.535217731,532.67
359.559008694,532.67
359.582527173,533.25
359.605818130,533.25
359.629532420,533.25
359.653274198,533.25
359.676578051,532.64
359.700310773,532.64
359.723783588,532.64
359.746646316,532.64
359.769703926,532.64
359.792680959,529.41
359.816003917,529.41
359.839414683,529.41
359.862923690,529.41
359.886186391,549.23
359.909368866,549.23
359.932452493,549.23
359.955936764,549.23
359.978890565,557.58
360.001958383,557.58
360.024938328,557.58
360.048002051,557.58
360.071192782,557.58
360.094966817,574.41
360.118098348,574.41
360.141335768,574.41
360.164557508,574.41
360.188178517,572.40
360.211356736,572.40
360.234461611,572.40
360.258314366,572.40
360.281404393,552.83
360.304887064,552.83
360.327938178,552.83
360.351125262,552.83
360.373964182,552.83
360.396954431,532.54
360.420265388,532.54
360.443093172,532.54
360.466107261,532.54
360.489203112,512.59
360.512686423,512.59
360.535630720,512.59
360.559301745,512.59
360.582533533,491.08
360.605555079,491.08
360.628908693,491.08
360.652136097,491.08
360.675477102,491.08
360.698749947,468.12
360.722409452,468.12
360.746016060,468.12
360.769640749,468.12
360.793263742,449.99
360.816907087,449.99
360.840569888,449.99
360.864398451,449.99
360.888749996,431.11
360.912473982,431.11
360.935893644,431.11
360.959194041,431.11
360.983505042,411.45
361.006753022,411.45
361.030099852,411.45
361.053559387,411.45
361.077083050,411.45
361.100275862,405.97
361.123061629,405.97
361.146114951,405.97
361.168710924,405.97
361.191011405,403.18
361.213515505,403.18
361.235838675,403.18
361.258051923,403.18
361.280386741,403.18
361.302784088,371.57
361.325189210,371.57
361.347391323,371.57
361.369951423,371.57
361.392640197,346.48
361.415915442,346.48
361.439285215,346.48
361.462675021,346.48
361.486517985,355.46
361.509800750,355.46
361.532776663,355.46
361.556206021,355.46
361.579881238,355.46
361.603471335,369.20
361.626959286,369.20
361.650320708,369.20
361.674800766,369.20
361.698529136,386.78
361.722138337,386.78
361.745713937,386.78
361.769526948,386.78
361.793483896,386.78
361.817292491,403.88
361.840704537,403.88
361.864319242,403.88
361.888110813,403.88
361.911659341,422.29
361.935936389,422.29
361.959567574,422.29
361.983469418,422.29
362.006671509,441.64
362.029826529,441.64
362.053250735,441.64
362.076558524,441.64
362.099989323,459.03
362.123380697,459.03
362.146223456,459.03
362.169091848,459.03
362.192088786,459.03
362.215293438,487.14
362.238448361,487.14
362.261338257,487.14
362.284541917,487.14
362.307639720,525.79
362.330754195,525.79
362.353700315,525.79
362.376912519,525.79
362.400234325,568.11
362.423216766,568.11
362.446308905,568.11
362.469319442,568.11
362.493270599,568.11
362.516250448,562.25
362.539489692,562.25
362.562686920,562.25
362.585542064,562.25
362.614572223,555.04
362.637725802,555.04
362.660480529,555.04
362.683609660,555.04
362.706675110,543.04
362.729878162,543.04
362.752662169,543.04
362.775570114,543.04
362.798680780,543.04
362.821824024,531.99
362.845012995,531.99
362.868331216,531.99
362.891565821,531.99
362.914715560,519.10
362.937715505,519.10
362.960463064,519.10
362.983557603,519.10
363.006608525,507.05
363.029633942,507.05
363.052977988,507.05
363.076011438,507.05
363.099044728,507.05
363.122039009,491.33
363.144926281,491.33
363.167907667,491.33
363.191120543,491.33
363.214196457,476.48
363.237418421,476.48
363.260527488,476.48
363.283554154,476.48
363.306369265,462.21
363.329317082,462.21
363.352315971,462.21
363.374873512,462.21
363.397169385,462.21
363.419472235,442.79
363.441872237,442.79
363.464133966,442.79
363.486417872,442.79
363.508729649,410.27
363.531090323,410.27
363.553429973,410.27
363.575968089,410.27
363.598386332,410.27
363.622145678,379.39
363.645271033,379.39
363.668632199,379.39
363.692077974,379.39
363.715298146,384.21
363.738269515,384.21
363.761220884,384.21
363.784915589,384.21
363.808953883,391.88
363.833602871,391.88
363.856902884,391.88
363.881112700,391.88
363.904528810,404.42
363.928069690,404.42
363.951033699,404.42
363.973974316,404.42
363.997560380,404.42
364.020876201,415.47
364.044052213,415.47
364.067205440,415.47
364.090990963,415.47
364.114968584,429.32
364.138899612,429.32
364.162076295,429.32
364.185963163,429.32
364.209308393,444.98
364.232556501,444.98
364.255855394,444.98
364.279174031,444.98
364.302628574,444.98
364.325913003,459.81
364.348968661,459.81
364.371821437,459.81
364.395115466,459.81
364.417923985,494.30
364.440777721,494.30
364.463650977,494.30
364.487374419,494.30
364.510344668,535.15
364.533477927,535.15
364.556454512,535.15
364.579466650,535.15
364.602607333,535.15
364.625480781,565.40
364.648567512,565.40
364.671363999,565.40
364.694378408,565.40
364.717502867,560.77
364.740953250,560.77
364.764052429,560.77
364.787059126,560.77
364.810215810,560.77
364.833122314,551.52
364.856071219,551.52
364.880791408,551.52
364.903705401,551.52
364.927006662,538.90
364.950146737,538.90
364.973194299,538.90
364.996284198,538.90
365.019190382,527.30
365.042223032,527.30
365.065064320,527.30
365.088239723,527.30
365.111864732,527.30
365.134958118,515.71
365.158150130,515.71
365.180706135,515.71
365.203766913,515.71
365.226946188,503.66
365.250047607,503.66
365.273300324,503.66
365.296412622,503.66
365.319429592,490.83
365.342438466,490.83
365.365495340,490.83
365.388369524,490.83
365.411845795,490.83
365.435186672,473.49
365.458208218,473.49
365.481165635,473.49
365.504138860,473.49
365.527233431,461.88
365.550459971,461.88
365.572927398,461.88
365.595225320,461.88
365.620247081,438.94
365.642410953,438.94
365.664721962,438.94
365.687302863,438.94
365.709683825,438.94
365.731917394,406.62
365.754204243,406.62
365.776719959,406.62
365.799228827,406.62
365.822624681,382.50
365.846058872,382.50
365.869591655,382.50
365.892992533,382.50
365.916085248,389.32
365.965399289,389.32
365.989040426,389.32
366.012482265,389.32
366.035806950,400.31
366.058922321,400.31
366.082488961,400.31
366.105855727,400.31
366.130106727,400.31
366.153363283,412.55
366.176537375,412.55
366.199778251,412.55
366.224011747,412.55
366.247450577,423.85
366.270639101,423.85
366.293782856,423.85
366.318000512,423.85
366.341798578,436.91
366.365074143,436.91
366.388349260,436.91
366.411305941,436.91
366.434608002,436.91
366.457702124,451.25
366.480840728,451.25
366.504316519,451.25
366.527772725,451.25
366.550655294,465.10
366.573743496,465.10
366.596590416,465.10
366.620766759,465.10
366.643717616,497.42
366.666654457,497.42
366.689409055,497.42
366.712277351,497.42
366.735461715,543.79
366.758655711,543.79
366.781811690,543.79
366.804792819,543.79
366.828559622,543.79
366.851282988,567.24
366.874296054,567.24
366.897109117,567.24
366.920287273,567.24
366.943622710,561.41
366.966775873,561.41
366.989714890,561.41
367.012707572,561.41
367.035587484,552.25
367.058713895,552.25
367.081743633,552.25
367.105114366,552.25
367.128143368,552.25
367.150968112,538.86
367.173968089,538.86
367.197006723,538.86
367.220201807,538.86
367.243443163,527.26
367.266530278,527.26
367.289483215,527.26
367.312433944,527.26
367.335706596,512.41
367.358889232,512.41
367.381924026,512.41
367.404995556,512.41
367.428156784,512.41
367.451145817,497.53
367.474200931,497.53
367.497177388,497.53
367.520285559,497.53
367.543318209,485.09
367.566153609,485.09
367.589019601,485.09
367.614583288,485.09
367.637755107,471.16
367.660886670,471.16
367.683670133,471.16
367.706755648,471.16
367.729956684,471.16
367.752773171,456.18
367.775272439,456.18
367.797698042,456.18
367.820182109,456.18
367.842286205,428.37
367.864434012,428.37
367.886690877,428.37
367.908972734,428.37
367.931245503,428.37
367.953209021,398.17
367.975669344,398.17
367.998074371,398.17
368.021372016,398.17
368.044399258,379.70
368.067690279,379.70
368.091026964,379.70
368.114160607,379.70
368.137969522,384.80
368.161006588,384.80
368.184100583,384.80
368.207434260,384.80
368.230706624,384.80
368.253552776,394.81
368.277180953,394.81
368.300238979,394.81
368.323493296,394.81
368.346957983,406.55
368.369896999,406.55
368.393113331,406.55
368.416529602,406.55
368.439718029,421.03
368.463350142,421.03
368.486139877,421.03
368.509364817,421.03
368.533174884,421.03
368.556413489,432.52
368.579727742,432.52
368.603193997,432.52
368.626737212,432.52
368.649934664,446.94
368.673159540,446.94
368.696264479,446.94
368.719864080,446.94
368.743510496,461.60
368.766621419,461.60
368.789447699,461.60
368.812544605,461.60
368.835677321,461.60
368.858525744,497.33
368.881738524,497.33
368.904905480,497.33
368.927765744,497.33
368.951711364,555.19
368.974816623,555.19
368.997746647,555.19
369.020685824,555.19
369.043747531,555.19
369.066523281,565.52
369.089563131,565.52
369.112655238,565.52
369.135748977,565.52
369.158748666,558.19
369.181630882,558.19
369.204561259,558.19
369.227867608,558.19
369.250962723,548.68
369.273757770,548.68
369.296688243,548.68
369.319874398,548.68
369.342863272,548.68
369.365870033,535.89
369.388631352,535.89
369.411248861,535.89
369.434413353,535.89
369.457490227,522.95
369.480753023,522.95
369.503547943,522.95
369.526554896,522.95
369.550339587,511.98
369.573277132,511.98
369.596168340,511.98
369.620661967,511.98
369.644185662,511.98
369.667120327,498.29
369.690109264,498.29
369.713142842,498.29
369.736224389,498.29
369.759326383,483.88
369.782255032,483.88
369.805264866,483.88
369.828610319,483.88
369.852532035,468.23
369.875541389,468.23
369.898578679,468.23
369.921550144,468.23
369.944770764,468.23
369.967859095,452.62
369.991173668,452.62
370.014420688,452.62
370.037552347,452.62
370.060755367,455.68
370.083946835,455.68
370.106950013,455.68
370.129923814,455.68
370.154719140,455.36
370.177923056,455.36
370.201050747,455.36
370.224116165,455.36
370.247004877,455.36
370.269314063,450.32
370.291665073,450.32
370.314044819,450.32
370.336518391,450.32
370.358755128,418.67
370.381043801,418.67
370.403353082,418.67
370.425816190,418.67
370.448221248,418.67
370.470600803,388.74
370.493277512,388.74
370.516746231,388.74
370.540223014,388.74
370.564478782,376.72
370.587632970,376.72
370.615212872,376.72
370.638638551,376.72
370.662517898,383.59
370.685883224,383.59
370.709224197,383.59
370.732371697,383.59
370.755588317,383.59
370.779211213,395.55
370.802610780,395.55
370.825711878,395.55
370.849044404,395.55
370.872196255,408.93
370.895769039,408.93
370.919135901,408.93
370.942699021,408.93
370.966004122,421.64
370.988974499,421.64
371.012628628,421.64
371.036331206,421.64
371.059757940,436.81
371.083527207,436.81
371.106485680,436.81
371.129735100,436.81
371.153620560,436.81
371.176911741,450.20
371.201071604,450.20
371.224291776,450.20
371.247452395,450.20
371.270544950,464.40
371.293557727,464.40
371.316646570,464.40
371.339562706,464.40
371.362848767,508.39
371.385818376,508.39
371.408866386,508.39
371.431970045,508.39
371.454973127,508.39
371.478082834,562.92
371.501143836,562.92
371.524209574,562.92
371.547121999,562.92
371.570217593,565.33
371.593338436,565.33
371.620841570,565.33
371.643819467,565.33
371.667080343,556.56
371.690055361,556.56
371.712975017,556.56
371.735961299,556.56
371.758999037,556.56
371.782032070,544.00
371.804875694,544.00
371.827843575,544.00
371.851011331,544.00
371.874958871,532.09
371.898260900,532.09
371.921319534,532.09
371.944462810,532.09
371.967512292,518.91
371.990566478,518.91
372.013503415,518.91
372.036279518,518.91
372.059537450,518.91
372.082916280,503.68
372.105920802,503.68
372.129044301,503.68
372.152249560,503.68
372.175440676,490.27
372.198687313,490.27
372.222000254,490.27
372.247717031,490.27
372.271469529,473.50
372.294652900,473.50
372.317789519,473.50
372.340846266,473.50
372.364044581,473.50
372.387206257,458.63
372.410682816,458.63
372.433687753,458.63
372.456101260,458.63
372.478833107,440.83
372.500998995,440.83
372.523167762,440.83
372.545321970,440.83
372.567693172,440.83
372.589937493,409.66
372.613827305,409.66
372.636122219,409.66
372.658365739,409.66
372.681035601,379.62
372.703761559,379.62
372.727116837,379.62
372.750680789,379.62
372.774971853,377.45
372.798320411,377.45
372.821292420,377.45
372.844314670,377.45
372.867735996,377.45
372.891225644,384.74
372.914817628,384.74
372.937834918,384.74
372.960917552,384.74
372.984461376,395.33
373.008025552,395.33
373.031295773,395.33
373.054200837,395.33
373.077516082,408.71
373.101073026,408.71
373.124283118,408.71
373.147460026,408.71
373.170969897,408.71
373.194032723,422.44
373.217804774,422.44
373.241209620,422.44
373.264770052,422.44
373.288996956,435.69
373.312394154,435.69
373.335895385,435.69
373.359801613,435.69
373.383004569,449.90
373.406529289,449.90
373.429893110,449.90
373.452717150,449.90
373.475840905,449.90
373.498772401,475.62
373.521856348,475.62
373.544720036,475.62
373.567867023,475.62
373.590733015,515.12
373.618611385,515.12
373.641579778,515.12
373.665269780,515.12
373.688294557,552.93
373.711211782,552.93
373.734149295,552.93
373.757237721,552.93
373.780416133,563.34
373.803456623,563.34
373.826655771,563.34
373.850047913,563.34
373.873153587,563.34
373.896073404,555.94
373.919083878,555.94
373.942179696,555.94
373.965483325,555.94
373.988712458,546.77
374.011866805,546.77
374.034548283,546.77
374.057648197,546.77
374.080522733,546.77
374.103538647,533.17
374.126472800,533.17
374.149421321,533.17
374.172761238,533.17
374.195779040,520.49
374.218161506,520.49
374.240587589,520.49
374.262900199,520.49
374.285865424,473.79
374.308193682,473.79
374.330634293,473.79
374.353070104,473.79
374.375873919,473.79
374.398227841,431.06
374.420454498,431.06
374.442973542,431.06
374.465430281,431.06
374.488753654,393.68
374.511850273,393.68
374.535056301,393.68
374.558427579,393.68
374.581837257,393.68
374.604837778,384.25
374.636552417,384.25
374.660029712,384.25
374.683307036,384.25
374.706373255,384.25
374.729988375,392.57
374.753319941,392.57
374.776554321,392.57
374.800121729,392.57
374.823422350,405.02
374.846821244,405.02
374.870237226,405.02
374.893616280,405.02
374.917045863,418.77
374.940375636,418.77
374.963410782,418.77
374.987112880,418.77
375.010704160,430.54
375.034036845,430.54
375.058054691,430.54
375.081288367,430.54
375.104397274,430.54
375.127716327,443.93
375.151107893,443.93
375.174523267,443.93
375.199000222,443.93
375.221818885,458.36
375.244785262,458.36
375.267534197,458.36
375.290542463,458.36
375.313657706,501.60
375.336626067,501.60
375.359535675,501.60
375.382710311,501.60
375.405754193,501.60
375.429121470,551.28
375.452288554,551.28
375.475462966,551.28
375.498568192,551.28
375.521536009,562.90
375.544635060,562.90
375.567421915,562.90
375.590553766,562.90
375.620800739,555.75
375.644045104,555.75
375.666891192,555.75
375.689900865,555.75
375.712961035,555.75
375.736162775,546.85
375.759113888,546.85
375.782130346,546.85
375.805524504,546.85
375.828659523,534.53
375.851695629,534.53
375.874750071,534.53
375.898698700,534.53
375.921563220,521.03
375.944466364,521.03
375.967609575,521.03
375.990857172,521.03
376.013971454,521.03
376.036747269,509.76
376.059746895,509.76
376.082676440,509.76
376.106470474,509.76
376.129489780,495.75
376.152974083,495.75
376.176253680,495.75
376.200679242,495.75
376.223577810,479.27
376.246814047,479.27
376.269672006,479.27
376.292718865,479.27
376.315873692,479.27
376.339109352,465.87
376.362079985,465.87
376.384573909,465.87
376.407918402,465.87
376.430273285,440.55
376.452700359,440.55
376.475114666,440.55
376.497464620,440.55
376.519882159,411.24
376.542398259,411.24
376.564576083,411.24
376.586774099,411.24
376.612726751,411.24
376.635191682,381.33
376.658538480,381.33
376.682483140,381.33
376.706047732,381.33
376.729149087,378.79
376.752397643,378.79
376.775278516,378.79
376.798269149,378.79
376.821788429,389.54
376.845061753,389.54
376.868646730,389.54
376.891581650,389.54
376.914860479,389.54
376.938156940,401.41
376.961791837,401.41
376.984603972,401.41
377.007534989,401.41
377.030547159,417.95
377.053884612,417.95
377.077614966,417.95
377.100855042,417.95
377.124496307,429.64
377.147594846,429.64
377.170878603,429.64
377.194209496,429.64
377.217645703,429.64
377.240789618,443.29
377.264266017,443.29
377.287885553,443.29
377.312099241,443.29
377.335525528,457.21
377.359006887,457.21
377.382292467,457.21
377.405352606,457.21
377.428201861,485.08
377.450807594,485.08
377.479130801,485.08
377.501805655,485.08
377.524975363,485.08
377.547844427,538.70
377.570612914,538.70
377.593684220,538.70
377.620293263,538.70
377.643497179,568.87
377.666570309,568.87
377.689547119,568.87
377.712434391,568.87
377.735504961,570.38
377.758426634,570.38
377.781405075,570.38
377.804252219,570.38
377.827401702,570.38
377.850435856,559.76
377.873442170,559.76
377.896369986,559.76
377.919288331,559.76
377.942310741,546.96
377.965334943,546.96
377.988305928,546.96
378.011100047,546.96
378.034176505,534.45
378.056868159,534.45
378.079867049,534.45
378.103031668,534.45
378.126385282,534.45
378.149506765,523.00
378.172517174,523.00
378.195441567,523.00
378.218908910,523.00
378.241890167,509.95
378.264955490,509.95
378.288218830,509.95
378.311419962,509.95
378.334406979,509.95
378.357325324,494.28
378.380455671,494.28
378.403337119,494.28
378.426567627,494.28
378.449808568,479.06
378.473047620,479.06
378.495753738,479.06
378.518626770,479.06
378.541577211,466.98
378.564537860,466.98
378.587695632,466.98
378.614633479,466.98
378.638115926,466.98
378.661313826,456.90
378.684147209,456.90
378.706776206,456.90
378.729944090,456.90
378.752326940,454.72
378.774716927,454.72
378.797087489,454.72
378.819386274,454.72
378.841833190,424.03
378.864100647,424.03
378.886377608,424.03
378.908794251,424.03
378.931073004,424.03
378.953314957,393.37
378.975800912,393.37
378.998366325,393.37
379.021688098,393.37
379.044997423,377.17
379.068337725,377.17
379.091583241,377.17
379.114654419,377.17
379.137721054,377.17
379.161064715,381.83
379.184174038,381.83
379.207818023,381.83
379.231932541,381.83
379.255241514,394.73
379.278597144,394.73
379.302004518,394.73
379.326281918,394.73
379.349250856,405.44
379.372863384,405.44
379.396431528,405.44
379.419912791,405.44
379.443511240,405.44
379.466913462,417.78
379.489931744,417.78
379.513257869,417.78
379.536953055,417.78
379.560352717,430.86
379.589152313,430.86
379.614603071,430.86
379.638346353,430.86
379.661738463,444.50
379.684948331,444.50
379.708685021,444.50
379.731685767,444.50
379.754507054,466.16
379.777275029,466.16
379.800310303,466.16
379.823502187,466.16
379.846471668,466.16
379.869813122,505.79
379.892642697,505.79
379.915627922,505.79
379.938966144,505.79
379.961998890,552.68
379.984945107,552.68
380.007625849,552.68
380.031134024,552.68
380.054424629,561.41
380.077511103,561.41
380.100358215,561.41
380.123251407,561.41
380.146397467,561.41
380.169381060,555.27
380.192075722,555.27
380.214762384,555.27
380.237635960,555.27
380.260543808,545.69
380.283641291,545.69
380.306205680,545.69
380.329053847,545.69
380.352167330,534.94
380.375334830,534.94
380.398307991,534.94
380.421068958,534.94
380.444124744,534.94
380.467333780,521.90
380.490324253,521.90
380.513482921,521.90
380.536603892,521.90
380.559506524,508.23
380.582489701,508.23
380.605313357,508.23
380.629743207,508.23
380.653150485,495.91
380.676555651,495.91
380.699447948,495.91
380.722416725,495.91
380.745590656,495.91
380.768574858,480.37
380.791691669,480.37
380.815745930,480.37
380.838900022,480.37
380.861725181,465.08
380.884699910,465.08
380.907781745,465.08
380.930827099,465.08
380.953537665,465.08
380.976908655,457.11
381.000159515,457.11
381.023045284,457.11
381.046144782,457.11
381.069211609,457.45
381.092316739,457.45
381.115436494,457.45
381.139649094,457.45
381.163018580,457.22
381.186119038,457.22
381.208936102,457.22
381.232058033,457.22
381.255279485,457.22
381.278463464,457.00
381.301545139,457.00
381.325198596,457.00
381.348319215,457.00
381.371355001,456.72
381.394329026,456.72
381.417510350,456.72
381.441878439,456.72
381.465040466,457.33
381.488471649,457.33
381.511515595,457.33
381.534617846,457.33
381.557494078,457.33
381.580549160,457.32
381.603453872,457.32
381.626446394,457.32
381.650696658,457.32
381.679564319,456.56
381.702367270,456.56
381.725506898,456.56
381.748404794,456.56
381.771429956,457.03
381.794433485,457.03
381.817661561,457.03
381.840873349,457.03
381.863851951,456.60
381.886882073,456.60
381.909781281,456.60
381.932764106,456.60
381.955639506,456.60
381.978656124,456.39
382.001822344,456.39
382.024673423,456.39
382.047734010,456.39
382.070518849,456.71
382.093622411,456.71
382.116650677,456.71
382.139682463,456.71
382.162913387,456.71
382.186039862,456.89
382.209034592,456.89
382.231953928,456.89
382.255104500,456.89
382.277925339,456.89
382.300996934,456.89
382.324282834,456.89
382.348774221,456.89
382.371773367,456.33
382.394929122,456.33
382.418125390,456.33
382.440921525,456.33
382.463755485,456.33
382.486762918,456.51
382.510247029,456.51
382.533520962,456.51
382.557302933,456.51
382.580518721,456.53
382.603625611,456.53
382.626025486,456.53
382.648268111,456.53
382.670444527,433.10
382.692755152,433.10
382.714926256,433.10
382.764489709,433.10
382.786695437,433.10
382.808898157,397.03
382.831082925,397.03
382.853243181,397.03
382.875234667,397.03
382.897513804,366.19
382.919614988,366.19
382.941919213,366.19
382.964480018,366.19
382.987231928,366.19
383.009752860,332.39
383.032291840,332.39
383.054800868,332.39
383.077334312,332.39
383.099581961,303.38
383.121898539,303.38
383.144365518,303.38
383.166734449,303.38
383.189086611,303.38
383.211458997,268.53
383.233786199,268.53
383.256047128,268.53
383.278391674,268.53
383.300766812,236.51
383.322993149,236.51
383.345395807,236.51
383.367735553,236.51
