timestamp,gpu_power
.000645808,131.88
.022970498,131.88
.045203698,131.88
.067379745,131.88
.089572047,131.88
.111735517,131.85
.134056080,131.85
.157711907,131.85
.179663020,131.85
.201683126,131.83
.223802755,131.83
.245764908,131.83
.267895961,131.83
.290137992,131.83
.312239988,131.83
.334529413,131.83
.356511278,131.83
.378699900,131.83
.400820232,131.84
.423530372,131.84
.445517741,131.84
.467606680,131.84
.489844872,131.84
.512285916,131.87
.534281381,131.87
.556263438,131.87
.578471613,131.87
.600639530,131.91
.622664212,131.91
.644759104,131.91
.666980751,131.91
.689132412,131.91
.711130053,131.91
.733002924,131.91
.754967156,131.91
.777042847,131.91
.798924742,131.93
.820874062,131.93
.842902296,131.93
.864986531,131.93
.886976844,131.93
.909137050,131.97
.932173149,131.97
.955327011,131.97
.978490954,131.97
1.001609648,131.83
1.025014172,131.83
1.048527852,131.83
1.071694770,131.83
1.135450326,131.89
1.283321788,131.89
1.335434266,131.86
1.387408723,131.86
1.440541610,131.84
1.489263858,131.84
1.514041985,131.96
1.538159551,131.96
1.562143577,131.96
1.589460360,131.96
1.625873178,132.08
1.661299188,132.08
1.685318000,132.08
1.708865632,132.18
1.732494385,132.18
1.756118147,132.18
1.779417004,132.18
1.802767863,132.23
1.826098081,132.23
1.849236710,132.23
1.872928441,132.23
1.896593068,132.23
1.919932790,132.18
1.943208959,132.18
1.966266210,132.18
1.989202947,132.18
2.012302919,132.44
2.035631537,132.44
2.059022845,132.44
2.082660015,132.44
2.106045082,132.54
2.129289698,132.54
2.152202018,132.54
2.175809651,132.54
2.202494929,132.54
2.226367401,132.65
2.251183320,132.65
2.274893035,132.65
2.298213621,132.65
2.321197589,132.78
2.344169142,132.78
2.367296154,132.78
2.390587779,132.78
2.413942285,132.87
2.437220405,132.87
2.460513758,132.87
2.484339411,132.87
2.507638812,132.87
2.530993862,132.87
2.554228365,132.87
2.577453716,132.87
2.600507767,132.87
2.623577210,132.75
2.646404119,132.75
2.669208243,132.75
2.691774249,132.75
2.714267614,132.86
2.737297951,132.86
2.760575752,132.86
2.784279803,132.86
2.808368887,132.94
2.832494740,132.94
2.856300874,132.94
2.879868793,132.94
2.903398568,132.94
2.926903990,133.15
2.950568456,133.15
2.973946802,133.15
2.997427423,133.15
3.020939694,133.27
3.044500541,133.27
3.068041420,133.27
3.091728926,133.27
3.115257132,133.23
3.139249223,133.23
3.162406060,133.23
3.185511823,133.23
3.208825657,133.23
3.232230148,133.18
3.255792979,133.18
3.279234238,133.18
3.302372578,133.18
3.325535847,133.09
3.348695628,133.09
3.372134263,133.09
3.395605155,133.09
3.419369207,133.10
3.443378161,133.10
3.467570255,133.10
3.491842640,133.10
3.515945228,133.32
3.539678815,133.32
3.563176012,133.32
3.586428147,133.32
3.609683674,133.32
3.632885855,133.47
3.656625362,133.47
3.680325444,133.47
3.704166810,133.47
3.728177780,133.37
3.752226831,133.37
3.776250441,133.37
3.800035965,133.37
3.823930292,133.40
3.848001296,133.40
3.871789348,133.40
3.895519479,133.40
3.918914881,172.74
3.942164488,172.74
3.965288555,172.74
3.988022597,172.74
4.011545107,172.74
4.034581748,219.68
4.057645975,219.68
4.080605814,219.68
4.103743546,219.68
4.126709498,256.72
4.149502037,256.72
4.172682970,256.72
4.195750428,256.72
4.218890944,293.55
4.241724413,293.55
4.264772862,293.55
4.288117478,293.55
4.311401133,293.55
4.336445440,329.98
4.359392703,329.98
4.382412415,329.98
4.405392607,329.98
4.428382110,369.03
4.451421343,369.03
4.474407231,369.03
4.497329693,369.03
4.520378718,404.04
4.543418527,404.04
4.566347165,404.04
4.589315516,404.04
4.612248282,404.04
4.635170904,445.58
4.658426558,445.58
4.681611395,445.58
4.704584930,445.58
4.727418814,481.44
4.750560385,481.44
4.773373020,481.44
4.796218744,481.44
4.819174039,481.44
4.843407286,509.81
4.866592058,509.81
4.889487575,509.81
4.912414390,509.81
4.935278162,505.62
4.958366676,505.62
4.981299762,505.62
5.004848352,505.62
5.027808287,495.49
5.051514224,495.49
5.074347244,495.49
5.097580018,495.49
5.121225346,495.49
5.144412902,493.84
5.167566922,493.84
5.190451975,493.84
5.214037462,493.84
5.237554146,492.11
5.260773799,492.11
5.283725413,492.11
5.307269490,492.11
5.330262257,503.88
5.354127046,503.88
5.377152582,503.88
5.400676306,503.88
5.423838261,503.88
5.448305753,517.74
5.471360154,517.74
5.494348473,517.74
5.519600272,517.74
5.542226278,533.94
5.565418602,533.94
5.588507724,533.94
5.611422409,533.94
5.634315973,537.04
5.657432007,537.04
5.680615339,537.04
5.703524488,537.04
5.726587753,537.04
5.750342395,539.29
5.773599617,539.29
5.796433340,539.29
5.819269655,539.29
5.842231189,541.10
5.865305238,541.10
5.888381335,541.10
5.911675198,541.10
5.934610459,543.97
5.958630548,543.97
5.981611667,543.97
6.004218120,543.97
6.027084388,543.97
6.050050851,544.74
6.073039618,544.74
6.095802235,544.74
6.118642742,544.74
6.141610452,547.80
6.165300901,547.80
6.188434344,547.80
6.211298403,547.80
6.234275874,549.73
6.257224896,549.73
6.280563559,549.73
6.303263742,549.73
6.326283869,549.73
6.349367741,542.96
6.372517056,542.96
6.395587616,542.96
6.418512093,542.96
6.441461850,531.90
6.464807649,531.90
6.487782719,531.90
6.512851089,531.90
6.535694572,520.13
6.558660682,520.13
6.581634152,520.13
6.604539652,520.13
6.627502978,520.13
6.650588130,521.75
6.673735716,521.75
6.696612768,521.75
6.719614175,521.75
6.742409464,524.29
6.766004325,524.29
6.789282155,524.29
6.812602482,524.29
6.835520590,523.80
6.858946775,523.80
6.882029976,523.80
6.905436769,523.80
6.928649861,523.80
6.951454014,523.89
6.974515454,523.89
6.998087755,523.89
7.021163180,523.89
7.044165994,537.78
7.067027397,537.78
7.089939490,537.78
7.114131006,537.78
7.137941137,554.49
7.161255543,554.49
7.184084370,554.49
7.207232596,554.49
7.230493145,554.49
7.253664059,566.18
7.276977153,566.18
7.299999008,566.18
7.323155329,566.18
7.346385509,572.57
7.370081588,572.57
7.393214294,572.57
7.416157138,572.57
7.440871195,576.11
7.464127871,576.11
7.487763821,576.11
7.513406029,576.11
7.536378858,576.11
7.559128226,580.91
7.582420871,580.91
7.605689515,580.91
7.628762091,580.91
7.651564196,586.01
7.674764039,586.01
7.698597338,586.01
7.721735483,586.01
7.744902173,591.56
7.768025118,591.56
7.790743413,591.56
7.814206943,591.56
7.837532325,591.56
7.860544195,598.87
7.883696165,598.87
7.906767588,598.87
7.930340688,598.87
7.953252364,603.49
7.976081350,603.49
7.999003458,603.49
8.022163268,603.49
8.045636909,596.90
8.068521672,596.90
8.091423396,596.90
8.114562597,596.90
8.137806121,596.90
8.160752358,591.34
8.183957705,591.34
8.207200557,591.34
8.230406640,591.34
8.253972412,588.21
8.277434180,588.21
8.300666247,588.21
8.323624932,588.21
8.346846246,589.21
8.370403538,589.21
8.393784600,589.21
8.417113790,589.21
8.440513765,589.21
8.463562084,590.78
8.488696438,590.78
8.513540673,590.78
8.537326386,590.78
8.560380049,592.06
8.583677461,592.06
8.607941490,592.06
8.631427036,592.06
8.654779682,592.05
8.678419183,592.05
8.701477453,592.05
8.724872917,592.05
8.748343902,592.05
8.772541497,592.72
8.795600087,592.72
8.818960126,592.72
8.842765647,592.72
8.866653218,596.63
8.890179533,596.63
8.913651446,596.63
8.936883033,596.63
8.959936472,603.46
8.983472802,603.46
9.007287796,603.46
9.030407348,603.46
9.053488499,612.39
9.076491057,612.39
9.100317410,612.39
9.123647528,612.39
9.146842410,612.39
9.170057037,615.28
9.193077290,615.28
9.216325518,615.28
9.239667604,615.28
9.263468676,616.86
9.286483873,616.86
9.309390107,616.86
9.332290998,616.86
9.355590362,620.38
9.379328425,620.38
9.402357734,620.38
9.425055675,620.38
9.447970678,620.38
9.471136758,623.10
9.494415066,623.10
9.519833203,623.10
9.543012852,623.10
9.566321816,626.20
9.589747359,626.20
9.613026659,626.20
9.636547724,626.20
9.659801007,629.03
9.682616007,629.03
9.705801353,629.03
9.728703939,629.03
9.752288078,629.03
9.775305547,633.92
9.798482988,633.92
9.821489033,633.92
9.844657162,633.92
9.867988430,633.97
9.891758462,633.97
9.914928319,633.97
9.937701622,633.97
9.960798965,630.79
9.984142202,630.79
10.007498272,630.79
10.030755555,630.79
10.053915139,630.79
10.076723611,628.08
10.100198564,628.08
10.123505768,628.08
10.147303192,628.08
10.170184178,630.32
10.193143918,630.32
10.216441074,630.32
10.239989276,630.32
10.263373473,631.70
10.286581187,631.70
10.309709474,631.70
10.332580699,631.70
10.355961888,631.70
10.379451944,632.82
10.403011570,632.82
10.425959757,632.82
10.449080364,632.82
10.472161866,633.31
10.495620305,633.31
10.520151507,633.31
10.543828480,633.31
10.566990816,634.47
10.590005724,634.47
10.613041017,634.47
10.636985932,634.47
10.660309232,634.47
10.683717047,635.51
10.706710418,635.51
10.729623756,635.51
10.753544415,635.51
10.776731168,635.59
10.800364107,635.59
10.823327366,635.59
10.846511303,635.59
10.869868428,637.16
10.893315539,637.16
10.916741305,637.16
10.940100446,637.16
10.963492164,637.16
10.986599587,640.01
11.009540925,640.01
11.032807872,640.01
11.057057627,640.01
11.080296957,643.77
11.103600128,643.77
11.126471513,643.77
11.150473102,643.77
11.173933077,644.35
11.198159440,644.35
11.221731098,644.35
11.244587698,644.35
11.267549325,644.35
11.291693508,646.61
11.315123338,646.61
11.338663123,646.61
11.361957110,646.61
11.384721803,648.51
11.408006318,648.51
11.431514262,648.51
11.455110304,648.51
11.478820877,649.85
11.501962571,649.85
11.525018312,649.85
11.548254505,649.85
11.571991031,652.40
11.595694756,652.40
11.618755169,652.40
11.641744988,652.40
11.668034697,652.40
11.691273354,654.60
11.714690192,654.60
11.738167479,654.60
11.762196044,654.60
11.785336202,658.07
11.808257764,658.07
11.830983512,658.07
11.854248154,658.07
11.878094315,659.42
11.902746703,659.42
11.925856141,659.42
11.949226034,659.42
11.972831868,659.42
11.997299388,659.84
12.020571262,659.84
12.043795359,659.84
12.066918557,659.84
12.089835990,659.43
12.112874643,659.43
12.136028626,659.43
12.159573947,659.43
12.182701401,659.33
12.205849336,659.33
12.228732432,659.33
12.252308122,659.33
12.275891171,659.33
12.299955224,658.79
12.323122199,658.79
12.346563324,658.79
12.369485269,658.79
12.393026173,660.75
12.416337472,660.75
12.440054796,660.75
12.463630645,660.75
12.486505357,662.44
12.509699564,662.44
12.532877387,662.44
12.556439924,662.44
12.579825080,663.15
12.603177947,663.15
12.626094228,663.15
12.649213554,663.15
12.675455997,663.15
12.698730686,663.93
12.722913878,663.93
12.745992595,663.93
12.769537563,663.93
12.792648313,665.04
12.815724373,665.04
12.839392704,665.04
12.862859111,665.04
12.886408399,665.56
12.909330952,665.56
12.932373059,665.56
12.955782472,665.56
12.979185613,665.56
13.002407341,665.81
13.025717263,665.81
13.048964880,665.81
13.072429559,665.81
13.095681239,667.05
13.119515111,667.05
13.142796744,667.05
13.166858717,667.05
13.190046749,669.71
13.213896333,669.71
13.236954409,669.71
13.260169544,669.71
13.283797458,669.71
13.308444565,671.33
13.331650772,671.33
13.355038551,671.33
13.378387002,671.33
13.402282538,672.43
13.425706959,672.43
13.449003984,672.43
13.473038532,672.43
13.496147040,673.76
13.520253046,673.76
13.543494582,673.76
13.566913658,673.76
13.590454402,674.91
13.614090476,674.91
13.637106310,674.91
13.660181602,674.91
13.683425474,674.91
13.707248112,676.13
13.730851769,676.13
13.754007479,676.13
13.778031947,676.13
13.801124903,677.84
13.824117985,677.84
13.847182045,677.84
13.870401916,677.84
13.894161289,680.06
13.917663023,680.06
13.940593992,680.06
13.963703076,680.06
13.986732063,680.06
14.010864213,681.84
14.034379164,681.84
14.057692030,681.84
14.080916285,681.84
14.104077051,684.32
14.127136791,684.32
14.150251348,684.32
14.174185989,684.32
14.197820207,684.33
14.221634493,684.33
14.244559381,684.33
14.267588335,684.33
14.291064628,684.33
14.315390030,685.24
14.338898164,685.24
14.362485180,685.24
14.385612441,685.24
14.408588050,684.98
14.431979157,684.98
14.455098577,684.98
14.478296879,684.98
14.501683218,685.06
14.525469663,685.06
14.548522650,685.06
14.571504211,685.06
14.594863861,685.83
14.618965866,685.83
14.642154376,685.83
14.665940885,685.83
14.689506812,685.83
14.712373682,687.92
14.735384844,687.92
14.758780111,687.92
14.782477722,687.92
14.805909854,689.03
14.829125052,689.03
14.852017875,689.03
14.874910314,689.03
14.898292333,689.98
14.922008376,689.98
14.945182166,689.98
14.968598233,689.98
14.991700565,689.98
15.014707567,690.87
15.037787562,690.87
15.060761059,690.87
15.084018786,690.87
15.107553609,691.60
15.131051887,691.60
15.154168651,691.60
15.177232134,691.60
15.200393411,692.23
15.224311860,692.23
15.247753176,692.23
15.270951989,692.23
15.294513628,692.23
15.317511477,692.17
15.340692882,692.17
15.363857871,692.17
15.387308435,692.17
15.410949627,692.52
15.434692998,692.52
15.457944261,692.52
15.480717304,692.52
15.503891382,692.83
15.527289432,692.83
15.550296049,692.83
15.573322698,692.83
15.596616586,692.83
15.619767911,695.39
15.643235819,695.39
15.667056152,695.39
15.690344664,695.39
15.714136036,694.46
15.737619817,694.46
15.760965418,694.46
15.784520657,694.46
15.808181786,695.38
15.831316278,695.38
15.854929406,695.38
15.878249855,695.38
15.901833990,695.38
15.925844888,697.67
15.949203257,697.67
15.972165137,697.67
15.995822458,697.67
16.019513092,697.70
16.042870309,697.70
16.066473101,697.70
16.090087221,697.70
16.113550265,699.21
16.136918203,699.21
16.159790225,699.21
16.183593341,699.21
16.207113635,700.83
16.232019275,700.83
16.255526672,700.83
16.278663915,700.83
16.301888489,700.83
16.324928194,702.39
16.348443847,702.39
16.372079630,702.39
16.395756599,702.39
16.419030838,701.96
16.441842986,701.96
16.465119081,701.96
16.488382247,701.96
16.514411658,703.17
16.537694057,703.17
16.561505077,703.17
16.584921528,703.17
16.608172246,703.17
16.631546231,702.47
16.654795638,702.47
16.678229496,702.47
16.701569849,702.47
16.725112702,702.99
16.748546337,702.99
16.771421750,702.99
16.794924795,702.99
16.818865962,702.14
16.842839546,702.14
16.872099501,702.14
16.896248193,702.14
16.921636629,702.22
16.944839410,702.22
16.967948621,702.22
16.991088680,702.22
17.014648686,702.85
17.038424505,702.85
17.061668631,702.85
17.084693904,702.85
17.107505636,702.85
17.130574141,703.30
17.154311080,703.30
17.177677833,703.30
17.201247567,703.30
17.224834518,703.25
17.247917007,703.25
17.270934375,703.25
17.294098147,703.25
17.317556614,704.17
17.340938374,704.17
17.364594958,704.17
17.388228661,704.17
17.411444562,704.17
17.434325479,707.85
17.457359359,707.85
17.481162058,707.85
17.504942421,707.85
17.528161138,708.73
17.552005022,708.73
17.575116984,708.73
17.597950028,708.73
17.620985348,709.32
17.644581098,709.32
17.668030477,709.32
17.691256426,709.32
17.714636906,709.32
17.738105646,710.96
17.761371404,710.96
17.784269024,710.96
17.808004170,710.96
17.831420588,710.75
17.854734155,710.75
17.878168365,710.75
17.901451724,710.75
17.927506158,711.08
17.951562656,711.08
17.974882047,711.08
17.998257312,711.08
18.021384315,711.08
18.045685330,711.66
18.068705834,711.66
18.092018729,711.66
18.115775924,711.66
18.138931279,712.31
18.162340976,712.31
18.185895126,712.31
18.209147635,712.31
18.231982567,713.30
18.254943005,713.30
18.278702406,713.30
18.302292268,713.30
18.325732429,711.82
18.349292050,711.82
18.372604560,711.82
18.395743211,711.82
18.418734305,711.82
18.441975102,713.43
18.464935220,713.43
18.487910154,713.43
18.513070870,713.43
18.535991371,710.96
18.558806365,710.96
18.581623504,710.96
18.604623974,710.96
18.627793313,698.50
18.650991005,698.50
18.673858705,698.50
18.696863016,698.50
18.720186598,698.50
18.743407939,664.62
18.766718465,664.62
18.789975646,664.62
18.812983861,664.62
18.836051790,629.98
18.859401805,629.98
18.883227768,629.98
18.906557879,629.98
18.929769875,597.99
18.953145236,597.99
18.976224652,597.99
18.999231619,597.99
19.022360509,597.99
19.045240785,562.63
19.068633938,562.63
19.091762092,562.63
19.115001512,562.63
19.138184932,525.63
19.161137241,525.63
19.184061518,525.63
19.207173096,525.63
19.230355939,525.63
19.254589464,486.59
19.277912086,486.59
19.300991950,486.59
19.324071559,486.59
19.346995483,452.07
19.370176374,452.07
19.393104490,452.07
19.416275364,452.07
19.439325212,420.83
19.463115461,420.83
19.486213086,420.83
19.509030000,420.83
19.532181866,420.83
19.555025660,382.33
19.578378523,382.33
19.602025505,382.33
19.625368384,382.33
19.649237227,358.43
19.672672524,358.43
19.695745252,358.43
19.719000769,358.43
19.742232732,357.70
19.765439384,357.70
19.788504271,357.70
19.811695178,357.70
19.835017352,357.70
19.859330879,357.99
19.882555515,357.99
19.906282979,357.99
19.929730468,357.99
19.953378282,356.88
19.976683816,356.88
19.999852130,356.88
20.023115135,356.88
20.046067220,357.32
20.069193773,357.32
20.092757105,357.32
20.115803657,357.32
20.138929378,358.08
20.162212031,358.08
20.185207829,358.08
20.208318638,358.08
20.231518921,358.08
20.254525599,357.16
20.277622007,357.16
20.300715695,357.16
20.323919945,357.16
20.347232327,357.37
20.370442785,357.37
20.393273491,357.37
20.416302281,357.37
20.439319903,357.37
20.462402391,357.59
20.486113758,357.59
20.509003953,357.59
20.532136809,357.59
20.555018332,357.88
20.577968592,357.88
20.601004423,357.88
20.624964404,357.88
20.648442709,358.23
20.672366209,358.23
20.696048168,358.23
20.719454119,358.23
20.742883559,357.84
20.767163548,357.84
20.790315478,357.84
20.813906810,357.84
20.837442845,357.84
20.860711705,358.14
20.884262780,358.14
20.907571097,358.14
20.930911415,358.14
20.954188115,357.68
20.977782903,357.68
21.000917296,357.68
21.024137835,357.68
21.047344038,358.57
21.070354332,358.57
21.093629464,358.57
21.116650734,358.57
21.139942795,358.57
21.163043811,359.32
21.186048184,359.32
21.209129488,359.32
21.232080772,359.32
21.255449507,358.44
21.278717470,358.44
21.301891479,358.44
21.325202004,358.44
21.348575730,358.94
21.371831341,358.94
21.394939525,358.94
21.417896729,358.94
21.441066034,358.94
21.463942692,358.05
21.486991610,358.05
21.510181331,358.05
21.533237738,358.05
21.556315712,359.11
21.579529819,359.11
21.602270313,359.11
21.625372961,359.11
21.648013517,359.11
21.670963520,360.20
21.693989686,360.20
21.717027244,360.20
21.740335944,360.20
21.763547586,358.78
21.787633394,358.78
21.811174676,358.78
21.834572851,358.78
21.857793229,359.44
21.881102602,359.44
21.904506344,359.44
21.927553503,359.44
21.950992286,359.44
21.975154192,359.61
21.998604848,359.61
22.021714311,359.61
22.045144615,359.61
22.069035954,359.45
22.092457169,359.45
22.117382805,359.45
22.140413707,359.45
22.163538179,359.72
22.186444181,359.72
22.209482475,359.72
22.232714630,359.72
22.255870174,358.29
22.279103352,358.29
22.302178542,358.29
22.325262500,358.29
22.348344443,358.29
22.371156330,359.17
22.394450406,359.17
22.417438874,359.17
22.440603154,359.17
22.463352224,359.38
22.486314836,359.38
22.509406346,359.38
22.532276795,359.38
22.555392595,359.38
22.579248156,358.02
22.602409012,358.02
22.625524555,358.02
22.648848199,358.02
22.671897821,359.09
22.694649483,359.09
22.717703521,359.09
22.741412998,359.09
22.764417723,359.38
22.787631028,359.38
22.810352866,359.38
22.833243795,359.38
22.856409676,359.38
22.880017135,358.07
22.903009571,358.07
22.926151259,358.07
22.949227025,358.07
22.972272614,358.53
22.995170040,358.53
23.018304976,358.53
23.041403398,358.53
23.064788868,357.33
23.088152353,357.33
23.111764549,357.33
23.135289702,357.33
23.158936618,357.33
23.182321640,359.18
23.207721527,359.18
23.230905232,359.18
23.254149546,359.18
23.277215551,360.18
23.300926660,360.18
23.324114172,360.18
23.347486233,360.18
23.370556590,358.76
23.394251891,358.76
23.417357161,358.76
23.440502528,358.76
23.463837788,360.41
23.487048629,360.41
23.510354896,360.41
23.533434342,360.41
23.556542268,360.41
23.579529327,360.33
23.602772489,360.33
23.625881919,360.33
23.648746800,360.33
23.671863398,359.61
23.694994397,359.61
23.718238647,359.61
23.741284332,359.61
23.764415970,359.61
23.788286443,360.36
23.811349025,360.36
23.834163312,360.36
23.857327495,360.36
23.880249209,359.39
23.903367760,359.39
23.926684395,359.39
23.950153770,359.39
23.973489574,360.34
23.996619741,360.34
24.019709459,360.34
24.042838730,360.34
24.066040226,360.34
24.089130296,360.99
24.111941575,360.99
24.134985788,360.99
24.158111251,360.99
24.180930690,359.05
24.205917350,359.05
24.229104894,359.05
24.252361944,359.05
24.275494606,360.43
24.298729671,360.43
24.322368010,360.43
24.345742406,360.43
24.369010047,359.91
24.393637466,359.91
24.416890259,359.91
24.440260688,359.91
24.463890162,359.91
24.487343632,359.54
24.510433157,359.54
24.533864227,359.54
24.557147261,359.54
24.580665981,361.39
24.604072666,361.39
24.627335027,361.39
24.650553259,361.39
24.674248335,360.19
24.698274396,360.19
24.721515156,360.19
24.744865264,360.19
24.768196555,360.19
24.791563303,360.37
24.814583931,360.37
24.837787955,360.37
24.860785510,360.37
24.883806969,361.95
24.907131636,361.95
24.930286891,361.95
24.953545732,361.95
24.976567128,360.13
24.999741871,360.13
25.022795172,360.13
25.045599026,360.13
25.068771337,360.13
25.091681370,361.76
25.114882386,361.76
25.137808579,361.76
25.160763317,361.76
25.183879819,361.54
25.207189669,361.54
25.230169816,361.54
25.253126122,361.54
25.276152157,360.89
25.299992068,360.89
25.322884755,360.89
25.346274415,360.89
25.369692428,360.89
25.392785216,361.67
25.415972183,361.67
25.439126286,361.67
25.462236259,361.67
25.485421658,360.71
25.508518574,360.71
25.531626787,360.71
25.554626486,360.71
25.577620360,360.71
25.601569490,359.97
25.624552644,359.97
25.647645016,359.97
25.671050453,359.97
25.693903587,362.10
25.717055769,362.10
25.740059180,362.10
25.763612204,362.10
25.786843908,360.69
25.810081564,360.69
25.833407414,360.69
25.856476266,360.69
25.880484470,360.95
25.904674405,360.95
25.927905213,360.95
25.951338202,360.95
25.974640532,360.95
25.997879884,362.12
26.021293865,362.12
26.044961611,362.12
26.068481834,362.12
26.091957736,359.94
26.115358245,359.94
26.138393496,359.94
26.162021562,359.94
26.185354196,361.67
26.208761072,361.67
26.232058698,361.67
26.255551240,361.67
26.278926179,361.67
26.302026327,361.37
26.325038377,361.37
26.350162895,361.37
26.373790288,361.37
26.396712608,360.68
26.419820116,360.68
26.442914984,360.68
26.466042973,360.68
26.489234548,362.40
26.514637760,362.40
26.537866807,362.40
26.561202033,362.40
26.584255525,362.40
26.607092978,361.89
26.630199367,361.89
26.653199128,361.89
26.676424304,361.89
26.699274750,361.27
26.722428979,361.27
26.745310818,361.27
26.768288019,361.27
26.791384680,362.97
26.814178516,362.97
26.837303017,362.97
26.860281722,362.97
26.883185482,362.97
26.906222428,361.53
26.929223438,361.53
26.952206271,361.53
26.975261651,361.53
26.998400616,361.74
27.021714177,361.74
27.045127357,361.74
27.068207761,361.74
27.091206563,360.98
27.114328471,360.98
27.137654673,360.98
27.160621154,360.98
27.183696245,360.98
27.207223956,350.02
27.230759283,350.02
27.253697059,350.02
27.277236577,350.02
27.300663613,347.94
27.323946421,347.94
27.348530893,347.94
27.371617952,347.94
27.394825622,346.58
27.418087374,346.58
27.441464872,346.58
27.464508250,346.58
27.487502859,346.58
27.510715425,347.32
27.533996633,347.32
27.557234000,347.32
27.580443527,347.32
27.603881890,344.23
27.627028215,344.23
27.650247534,344.23
27.673679401,344.23
27.697102405,341.55
27.720467871,341.55
27.743489840,341.55
27.766782281,341.55
27.789863388,341.55
27.812847725,341.27
27.836059107,341.27
27.859246201,341.27
27.882223017,341.27
27.905039350,342.90
27.928169834,342.90
27.951129594,342.90
27.974056298,342.90
27.997211999,336.15
28.020575513,336.15
28.044015476,336.15
28.067356398,336.15
28.090668135,336.15
28.113861437,336.95
28.137060851,336.95
28.159779645,336.95
28.182961586,336.95
28.205947427,349.03
28.229060023,349.03
28.252075912,349.03
28.274957590,349.03
28.298163019,350.98
28.321688681,350.98
28.344699961,350.98
28.367635496,350.98
28.390618873,350.98
28.413839918,352.67
28.439208953,352.67
28.462339468,352.67
28.485575427,352.67
28.508690486,351.24
28.531689670,351.24
28.554666486,351.24
28.577380000,351.24
28.600504563,354.54
28.624271671,354.54
28.647382058,354.54
28.670862470,354.54
28.693883255,354.54
28.716864007,356.63
28.739606097,356.63
28.762652611,356.63
28.786013468,356.63
28.808869865,356.90
28.831864794,356.90
28.854722087,356.90
28.877795993,356.90
28.900989518,356.90
28.924028384,355.39
28.947202580,355.39
28.970169124,355.39
28.993493629,355.39
29.016623408,360.95
29.039763332,360.95
29.062690195,360.95
29.085488959,360.95
29.109013052,360.17
29.131984460,360.17
29.154959100,360.17
29.178203986,360.17
29.201462761,360.17
29.224890628,359.85
29.248446978,359.85
29.271677495,359.85
29.295315863,359.85
29.318702576,361.93
29.342194764,361.93
29.365431777,361.93
29.389219268,361.93
29.412533468,359.32
29.436404929,359.32
29.459703864,359.32
29.483830116,359.32
29.507114042,360.47
29.531010080,360.47
29.554389689,360.47
29.577736305,360.47
29.601133483,360.47
29.624338848,362.52
29.647753146,362.52
29.670913102,362.52
29.694098274,362.52
29.717106514,359.98
29.740231205,359.98
29.763356568,359.98
29.786415593,359.98
29.809651199,361.82
29.833009944,361.82
29.856045672,361.82
29.878911285,361.82
29.902017447,361.82
29.925008151,362.02
29.948059784,362.02
29.970991190,362.02
29.994215980,362.02
30.017285405,361.39
30.040877852,361.39
30.063882252,361.39
30.087050720,361.39
30.110444249,361.39
30.134662567,362.36
30.157660790,362.36
30.180740328,362.36
30.203891260,362.36
30.227006543,362.12
30.250213827,362.12
30.273023598,362.12
30.296470440,362.12
30.319478935,361.46
30.343111382,361.46
30.366317674,361.46
30.389075764,361.46
30.412235367,361.46
30.435196949,362.66
30.458319687,362.66
30.481447290,362.66
30.504544395,362.66
30.527780192,360.30
30.550865938,360.30
30.574370189,360.30
30.598250066,360.30
30.621781582,361.65
30.645589809,361.65
30.668858023,361.65
30.691962201,361.65
30.715199566,361.65
30.739346361,361.73
30.762646031,361.73
30.785956774,361.73
30.809455297,361.73
30.832801465,359.99
30.856217138,359.99
30.879487304,359.99
30.902976739,359.99
30.926487967,361.12
30.950471302,361.12
30.973767325,361.12
30.997229943,361.12
31.020446092,361.83
31.043513565,361.83
31.066661232,361.83
31.089989799,361.83
31.113329342,361.83
31.136351054,360.03
31.159610564,360.03
31.182563634,360.03
31.205805991,360.03
31.228997851,361.12
31.251888455,361.12
31.274894678,361.12
31.297878724,361.12
31.320821010,361.32
31.344518737,361.32
31.367443646,361.32
31.390424364,361.32
31.413700481,361.32
31.436558989,359.43
31.459586140,359.43
31.482391398,359.43
31.505618170,359.43
31.528610408,361.95
31.552163588,361.95
31.574890476,361.95
31.597954333,361.95
31.621007213,361.95
31.644007995,361.06
31.667169358,361.06
31.690197693,361.06
31.713839419,361.06
31.736901804,360.86
31.760257059,360.86
31.783390741,360.86
31.806406532,360.86
31.829641144,362.54
31.852644679,362.54
31.875854683,362.54
31.898924427,362.54
31.921782870,362.54
31.944849222,360.96
31.967870997,360.96
31.990911717,360.96
32.014669702,360.96
32.037561906,361.91
32.060597858,361.91
32.083511982,361.91
32.106492412,361.91
32.129733585,361.70
32.152725407,361.70
32.175745999,361.70
32.198722653,361.70
32.221960337,361.70
32.245204485,360.22
32.268448761,360.22
32.291626604,360.22
32.315081285,360.22
32.338542814,362.35
32.361984983,362.35
32.385317389,362.35
32.408779718,362.35
32.432293408,361.90
32.455793979,361.90
32.479128817,361.90
32.502361124,361.90
32.525701083,361.90
32.548824236,360.50
32.572221379,360.50
32.595640188,360.50
32.619046547,360.50
32.642684913,361.56
32.666006727,361.56
32.689366781,361.56
32.713047068,361.56
32.736492245,360.04
32.760147347,360.04
32.783404999,360.04
32.806640859,360.04
32.829950512,360.04
32.853028128,360.89
32.876099952,360.89
32.899427046,360.89
32.922610392,360.89
32.945609158,361.09
32.968766168,361.09
32.991785223,361.09
33.014855126,361.09
33.038060553,359.46
33.061039415,359.46
33.083799455,359.46
33.106705259,359.46
33.129959999,359.46
33.152915916,361.14
33.175934010,361.14
33.198784197,361.14
33.221986808,361.14
33.245004870,361.74
33.268240601,361.74
33.291223462,361.74
33.314287605,361.74
33.337537481,360.43
33.360675609,360.43
33.383801546,360.43
33.406853848,360.43
33.430184366,360.43
33.453438913,362.44
33.476563890,362.44
33.499916680,362.44
33.523341664,362.44
33.546234442,361.56
33.569151958,361.56
33.592141667,361.56
33.614979628,361.56
33.638190879,361.95
33.661760602,361.95
33.684793288,361.95
33.707785717,361.95
33.730744322,361.95
33.753381606,363.61
33.776295986,363.61
33.799242046,363.61
33.822835674,363.61
33.845969450,362.27
33.868999192,362.27
33.892156522,362.27
33.915310427,362.27
33.938542030,362.27
33.962934589,362.29
33.986377909,362.29
34.009755532,362.29
34.033232805,362.29
34.056532441,363.56
34.079997874,363.56
34.103227685,363.56
34.126589211,363.56
34.149910672,360.89
34.173298375,360.89
34.196627452,360.89
34.219981042,360.89
34.243532461,362.14
34.267173353,362.14
34.290545887,362.14
34.314020887,362.14
34.337393837,362.14
34.361191181,362.69
34.384580932,362.69
34.407785205,362.69
34.431128170,362.69
34.454662500,360.99
34.477831381,360.99
34.500770592,360.99
34.523706795,360.99
34.546757305,362.07
34.569505504,362.07
34.592715410,362.07
34.615524154,362.07
34.638677547,362.07
34.661728921,362.16
34.685085326,362.16
34.708139068,362.16
34.731355182,362.16
34.754237080,362.42
34.777439818,362.42
34.800731806,362.42
34.823796652,362.42
34.846916316,363.37
34.870285233,363.37
34.893789674,363.37
34.917082302,363.37
34.940248303,363.37
34.963545219,360.96
34.986471278,360.96
35.009390809,360.96
35.032616523,360.96
35.055564887,362.45
35.078626213,362.45
35.101739316,362.45
35.124655423,362.45
35.147799855,362.45
35.171522862,363.42
35.194825890,363.42
35.218100085,363.42
35.241417066,363.42
35.264500056,362.03
35.288209205,362.03
35.311617419,362.03
35.335010913,362.03
35.358621244,363.13
35.381756459,363.13
35.404692598,363.13
35.428121036,363.13
35.451252252,362.88
35.474668786,362.88
35.497642077,362.88
35.521653410,362.88
35.545182363,362.88
35.568782166,362.27
35.592011239,362.27
35.615372124,362.27
35.638941846,362.27
35.662633715,362.59
35.685920134,362.59
35.709208249,362.59
35.733254367,362.59
35.756639252,360.73
35.780004297,360.73
35.803044950,360.73
35.826096900,360.73
35.849094704,360.73
35.872112188,361.97
35.895196299,361.97
35.918205111,361.97
35.941141506,361.97
35.964120365,362.38
35.987245724,362.38
36.010242248,362.38
36.033181939,362.38
36.056337827,360.77
36.079450706,360.77
36.102208696,360.77
36.125210372,360.77
36.148262866,360.77
36.171208605,362.06
36.194375085,362.06
36.217419610,362.06
36.240541705,362.06
36.263508532,361.28
36.286606818,361.28
36.309492043,361.28
36.332703547,361.28
36.355780425,361.28
36.378989785,361.36
36.402342126,361.36
36.425486237,361.36
36.448615211,361.36
36.471775931,362.37
36.494950506,362.37
36.518596806,362.37
36.541869976,362.37
36.564759457,352.60
36.588208407,352.60
36.611202466,352.60
36.635642417,352.60
36.659585107,359.55
36.683964864,359.55
36.708228106,359.55
36.732081290,359.55
36.756072206,402.61
36.784866885,402.61
36.808167224,402.61
36.832154651,402.61
36.856188672,402.61
36.880404265,436.00
36.904321706,436.00
36.927773025,436.00
36.951239800,436.00
36.974805937,469.23
36.998184550,469.23
37.022111432,469.23
37.046398226,469.23
37.070279539,502.46
37.094053777,502.46
37.117334276,502.46
37.140778138,502.46
37.164133230,538.89
37.188870755,538.89
37.212645698,538.89
37.236087448,538.89
37.260107388,538.89
37.283465103,569.76
37.306832835,569.76
37.330377051,569.76
37.353768079,569.76
37.377596366,602.97
37.401191912,602.97
37.424539611,602.97
37.448470108,602.97
37.472305499,638.16
37.496512323,638.16
37.521639074,638.16
37.545295196,638.16
37.569218398,676.84
37.592655891,676.84
37.616259949,676.84
37.639876295,676.84
37.663728070,676.84
37.687081913,711.05
37.710377579,711.05
37.733754399,711.05
37.757397690,711.05
37.781068789,710.13
37.804760177,710.13
37.831468245,710.13
37.855210866,710.13
37.878404770,713.75
37.901878680,713.75
37.925066919,713.75
37.948830661,713.75
37.972386685,712.78
37.996137850,712.78
38.019878871,712.78
38.043176809,712.78
38.066413050,712.78
38.089670283,716.71
38.112833562,716.71
38.136703642,716.71
38.160249234,716.71
38.184016335,715.47
38.207593864,715.47
38.230636084,715.47
38.253526332,715.47
38.276750924,720.15
38.299713589,720.15
38.323235084,720.15
38.346735522,720.15
38.370414365,720.15
38.394218427,719.26
38.417789363,719.26
38.440959425,719.26
38.464556058,719.26
38.487747369,721.09
38.511792332,721.09
38.535409670,721.09
38.559516683,721.09
38.583128388,722.79
38.606389844,722.79
38.629905643,722.79
38.653275038,722.79
38.677458181,720.17
38.701246338,720.17
38.724671735,720.17
38.748260207,720.17
38.772183856,720.17
38.795476001,722.17
38.818716401,722.17
38.841749405,722.17
38.865652637,722.17
38.889523900,721.60
38.913198903,721.60
38.936904850,721.60
38.960152834,721.60
38.983433331,723.45
39.006952042,723.45
39.030548899,723.45
39.054042841,723.45
39.078124477,723.45
39.102671757,720.63
39.126319207,720.63
39.149370226,720.63
39.172597858,720.63
39.195767281,722.43
39.219806100,722.43
39.242933025,722.43
39.266381782,722.43
39.289951693,718.10
39.313259358,718.10
39.336457741,718.10
39.359667260,718.10
39.382902379,715.09
39.405905845,715.09
39.429115267,715.09
39.452748444,715.09
39.475884489,715.09
39.498541835,674.42
39.521344624,674.42
39.545135340,674.42
39.569318867,674.42
39.592978124,646.80
39.616900332,646.80
39.640550054,646.80
39.663838006,646.80
39.687668212,649.81
39.711177994,649.81
39.734735745,649.81
39.758388570,649.81
39.782020755,649.81
39.805775951,648.35
39.829492074,648.35
39.852984832,648.35
39.876691162,648.35
39.899952074,649.17
39.923190682,649.17
39.946583149,649.17
39.970609775,649.17
39.994056228,645.30
40.017554906,645.30
40.040442817,645.30
40.063635471,645.30
40.086877438,645.30
40.110496279,648.02
40.134438583,648.02
40.157948013,648.02
40.181839757,648.02
40.205564840,643.05
40.228715509,643.05
40.251557787,643.05
40.274473250,643.05
40.297391625,645.44
40.320911134,645.44
40.344182126,645.44
40.367329531,645.44
40.391289051,645.58
40.414888338,645.58
40.438114849,645.58
40.461290318,645.58
40.484987624,645.58
40.508765124,675.66
40.532144534,675.66
40.555648459,675.66
40.579831089,675.66
40.603331142,713.64
40.626574773,713.64
40.649794883,713.64
40.672950512,713.64
40.696657962,709.90
40.720655595,709.90
40.744083807,709.90
40.767369423,709.90
40.790745601,709.90
40.814247990,712.50
40.837453124,712.50
40.860485134,712.50
40.883497335,712.50
40.906544162,707.02
40.929527018,707.02
40.952593205,707.02
40.981273063,707.02
41.004734043,692.77
41.027957449,692.77
41.051211704,692.77
41.074483944,692.77
41.097745015,655.54
41.121455794,655.54
41.144561789,655.54
41.167555142,655.54
41.190628433,655.54
41.213926401,619.57
41.237309172,619.57
41.260749863,619.57
41.284171769,619.57
41.307311333,587.12
41.330492146,587.12
41.353436665,587.12
41.376521604,587.12
41.399838196,551.44
41.423164324,551.44
41.446065514,551.44
41.469018450,551.44
41.492377507,551.44
41.515594384,515.00
41.538927329,515.00
41.562066573,515.00
41.585489119,515.00
41.608701869,479.02
41.631891386,479.02
41.655137096,479.02
41.678323541,479.02
41.701605861,445.95
41.725870763,445.95
41.749079673,445.95
41.772148131,445.95
41.795606583,445.95
41.818961096,409.85
41.842501053,409.85
41.866557055,409.85
41.890273561,409.85
41.913969042,388.97
41.937656203,388.97
41.961477799,388.97
41.985465511,388.97
42.009482760,394.27
42.034034070,394.27
42.057932532,394.27
42.081742768,394.27
42.105851027,431.20
42.129735889,431.20
42.153320327,431.20
42.176941599,431.20
42.201094371,431.20
42.224832477,464.58
42.248412563,464.58
42.272365778,464.58
42.296978913,464.58
42.320438291,500.49
42.343771747,500.49
42.367030513,500.49
42.391104019,500.49
42.414857581,530.77
42.438681225,530.77
42.462635367,530.77
42.486190909,530.77
42.509587182,564.64
42.532776570,564.64
42.556025672,564.64
42.579631007,564.64
42.603274262,564.64
42.626519012,598.26
42.650013175,598.26
42.673472362,598.26
42.696661751,598.26
42.719807554,640.27
42.743470746,640.27
42.768039847,640.27
42.791831234,640.27
42.815401816,663.76
42.839127441,663.76
42.862331550,663.76
42.885324646,663.76
42.908361230,663.76
42.931696094,702.75
42.954959532,702.75
42.978666789,702.75
43.002275932,702.75
43.025550090,713.23
43.049061406,713.23
43.074091639,713.23
43.097864721,713.23
43.122040982,714.53
43.145465448,714.53
43.168535409,714.53
43.191393878,714.53
43.214624835,704.78
43.237797999,704.78
43.261121886,704.78
43.284651986,704.78
43.308035779,704.78
43.330953256,665.93
43.353715913,665.93
43.377187996,665.93
43.401075897,665.93
43.425153626,637.64
43.448763664,637.64
43.472638860,637.64
43.495919802,637.64
43.522029420,638.49
43.546425492,638.49
43.570330321,638.49
43.594036746,638.49
43.617483131,639.88
43.641446746,639.88
43.664801450,639.88
43.688450368,639.88
43.712247995,639.88
43.735626571,639.98
43.759162463,639.98
43.782716628,639.98
43.806330090,639.98
43.829997729,642.54
43.853493748,642.54
43.876610718,642.54
43.899973294,642.54
43.923597701,638.12
43.953003397,638.12
43.976943331,638.12
44.000465911,638.12
44.024199664,637.47
44.047977034,637.47
44.071247831,637.47
44.094402754,637.47
44.119230421,637.47
44.143908933,637.20
44.169662958,637.20
44.193281988,637.20
44.217117728,637.20
44.240614419,652.44
44.263885184,652.44
44.287470709,652.44
44.311751514,652.44
44.336127777,693.72
44.359625428,693.72
44.383254378,693.72
44.407343754,693.72
44.430746011,715.42
44.454041032,715.42
44.477044655,715.42
44.500337309,715.42
44.524043412,712.97
44.548035667,712.97
44.571460452,712.97
44.594606446,712.97
44.617949853,712.97
44.641148520,715.61
44.664413941,715.61
44.687508414,715.61
44.710582854,715.61
44.733598925,708.24
44.756603380,708.24
44.779192241,708.24
44.802043540,708.24
44.825327362,688.20
44.849514853,688.20
44.872825043,688.20
44.895967933,688.20
44.919603347,688.20
44.943081317,652.46
44.966571799,652.46
44.990734970,652.46
45.013999367,652.46
45.036741191,615.82
45.059422086,615.82
45.083297858,615.82
45.107515910,615.82
45.131785163,592.85
45.155629254,592.85
45.179298556,592.85
45.202678476,592.85
45.226485734,592.85
45.250180349,592.64
45.273344039,592.64
45.296896026,592.64
45.320568656,592.64
45.343946848,594.44
45.367503891,594.44
45.390764671,594.44
45.414568505,594.44
45.438073067,594.16
45.461822275,594.16
45.485590491,594.16
45.509070701,594.16
45.532872486,592.13
45.556485147,592.13
45.579557986,592.13
45.603040148,592.13
45.626830925,592.13
45.650062520,595.43
45.673481769,595.43
45.697455590,595.43
45.721686217,595.43
45.745730024,597.54
45.769178873,597.54
45.792404325,597.54
45.816187581,597.54
45.839482795,617.85
45.863856753,617.85
45.887183519,617.85
45.910373034,617.85
45.934682703,653.60
45.958718830,653.60
45.982078973,653.60
46.005478668,653.60
46.029205956,653.60
46.052801432,696.34
46.076417997,696.34
46.099917727,696.34
46.123754681,696.34
46.146959428,718.90
46.170345235,718.90
46.193636672,718.90
46.216853867,718.90
46.241408375,716.98
46.265106733,716.98
46.288200181,716.98
46.311127288,716.98
46.334047068,716.98
46.357082306,719.13
46.380177386,719.13
46.403269681,719.13
46.426510397,719.13
46.449455553,713.65
46.472396293,713.65
46.495206950,713.65
46.518295309,713.65
46.541569881,687.96
46.564595967,687.96
46.587530627,687.96
46.610573610,687.96
46.634501061,687.96
46.658018839,651.67
46.680953307,651.67
46.703718299,651.67
46.726851620,651.67
46.750618747,612.03
46.774468437,612.03
46.798304463,612.03
46.822564882,612.03
46.846126501,612.65
46.869771482,612.65
46.893409934,612.65
46.916571064,612.65
46.940499475,612.65
46.965310788,609.87
46.989041979,609.87
47.012958038,609.87
47.036435783,609.87
47.060057084,612.25
47.083732273,612.25
47.107295716,612.25
47.131021371,612.25
47.154649903,609.84
47.178374662,609.84
47.202017723,609.84
47.225358536,609.84
47.248859706,615.67
47.272565071,615.67
47.299090504,615.67
47.323030660,615.67
47.346582870,608.29
47.370697973,608.29
47.394701618,608.29
47.418311813,608.29
47.441727124,608.29
47.464961598,615.54
47.487971076,615.54
47.511805532,615.54
47.535617845,615.54
47.559299882,640.70
47.583203460,640.70
47.606628467,640.70
47.629596855,640.70
47.652680670,678.23
47.675915432,678.23
47.699845508,678.23
47.723267922,678.23
47.746868870,678.23
47.772012638,715.70
47.795331658,715.70
47.818366352,715.70
47.841612826,715.70
47.865067370,716.98
47.888991685,716.98
47.912824734,716.98
47.935900068,716.98
47.958840488,716.57
47.981719786,716.57
48.004532234,716.57
48.027394124,716.57
48.050736825,716.57
48.074549361,713.91
48.097417651,713.91
48.120281012,713.91
48.143242168,713.91
48.166640391,702.49
48.190307771,702.49
48.213420259,702.49
48.236910995,702.49
48.260598792,666.08
48.283981781,666.08
48.310630993,666.08
48.333924316,666.08
48.357756468,638.14
48.381337510,638.14
48.404893784,638.14
48.427963326,638.14
48.451612881,638.14
48.474887356,587.30
48.499024059,587.30
48.524455962,587.30
48.548442613,587.30
48.572287918,574.06
48.596238249,574.06
48.619741401,574.06
48.643597489,574.06
48.667557261,576.06
48.691664715,576.06
48.715436514,576.06
48.739483967,576.06
48.763424314,579.41
48.787052493,579.41
48.810274615,579.41
48.833827912,579.41
48.857379673,573.18
48.881691485,573.18
48.905341745,573.18
48.929151880,573.18
48.952908094,573.18
48.976223978,578.26
48.999599319,578.26
49.022925251,578.26
49.048420899,578.26
49.072405151,580.06
49.096035730,580.06
49.119603908,580.06
49.143872966,580.06
49.167272532,597.49
49.190593984,597.49
49.213993198,597.49
49.236745484,597.49
49.260402912,630.84
49.284931880,630.84
49.308520857,630.84
49.332514805,630.84
49.358837543,630.84
49.382085873,662.85
49.405797638,662.85
49.429723295,662.85
49.453408179,662.85
49.476969860,719.03
49.500956639,719.03
49.524435534,719.03
49.547692344,719.03
49.570863680,723.27
49.594225100,723.27
49.617732796,723.27
49.641384687,723.27
49.665233159,721.91
49.689211746,721.91
49.712600399,721.91
49.735776951,721.91
49.758692440,721.91
49.781415829,723.89
49.805935293,723.89
49.829632081,723.89
49.853156385,723.89
49.876938104,725.15
49.900317220,725.15
49.923480076,725.15
49.946684948,725.15
49.970235077,723.20
49.994127934,723.20
50.017546988,723.20
50.041008506,723.20
50.064837682,723.20
50.088189534,723.32
50.111363109,723.32
50.134424107,723.32
50.158167648,723.32
50.181657647,722.93
50.204886264,722.93
50.228554988,722.93
50.253010930,722.93
50.276450655,724.90
50.299758570,724.90
50.323137206,724.90
50.346347774,724.90
50.369963280,722.26
50.393867976,722.26
50.417461849,722.26
50.441282160,722.26
50.464763998,722.26
50.487838307,724.85
50.511092812,724.85
50.534430999,724.85
50.558447411,724.85
50.582148742,722.62
50.605561747,722.62
50.629538957,722.62
50.652944794,722.62
50.676011871,724.51
50.699308009,724.51
50.722864569,724.51
50.746443658,724.51
50.770123421,724.51
50.793727407,722.54
50.817790603,722.54
50.841542560,722.54
50.865139441,722.54
50.888633248,724.58
50.911947402,724.58
50.935833282,724.58
50.959516086,724.58
50.983650164,725.03
51.007263557,725.03
51.031156318,725.03
51.054628812,725.03
51.078378401,726.50
51.101917297,726.50
51.125945100,726.50
51.149715330,726.50
51.173857184,726.50
51.197659510,723.34
51.221346281,723.34
51.244597330,723.34
51.268403944,723.34
51.292108315,720.35
51.315759693,720.35
51.339448896,720.35
51.363017424,720.35
51.386198070,721.99
51.409741862,721.99
51.433893220,721.99
51.457535285,721.99
51.481129062,720.86
51.507118799,720.86
51.530801602,720.86
51.554265487,720.86
51.577854912,720.86
51.601052007,723.27
51.623944263,723.27
51.647658778,723.27
51.671370830,723.27
51.694887036,718.59
51.718693522,718.59
51.741870105,718.59
51.765217891,718.59
51.788155908,719.96
51.811078149,719.96
51.834877594,719.96
51.858135555,719.96
51.881839734,714.66
51.905848433,714.66
51.929118041,714.66
51.952167549,714.66
51.975213313,714.66
51.998246660,715.02
52.021810260,715.02
52.045130878,715.02
52.068728558,715.02
52.092385344,713.87
52.115743723,713.87
52.138889425,713.87
52.162084024,713.87
52.185986768,714.30
52.210159727,714.30
52.234136936,714.30
52.258197411,714.30
52.282362913,714.30
52.306084852,717.09
52.330149455,717.09
52.353912355,717.09
52.377430545,717.09
52.401248006,712.90
52.424976410,712.90
52.449038037,712.90
52.473200722,712.90
52.496725120,715.02
52.522921614,715.02
52.549124796,715.02
52.573299290,715.02
52.597020429,712.06
52.621014150,712.06
52.644824347,712.06
52.668711090,712.06
52.692127934,717.06
52.715359461,717.06
52.738903924,717.06
52.762168732,717.06
52.785968081,717.06
52.809576801,714.27
52.833390230,714.27
52.862468808,714.27
52.897958483,718.99
52.927969531,718.99
52.952315389,718.99
52.976100625,718.99
52.999964327,718.50
53.023841150,718.50
53.047652307,718.50
53.071022270,718.50
53.094405737,722.07
53.117833653,722.07
53.141562408,722.07
53.165371709,722.07
53.189175762,722.07
53.213392625,719.49
53.237411947,719.49
53.260967033,719.49
53.284734349,719.49
53.308443423,723.59
53.332610364,723.59
53.356396399,723.59
53.380645422,723.59
53.404960687,725.64
53.428589823,725.64
53.451885351,725.64
53.475359636,725.64
53.499306699,725.46
53.524413310,725.46
53.547975565,725.46
53.572368975,725.46
53.597246077,726.99
53.620803468,726.99
53.644189654,726.99
53.667359771,726.99
53.690313435,726.99
53.714178417,725.53
53.737855138,725.53
53.761615062,725.53
53.784898494,725.53
53.807957600,728.46
53.830744637,728.46
53.853760478,728.46
53.876674845,728.46
53.900305710,723.49
53.923929758,723.49
53.947691633,723.49
53.971326497,723.49
53.994375108,723.49
54.017044861,719.45
54.040100192,719.45
54.063968118,719.45
54.087743209,719.45
54.111574622,717.61
54.135612920,717.61
54.159313610,717.61
54.183524488,717.61
54.206954867,719.92
54.231400055,719.92
54.254996166,719.92
54.278820602,719.92
54.302660238,719.59
54.326125274,719.59
54.349675176,719.59
54.373154516,719.59
54.396693345,719.59
54.420646009,718.13
54.444240839,718.13
54.467784917,718.13
54.491752364,718.13
54.516694715,713.95
54.539846303,713.95
54.563188296,713.95
54.587674092,713.95
54.611274555,712.34
54.634975724,712.34
54.659204586,712.34
54.682999293,712.34
54.706887987,714.31
54.730406432,714.31
54.753904524,714.31
54.777780962,714.31
54.801419601,714.31
54.825304935,711.73
54.848670448,711.73
54.871806388,711.73
54.895650569,711.73
54.919357978,717.65
54.943158830,717.65
54.966859327,717.65
54.991163679,717.65
55.015003667,715.48
55.038746150,715.48
55.061956715,715.48
55.084895434,715.48
55.108605500,714.72
55.132297837,714.72
55.155704119,714.72
55.179149314,714.72
55.202952950,714.72
55.226378561,714.55
55.249280991,714.55
55.272470820,714.55
55.295741450,714.55
55.319432858,714.43
55.343001448,714.43
55.366894109,714.43
55.390292871,714.43
55.413617838,714.12
55.436961015,714.12
55.460328287,714.12
55.483496739,714.12
55.507025104,714.12
55.530251317,715.21
55.553867428,715.21
55.577952702,715.21
55.601426441,715.21
55.624754385,714.80
55.648714183,714.80
55.672356727,714.80
55.698358654,714.80
55.721890730,713.77
55.745685629,713.77
55.769219242,713.77
55.792500817,713.77
55.816032957,716.49
55.840269179,716.49
55.863748070,716.49
55.887390101,716.49
55.911288619,716.49
55.934567825,714.45
55.957736949,714.45
55.980799319,714.45
56.004064061,714.45
56.027881233,717.68
56.051469247,717.68
56.075225457,717.68
56.099315594,717.68
56.122821494,720.78
56.146656586,720.78
56.169599145,720.78
56.192718092,720.78
56.216541887,720.78
56.241079492,719.44
56.264661873,719.44
56.288186045,719.44
56.311937358,719.44
56.334935246,720.80
56.358050672,720.80
56.381048367,720.80
56.404718271,720.80
56.428159944,716.77
56.451406926,716.77
56.474577105,716.77
56.497519375,716.77
56.523090380,722.49
56.546383506,722.49
56.569595510,722.49
56.592997215,722.49
56.616265637,722.49
56.639204675,719.34
56.662441480,719.34
56.685700462,719.34
56.709326492,719.34
56.732766662,691.55
56.756194192,691.55
56.779659962,691.55
56.803225255,691.55
56.826726002,655.43
56.850086394,655.43
56.873349280,655.43
56.896978414,655.43
56.920820898,655.43
56.944426831,621.53
56.968231298,621.53
56.991218849,621.53
57.014334787,621.53
57.038183223,573.71
57.062073995,573.71
57.085973088,573.71
57.109971735,573.71
57.134006959,568.66
57.157734144,568.66
57.181382446,568.66
57.204821528,568.66
57.228639339,568.42
57.252128790,568.42
57.275545215,568.42
57.299426738,568.42
57.323034912,568.42
57.346288292,571.83
57.369548521,571.83
57.393354523,571.83
57.417592599,571.83
57.440772699,571.99
57.464292390,571.99
57.488236763,571.99
57.512007820,571.99
57.535351923,572.59
57.559050338,572.59
57.582689296,572.59
57.606261085,572.59
57.630069583,574.41
57.653722845,574.41
57.677583088,574.41
57.700974360,574.41
57.724475715,574.41
57.748920548,601.35
57.772173929,601.35
57.795868248,601.35
57.819578632,601.35
57.842911374,635.34
57.866807394,635.34
57.890344910,635.34
57.914138304,635.34
57.937339395,671.56
57.962186542,671.56
57.985857948,671.56
58.009381384,671.56
58.032870738,707.66
58.057063373,707.66
58.080547447,707.66
58.103929887,707.66
58.127427722,707.66
58.151064120,719.83
58.174853449,719.83
58.198322899,719.83
58.221454965,719.83
58.244515477,719.62
58.267710168,719.62
58.290980413,719.62
58.314209185,719.62
58.337341858,716.89
58.360362273,716.89
58.383240092,716.89
58.406114328,716.89
58.429221016,716.89
58.452437596,705.94
58.475886725,705.94
58.499111016,705.94
58.522930202,705.94
58.545934200,670.28
58.569345056,670.28
58.592574500,670.28
58.615852297,670.28
58.638954057,634.42
58.662068138,634.42
58.685170603,634.42
58.708343757,634.42
58.731847864,634.42
58.755350626,602.20
58.778640135,602.20
58.801605700,602.20
58.824977739,602.20
58.848155470,557.71
58.871385266,557.71
58.894534131,557.71
58.917726326,557.71
58.941019483,523.40
58.964408515,523.40
58.987799466,523.40
59.011074639,523.40
59.034303379,523.40
59.057401652,489.08
59.080424530,489.08
59.103750808,489.08
59.127031741,489.08
59.149982266,454.45
59.173241567,454.45
59.196285790,454.45
59.219588420,454.45
59.243130895,423.32
59.266219406,423.32
59.289454418,423.32
59.312895258,423.32
59.337015858,423.32
59.360891940,386.09
59.384441743,386.09
59.408423940,386.09
59.432501883,386.09
59.455938339,368.07
59.479511534,368.07
59.502915413,368.07
59.526610371,368.07
59.550462869,367.53
59.573976127,367.53
59.597306404,367.53
59.620412868,367.53
59.643887469,369.17
59.668021190,369.17
59.691136006,369.17
59.714560078,369.17
59.738219995,369.17
59.761438110,367.87
59.784416251,367.87
59.807645758,367.87
59.830727422,367.87
59.854009506,368.20
59.878644806,368.20
59.901839113,368.20
59.925112109,368.20
59.948543541,369.56
59.971932635,369.56
59.995443973,369.56
60.018578182,369.56
60.041665030,369.56
60.064746277,367.29
60.087919591,367.29
60.110604253,367.29
60.133725438,367.29
60.156809790,368.62
60.180243910,368.62
60.204203802,368.62
60.227271801,368.62
60.250231094,359.35
60.273017390,359.35
60.296268625,359.35
60.320006207,359.35
60.343939634,359.35
60.367454812,368.92
60.391441264,368.92
60.415032891,368.92
60.438706056,368.92
60.462195696,405.65
60.485690425,405.65
60.509734095,405.65
60.534051115,405.65
60.558368551,438.50
60.582216440,438.50
60.605866053,438.50
60.629716694,438.50
60.653562439,475.96
60.677263028,475.96
60.701009859,475.96
60.724904757,475.96
60.749073454,475.96
60.772858941,508.45
60.796373735,508.45
60.819904112,508.45
60.845287685,508.45
60.869697604,538.74
60.893235949,538.74
60.916741430,538.74
60.941040786,538.74
60.964608637,572.36
60.987943458,572.36
61.011206021,572.36
61.034069695,572.36
61.057883855,606.22
61.081386552,606.22
61.104940866,606.22
61.128763475,606.22
61.152262331,606.22
61.175527423,640.65
61.198960294,640.65
61.223128831,640.65
61.246958447,640.65
61.270369301,674.07
61.294249383,674.07
61.317574603,674.07
61.341058003,674.07
61.364305365,710.26
61.387871839,710.26
61.411501194,710.26
61.434986546,710.26
61.458766337,707.54
61.482644242,707.54
61.505638894,707.54
61.529009492,707.54
61.552399673,707.54
61.576132903,707.51
61.599878101,707.51
61.623411678,707.51
61.647242190,707.51
61.670674261,708.79
61.693932568,708.79
61.716963829,708.79
61.740420412,708.79
61.764208363,708.86
61.787822806,708.86
61.811511139,708.86
61.835217296,708.86
61.858541524,708.86
61.881740341,714.82
61.905013208,714.82
61.931125790,714.82
61.954676743,714.82
61.978454774,713.81
62.002351144,713.81
62.025821359,713.81
62.049241206,713.81
62.072384502,717.28
62.095469172,717.28
62.118940988,717.28
62.142631144,717.28
62.166406039,713.71
62.190097860,713.71
62.213247332,713.71
62.236402340,713.71
62.259335231,713.71
62.282973193,713.46
62.306846842,713.46
62.330431076,713.46
62.354396534,713.46
62.377951327,712.45
62.401213633,712.45
62.424419650,712.45
62.447906217,712.45
62.471821115,712.63
62.495198976,712.63
62.518776553,712.63
62.542774780,712.63
62.566302181,712.63
62.590461948,712.71
62.613989924,712.71
62.637546029,712.71
62.661344028,712.71
62.684680704,708.95
62.708646834,708.95
62.731625838,708.95
62.754903920,708.95
62.778265653,711.05
62.801580888,711.05
62.824927964,711.05
62.848345186,711.05
62.871827529,705.17
62.895265999,705.17
62.918474480,705.17
62.941846389,705.17
62.965457951,705.17
62.988830820,694.21
63.012135655,694.21
63.035696848,694.21
63.058975603,694.21
63.082493531,658.03
63.106054884,658.03
63.129266341,658.03
63.152569448,658.03
63.176262388,625.71
63.199972801,625.71
63.224196409,625.71
63.247516860,625.71
63.270893121,625.71
63.294364839,596.94
63.317789196,596.94
63.340945323,596.94
63.364012456,596.94
63.387320459,561.54
63.410485130,561.54
63.433607752,561.54
63.456893002,561.54
63.479865445,523.80
63.504341699,523.80
63.527539523,523.80
63.550614272,523.80
63.573984420,523.80
63.597739537,493.52
63.620926513,493.52
63.644330198,493.52
63.667318577,493.52
63.690159305,457.46
63.713026401,457.46
63.736256610,457.46
63.759694695,457.46
63.782781573,427.15
63.806417295,427.15
63.829935446,427.15
63.853272538,427.15
63.876845122,390.58
63.900952152,390.58
63.924188953,390.58
63.947322967,390.58
63.971134277,390.58
63.994598636,367.73
64.018170868,367.73
64.041374037,367.73
64.064928573,367.73
64.088257088,367.62
64.111583011,367.62
64.134929862,367.62
64.158350284,367.62
64.181577324,367.32
64.204892367,367.32
64.227918923,367.32
64.251115659,367.32
64.274268681,367.32
64.297190882,365.53
64.320423618,365.53
64.343390908,365.53
64.366217715,365.53
64.389055754,366.12
64.412179944,366.12
64.435307494,366.12
64.458536294,366.12
64.482025996,366.68
64.505345870,366.68
64.528582286,366.68
64.551597770,366.68
64.574721671,366.68
64.597770595,366.26
64.621128646,366.26
64.644194787,366.26
64.667288640,366.26
64.690251098,366.66
64.713462265,366.66
64.736635288,366.66
64.759750165,366.66
64.782956245,366.66
64.807041449,366.16
64.830313098,366.16
64.854117080,366.16
64.877501884,366.16
64.900679323,367.00
64.924068543,367.00
64.947187100,367.00
64.970469758,367.00
64.993834113,367.55
65.017245733,367.55
65.040596072,367.55
65.063825096,367.55
65.087192588,367.70
65.110630801,367.70
65.134353085,367.70
65.157833859,367.70
65.181178949,367.70
65.204241506,367.30
65.227738632,367.30
65.250908391,367.30
65.273806398,367.30
65.296765528,366.52
65.319856244,366.52
65.342895855,366.52
65.365918858,366.52
65.389015942,367.53
65.412219525,367.53
65.435060860,367.53
65.458351005,367.53
65.481526011,367.53
65.504614295,367.08
65.527778741,367.08
65.550863793,367.08
65.574127698,367.08
65.597177613,366.04
65.620298314,366.04
65.643666637,366.04
65.666827435,366.04
65.690288336,366.49
65.714378948,366.49
65.737284668,366.49
65.760300790,366.49
65.783450964,366.49
65.806510031,365.94
65.829743087,365.94
65.852314943,365.94
65.875256600,365.94
65.898444759,359.96
65.921660886,359.96
65.944359145,359.96
65.967421349,359.96
65.990608195,359.96
66.013412761,356.85
66.036429267,356.85
66.059329867,356.85
66.082943252,356.85
66.106405753,355.12
66.129730331,355.12
66.152868824,355.12
66.176730310,355.12
66.199671583,355.40
66.223550030,355.40
66.247005843,355.40
66.270171152,355.40
66.293495345,355.40
66.316408489,356.24
66.339952815,356.24
66.363356498,356.24
66.386560657,356.24
66.410187321,355.02
66.433683582,355.02
66.456790234,355.02
66.480351745,355.02
66.503685666,357.30
66.526914337,357.30
66.549741431,357.30
66.573049944,357.30
66.596475131,357.30
66.620626704,351.47
66.644178038,351.47
66.667623610,351.47
66.691056926,351.47
66.714760872,351.18
66.738150987,351.18
66.761479916,351.18
66.784918768,351.18
66.808888672,352.04
66.832263363,352.04
66.855402047,352.04
66.878775330,352.04
66.902208293,358.49
66.925665226,358.49
66.948514400,358.49
66.971716062,358.49
66.994939997,358.49
67.017976888,361.23
67.041060851,361.23
67.063889321,361.23
67.086766655,361.23
67.109808762,363.39
67.132931350,363.39
67.155965201,363.39
67.179061485,363.39
67.202200010,362.42
67.225215556,362.42
67.248284350,362.42
67.271340697,362.42
67.294489941,362.42
67.317514607,361.91
67.340785454,361.91
67.363727782,361.91
67.387058503,361.91
67.410248484,362.58
67.433688775,362.58
67.456914502,362.58
67.479979936,362.58
67.503154461,362.58
67.527225807,361.43
67.550253257,361.43
67.573883633,361.43
67.596780296,361.43
67.619840994,366.33
67.642833787,366.33
67.665800499,366.33
67.689023345,366.33
67.712202287,363.05
67.735274217,363.05
67.758248994,363.05
67.781615299,363.05
67.804673150,363.05
67.827759225,360.67
67.850849780,360.67
67.873979856,360.67
67.896895527,360.67
67.919969122,356.76
67.943337379,356.76
67.966493216,356.76
67.990089927,356.76
68.013731407,357.57
68.037678302,357.57
68.061017375,357.57
68.084638599,357.57
68.108434866,355.60
68.132246942,355.60
68.155463324,355.60
68.178714779,355.60
68.202123614,355.60
68.225302171,356.76
68.248692381,356.76
68.271988348,356.76
68.295391774,356.76
68.318188786,355.28
68.340974565,355.28
68.364833042,355.28
68.387830378,355.28
68.411253196,352.24
68.434544012,352.24
68.457532420,352.24
68.480658623,352.24
68.503847004,352.24
68.527048153,353.20
68.550076114,353.20
68.573105451,353.20
68.596335017,353.20
68.619571751,351.24
68.642565119,351.24
68.665458997,351.24
68.688466030,351.24
68.711641163,351.24
68.735502647,353.67
68.758707380,353.67
68.781884529,353.67
68.805001996,353.67
68.827949539,349.63
68.851694157,349.63
68.875090927,349.63
68.898540562,349.63
68.922356029,351.94
68.945849857,351.94
68.969036382,351.94
68.992371806,351.94
69.015751584,354.38
69.039259012,354.38
69.062585604,354.38
69.085926116,354.38
69.109423560,354.38
69.132493090,354.20
69.155436762,354.20
69.178807643,354.20
69.202104634,354.20
69.225420826,350.19
69.248566678,350.19
69.271679248,350.19
69.294676552,350.19
69.317556093,349.28
69.340635223,349.28
69.363596718,349.28
69.386790954,349.28
69.409879460,349.28
69.432828635,354.26
69.455799730,354.26
69.478978542,354.26
69.502116233,354.26
69.525650733,347.55
69.549095311,347.55
69.572119368,347.55
69.595663788,347.55
69.618902794,344.60
69.642894777,344.60
69.665908177,344.60
69.688984523,344.60
69.712090821,344.60
69.735224224,346.13
69.758319354,346.13
69.781222256,346.13
69.804598672,346.13
69.828038098,348.40
69.851258351,348.40
69.874221895,348.40
69.897420483,348.40
69.920109588,348.40
69.944346024,346.76
69.967438786,346.76
69.990518140,346.76
70.013759162,346.76
70.036692304,348.26
70.059549828,348.26
70.082544124,348.26
70.105968126,348.26
70.129468801,346.19
70.152861635,346.19
70.176110816,346.19
70.199457792,346.19
70.222681981,346.19
70.246603018,349.51
70.269659203,349.51
70.292890880,349.51
70.318020169,349.51
70.341101698,349.83
70.364310142,349.83
70.387397879,349.83
70.410465776,349.83
70.433659148,349.42
70.456937738,349.42
70.480091556,349.42
70.503380547,349.42
70.526626240,356.15
70.550003584,356.15
70.572832595,356.15
70.595739208,356.15
70.618842946,356.15
70.641859065,358.61
70.664726766,358.61
70.687746821,358.61
70.711106277,358.61
70.734021626,360.10
70.757293432,360.10
70.780608535,360.10
70.803660591,360.10
70.826727560,360.10
70.849627421,362.40
70.872953916,362.40
70.895964627,362.40
70.919298514,362.40
70.942698291,363.74
70.966068691,363.74
70.989550134,363.74
71.013136986,363.74
71.036619421,362.51
71.060090975,362.51
71.083413534,362.51
71.106821631,362.51
71.130181086,364.25
71.154371858,364.25
71.177670544,364.25
71.201032399,364.25
71.224726743,364.25
71.247672301,365.50
71.271027596,365.50
71.294418924,365.50
71.317985968,365.50
71.341289613,365.60
71.365563714,365.60
71.388574297,365.60
71.411504910,365.60
71.434734346,364.35
71.457792002,364.35
71.480976413,364.35
71.504029205,364.35
71.527012235,364.35
71.550203302,365.61
71.573426914,365.61
71.596586333,365.61
71.620051422,365.61
71.643165815,365.20
71.666635065,365.20
71.689857653,365.20
71.712987535,365.20
71.736348622,364.84
71.759487880,364.84
71.782463550,364.84
71.806060995,364.84
71.829581957,364.84
71.852881251,363.96
71.876236130,363.96
71.899528320,363.96
71.922908511,363.96
71.945849941,363.05
71.968848619,363.05
71.991721439,363.05
72.015121567,363.05
72.038345979,362.08
72.061410419,362.08
72.084595598,362.08
72.107427553,362.08
72.130758047,362.08
72.153670900,363.60
72.176559496,363.60
72.199597120,363.60
72.222658104,363.60
72.245744944,362.03
72.268862953,362.03
72.291979522,362.03
72.315309472,362.03
72.338717248,361.59
72.362644331,361.59
72.385714083,361.59
72.409089730,361.59
72.432387935,361.59
72.456856919,360.59
72.480018033,360.59
72.503139754,360.59
72.526626347,360.59
72.550036171,359.19
72.573407850,359.19
72.596686279,359.19
72.619994596,359.19
72.643389219,361.09
72.666615903,361.09
72.689893467,361.09
72.713296411,361.09
72.736610040,361.09
72.759541005,359.02
72.782801897,359.02
72.805675676,359.02
72.828835350,359.02
72.851834700,361.39
72.874910276,361.39
72.897960667,361.39
72.920836751,361.39
72.944044009,360.86
72.967056096,360.86
72.990221882,360.86
73.013224592,360.86
73.036376426,360.86
73.059444130,361.00
73.082452952,361.00
73.105590737,361.00
73.128936463,361.00
73.152162763,361.13
73.175396134,361.13
73.198531488,361.13
73.221575447,361.13
73.244657455,361.13
73.268706429,360.96
73.292049210,360.96
73.314995470,360.96
73.338026661,360.96
73.360809269,361.59
73.383994191,361.59
73.406912131,361.59
73.430151006,361.59
73.454192876,363.89
73.477670508,363.89
73.501568023,363.89
73.525075384,363.89
73.548560505,362.96
73.571969432,362.96
73.595476985,362.96
73.618920601,362.96
73.642333784,362.96
73.665709303,364.53
73.689118070,364.53
73.712684760,364.53
73.735914803,364.53
73.759302258,364.60
73.782730481,364.60
73.806177041,364.60
73.829584688,364.60
73.852945038,363.40
73.876337133,363.40
73.899446213,363.40
73.922667104,363.40
73.945776216,363.40
73.968645290,364.31
73.991796547,364.31
74.015020414,364.31
74.038228185,364.31
74.061161933,363.72
74.084136098,363.72
74.106899282,363.72
74.129947016,363.72
74.152889725,363.73
74.175881266,363.73
74.199017483,363.73
74.221820956,363.73
74.244893395,363.73
74.267841959,364.08
74.290985823,364.08
74.314078486,364.08
74.337102636,364.08
74.360300197,362.22
74.383144855,362.22
74.406222381,362.22
74.429416199,362.22
74.452750244,362.22
74.477093784,363.62
74.502634600,363.62
74.525653277,363.62
74.548942521,363.62
74.572212148,364.54
74.595869624,364.54
74.619370617,364.54
74.643020829,364.54
74.666333593,363.11
74.689754264,363.11
74.713028563,363.11
74.736362224,363.11
74.759895569,364.56
74.783225902,364.56
74.806242147,364.56
74.829641538,364.56
74.852681592,364.56
74.875982452,363.60
74.899356593,363.60
74.922984789,363.60
74.946879135,363.60
74.970133145,364.80
74.993590553,364.80
75.016474731,364.80
75.039689541,364.80
75.063357834,364.92
75.086792489,364.92
75.109678811,364.92
75.132460555,364.92
75.155641156,364.92
75.179344970,349.27
75.203304437,349.27
75.227192767,349.27
75.251172138,349.27
75.274782252,390.13
75.298333070,390.13
75.321949424,390.13
75.346403654,390.13
75.370664504,427.02
75.394418750,427.02
75.418422986,427.02
75.442164207,427.02
75.465597550,459.71
75.489058349,459.71
75.512190276,459.71
75.535710085,459.71
75.559268998,459.71
75.583485463,495.08
75.607325375,495.08
75.630756861,495.08
75.653822867,495.08
75.676703813,531.85
75.699967007,531.85
75.723605346,531.85
75.747866452,531.85
75.771266258,559.97
75.794921141,559.97
75.818366676,559.97
75.841298855,559.97
75.864649987,601.40
75.889141210,601.40
75.913282793,601.40
75.936803946,601.40
75.960045508,601.40
75.983627974,626.82
76.007434253,626.82
76.030876715,626.82
76.054260585,626.82
76.077496227,663.86
76.101183687,663.86
76.124754857,663.86
76.148420620,663.86
76.172242580,712.99
76.195808949,712.99
76.219161298,712.99
76.242558864,712.99
76.266293364,712.99
76.291171156,711.30
76.315104669,711.30
76.338740768,711.30
76.361893783,711.30
76.384956204,711.84
76.408147813,711.84
76.431314076,711.84
76.454790267,711.84
76.478076822,710.91
76.501307471,710.91
76.524621194,710.91
76.547376120,710.91
76.570612850,702.94
76.596699469,702.94
76.620193356,702.94
76.643511463,702.94
76.666875363,702.94
76.690085020,667.61
76.713783328,667.61
76.737152637,667.61
76.760746238,667.61
76.784032601,637.18
76.807424278,637.18
76.830640622,637.18
76.853862472,637.18
76.877691950,598.89
76.901440500,598.89
76.924962260,598.89
76.948995295,598.89
76.972512191,598.89
76.996843058,566.80
77.020381650,566.80
77.043803440,566.80
77.067028841,566.80
77.090472039,530.65
77.113646783,530.65
77.136773110,530.65
77.159951470,530.65
77.182911297,500.67
77.206054264,500.67
77.229070540,500.67
77.252023966,500.67
77.275461596,500.67
77.299411973,464.72
77.322679007,464.72
77.346120380,464.72
77.369434615,464.72
77.392572493,433.78
77.415791621,433.78
77.438961085,433.78
77.462416570,433.78
77.486006459,396.95
77.509775328,396.95
77.533264255,396.95
77.556589050,396.95
77.580441537,368.32
77.604057442,368.32
77.627543137,368.32
77.652857289,368.32
77.676284551,368.32
77.699570017,366.62
77.723166882,366.62
77.746695969,366.62
77.770355076,366.62
77.794483057,364.65
77.817783403,364.65
77.840926434,364.65
77.864402272,364.65
77.887658201,364.96
77.910930771,364.96
77.934084842,364.96
77.957289538,364.96
77.980317782,364.96
78.004027577,365.10
78.026973355,365.10
78.050173571,365.10
78.073184215,365.10
78.096392591,364.77
78.119535942,364.77
78.142770782,364.77
78.166065272,364.77
78.189207055,364.55
78.212339621,364.55
78.235420858,364.55
78.258423341,364.55
78.281058904,364.55
78.304210222,363.07
78.327777486,363.07
78.350774912,363.07
78.373855861,363.07
78.396697668,364.77
78.420233891,364.77
78.443549725,364.77
78.467225439,364.77
78.491004740,364.56
78.518292090,364.56
78.542314724,364.56
78.565482875,364.56
78.588430924,352.43
78.611362813,352.43
78.635664942,352.43
78.659591190,352.43
78.683445917,352.43
78.707687628,373.88
78.731257900,373.88
78.755084306,373.88
78.778972025,373.88
78.802609690,411.47
78.826404095,411.47
78.850131267,411.47
78.873936520,411.47
78.897922290,443.49
78.921452625,443.49
78.945026833,443.49
78.968502478,443.49
78.992118767,477.70
79.015947797,477.70
79.039464052,477.70
79.062951122,477.70
79.086571283,477.70
79.109538437,512.51
79.132807710,512.51
79.156418910,512.51
79.180448457,512.51
79.203878278,548.10
79.227600489,548.10
79.251147784,548.10
79.274970989,548.10
79.298126051,586.14
79.321438780,586.14
79.344387533,586.14
79.367564356,586.14
79.391637838,618.95
79.416037633,618.95
79.439503230,618.95
79.463347587,618.95
79.486664573,618.95
79.509778706,657.15
79.533139852,657.15
79.556558184,657.15
79.580134759,657.15
79.603803401,690.59
79.627691952,690.59
79.651010793,690.59
79.674066492,690.59
79.697389718,717.91
79.720687951,717.91
79.745948373,717.91
79.769965919,717.91
79.793789412,717.91
79.816828599,713.19
79.840037902,713.19
79.863346119,713.19
79.886878694,713.19
79.910084509,715.75
79.933286900,715.75
79.956508331,715.75
79.979622208,715.75
80.003106653,712.08
80.026212754,712.08
80.049411880,712.08
80.072526269,712.08
80.095897400,712.08
80.119218769,677.91
80.142474377,677.91
80.165513756,677.91
80.188422060,677.91
80.211428991,652.52
80.234948989,652.52
80.258189524,652.52
80.281080803,652.52
80.304212536,611.41
80.327558738,611.41
80.350923116,611.41
80.374264869,611.41
80.397464443,611.41
80.420668305,573.81
80.444165679,573.81
80.467539273,573.81
80.491051590,573.81
80.516843992,541.93
80.540122352,541.93
80.563342183,541.93
80.586820259,541.93
80.610832876,509.11
80.634443372,509.11
80.657764133,509.11
80.681194592,509.11
80.704629084,472.73
80.728134489,472.73
80.751267118,472.73
80.774576454,472.73
80.799197757,472.73
80.822361203,438.99
80.845081054,438.99
80.867999054,438.99
80.892152826,438.99
80.916088193,401.10
80.940101450,401.10
80.964102674,401.10
80.987728050,401.10
81.011492150,399.73
81.035955177,399.73
81.059537672,399.73
81.083675668,399.73
81.107488824,429.79
81.131409951,429.79
81.155235843,429.79
81.178894756,429.79
81.202546053,429.79
81.226229862,463.74
81.249131189,463.74
81.272679379,463.74
81.296361747,463.74
81.320062965,498.93
81.343981051,498.93
81.367468375,498.93
81.390622091,498.93
81.414164233,532.60
81.439129735,532.60
81.462771143,532.60
81.486355174,532.60
81.510193802,566.13
81.534985476,566.13
81.558587619,566.13
81.581960765,566.13
81.605246260,566.13
81.628726384,599.17
81.652353744,599.17
81.675877613,599.17
81.699636975,599.17
81.723275823,637.50
81.746486053,637.50
81.769317650,637.50
81.792761261,637.50
81.816519664,664.50
81.841092485,664.50
81.864684163,664.50
81.888452326,664.50
81.912149575,664.50
81.935270459,711.81
81.958601844,711.81
81.981986350,711.81
82.005207780,711.81
82.028865636,709.76
82.052682600,709.76
82.075724250,709.76
82.099390330,709.76
82.122822069,714.08
82.146142957,714.08
82.169158239,714.08
82.192133327,714.08
82.215416551,714.08
82.239365582,709.45
82.262130745,709.45
82.284927908,709.45
82.308403200,709.45
82.331488722,691.40
82.354735560,691.40
82.377792122,691.40
82.401335543,691.40
82.424958806,653.66
82.448013768,653.66
82.470737618,653.66
82.493532253,653.66
82.531550951,607.72
82.555500973,607.72
82.579292368,607.72
82.603450043,607.72
82.627046329,607.72
82.650858908,607.91
82.674535324,607.91
82.698243837,607.91
82.722462506,607.91
82.746551187,607.18
82.770607292,607.18
82.794736294,607.18
82.818668428,607.18
82.842358732,608.54
82.866141903,608.54
82.890170295,608.54
82.914225984,608.54
82.938118917,606.25
82.962130892,606.25
82.985929359,606.25
83.009497549,606.25
83.033158540,609.98
83.056712137,609.98
83.080399850,609.98
83.104184652,609.98
83.128294838,606.94
83.152440033,606.94
83.176125793,606.94
83.199938660,606.94
83.224068623,606.94
83.248985675,614.23
83.273232184,614.23
83.296969720,614.23
83.320904894,614.23
83.345075849,632.26
83.368584196,632.26
83.392261796,632.26
83.416341068,632.26
83.439875784,673.58
83.463586761,673.58
83.487292617,673.58
83.511828028,673.58
83.535339864,716.60
83.558717136,716.60
83.581939813,716.60
83.605068696,716.60
83.628759320,715.97
83.652471160,715.97
83.675521321,715.97
83.699030949,715.97
83.722738917,715.97
83.745781910,704.58
83.769169582,704.58
83.793038706,704.58
83.816754451,704.58
83.839915270,705.07
83.863043289,705.07
83.886160364,705.07
83.909198460,705.07
83.936689139,707.04
83.960802173,707.04
83.984090163,707.04
84.007270407,707.04
84.030275223,707.04
84.054563525,706.68
84.077778650,706.68
84.101241268,706.68
84.124939924,706.68
84.148360206,704.88
84.171562914,704.88
84.195001948,704.88
84.218375477,704.88
84.241696300,693.28
84.265269000,693.28
84.289074570,693.28
84.312243965,693.28
84.335420593,696.60
84.358335582,696.60
84.381399919,696.60
84.404701925,696.60
84.428495591,696.60
84.452168422,695.71
84.475578334,695.71
84.498725617,695.71
84.524473119,695.71
84.547770038,697.16
84.571076012,697.16
84.594764875,697.16
84.619145978,697.16
84.642356494,696.01
84.666616442,696.01
84.690227736,696.01
84.713292073,696.01
84.736575486,696.01
84.760346720,699.83
84.783274093,699.83
84.806394143,699.83
84.829589171,699.83
84.852588546,702.52
84.875680052,702.52
84.898826791,702.52
84.922479077,702.52
84.946207653,696.39
84.969488763,696.39
84.993220731,696.39
85.016582866,696.39
85.040032492,696.39
85.063884943,688.41
85.086980608,688.41
85.110164500,688.41
85.133392233,688.41
85.156518491,695.23
85.179401095,695.23
85.202368790,695.23
85.225539561,695.23
85.249148486,699.33
85.272539710,699.33
85.295842836,699.33
85.319645109,699.33
85.343242418,688.63
85.366981297,688.63
85.390634735,688.63
85.414101576,688.63
85.437216954,688.63
85.460291658,690.09
85.483624737,690.09
85.506740114,690.09
85.530133962,690.09
85.554534073,687.36
85.578277849,687.36
85.601629711,687.36
85.624683327,687.36
85.647871859,693.10
85.671024133,693.10
85.693927601,693.10
85.717159814,693.10
85.741086090,693.10
85.764241564,696.78
85.787315724,696.78
85.810923593,696.78
85.834234975,696.78
85.857295791,688.96
85.880687271,688.96
85.904374309,688.96
85.927532216,688.96
85.950639433,692.57
85.973535381,692.57
85.996775370,692.57
86.019976605,692.57
86.043277235,692.57
86.069317895,700.89
86.093057255,700.89
86.116312059,700.89
86.139371020,700.89
86.162317753,701.12
86.185657456,701.12
86.208771617,701.12
86.232544450,701.12
86.255696627,700.45
86.279833116,700.45
86.302911948,700.45
86.326450502,700.45
86.349742395,700.45
86.374239084,704.45
86.397808007,704.45
86.421178525,704.45
86.444645782,704.45
86.467672613,704.16
86.490791926,704.16
86.513849798,704.16
86.537834987,704.16
86.561672908,705.07
86.584917632,705.07
86.608355288,705.07
86.631908435,705.07
86.655370252,704.82
86.678729634,704.82
86.701824018,704.82
86.724989508,704.82
86.748952937,704.82
86.772296447,706.10
86.796058046,706.10
86.819549880,706.10
86.842478756,706.10
86.865455602,714.43
86.888444704,714.43
86.911549233,714.43
86.934372667,714.43
86.957338984,710.14
86.980290613,710.14
87.003112256,710.14
87.025723781,710.14
87.048850678,710.14
87.077649833,702.14
87.101214788,702.14
87.124559194,702.14
87.147284674,702.14
87.170194286,653.88
87.193928909,653.88
87.217621579,653.88
87.241626385,653.88
87.265515539,648.64
87.288826855,648.64
87.312286048,648.64
87.335840218,648.64
87.359425781,651.84
87.383767041,651.84
87.407342780,651.84
87.431062330,651.84
87.454840154,651.84
87.478070989,651.82
87.501762794,651.82
87.525181153,651.82
87.548514391,651.82
87.571861740,653.39
87.595432743,653.39
87.618839614,653.39
87.642578716,653.39
87.665941106,653.89
87.689092195,653.89
87.712202612,653.89
87.735240706,653.89
87.759181317,653.89
87.782619709,651.78
87.806127254,651.78
87.829888117,651.78
87.853144201,651.78
87.876317818,652.29
87.899678384,652.29
87.922721855,652.29
87.946794181,652.29
87.970130779,652.33
87.994520680,652.33
88.018279367,652.33
88.041414872,652.33
88.064590249,652.33
88.088330088,667.64
88.111768160,667.64
88.135236952,667.64
88.158656143,667.64
88.182327308,706.25
88.206162765,706.25
88.229411232,706.25
88.252227626,706.25
88.275229719,715.42
88.298247940,715.42
88.321289522,715.42
88.344509732,715.42
88.367610772,716.38
88.391532086,716.38
88.414589700,716.38
88.437486159,716.38
88.460595807,716.38
88.483913459,715.78
88.506702299,715.78
88.530044912,715.78
88.553081374,715.78
88.576310097,707.35
88.599986509,707.35
88.623343746,707.35
88.646508531,707.35
88.669753830,707.35
88.693482980,671.43
88.716738679,671.43
88.739786789,671.43
88.762987703,671.43
88.786072710,638.67
88.809094931,638.67
88.832473961,638.67
88.855476054,638.67
88.878402882,605.41
88.901536626,605.41
88.924992521,605.41
88.948236444,605.41
88.971388525,605.41
88.995965342,570.42
89.019504983,570.42
89.042878349,570.42
89.066426182,570.42
89.089858685,537.22
89.113714430,537.22
89.137092244,537.22
89.160636141,537.22
89.184907415,504.88
89.208272205,504.88
89.231561473,504.88
89.255257469,504.88
89.278297419,461.95
89.301481019,461.95
89.324672108,461.95
89.347743194,461.95
89.371042830,461.95
89.394285824,429.46
89.417350350,429.46
89.440372603,429.46
89.463610445,429.46
89.486592793,398.88
89.509710120,398.88
89.532798327,398.88
89.555626688,398.88
89.578767407,369.04
89.601876990,369.04
89.624878987,369.04
89.648028219,369.04
89.671209452,369.04
89.694244025,367.40
89.717631150,367.40
89.740885409,367.40
89.764020080,367.40
89.786900186,367.62
89.810186445,367.62
89.833202330,367.62
89.856445996,367.62
89.879509370,366.67
89.903141333,366.67
89.926185603,366.67
89.949018731,366.67
89.972446978,366.67
89.995475887,366.73
90.019242349,366.73
90.042271226,366.73
90.065301223,366.73
90.088062063,356.35
90.111529766,356.35
90.135323684,356.35
90.159185317,356.35
90.183188904,378.66
90.207047016,378.66
90.250575209,378.66
90.274226692,378.66
90.297965568,411.79
90.321930978,411.79
90.345604830,411.79
90.369271321,411.79
90.393340285,411.79
90.416767763,446.23
90.440386989,446.23
90.463886980,446.23
90.487084181,446.23
90.510684079,479.92
90.534342474,479.92
90.557889570,479.92
90.581653503,479.92
90.604606730,519.79
90.628134882,519.79
90.651456502,519.79
90.675051887,519.79
90.698783724,552.33
90.722398662,552.33
90.746019136,552.33
90.769770013,552.33
90.793013263,552.33
90.816426756,589.13
90.839650581,589.13
90.862658529,589.13
90.886311868,589.13
90.910210973,616.73
90.933730357,616.73
90.957291981,616.73
90.980364475,616.73
91.003680014,653.09
91.026987873,653.09
91.050413175,653.09
91.073976624,653.09
91.097533512,653.09
91.121062688,697.03
91.144737948,697.03
91.167876779,697.03
91.190989466,697.03
91.214188266,717.48
91.237231543,717.48
91.260663116,717.48
91.284229445,717.48
91.307368883,718.75
91.330446753,718.75
91.353771699,718.75
91.376876097,718.75
91.400045520,720.09
91.423320482,720.09
91.446570547,720.09
91.469830821,720.09
91.493118071,720.09
91.518165169,715.68
91.541699400,715.68
91.564408141,715.68
91.587623453,715.68
91.611514301,678.71
91.635051861,678.71
91.658766513,678.71
91.682796083,678.71
91.705737790,673.59
91.729003311,673.59
91.752657385,673.59
91.776197665,673.59
91.799931485,672.01
91.824886549,672.01
91.848178119,672.01
91.871314262,672.01
91.894744491,672.01
91.918743021,674.96
91.942578892,674.96
91.965912223,674.96
91.989757277,674.96
92.013364855,672.64
92.036888014,672.64
92.060015068,672.64
92.083652438,672.64
92.106699011,673.01
92.130292860,673.01
92.153958838,673.01
92.177542095,673.01
92.201338349,671.98
92.224480603,671.98
92.247387972,671.98
92.270333518,671.98
92.293976072,671.98
92.317788325,669.54
92.340890546,669.54
92.364456394,669.54
92.390449849,669.54
92.413712618,672.91
92.436760406,672.91
92.460057895,672.91
92.484046793,672.91
92.507862630,676.40
92.531366877,676.40
92.554410600,676.40
92.577488757,676.40
92.600680324,713.99
92.624804265,713.99
92.647826196,713.99
92.670893857,713.99
92.693844938,713.99
92.716654385,710.54
92.739651260,710.54
92.762579845,710.54
92.785965465,710.54
92.809498736,684.78
92.833147305,684.78
92.856046194,684.78
92.878748918,684.78
92.901915525,684.78
92.926886460,633.66
92.950702490,633.66
92.974422357,633.66
92.998215890,633.66
93.021734217,634.51
93.045553830,634.51
93.068995643,634.51
93.092448400,634.51
93.116384881,631.74
93.140030890,631.74
93.163638723,631.74
93.187639492,631.74
93.211052121,633.01
93.234205031,633.01
93.257380918,633.01
93.280163835,633.01
93.303376042,633.01
93.327041412,634.87
93.350678460,634.87
93.374330454,634.87
93.397721353,634.87
93.420530543,636.52
93.443589498,636.52
93.466225181,636.52
93.489556590,636.52
93.513085829,633.74
93.536889473,633.74
93.560589660,633.74
93.583601894,633.74
93.606610545,633.74
93.629569082,634.50
93.652859467,634.50
93.676389569,634.50
93.700425571,634.50
93.723932473,639.77
93.747773879,639.77
93.770891620,639.77
93.794231478,639.77
93.817400196,671.00
93.841076542,671.00
93.864718006,671.00
93.888394704,671.00
93.912071338,713.35
93.936280016,713.35
93.959615394,713.35
93.982713646,713.35
94.005890781,713.35
94.029179661,719.91
94.052619426,719.91
94.076201305,719.91
94.099569868,719.91
94.122645208,721.44
94.145864743,721.44
94.169082903,721.44
94.192193412,721.44
94.215671481,719.91
94.238856647,719.91
94.262096535,719.91
94.285080224,719.91
94.308521844,719.91
94.331727714,715.05
94.354895856,715.05
94.378191584,715.05
94.401884826,715.05
94.425085384,679.52
94.448384985,679.52
94.471526918,679.52
94.495234144,679.52
94.519442213,646.39
94.542445967,646.39
94.565364055,646.39
94.588764074,646.39
94.612258719,646.39
94.635807285,611.32
94.658795102,611.32
94.681522562,611.32
94.704551660,611.32
94.728621006,561.53
94.752463787,561.53
94.776396842,561.53
94.800224455,561.53
94.823925537,562.40
94.848460141,562.40
94.871937602,562.40
94.894968012,562.40
94.918742504,562.40
94.943274068,558.80
94.966808170,558.80
94.990567653,558.80
95.014285695,558.80
95.037857974,560.17
95.061110501,560.17
95.084586074,560.17
95.108448503,560.17
95.131896043,555.85
95.155496643,555.85
95.179285854,555.85
95.202590383,555.85
95.225661531,559.81
95.248831496,559.81
95.271870258,559.81
95.295215363,559.81
95.318998718,559.81
95.342491571,567.66
95.366497811,567.66
95.389892581,567.66
95.413103667,567.66
95.436052635,602.46
95.459346795,602.46
95.482702460,602.46
95.506078990,602.46
95.531427404,635.15
95.554845631,635.15
95.578084302,635.15
95.601318940,635.15
95.624674606,635.15
95.648961524,668.43
95.672374919,668.43
95.695684055,668.43
95.719122890,668.43
95.742905125,718.09
95.766301943,718.09
95.789714250,718.09
95.812843958,718.09
95.836125094,716.66
95.859628314,716.66
95.882770887,716.66
95.905877138,716.66
95.929389383,720.09
95.952528052,720.09
95.975551549,720.09
95.998674345,720.09
96.021733844,720.09
96.044747838,714.34
96.067687557,714.34
96.090586668,714.34
96.113603414,714.34
96.136597055,699.19
96.159536167,699.19
96.182612114,699.19
96.205842528,699.19
96.229245171,699.19
96.253372181,662.24
96.276371518,662.24
96.299550763,662.24
96.322995389,662.24
96.346060199,629.63
96.369206964,629.63
96.392241053,629.63
96.415544300,629.63
96.438602230,591.70
96.461683969,591.70
96.484857038,591.70
96.508290560,591.70
96.534199467,561.74
96.557365879,561.74
96.580834698,561.74
96.604236284,561.74
96.627845491,561.74
96.651178371,523.57
96.674979166,523.57
96.698942492,523.57
96.722635765,523.57
96.745386776,484.70
96.769437528,484.70
96.793431703,484.70
96.817457495,484.70
96.841510296,464.07
96.865511447,464.07
96.889263569,464.07
96.912960457,464.07
96.937084812,458.75
96.960829765,458.75
96.984374746,458.75
97.008049106,458.75
97.031853709,458.75
97.055323200,464.16
97.078559854,464.16
97.101907391,464.16
97.126702608,464.16
97.150383400,479.85
97.174052032,479.85
97.197781945,479.85
97.221239212,479.85
97.244318423,513.07
97.267620102,513.07
97.290910805,513.07
97.314662126,513.07
97.338382374,544.84
97.362280483,544.84
97.385968090,544.84
97.409385676,544.84
97.432591801,544.84
97.455560864,584.32
97.478534440,584.32
97.501999610,584.32
97.525896823,584.32
97.549595567,626.69
97.577929551,626.69
97.601422563,626.69
97.624661392,626.69
97.647914590,664.91
97.671007624,664.91
97.694606942,664.91
97.718236084,664.91
97.741874155,700.04
97.765913835,700.04
97.789163865,700.04
97.812392902,700.04
97.835754710,700.04
97.859077222,714.16
97.882772318,714.16
97.906525847,714.16
97.929711779,714.16
97.952835566,719.54
97.976038523,719.54
97.999233735,719.54
98.022584087,719.54
98.046160172,716.15
98.069242710,716.15
98.092055994,716.15
98.114917759,716.15
98.137789573,716.15
98.160755692,702.00
98.183946681,702.00
98.206869407,702.00
98.229942377,702.00
98.253096180,665.60
98.276241343,665.60
98.299262631,665.60
98.322597270,665.60
98.345664991,665.60
98.369168370,635.72
98.392058679,635.72
98.415183746,635.72
98.438160905,635.72
98.461108847,600.28
98.484415486,600.28
98.507390565,600.28
98.530870743,600.28
98.554202118,567.59
98.577654232,567.59
98.600454331,567.59
98.623104603,567.59
98.646554669,567.59
98.671700389,518.00
98.695055668,518.00
98.718598440,518.00
98.742615303,518.00
98.765883317,513.97
98.789192867,513.97
98.812503218,513.97
98.835926691,513.97
98.859972802,515.67
98.883452789,515.67
98.907117195,515.67
98.931268333,515.67
98.954558875,514.87
98.977728326,514.87
99.000526889,514.87
99.023864057,514.87
99.047396588,514.87
99.071332553,515.36
99.095183428,515.36
99.118987742,515.36
99.142012902,515.36
99.165197170,529.87
99.188415006,529.87
99.211719917,529.87
99.235540679,529.87
99.259067386,561.73
99.283839049,561.73
99.307553696,561.73
99.330793677,561.73
99.354022201,597.05
99.377847954,597.05
99.401271043,597.05
99.424896632,597.05
99.448532238,597.05
99.472107650,634.42
99.495882586,634.42
99.519086630,634.42
99.542324530,634.42
99.565682913,670.06
99.588858892,670.06
99.612463137,670.06
99.635951251,670.06
99.659863183,710.26
99.684099026,710.26
99.707151610,710.26
99.730320965,710.26
99.753641171,710.26
99.777412428,718.40
99.801056449,718.40
99.824758392,718.40
99.848266315,718.40
99.871498327,717.46
99.894645793,717.46
99.917742506,717.46
99.941440769,717.46
99.965024918,714.46
99.988651979,714.46
100.011750164,714.46
100.035059042,714.46
100.057987527,714.46
100.080902861,710.31
100.104127737,710.31
100.127325636,710.31
100.150554352,710.31
100.173776413,667.40
100.196852421,667.40
100.220264822,667.40
100.243414592,667.40
100.266414119,633.14
100.290555559,633.14
100.314355135,633.14
100.337551242,633.14
100.360417070,633.14
100.383096077,585.84
100.406235895,585.84
100.429941421,585.84
100.454095918,585.84
100.478096715,574.53
100.502223531,574.53
100.525611258,574.53
100.549324912,574.53
100.572854147,573.28
100.596570586,573.28
100.620243823,573.28
100.644062344,573.28
100.667962019,575.52
100.691804157,575.52
100.715054857,575.52
100.738719902,575.52
100.762152750,575.52
100.786070442,571.80
100.809696862,571.80
100.833099758,571.80
100.856652993,571.80
100.880069233,573.94
100.903217243,573.94
100.926301603,573.94
100.949630353,573.94
100.972690649,573.93
100.996564947,573.93
101.020039204,573.93
101.043410035,573.93
101.066967270,586.35
101.090862337,586.35
101.114098349,586.35
101.137080691,586.35
101.161271636,586.35
101.185100973,612.17
101.208658816,612.17
101.232303126,612.17
101.255956106,612.17
101.279260247,648.77
101.302722824,648.77
101.325901425,648.77
101.348848502,648.77
101.372320103,698.26
101.395977692,698.26
101.419834005,698.26
101.443599244,698.26
101.466875512,698.26
101.490097379,717.58
101.513403888,717.58
101.537124710,717.58
101.561250342,717.58
101.584672277,714.98
101.607799582,714.98
101.630643552,714.98
101.653731816,714.98
101.677173400,717.25
101.701564221,717.25
101.724683142,717.25
101.747803567,717.25
101.775641410,708.14
101.798603431,708.14
101.822046007,708.14
101.845591657,708.14
101.869171132,708.14
101.892680110,682.39
101.916264833,682.39
101.939628527,682.39
101.962983997,682.39
101.986112166,648.44
102.009306384,648.44
102.032703295,648.44
102.056569912,648.44
102.080050921,611.96
102.103394871,611.96
102.126424510,611.96
102.149497413,611.96
102.172294791,611.96
102.195782935,575.51
102.219289641,575.51
102.242627574,575.51
102.266579697,575.51
102.290621774,538.49
102.314791214,538.49
102.337696657,538.49
102.360571508,538.49
102.383708636,495.15
102.407875420,495.15
102.431569393,495.15
102.454989664,495.15
102.479016060,483.80
102.502472044,483.80
102.525689078,483.80
102.549048900,483.80
102.572598710,483.80
102.596316171,483.31
102.619885662,483.31
102.643962843,483.31
102.667629744,483.31
102.690889787,482.36
102.714245384,482.36
102.737176812,482.36
102.760685725,482.36
102.784224655,494.78
102.807710623,494.78
102.831609977,494.78
102.855150346,494.78
102.878178224,494.78
102.901399867,524.28
102.924661958,524.28
102.948657218,524.28
102.972421816,524.28
102.995922825,555.12
103.019654015,555.12
103.042741126,555.12
103.066163925,555.12
103.089149146,591.52
103.113496126,591.52
103.137208724,591.52
103.160726469,591.52
103.184235990,633.08
103.208583545,633.08
103.232049289,633.08
103.255093967,633.08
103.278197847,633.08
103.301824777,670.36
103.325710082,670.36
103.349094352,670.36
103.372535231,670.36
103.396233683,715.27
103.419754276,715.27
103.442918956,715.27
103.466002259,715.27
103.489114491,715.61
103.512671180,715.61
103.536523972,715.61
103.560156279,715.61
103.583573509,715.61
103.606739470,718.68
103.629806612,718.68
103.652957725,718.68
103.676377611,718.68
103.699557684,715.41
103.722878048,715.41
103.746228205,715.41
103.769387157,715.41
103.792573246,707.50
103.815967660,707.50
103.839036050,707.50
103.862013175,707.50
103.912914223,707.50
103.936040630,664.18
103.959216863,664.18
103.982542795,664.18
104.005926841,664.18
104.029315335,634.39
104.052660179,634.39
104.075902366,634.39
104.099066726,634.39
104.122331473,598.75
104.145554171,598.75
104.169013130,598.75
104.192285333,598.75
104.215764549,598.75
104.239058128,566.29
104.262522431,566.29
104.285951533,566.29
104.309355386,566.29
104.332424032,530.46
104.355788557,530.46
104.378970165,530.46
104.402416516,530.46
104.425433320,497.94
104.448549359,497.94
104.471632821,497.94
104.494708924,497.94
104.519198017,497.94
104.542951063,463.79
104.566522056,463.79
104.590191419,463.79
104.613870159,463.79
104.637419711,435.71
104.661532125,435.71
104.685346675,435.71
104.709507826,435.71
104.733447435,428.17
104.757201760,428.17
104.780760689,428.17
104.804309858,428.17
104.828480065,445.03
104.852223030,445.03
104.876220624,445.03
104.899827522,445.03
104.923521718,474.61
104.947089863,474.61
104.970430035,474.61
104.995397348,474.61
105.018731728,474.61
105.041783445,509.54
105.065172418,509.54
105.088884919,509.54
105.112572170,509.54
105.136167676,543.04
105.159201089,543.04
105.182358601,543.04
105.205827256,543.04
105.229802322,575.84
105.253406948,575.84
105.276669710,575.84
105.300171485,575.84
105.323719821,605.95
105.347231036,605.95
105.370548391,605.95
105.393832593,605.95
105.417507812,605.95
105.441129174,643.31
105.464782312,643.31
105.488344505,643.31
105.511606402,643.31
105.534996207,681.52
105.558421628,681.52
105.581848362,681.52
105.605396634,681.52
105.629370547,701.65
105.652401240,701.65
105.675758692,701.65
105.698953388,701.65
105.721834701,701.65
105.744857041,710.10
105.768132539,710.10
105.791191648,710.10
105.814288614,710.10
105.837285386,698.16
105.860608437,698.16
105.884121733,698.16
105.907573010,698.16
105.931834867,667.24
105.955161374,667.24
105.978560842,667.24
106.004029574,667.24
106.027510548,667.24
106.050733245,635.85
106.073692768,635.85
106.096487967,635.85
106.119332255,635.85
106.142334243,603.43
106.165638382,603.43
106.188997274,603.43
106.212721038,603.43
106.235979447,572.25
106.258932282,572.25
106.282091169,572.25
106.305147525,572.25
106.328682676,572.25
106.351944765,536.24
106.375377386,536.24
106.398617459,536.24
106.422109537,536.24
106.445458060,506.90
106.469229665,506.90
106.492416328,506.90
106.518040614,506.90
106.541956190,464.71
106.565097541,464.71
106.588371310,464.71
106.611408018,464.71
106.634484727,440.49
106.657678303,440.49
106.680884999,440.49
106.703888650,440.49
106.727356792,440.49
106.750005811,396.94
106.773088024,396.94
106.796282816,396.94
106.819220930,396.94
106.842265702,372.07
106.865211656,372.07
106.888259789,372.07
106.911568887,372.07
106.934607771,372.07
106.957585790,366.14
106.980395357,366.14
107.003597124,366.14
107.026915055,366.14
107.053097657,363.17
107.076262464,363.17
107.099758543,363.17
107.123069017,363.17
107.146994449,364.66
107.170303675,364.66
107.193329791,364.66
107.216545479,364.66
107.240602434,362.57
107.264627996,362.57
107.287694400,362.57
107.310992233,362.57
107.334426774,362.57
107.357433145,363.30
107.380435643,363.30
107.403630659,363.30
107.426707751,363.30
107.449859085,362.28
107.473084821,362.28
107.496130553,362.28
107.519137724,362.28
107.542904847,361.60
107.566285659,361.60
107.589456609,361.60
107.612656905,361.60
107.635877552,361.60
107.658951925,360.33
107.682107227,360.33
107.705111294,360.33
107.728287044,360.33
107.751378185,360.64
107.774854678,360.64
107.797957019,360.64
107.821112930,360.64
107.845357888,365.89
107.868879631,365.89
107.891947603,365.89
107.915417792,365.89
107.938839788,365.89
107.962332826,365.37
107.985611811,365.37
108.008762761,365.37
108.032179285,365.37
108.055457822,365.27
108.078839306,365.27
108.101985776,365.27
108.125265497,365.27
108.148388734,354.67
108.171769577,354.67
108.194601448,354.67
108.217418503,354.67
108.240665711,354.67
108.263948120,347.45
108.287000443,347.45
108.310310852,347.45
108.333559084,347.45
108.356730034,349.15
108.379696275,349.15
108.402782456,349.15
108.425980958,349.15
108.449848244,348.17
108.472978809,348.17
108.495464944,348.17
108.518738488,348.17
108.541694937,348.17
108.564681019,342.99
108.587710814,342.99
108.610778562,342.99
108.633937959,342.99
108.658013570,342.27
108.681315435,342.27
108.704461424,342.27
108.727335823,342.27
108.750312401,343.29
108.773367028,343.29
108.796414392,343.29
108.819230646,343.29
108.842164599,343.29
108.865430719,341.82
108.888467938,341.82
108.911385794,341.82
108.934577737,341.82
108.957440872,342.89
108.980678927,342.89
109.003723858,342.89
109.026687028,342.89
109.049942812,342.89
109.073429961,343.85
109.096545582,343.85
109.120403587,343.85
109.145145708,343.85
109.168727099,352.78
109.191790303,352.78
109.214855875,352.78
109.238532692,352.78
109.263022327,355.13
109.286233917,355.13
109.309437699,355.13
109.332845550,355.13
109.356960585,353.11
109.380214480,353.11
109.403620187,353.11
109.427390350,353.11
109.450766552,353.11
109.474013023,353.88
109.497306631,353.88
109.520684497,353.88
109.543973945,353.88
109.567083102,360.60
109.590166209,360.60
109.613403560,360.60
109.636307080,360.60
109.659882230,358.77
109.683054556,358.77
109.706396357,358.77
109.729746414,358.77
109.752904212,358.77
109.775960054,360.42
109.798988345,360.42
109.821978426,360.42
109.845398757,360.42
109.868340902,360.24
109.891412937,360.24
109.914305512,360.24
109.937612721,360.24
109.961806285,359.90
109.985215576,359.90
110.008572097,359.90
110.032040270,359.90
110.055537594,359.90
110.078988614,359.92
110.102155627,359.92
110.125340625,359.92
110.148230288,359.92
110.171462135,354.93
110.194991621,354.93
110.218057672,354.93
110.241054986,354.93
110.264718553,358.03
110.288086915,358.03
110.311541966,358.03
110.334947960,358.03
110.358276865,358.03
110.381554632,359.64
110.404841168,359.64
110.428370813,359.64
110.451957227,359.64
110.475319988,358.71
110.498734014,358.71
110.522155049,358.71
110.546495944,358.71
110.569856497,358.21
110.593094615,358.21
110.615972662,358.21
110.639044537,358.21
110.662155228,358.21
110.686504380,353.29
110.709729186,353.29
110.733140492,353.29
110.756666809,353.29
110.780050595,351.98
110.803183879,351.98
110.826446862,351.98
110.849886361,351.98
110.873291139,352.04
110.896717581,352.04
110.919785712,352.04
110.943184986,352.04
110.966685478,352.20
110.990049936,352.20
111.013885027,352.20
111.036891845,352.20
111.060134923,352.20
111.083159085,351.97
111.106189871,351.97
111.129707323,351.97
111.153772820,351.97
111.177400771,350.85
111.200682987,350.85
111.224066484,350.85
111.247373244,350.85
111.270957418,353.42
111.294301650,353.42
111.317124879,353.42
111.340207761,353.42
111.363259379,353.42
111.386149329,351.97
111.409434520,351.97
111.432550683,351.97
111.455690623,351.97
111.479455441,352.47
111.502703127,352.47
111.525585813,352.47
111.548500915,352.47
111.571480788,348.48
111.594884221,348.48
111.617930207,348.48
111.641207750,348.48
111.665122907,348.48
111.688619142,353.70
111.712024016,353.70
111.735532540,353.70
111.758860580,353.70
111.782430065,354.04
111.806178690,354.04
111.829389992,354.04
111.852670798,354.04
111.876221435,354.08
111.899541699,354.08
111.923317269,354.08
111.946454841,354.08
111.969832130,354.08
111.993209771,353.80
112.016648149,353.80
112.039959516,353.80
112.063383111,353.80
112.086543723,354.29
112.109552875,354.29
112.132690447,354.29
112.155572109,354.29
112.178651504,359.21
112.201798387,359.21
112.224995224,359.21
112.248130364,359.21
112.271449539,359.21
112.294641863,358.50
112.317674696,358.50
112.341142259,358.50
112.364839074,358.50
112.388234699,354.63
112.411804056,354.63
112.435104863,354.63
112.458350820,354.63
112.481779950,355.52
112.504997107,355.52
112.528293433,355.52
112.551395580,355.52
112.574693122,355.52
112.598041290,355.15
112.621585878,355.15
112.644808571,355.15
112.668443242,355.15
112.691980086,354.10
112.715222331,354.10
112.738491425,354.10
112.761924171,354.10
112.785840831,354.06
112.809398956,354.06
112.832439245,354.06
112.855697139,354.06
112.878969209,354.06
112.902103580,354.70
112.925236639,354.70
112.948188446,354.70
112.971434467,354.70
112.994576935,354.36
113.017700969,354.36
113.040684393,354.36
113.064071762,354.36
113.087386969,354.45
113.110667007,354.45
113.133922341,354.45
113.156983910,354.45
113.180054888,354.45
113.202941637,353.86
113.225943238,353.86
113.249207147,353.86
113.272168106,353.86
113.295285804,353.68
113.318279308,353.68
113.341236074,353.68
113.364225673,353.68
113.387188552,358.16
113.409941922,358.16
113.433288905,358.16
113.456471661,358.16
113.479605872,358.16
113.503243901,353.31
113.526572708,353.31
113.549742407,353.31
113.573219634,353.31
113.596605882,358.18
113.619938465,358.18
113.643308392,358.18
113.666620079,358.18
113.690170843,358.70
113.712969110,358.70
113.736040887,358.70
113.759400254,358.70
113.782870888,358.70
113.806028427,351.14
113.828930153,351.14
113.851881383,351.14
113.875323825,351.14
113.898608951,352.62
113.921886364,352.62
113.945402983,352.62
113.968830512,352.62
113.992369596,351.10
114.015936168,351.10
114.039266863,351.10
114.062743801,351.10
114.086304709,351.10
114.109671405,352.07
114.133101494,352.07
114.156486846,352.07
114.180079723,352.07
114.203374833,352.85
114.226670967,352.85
114.249882043,352.85
114.273294403,352.85
114.296315875,351.35
114.319412356,351.35
114.342356065,351.35
114.365202781,351.35
114.388347071,351.35
114.411242940,352.98
114.434093368,352.98
114.457189401,352.98
114.480576576,352.98
114.503859174,355.93
114.526924294,355.93
114.550095849,355.93
114.573348110,355.93
114.596839608,357.50
114.620188446,357.50
114.643417762,357.50
114.666405633,357.50
114.689672070,357.50
114.712642020,356.43
114.735726949,356.43
114.759053708,356.43
114.782707609,356.43
114.805742137,362.72
114.828718359,362.72
114.851886266,362.72
114.874931482,362.72
114.898238272,362.46
114.921871725,362.46
114.945159442,362.46
114.968648540,362.46
114.991745053,362.46
115.014823934,362.27
115.037477333,362.27
115.060642552,362.27
115.083879836,362.27
115.106937149,359.64
115.130017021,359.64
115.153212353,359.64
115.176071645,359.64
115.199375330,359.16
115.222374113,359.16
115.245347520,359.16
115.268460993,359.16
115.291498944,359.16
115.314749732,360.40
115.337930759,360.40
115.361291981,360.40
115.384642771,360.40
115.408076092,358.90
115.433278571,358.90
115.456274985,358.90
115.479508845,358.90
115.502420233,360.63
115.525764944,360.63
115.549192120,360.63
115.572488669,360.63
115.596028071,360.63
115.619121672,359.45
115.642418221,359.45
115.665841653,359.45
115.689538243,359.45
115.712962058,359.27
115.736358290,359.27
115.759521044,359.27
115.783550377,359.27
115.806810349,360.92
115.830542844,360.92
115.854218377,360.92
115.877830294,360.92
115.901694407,364.19
115.925490871,364.19
115.948915231,364.19
115.972977781,364.19
115.996917929,364.19
116.020594678,385.77
116.044455688,385.77
116.068263000,385.77
116.092586420,385.77
116.116268514,424.07
116.139961392,424.07
116.163499738,424.07
116.187372396,424.07
116.211134011,457.76
116.234931115,457.76
116.258776636,457.76
116.281948542,457.76
116.305702797,493.80
116.329062994,493.80
116.352251541,493.80
116.375973827,493.80
116.400059193,493.80
116.423774918,524.88
116.447305552,524.88
116.475530274,524.88
116.498645154,524.88
116.522599669,564.70
116.546358436,564.70
116.569883726,564.70
116.593482905,564.70
116.617477005,594.11
116.640921973,594.11
116.664057622,594.11
116.687229976,594.11
116.711620789,633.31
116.735566471,633.31
116.759135922,633.31
116.782806047,633.31
116.806720209,633.31
116.829924371,661.45
116.853124182,661.45
116.876524669,661.45
116.899650269,661.45
116.923396172,693.80
116.946615087,693.80
116.969774224,693.80
116.993479134,693.80
117.016706497,712.06
117.040062311,712.06
117.063520207,712.06
117.086945590,712.06
117.110311132,712.06
117.133950408,708.42
117.157103434,708.42
117.180562834,708.42
117.204124988,708.42
117.227408256,692.60
117.251052652,692.60
117.274282863,692.60
117.297123785,692.60
117.319940418,647.16
117.343276967,647.16
117.366964628,647.16
117.390730978,647.16
117.414876761,635.93
117.438566342,635.93
117.462061358,635.93
117.485697882,635.93
117.509496841,634.24
117.553614618,634.24
117.577370824,634.24
117.601430461,634.24
117.625061416,636.83
117.648187561,636.83
117.671621520,636.83
117.695396862,636.83
117.718918983,636.83
117.742506642,636.53
117.765931257,636.53
117.789570340,636.53
117.813056812,636.53
117.836147532,636.52
117.859495601,636.52
117.883055931,636.52
117.906962764,636.52
117.931425706,635.79
117.954945843,635.79
117.978701793,635.79
118.002037094,635.79
118.026086651,635.60
118.049449920,635.60
118.072467390,635.60
118.096130122,635.60
118.119581425,635.60
118.143325759,638.84
118.166725862,638.84
118.189791749,638.84
118.213650517,638.84
118.237067836,659.72
118.261168049,659.72
118.284567095,659.72
118.308271779,659.72
118.332173044,711.84
118.355781919,711.84
118.379058306,711.84
118.402136192,711.84
118.425444772,711.84
118.448647109,712.98
118.472299889,712.98
118.495665974,712.98
118.519671849,712.98
118.542842473,714.14
118.566238095,714.14
118.589395375,714.14
118.612313387,714.14
118.637591194,711.22
118.660828540,711.22
118.684188481,711.22
118.707433187,711.22
118.731436022,702.18
118.754712217,702.18
118.777839705,702.18
118.801097020,702.18
118.825124111,702.18
118.848424787,667.38
118.871585587,667.38
118.894690451,667.38
118.918277116,667.38
118.941647841,633.19
118.964716256,633.19
118.987809375,633.19
119.011072994,633.19
119.034395846,599.89
119.057508165,599.89
119.080441024,599.89
119.103432733,599.89
119.126559517,599.89
119.149687741,567.39
119.172887838,567.39
119.196226402,567.39
119.220208021,567.39
119.243429399,525.77
119.266181230,525.77
119.289026278,525.77
119.312831573,525.77
119.336809223,492.27
119.360605141,492.27
119.384581255,492.27
119.408413461,492.27
119.431936893,492.27
119.455645737,489.05
119.479404375,489.05
119.503356680,489.05
119.527103733,489.05
119.550878210,491.78
119.574850228,491.78
119.598102838,491.78
119.621767425,491.78
119.648566066,489.97
119.671708785,489.97
119.695290170,489.97
119.719067240,489.97
119.742678066,496.57
119.766518081,496.57
119.789555454,496.57
119.812750015,496.57
119.835968128,496.57
119.859401318,534.90
119.882830732,534.90
119.906648666,534.90
119.930251140,534.90
119.953692650,568.78
119.976984077,568.78
120.000179373,568.78
120.023635028,568.78
120.046609872,607.41
120.070070070,607.41
120.093028434,607.41
120.115982893,607.41
120.139158989,607.41
120.162250892,636.05
120.185528110,636.05
120.208662446,636.05
120.232454779,636.05
120.255940354,640.98
120.279318342,640.98
120.302581640,640.98
120.325795273,640.98
120.349114060,643.73
120.372375341,643.73
120.395711057,643.73
120.419047316,643.73
120.442405335,643.73
120.466029249,610.50
120.489379525,610.50
120.512852107,610.50
120.536175534,610.50
120.559523858,576.41
120.582608655,576.41
120.605713037,576.41
120.628682057,576.41
120.651537633,541.61
120.674505500,541.61
120.697382006,541.61
120.720354961,541.61
120.743282251,541.61
120.766306631,509.44
120.789277219,509.44
120.812248510,509.44
120.835462047,509.44
120.858387097,473.64
120.881426709,473.64
120.904545716,473.64
120.927761812,473.64
120.950990901,435.76
120.974015602,435.76
120.997060271,435.76
121.020119500,435.76
121.043282059,435.76
121.066469003,408.32
121.089367717,408.32
121.112374273,408.32
121.135566881,408.32
121.158519452,369.85
121.181677627,369.85
121.205009278,369.85
121.228880973,369.85
121.252430069,365.10
121.275663094,365.10
121.298764403,365.10
121.321994740,365.10
121.345198483,365.10
121.368451828,365.51
121.391669844,365.51
121.415115706,365.51
121.438420348,365.51
121.461820736,365.11
121.484952830,365.11
121.508124829,365.11
121.531575139,365.11
121.554873668,365.80
121.578052740,365.80
121.601458344,365.80
121.624488868,365.80
121.647446142,365.80
121.670556188,365.41
121.693774108,365.41
121.716937403,365.41
121.743167070,365.41
121.766164217,364.22
121.789391705,364.22
121.812209905,364.22
121.835883931,364.22
121.858864758,365.64
121.881678509,365.64
121.904698985,365.64
121.927518016,365.64
121.950997734,365.64
121.974942486,364.84
121.998097845,364.84
122.020948813,364.84
122.043894855,364.84
122.068023387,351.68
122.091950315,351.68
122.115740440,351.68
122.139675016,351.68
122.163287921,384.02
122.186781943,384.02
122.210425984,384.02
122.233894982,384.02
122.258849100,416.30
122.282600152,416.30
122.306334659,416.30
122.330292498,416.30
122.353600148,416.30
122.377060249,452.00
122.400808676,452.00
122.424301962,452.00
122.447679661,452.00
122.471450937,484.90
122.495088578,484.90
122.520053416,484.90
122.543362121,484.90
122.566490471,521.57
122.589923979,521.57
122.613372592,521.57
122.636871798,521.57
122.660461598,555.74
122.684342124,555.74
122.707784657,555.74
122.731002896,555.74
122.754135342,555.74
122.777549266,600.50
122.801004439,600.50
122.824739874,600.50
122.848108453,600.50
122.871278211,633.52
122.894721320,633.52
122.918008425,633.52
122.940906370,633.52
122.965184248,665.75
122.988214324,665.75
123.011851453,665.75
123.035419204,665.75
123.059089550,665.75
123.083019997,676.78
123.106117530,676.78
123.128887984,676.78
123.151838921,676.78
123.175703223,631.19
123.199528612,631.19
123.223390770,631.19
123.247770699,631.19
123.271369011,633.54
123.295286977,633.54
123.318667876,633.54
123.342268203,633.54
123.366395198,632.45
123.390217035,632.45
123.414016375,632.45
123.437807554,632.45
123.461204518,632.45
123.484674410,636.61
123.507988683,636.61
123.531902810,636.61
123.556255762,636.61
123.579824441,634.81
123.603840489,634.81
123.627401648,634.81
123.651003415,634.81
123.674043635,636.03
123.697568472,636.03
123.720773879,636.03
123.744087097,636.03
123.767757442,636.03
123.791748498,633.87
123.815120532,633.87
123.839503949,633.87
123.862710412,633.87
123.885848905,634.09
123.909352654,634.09
123.932946870,634.09
123.956399738,634.09
123.980169125,635.62
124.003314499,635.62
124.026381599,635.62
124.049379641,635.62
124.072496022,661.15
124.096080285,661.15
124.119740870,661.15
124.143138825,661.15
124.167002166,661.15
124.190323927,713.64
124.213440916,713.64
124.236291467,713.64
124.259613164,713.64
124.282997294,712.30
124.306477075,712.30
124.329934903,712.30
124.353102932,712.30
124.376948480,713.50
124.400038716,713.50
124.423082007,713.50
124.446753471,713.50
124.470532106,713.50
124.493788490,707.72
124.519938889,707.72
124.543184168,707.72
124.567065877,707.72
124.590193938,710.24
124.613568500,710.24
124.637270525,710.24
124.661006343,710.24
124.684911285,708.33
124.708316279,708.33
124.731545782,708.33
124.754684019,708.33
124.777843088,710.60
124.800934540,710.60
124.823979495,710.60
124.846843709,710.60
124.869784214,710.60
124.892671661,704.61
124.915677255,704.61
124.938996072,704.61
124.962267688,704.61
124.985332419,688.17
125.008310172,688.17
125.031503450,688.17
125.054380497,688.17
125.077308905,688.17
125.100624490,651.86
125.123648901,651.86
125.146807778,651.86
125.170190372,651.86
125.193508709,617.60
125.215989107,617.60
125.238369535,617.60
125.261480251,617.60
125.285425161,572.84
125.308951790,572.84
125.332353040,572.84
125.356151739,572.84
125.379340184,572.84
125.402336401,572.49
125.425522639,572.49
125.449266712,572.49
125.472953633,572.49
125.496419780,579.53
125.520690393,579.53
125.544149757,579.53
125.567377243,579.53
125.590547832,576.62
125.613681396,576.62
125.637235193,576.62
125.660854592,576.62
125.684376485,576.62
125.707495457,576.29
125.730674686,576.29
125.753919645,576.29
125.776823444,576.29
125.799968496,577.36
125.822956489,577.36
125.845842048,577.36
125.869138976,577.36
125.892050775,575.49
125.915402968,575.49
125.938481171,575.49
125.961578862,575.49
125.984483718,575.49
126.007636098,563.41
126.030971843,563.41
126.054664619,563.41
126.077837096,563.41
126.100637949,558.02
126.123460019,558.02
126.146889141,558.02
126.171532083,558.02
126.195896842,575.00
126.219973499,575.00
126.243708356,575.00
126.266959106,575.00
126.291295577,614.79
126.314791804,614.79
126.338427203,614.79
126.362105066,614.79
126.385794386,614.79
126.409808065,611.73
126.433286500,611.73
126.456663557,611.73
126.480233771,611.73
126.503642573,612.71
126.527593530,612.71
126.550988219,612.71
126.574712004,612.71
126.598455053,611.34
126.621704427,611.34
126.644664803,611.34
126.667945410,611.34
126.691033405,611.34
126.714585506,612.03
126.738030980,612.03
126.761764941,612.03
126.785303442,612.03
126.808409805,609.11
126.831488647,609.11
126.854531841,609.11
126.878398029,609.11
126.901760493,615.76
126.925169487,615.76
126.948362988,615.76
126.976701338,615.76
127.000007257,650.05
127.023454972,650.05
127.046663033,650.05
127.069932312,650.05
127.093417979,650.05
127.116882878,672.88
127.140562054,672.88
127.164142027,672.88
127.187419786,672.88
127.210741674,663.85
127.234072394,663.85
127.257058018,663.85
127.280403522,663.85
127.303607774,625.83
127.326920669,625.83
127.349961783,625.83
127.372908878,625.83
127.396177132,625.83
127.419301863,596.07
127.442505219,596.07
127.465899172,596.07
127.489381991,596.07
127.512398272,557.94
127.535515834,557.94
127.558537299,557.94
127.582199546,557.94
127.605532985,521.85
127.628691381,521.85
127.651794800,521.85
127.674826825,521.85
127.698149576,521.85
127.721625034,481.58
127.745124174,481.58
127.768339563,481.58
127.791965713,481.58
127.815387666,444.76
127.838713201,444.76
127.862436473,444.76
127.886480393,444.76
127.911346186,418.16
127.935491771,418.16
127.959083648,418.16
127.982776008,418.16
128.006289579,381.60
128.031282895,381.60
128.054634095,381.60
128.078033072,381.60
128.101807769,381.60
128.125783783,365.86
128.149967961,365.86
128.173557726,365.86
128.197304295,365.86
128.221038031,364.34
128.244651221,364.34
128.268244825,364.34
128.292085219,364.34
128.315739625,364.79
128.339179819,364.79
128.362682605,364.79
128.386053389,364.79
128.409348588,365.04
128.432606473,365.04
128.456398002,365.04
128.480083033,365.04
128.503677213,365.04
128.527556552,366.17
128.550486782,366.17
128.573228977,366.17
128.596357355,366.17
128.619880686,378.12
128.643074698,378.12
128.666193316,378.12
128.689934828,378.12
128.713078567,377.06
128.736113120,377.06
128.759106807,377.06
128.782113007,377.06
128.805005156,377.06
128.828101790,378.19
128.851355484,378.19
128.874524983,378.19
128.898321344,378.19
128.921240566,378.52
128.944393553,378.52
128.967539148,378.52
128.991251475,378.52
129.015139423,378.98
129.038702755,378.98
129.062207365,378.98
129.084918231,378.98
129.107781515,378.98
129.130679361,383.26
129.153754458,383.26
129.176944406,383.26
129.199992815,383.26
129.223007431,388.69
129.245950973,388.69
129.269023286,388.69
129.291951724,388.69
129.315846358,389.43
129.339435067,389.43
129.362925084,389.43
129.386449631,389.43
129.410379467,389.43
129.434382744,389.20
129.457946715,389.20
129.481681507,389.20
129.505634127,389.20
129.528703847,387.19
129.552023974,387.19
129.575177824,387.19
129.598398140,387.19
129.622147108,389.21
129.645889771,389.21
129.669150536,389.21
129.692432773,389.21
129.716093515,388.51
129.739452202,388.51
129.762657926,388.51
129.786381101,388.51
129.810034546,388.51
129.833421682,388.08
129.856755537,388.08
129.880359925,388.08
129.903355916,388.08
129.926822189,387.71
129.950293007,387.71
129.973760528,387.71
129.997299635,387.71
130.021054651,388.54
130.044919429,388.54
130.068353190,388.54
130.092054092,388.54
130.115879062,388.54
130.139567452,383.98
130.163341028,383.98
130.186782213,383.98
130.210706352,383.98
130.234629948,381.38
130.258397571,381.38
130.282218028,381.38
130.306119094,381.38
130.329870845,384.25
130.353717542,384.25
130.378127996,384.25
130.401805538,384.25
130.425461287,394.62
130.448902855,394.62
130.472269702,394.62
130.495614564,394.62
130.520920525,408.19
130.544681364,408.19
130.568266904,408.19
130.591686552,408.19
130.615186777,408.19
130.638615225,407.97
130.662025913,407.97
130.685451545,407.97
130.709020636,407.97
130.732878405,418.76
130.756443496,418.76
130.779382718,418.76
130.802424661,418.76
130.826465923,431.00
130.849529115,431.00
130.872647572,431.00
130.895804910,431.00
130.918912551,431.00
130.942026112,439.88
130.965098841,439.88
130.988406262,439.88
131.011792565,439.88
131.035168532,451.48
131.058551699,451.48
131.081707405,451.48
131.105015211,451.48
131.128694288,461.90
131.151770025,461.90
131.179137439,461.90
131.202628576,461.90
131.225895773,461.90
131.249191994,470.67
131.272360499,470.67
131.295460076,470.67
131.319123216,470.67
131.343257727,480.07
131.366643070,480.07
131.390005404,480.07
131.413484509,480.07
131.436328303,471.60
131.458785146,471.60
131.481654701,471.60
131.505210095,471.60
131.528435114,469.92
131.552005357,469.92
131.575746611,469.92
131.599157875,469.92
131.622639443,469.92
131.645713771,494.87
131.669472242,494.87
131.693114454,494.87
131.716675224,494.87
131.740600739,516.92
131.764271048,516.92
131.787548996,516.92
131.810760447,516.92
131.834226879,542.27
131.857995014,542.27
131.881557512,542.27
131.905345968,542.27
131.928969299,542.27
131.952346514,568.65
131.975597390,568.65
131.998653349,568.65
132.022130982,568.65
132.045568997,588.77
132.068918883,588.77
132.091884985,588.77
132.115187925,588.77
132.138023624,609.64
132.161598187,609.64
132.185010538,609.64
132.208178052,609.64
132.231666852,609.64
132.255038082,621.71
132.277966294,621.71
132.301529336,621.71
132.324891734,621.71
132.348594139,642.39
132.372072795,642.39
132.395537243,642.39
132.418773590,642.39
132.441794476,666.47
132.465065895,666.47
132.488775180,666.47
132.512170763,666.47
132.535958162,666.47
132.559941917,702.58
132.583351867,702.58
132.606322096,702.58
132.629698382,702.58
132.653253168,703.17
132.676678255,703.17
132.700092590,703.17
132.724059768,703.17
132.747588185,702.14
132.770872917,702.14
132.794105232,702.14
132.817296202,702.14
132.841810080,700.50
132.865512102,700.50
132.888600733,700.50
132.911802039,700.50
132.934786765,700.50
132.958037736,700.02
132.981363396,700.02
133.004494653,700.02
133.027747960,700.02
133.050715821,697.92
133.073742051,697.92
133.096771802,697.92
133.119971796,697.92
133.143875517,675.44
133.167046710,675.44
133.190433204,675.44
133.213409098,675.44
133.236539810,675.44
133.259701947,651.06
133.282456267,651.06
133.305540386,651.06
133.328659065,651.06
133.352143321,618.92
133.375555351,618.92
133.398549996,618.92
133.421190426,618.92
133.444506294,583.35
133.467778225,583.35
133.490945482,583.35
133.514124355,583.35
133.537398718,583.35
133.560563382,545.17
133.583935924,545.17
133.606663619,545.17
133.629842844,545.17
133.653904328,511.10
133.676891997,511.10
133.700118551,511.10
133.723062891,511.10
133.746605932,472.79
133.769918088,472.79
133.793313254,472.79
133.816683587,472.79
133.839749434,472.79
133.863326203,450.86
133.886376370,450.86
133.909754575,450.86
133.932490334,450.86
133.956122337,419.34
133.979253305,419.34
134.002291759,419.34
134.025346790,419.34
134.048430493,401.34
134.071631062,401.34
134.094739662,401.34
134.117915431,401.34
134.141046847,401.34
134.164159638,404.44
134.187586805,404.44
134.210877520,404.44
134.233852389,404.44
134.256911707,414.92
134.279591464,414.92
134.302481211,414.92
134.325856792,414.92
134.348889517,414.92
134.371489273,425.92
134.394492110,425.92
134.417558916,425.92
134.440569273,425.92
134.463508076,440.99
134.486870536,440.99
134.510027552,440.99
134.533940169,440.99
134.557601612,448.55
134.581223054,448.55
134.604367430,448.55
134.627860709,448.55
134.651525160,448.55
134.674874693,462.67
134.697962299,462.67
134.721257238,462.67
134.745219232,462.67
134.768584860,469.85
134.792021915,469.85
134.815576955,469.85
134.838942040,469.85
134.863013892,473.35
134.886905580,473.35
134.911038521,473.35
134.934106575,473.35
134.957975607,463.78
134.981157168,463.78
135.004219429,463.78
135.027422431,463.78
135.050801883,463.78
135.073883634,479.19
135.097645687,479.19
135.121137814,479.19
135.144741880,479.19
135.167675467,490.73
135.190860228,490.73
135.214049917,490.73
135.237095730,490.73
135.260185481,505.05
135.283323872,505.05
135.306487032,505.05
135.329572654,505.05
135.352626435,505.05
135.375620247,517.98
135.398617835,517.98
135.421775458,517.98
135.445113310,517.98
135.468265141,519.22
135.491156263,519.22
135.514230237,519.22
135.537805598,519.22
135.561752806,519.97
135.584796955,519.97
135.607968339,519.97
135.631232397,519.97
135.654484295,519.97
135.677564093,516.20
135.700767445,516.20
135.724246708,516.20
135.747543182,516.20
135.770651589,516.96
135.793539382,516.96
135.816584620,516.96
135.839569983,516.96
135.863427462,523.98
135.886554717,523.98
135.910015995,523.98
135.933085841,523.98
135.956316714,523.98
135.979688326,531.47
136.002901503,531.47
136.025810225,531.47
136.049004361,531.47
136.072425703,513.11
136.095363578,513.11
136.118661332,513.11
136.141730794,513.11
136.165710067,498.92
136.188660742,498.92
136.211605785,498.92
136.234571149,498.92
136.257621185,498.92
136.280650134,485.92
136.304219862,485.92
136.327508464,485.92
136.350578661,485.92
136.374383018,468.00
136.397319036,468.00
136.420132588,468.00
136.443260930,468.00
136.466439002,468.00
136.489382188,467.93
136.512486722,467.93
136.535666905,467.93
136.558896178,467.93
136.582086218,467.22
136.604848504,467.22
136.627870572,467.22
136.651501550,467.22
136.674573411,468.61
136.697793147,468.61
136.720884593,468.61
136.743928069,468.61
136.767106653,468.61
136.789804618,467.84
136.812681243,467.84
136.835746448,467.84
136.858666466,467.84
136.881408304,462.55
136.904597256,462.55
136.927862849,462.55
136.951341183,462.55
136.974173519,462.83
136.997252036,462.83
137.020434172,462.83
137.043655636,462.83
137.067239285,462.83
137.090267337,463.94
137.113488769,463.94
137.136518390,463.94
137.159994676,463.94
137.182596319,463.37
137.205120712,463.37
137.227727411,463.37
137.251013709,463.37
137.274807569,462.13
137.297705506,462.13
137.320764790,462.13
137.343999151,462.13
137.367135685,462.13
137.390114103,462.07
137.413365264,462.07
137.436548071,462.07
137.459574779,462.07
137.482527309,460.38
137.505284315,460.38
137.528819481,460.38
137.552183060,460.38
137.576101115,460.53
137.599307859,460.53
137.622519147,460.53
137.645794532,460.53
137.669605000,460.53
137.692822112,462.86
137.716454401,462.86
137.739720698,462.86
137.762897041,462.86
137.785672159,455.32
137.808998201,455.32
137.832500951,455.32
137.855957908,455.32
137.879229581,468.82
137.902669962,468.82
137.925920963,468.82
137.949020632,468.82
137.972001867,468.82
137.995012702,483.05
138.018210422,483.05
138.041428141,483.05
138.064658565,483.05
138.087873341,487.96
138.110842320,487.96
138.133791842,487.96
138.156536527,487.96
138.180381781,489.75
138.203871795,489.75
138.227119307,489.75
138.250317506,489.75
138.273874657,489.75
138.297232635,488.46
138.320741753,488.46
138.343716683,488.46
138.366741726,488.46
138.389621294,488.65
138.412284377,488.65
138.435435247,488.65
138.458403905,488.65
138.482521324,498.48
138.506501076,498.48
138.529292834,498.48
138.552255668,498.48
138.575321960,498.48
138.598963880,498.70
138.621872505,498.70
138.644980238,498.70
138.667962144,498.70
138.691177911,495.62
138.714237387,495.62
138.737086267,495.62
138.760173999,495.62
138.783521193,503.76
138.806426938,503.76
138.829334507,503.76
138.852527809,503.76
138.875564309,503.76
138.898687018,487.19
138.921261715,487.19
138.944130947,487.19
138.967053812,487.19
138.990096776,471.69
139.013508643,471.69
139.036580471,471.69
139.060071509,471.69
139.083345837,471.69
139.106418561,470.56
139.129520054,470.56
139.152534281,470.56
139.175255830,470.56
139.198427020,469.27
139.221647459,469.27
139.245006270,469.27
139.268591709,469.27
139.291526797,469.50
139.315024906,469.50
139.338989329,469.50
139.362414316,469.50
139.385778439,469.50
139.409191042,468.90
139.432194068,468.90
139.455089668,468.90
139.478213144,468.90
139.501364206,470.89
139.526796917,470.89
139.552472897,470.89
139.575794362,470.89
139.599113651,469.99
139.622192550,469.99
139.645295163,469.99
139.668836121,469.99
139.692020303,471.54
139.715137091,471.54
139.738199767,471.54
139.761132872,471.54
139.784258140,471.54
139.807270959,471.99
139.830541863,471.99
139.853246002,471.99
139.876044288,471.99
139.899566750,472.48
139.922452749,472.48
139.945321021,472.48
139.968307182,472.48
139.991489956,474.52
140.014732508,474.52
140.037693165,474.52
140.061046023,474.52
140.084226013,474.52
140.107298576,474.01
140.130666315,474.01
140.153687517,474.01
140.176674767,474.01
140.199866757,475.11
140.222676947,475.11
140.245481761,475.11
140.268654134,475.11
140.291760874,475.11
140.314633881,476.19
140.337752173,476.19
140.360777087,476.19
140.384001846,476.19
140.407178475,477.14
140.430058874,477.14
140.452862696,477.14
140.476502119,477.14
140.499441784,467.79
140.522541643,467.79
140.545709152,467.79
140.568708050,467.79
140.591755909,467.79
140.614780247,468.71
140.637962668,468.71
140.661139266,468.71
140.684740640,468.71
140.707859861,469.65
140.730990345,469.65
140.754025147,469.65
140.777138416,469.65
140.800398631,467.12
140.823390648,467.12
140.846434699,467.12
140.869649057,467.12
140.892729684,467.12
140.916021452,467.94
140.939037278,467.94
140.962013327,467.94
140.985319816,467.94
141.008432476,471.49
141.031906839,471.49
141.055121678,471.49
141.078522984,471.49
141.101908098,472.40
141.124934900,472.40
141.148050792,472.40
141.171324160,472.40
141.194848861,472.40
141.218171989,478.21
141.241429933,478.21
141.264564449,478.21
141.287738133,478.21
141.310501121,473.68
141.333890939,473.68
141.357186930,473.68
141.380368359,473.68
141.404013382,482.45
141.427136794,482.45
141.450309423,482.45
141.473272127,482.45
141.496394547,482.45
141.520696544,497.04
141.543931639,497.04
141.567040778,497.04
141.590175454,497.04
141.613460245,503.76
141.636500999,503.76
141.659708349,503.76
141.682574411,503.76
141.706197290,504.46
141.729234332,504.46
141.752636789,504.46
141.775744489,504.46
141.798694041,504.46
141.821694634,504.77
141.845041315,504.77
141.868049876,504.77
141.891172360,504.77
141.914502720,503.23
141.937609619,503.23
141.960610564,503.23
141.983586549,503.23
142.007515322,499.38
142.030721040,499.38
142.054012071,499.38
142.077431681,499.38
142.100728601,499.38
142.123728586,497.10
142.147084195,497.10
142.170367354,497.10
142.193533679,497.10
142.216733444,497.86
142.239931321,497.86
142.263053805,497.86
142.285969083,497.86
142.309666171,503.65
142.332916401,503.65
142.355838976,503.65
142.378835665,503.65
142.402337708,503.65
142.425324476,499.01
142.448379790,499.01
142.471300605,499.01
142.494539091,499.01
142.520697736,480.93
142.543666840,480.93
142.566744266,480.93
142.589422996,480.93
142.613138420,472.29
142.636141860,472.29
142.658984146,472.29
142.682022115,472.29
142.705259193,472.29
142.728834134,471.56
142.752021834,471.56
142.775097405,471.56
142.798133326,471.56
142.821187936,471.73
142.844086510,471.73
142.867008349,471.73
142.890036366,471.73
142.913319461,472.86
142.936153810,472.86
142.958873949,472.86
142.982009648,472.86
143.005410185,472.86
143.028579774,471.77
143.051845876,471.77
143.074992328,471.77
143.098233918,471.77
143.121497620,471.46
143.145074097,471.46
143.168249541,471.46
143.191103187,471.46
143.214039554,471.46
143.237433403,468.25
143.260333993,468.25
143.283267320,468.25
143.306578959,468.25
143.329373114,466.80
143.352187398,466.80
143.375242648,466.80
143.398870613,466.80
143.422081258,465.59
143.445476771,465.59
143.468502963,465.59
143.491556452,465.59
143.514962781,465.59
143.538289909,467.62
143.561512937,467.62
143.584843425,467.62
143.608523840,467.62
143.631777813,465.33
143.654971433,465.33
143.678182462,465.33
143.701910398,465.33
143.725099506,468.06
143.749566690,468.06
143.772757878,468.06
143.795938378,468.06
143.819484102,468.06
143.842824125,469.15
143.865800525,469.15
143.888932064,469.15
143.912201782,469.15
143.935231750,470.07
143.958202422,470.07
143.981089092,470.07
144.004242775,470.07
144.027080196,470.80
144.049902128,470.80
144.072741853,470.80
144.095876752,470.80
144.119120453,470.80
144.142218167,470.35
144.165476877,470.35
144.188667297,470.35
144.212259294,470.35
144.235776985,468.39
144.258868747,468.39
144.281773624,468.39
144.305334804,468.39
144.328442566,461.02
144.351149775,461.02
144.374626217,461.02
144.398273287,461.02
144.421805282,461.02
144.444939892,471.63
144.467840450,471.63
144.491206169,471.63
144.514787414,471.63
144.538734265,488.64
144.562325910,488.64
144.585600395,488.64
144.608490777,488.64
144.631654156,507.02
144.655726386,507.02
144.679535124,507.02
144.702706631,507.02
144.725765976,507.02
144.749041357,525.00
144.772397605,525.00
144.796806418,525.00
144.820478033,525.00
144.844592472,540.21
144.868185877,540.21
144.891003936,540.21
144.914348087,540.21
144.938664963,560.70
144.962032475,560.70
144.985624151,560.70
145.008988175,560.70
145.033015284,578.00
145.056077157,578.00
145.079600128,578.00
145.102849525,578.00
145.126423921,578.00
145.149701063,599.83
145.172618709,599.83
145.195994060,599.83
145.218754167,599.83
145.242355987,615.28
145.265732746,615.28
145.288858012,615.28
145.312083216,615.28
145.335518793,637.36
145.358609818,637.36
145.381643914,637.36
145.404769403,637.36
145.427944270,637.36
145.451284357,654.03
145.474078383,654.03
145.497299619,654.03
145.521190374,654.03
145.544235830,648.78
145.567142627,648.78
145.590572443,648.78
145.613804175,648.78
145.637990520,629.45
145.661115498,629.45
145.684363678,629.45
145.707184873,629.45
145.730142168,629.45
145.752733182,614.06
145.775770510,614.06
145.798881535,614.06
145.822349560,614.06
145.845709615,597.31
145.869325964,597.31
145.893056458,597.31
145.917403351,597.31
145.941517470,580.22
145.964637807,580.22
145.987591806,580.22
146.011856456,580.22
146.035700617,580.22
146.059168834,558.44
146.082991203,558.44
146.105966386,558.44
146.129945654,558.44
146.153687989,559.73
146.177372147,559.73
146.200807403,559.73
146.224387847,559.73
146.248823893,558.15
146.272152202,558.15
146.295343069,558.15
146.318903864,558.15
146.342748825,555.63
146.365827017,555.63
146.388842488,555.63
146.412116012,555.63
146.435995406,555.63
146.459291043,558.61
146.483383561,558.61
146.506259317,558.61
146.529658252,558.61
146.552511288,566.46
146.576068434,566.46
146.599027808,566.46
146.622766334,566.46
146.646059091,586.38
146.668983840,586.38
146.691671880,586.38
146.715515337,586.38
146.738948769,586.38
146.762693471,603.73
146.786254778,603.73
146.809237448,603.73
146.832865476,603.73
146.856076888,621.52
146.879620210,621.52
146.903157260,621.52
146.929520451,621.52
146.952280684,640.21
146.975638499,640.21
146.998637521,640.21
147.022531827,640.21
147.045753447,662.92
147.069742410,662.92
147.092878268,662.92
147.115760136,662.92
147.138803736,662.92
147.161992106,662.93
147.185381601,662.93
147.209040510,662.93
147.232570104,662.93
147.255954575,663.97
147.279374534,663.97
147.302318739,663.97
147.325609863,663.97
147.348646070,664.83
147.371806183,664.83
147.394605457,664.83
147.417895238,664.83
147.441202810,664.83
147.464651314,664.44
147.487501341,664.44
147.510121187,664.44
147.533268852,664.44
147.556740973,642.59
147.579612376,642.59
147.602622950,642.59
147.625709750,642.59
147.649021259,642.59
147.671999417,621.25
147.695005127,621.25
147.718130392,621.25
147.741163943,621.25
147.764112756,602.43
147.787200132,602.43
147.810409750,602.43
147.833891695,602.43
147.856850268,582.72
147.879712455,582.72
147.902543058,582.72
147.925698499,582.72
147.948718034,582.72
147.971612285,562.26
147.994853777,562.26
148.017687227,562.26
148.040701962,562.26
148.064014782,542.91
148.087202033,542.91
148.110072988,542.91
148.133018185,542.91
148.157248465,524.45
148.180347618,524.45
148.203176300,524.45
148.226255068,524.45
148.249521872,524.45
148.272417979,506.15
148.295326087,506.15
148.318233586,506.15
148.341366531,506.15
148.364708056,482.39
148.387629476,482.39
148.411011641,482.39
148.433858916,482.39
148.456708526,466.33
148.479684859,466.33
148.502935086,466.33
148.527196951,466.33
148.550208421,466.33
148.573391798,466.33
148.596793805,466.33
148.619744953,466.33
148.642760647,466.33
148.666299104,467.87
148.689417841,467.87
148.712332092,467.87
148.735042596,467.87
148.758132627,467.87
148.781255075,467.33
148.804259313,467.33
148.827089243,467.33
148.850275821,467.33
148.873122167,466.68
148.896056931,466.68
148.919029296,466.68
148.942513576,466.68
148.965520918,467.22
148.988662055,467.22
149.011859321,467.22
149.035147916,467.22
149.058277629,467.22
149.081136456,465.69
149.104298041,465.69
149.127446569,465.69
149.150288212,465.69
149.173376451,466.68
149.196603478,466.68
149.219975787,466.68
149.243857228,466.68
149.267213312,465.57
149.290933629,465.57
149.313344189,465.57
149.336242696,465.57
149.360097800,465.57
149.383404188,461.85
149.406580620,461.85
149.429453175,461.85
149.452756458,461.85
149.475715831,478.85
149.498711076,478.85
149.521887125,478.85
149.545069670,478.85
149.568012466,499.44
149.590965854,499.44
149.613880745,499.44
149.636760532,499.44
149.660248139,499.44
149.683219064,504.58
149.706319239,504.58
149.729532377,504.58
149.752760395,504.58
149.775669750,503.00
149.798740580,503.00
149.821837620,503.00
149.845024293,503.00
149.869066408,504.32
149.892407677,504.32
149.915889812,504.32
149.939010244,504.32
149.962744001,504.32
149.985353509,500.94
150.008823069,500.94
150.033807892,500.94
150.057759062,500.94
150.081604885,511.01
150.104975178,511.01
150.128307774,511.01
150.151511504,511.01
150.174391963,528.54
150.197538859,528.54
150.220580857,528.54
150.243700552,528.54
150.267041500,528.54
150.290894459,548.64
150.314382162,548.64
150.337603556,548.64
150.360756788,548.64
150.383848578,573.72
150.407173718,573.72
150.430949235,573.72
150.454558925,573.72
150.478041604,575.09
150.501689310,575.09
150.527246018,575.09
150.550526516,575.09
150.574451861,576.08
150.598077807,576.08
150.622014352,576.08
150.645184128,576.08
150.668530132,576.08
150.691464767,589.09
150.714802099,589.09
150.737984131,589.09
150.761936836,589.09
150.785163574,607.58
150.808281285,607.58
150.831256241,607.58
150.854188956,607.58
150.877560721,628.73
150.901102313,628.73
150.924831590,628.73
150.947772721,628.73
150.971216327,628.73
150.994379991,652.59
151.017679914,652.59
151.040658774,652.59
151.064515509,652.59
151.087502402,661.93
151.110842934,661.93
151.133913700,661.93
151.157257432,661.93
151.180290853,655.57
151.203192784,655.57
151.226135035,655.57
151.249275019,655.57
151.272384921,655.57
151.295460647,635.84
151.318376529,635.84
151.341412766,635.84
151.364406186,635.84
151.387309908,616.84
151.410260671,616.84
151.433571506,616.84
151.456372858,616.84
151.479291012,598.26
151.502648856,598.26
151.527323720,598.26
151.550284691,598.26
151.573398274,598.26
151.596444431,578.59
151.619861508,578.59
151.642807631,578.59
151.666194852,578.59
151.689618777,556.83
151.712519619,556.83
151.735562000,556.83
151.758479354,556.83
151.781790221,543.21
151.804753432,543.21
151.827460830,543.21
151.850674351,543.21
151.873731484,543.21
151.896929101,520.70
151.920326753,520.70
151.943573619,520.70
151.967246253,520.70
151.990875271,499.74
152.013430922,499.74
152.036824862,499.74
152.060200498,499.74
152.083740842,484.43
152.107184960,484.43
152.131752717,484.43
152.154825179,484.43
152.178174607,484.43
152.201441729,497.49
152.225293759,497.49
152.248365868,497.49
152.271609309,497.49
152.294497830,517.38
152.317527667,517.38
152.340810084,517.38
152.364614177,517.38
152.388660579,536.36
152.411724560,536.36
152.434997346,536.36
152.458263763,536.36
152.482471481,536.36
152.505579079,553.82
152.529523046,553.82
152.552325486,553.82
152.576200396,553.82
152.599231897,576.22
152.622621261,576.22
152.645890622,576.22
152.670018530,576.22
152.693545177,592.46
152.716495843,592.46
152.739768661,592.46
152.763303340,592.46
152.787339790,592.46
152.810586686,607.32
152.834278553,607.32
152.856998527,607.32
152.880285744,607.32
152.903473088,627.32
152.927292893,627.32
152.950715154,627.32
152.974648722,627.32
152.997784064,650.65
153.021272982,650.65
153.044476934,650.65
153.067880986,650.65
153.091220813,663.68
153.114587809,663.68
153.138122520,663.68
153.161133572,663.68
153.184515288,663.68
153.207856811,665.51
153.231308128,665.51
153.254365356,665.51
153.277379608,665.51
153.300553415,644.85
153.323684213,644.85
153.346757761,644.85
153.370093460,644.85
153.393468935,627.14
153.417403174,627.14
153.440942877,627.14
153.464484211,627.14
153.488090316,627.14
153.511742629,608.77
153.535190073,608.77
153.558653230,608.77
153.581864158,608.77
153.604537826,578.87
153.627829876,578.87
153.651598831,578.87
153.675286825,578.87
153.699213640,567.92
153.722562267,567.92
153.745824459,567.92
153.769322945,567.92
153.792975674,567.92
153.816553874,571.44
153.840353230,571.44
153.863264055,571.44
153.886575241,571.44
153.909685559,572.11
153.933607702,572.11
153.956614945,572.11
153.980383836,572.11
154.003822097,569.59
154.027014720,569.59
154.050216944,569.59
154.073649764,569.59
154.097534210,569.59
154.120834868,570.28
154.144371786,570.28
154.167309684,570.28
154.190239710,570.28
154.213718611,569.95
154.236975140,569.95
154.260538586,569.95
154.284305686,569.95
154.307379330,590.15
154.330577937,590.15
154.353482649,590.15
154.377337014,590.15
154.400779370,590.15
154.424959950,611.03
154.448094492,611.03
154.471109703,611.03
154.494354199,611.03
154.517316449,632.82
154.541220670,632.82
154.564580017,632.82
154.588159560,632.82
154.611882690,668.97
154.635124786,668.97
154.658385474,668.97
154.682195742,668.97
154.706201470,670.83
154.729313803,670.83
154.752487706,670.83
154.775397922,670.83
154.798477839,670.83
154.821142162,670.50
154.844152413,670.50
154.867253226,670.50
154.890128082,670.50
154.913989551,655.16
154.936930520,655.16
154.959788000,655.16
154.982660872,655.16
155.005691859,635.83
155.029482927,635.83
155.052374039,635.83
155.075432995,635.83
155.098390957,635.83
155.121657853,614.00
155.144713833,614.00
155.167621234,614.00
155.191039877,614.00
155.214223028,592.84
155.237203742,592.84
155.260321259,592.84
155.283499929,592.84
155.306510755,592.84
155.329622576,572.14
155.352505848,572.14
155.375383487,572.14
155.398516460,572.14
155.421405844,552.65
155.444693668,552.65
155.467878034,552.65
155.491421192,552.65
155.514419186,534.83
155.537590912,534.83
155.560502536,534.83
155.583324687,534.83
155.606451164,534.83
155.629669675,509.94
155.652551218,509.94
155.675324184,509.94
155.698579815,509.94
155.721668339,486.42
155.744620797,486.42
155.767395426,486.42
155.790436589,486.42
155.814380331,467.60
155.837305076,467.60
155.860370495,467.60
155.883336489,467.60
155.906382420,467.60
155.929341437,463.04
155.952743120,463.04
155.975801788,463.04
155.999202798,463.04
156.022495295,464.31
156.045736782,464.31
156.069216770,464.31
156.091838821,464.31
156.114588393,451.21
156.138275842,451.21
156.161578547,451.21
156.185060295,451.21
156.208527675,451.21
156.231615271,469.34
156.254747604,469.34
156.278351435,469.34
156.302177766,469.34
156.326522956,488.66
156.349991520,488.66
156.373167949,488.66
156.396152215,488.66
156.419872560,507.60
156.443344324,507.60
156.467034652,507.60
156.490367277,507.60
156.513584539,507.60
156.536682247,527.70
156.560300158,527.70
156.583827123,527.70
156.607516075,527.70
156.631058752,554.03
156.654321872,554.03
156.677624352,554.03
156.700631178,554.03
156.724146942,571.33
156.747441774,571.33
156.771137831,571.33
156.794280595,571.33
156.817310558,571.33
156.840472427,597.94
156.863868765,597.94
156.887535061,597.94
156.911364496,597.94
156.935373199,614.46
156.958270487,614.46
156.981523238,614.46
157.005130205,614.46
157.029007673,633.30
157.052469485,633.30
157.075945472,633.30
157.099107917,633.30
157.121980180,633.30
157.145084704,671.51
157.168382832,671.51
157.191232151,671.51
157.214567208,671.51
157.237677716,672.39
157.260558459,672.39
157.283561060,672.39
157.306627918,672.39
157.329740570,666.01
157.352685378,666.01
157.375947697,666.01
157.398952346,666.01
157.421919587,666.01
157.445018414,647.79
157.468008407,647.79
157.491107490,647.79
157.513961352,647.79
157.537197303,627.50
157.560125950,627.50
157.583069350,627.50
157.605894028,627.50
157.629882026,610.15
157.652723760,610.15
157.675683832,610.15
157.699665078,610.15
157.722712065,610.15
157.745668681,590.28
157.768782292,590.28
157.791889696,590.28
157.814921482,590.28
157.838586081,571.60
157.861716781,571.60
157.884661653,571.60
157.907675071,571.60
157.930916813,548.98
157.954069689,548.98
157.977200197,548.98
158.000118989,548.98
158.023312186,548.98
158.046235202,523.42
158.069784311,523.42
158.093121415,523.42
158.116204818,523.42
158.139167290,505.69
158.162251269,505.69
158.185328880,505.69
158.208552478,505.69
158.231941168,505.69
158.255541157,485.78
158.279017560,485.78
158.302051554,485.78
158.325435507,485.78
158.348562654,468.96
158.371790380,468.96
158.394615633,468.96
158.420278354,468.96
158.443390621,474.74
158.466564425,474.74
158.489500561,474.74
158.512532474,474.74
158.535741447,477.67
158.558751856,477.67
158.581958813,477.67
158.605452913,477.67
158.629191113,477.67
158.652720221,476.04
158.676378676,476.04
158.699243770,476.04
158.721904859,476.04
158.745321485,460.96
158.768673181,460.96
158.792137808,460.96
158.815538593,460.96
158.839097109,479.16
158.862296194,479.16
158.885771573,479.16
158.909124261,479.16
158.932552663,479.16
158.955603425,498.00
158.978657259,498.00
159.001935898,498.00
159.025175911,498.00
159.048541496,521.48
159.071744037,521.48
159.095257784,521.48
159.118387172,521.48
159.142522149,532.00
159.165687249,532.00
159.189375944,532.00
159.212546645,532.00
159.236130890,532.00
159.259327638,550.30
159.282425601,550.30
159.305877811,550.30
159.329486024,550.30
159.353157246,564.78
159.376412652,564.78
159.399955232,564.78
159.423921116,564.78
159.447020743,577.16
159.470193043,577.16
159.493359934,577.16
159.516516234,577.16
159.539868346,577.16
159.563644434,593.41
159.586711804,593.41
159.609778662,593.41
159.632840111,593.41
159.655850360,616.61
159.679197319,616.61
159.702670105,616.61
159.726171820,616.61
159.750110985,642.84
159.773746974,642.84
159.797292434,642.84
159.820672322,642.84
159.843656394,642.84
159.867047611,641.21
159.890117989,641.21
159.913135437,641.21
159.936483773,641.21
159.959768395,642.49
159.983049113,642.49
160.006752560,642.49
160.029849275,642.49
160.053270604,646.02
160.076284597,646.02
160.099490817,646.02
160.122798864,646.02
160.146132447,646.02
160.169857335,652.05
160.193454828,652.05
160.217063009,652.05
160.240506450,652.05
160.263589980,649.68
160.286583492,649.68
160.309673965,649.68
160.332789240,649.68
160.355646972,657.18
160.378923754,657.18
160.402575199,657.18
160.426047409,657.18
160.449887947,660.01
160.472691886,660.01
160.495805144,660.01
160.521349014,660.01
160.544777543,660.01
160.568517215,658.77
160.592663583,658.77
160.615865899,658.77
160.639583234,658.77
160.662705292,658.11
160.685528240,658.11
160.708394805,658.11
160.731857702,658.11
160.755012049,662.70
160.778411202,662.70
160.801577933,662.70
160.824942556,662.70
160.848343021,662.70
160.872020803,666.45
160.895274192,666.45
160.918393434,666.45
160.942229172,666.45
160.965968107,665.12
160.989323130,665.12
161.012805996,665.12
161.036853834,665.12
161.060603970,665.74
161.083972562,665.74
161.107414499,665.74
161.130401226,665.74
161.153393906,665.74
161.176864260,668.85
161.199924173,668.85
161.222633070,668.85
161.246088959,668.85
161.270106364,671.26
161.293313608,671.26
161.317188386,671.26
161.340333964,671.26
161.363605401,670.81
161.386785956,670.81
161.410070322,670.81
161.433682214,670.81
161.459244899,672.09
161.483108029,672.09
161.506301288,672.09
161.529752921,672.09
161.555321047,672.09
161.578484354,672.40
161.601588363,672.40
161.625112797,672.40
161.648603247,672.40
161.671804891,674.58
161.695136009,674.58
161.718886208,674.58
161.742685784,674.58
161.765987174,673.90
161.788839402,673.90
161.811987380,673.90
161.835034237,673.90
161.858483533,673.90
161.881478293,674.44
161.904721473,674.44
161.928141009,674.44
161.951104216,674.44
161.974615658,675.96
161.997805237,675.96
162.020160559,675.96
162.043233912,675.96
162.066330401,638.48
162.089346313,638.48
162.112314991,638.48
162.135271478,638.48
162.158627172,638.48
162.181784815,640.05
162.204855800,640.05
162.227851807,640.05
162.250655778,640.05
162.273509957,615.81
162.296481388,615.81
162.319313391,615.81
162.342203571,615.81
162.365982891,595.70
162.388927824,595.70
162.411803476,595.70
162.435043552,595.70
162.458024167,595.70
162.481035118,576.53
162.504114550,576.53
162.527872653,576.53
162.550984118,576.53
162.574448871,555.73
162.597745780,555.73
162.621887891,555.73
162.646564285,555.73
162.670016205,535.20
162.693315611,535.20
162.717058449,535.20
162.740584451,535.20
162.763885584,535.20
162.787331584,518.86
162.810540396,518.86
162.833705494,518.86
162.857267273,518.86
162.880374738,508.60
162.903363832,508.60
162.926863562,508.60
162.950386331,508.60
162.973641800,509.92
162.997176026,509.92
163.020637066,509.92
163.044410817,509.92
163.067397960,509.92
163.090942010,544.35
163.113917633,544.35
163.137635895,544.35
163.160934660,544.35
163.184483862,543.85
163.207859461,543.85
163.230625767,543.85
163.254080439,543.85
163.277312162,564.75
163.300655920,564.75
163.324059550,564.75
163.347083877,564.75
163.370528085,564.75
163.393859170,585.23
163.416879881,585.23
163.440335193,585.23
163.463715175,585.23
163.487585792,602.84
163.510490596,602.84
163.533858514,602.84
163.556937978,602.84
163.580727089,622.71
163.604311236,622.71
163.627216456,622.71
163.650651128,622.71
163.673881827,642.78
163.697248721,642.78
163.720265208,642.78
163.743152060,642.78
163.766116321,642.78
163.789088679,652.38
163.812244273,652.38
163.835128564,652.38
163.858300446,652.38
163.881576971,641.39
163.904649778,641.39
163.927350098,641.39
163.950569053,641.39
163.973534051,641.39
163.996371718,620.43
164.018956099,620.43
164.042378290,620.43
164.065524252,620.43
164.088541987,599.79
164.111716365,599.79
164.134831669,599.79
164.157934110,599.79
164.181274955,577.23
164.204594104,577.23
164.227937414,577.23
164.251108688,577.23
164.274211672,577.23
164.297750057,558.13
164.320333798,558.13
164.342947844,558.13
164.366324401,558.13
164.390180649,529.11
164.413715578,529.11
164.437074504,529.11
164.459954603,529.11
164.483068083,530.69
164.506793768,530.69
164.530659361,530.69
164.554186162,530.69
164.577851109,530.69
164.600933485,531.57
164.623872369,531.57
164.647120221,531.57
164.670460682,531.57
164.694433252,528.61
164.718098104,528.61
164.742387801,528.61
164.765577443,528.61
164.789166581,540.76
164.812803656,540.76
164.836346426,540.76
164.860139536,540.76
164.883509694,561.80
164.906532868,561.80
164.929668493,561.80
164.952759861,561.80
164.975923326,561.80
164.999854871,582.91
165.023019873,582.91
165.046073160,582.91
165.069187280,582.91
165.092223447,604.79
165.115931883,604.79
165.139201527,604.79
165.163141137,604.79
165.186230712,626.38
165.209511524,626.38
165.232571755,626.38
165.256100252,626.38
165.279598060,626.38
165.302960793,648.55
165.326305445,648.55
165.349223337,648.55
165.372171789,648.55
165.396254761,673.90
165.419230414,673.90
165.442477689,673.90
165.465211961,673.90
165.488260799,674.49
165.511397223,674.49
165.534384876,674.49
165.557350417,674.49
165.580481241,674.49
165.603690019,660.41
165.626821547,660.41
165.649510282,660.41
165.672730580,660.41
165.695726073,640.60
165.718995044,640.60
165.741889031,640.60
165.765847681,640.60
165.789714168,640.60
165.812830432,620.38
165.835846662,620.38
165.859240595,620.38
165.882423485,620.38
165.905643175,601.25
165.929212344,601.25
165.952276031,601.25
165.975400903,601.25
165.998733907,581.77
166.021873659,581.77
166.044947906,581.77
166.068158572,581.77
166.091168850,581.77
166.114240440,560.38
166.137168636,560.38
166.160415591,560.38
166.183631249,560.38
166.206619990,540.52
166.229380438,540.52
166.252456221,540.52
166.275696551,540.52
166.298760973,521.69
166.322418688,521.69
166.345406724,521.69
166.368543532,521.69
166.391874392,521.69
166.414882429,502.23
166.437901474,502.23
166.460838598,502.23
166.484297332,502.23
166.507192247,482.04
166.530313790,482.04
166.553203809,482.04
166.576466187,482.04
166.599686165,478.14
166.622851325,478.14
166.645778849,478.14
166.669014058,478.14
166.692509242,478.14
166.715751588,479.72
166.739116080,479.72
166.762432732,479.72
166.786592441,479.72
166.809458043,475.93
166.832219291,475.93
166.855921327,475.93
166.879048278,475.93
166.903316342,475.93
166.926284410,475.93
166.949530564,475.93
166.972580394,475.93
166.996778952,475.93
167.020062707,494.59
167.043757959,494.59
167.067057682,494.59
167.090194170,494.59
167.113393027,513.97
167.136607308,513.97
167.160242654,513.97
167.183559626,513.97
167.206761587,531.86
167.229978620,531.86
167.253018786,531.86
167.276563314,531.86
167.300133442,531.86
167.323479214,547.30
167.346929532,547.30
167.369980897,547.30
167.392943845,547.30
167.415982154,560.33
167.438985006,560.33
167.462364571,560.33
167.485606276,560.33
167.508894767,579.99
167.532890792,579.99
167.556234100,579.99
167.579487293,579.99
167.603423765,587.43
167.626879748,587.43
167.650014955,587.43
167.672858316,587.43
167.695977299,587.43
167.719059257,601.48
167.742123679,601.48
167.765246246,601.48
167.788478223,601.48
167.811988702,630.73
167.835219111,630.73
167.859362980,630.73
167.883255579,630.73
167.906850188,632.41
167.930061973,632.41
167.952985944,632.41
167.976398725,632.41
167.999330824,632.41
168.022367757,633.74
168.045588086,633.74
168.068992419,633.74
168.092553139,633.74
168.117099000,625.03
168.140465444,625.03
168.163736814,625.03
168.187001464,625.03
168.211207894,624.25
168.234637219,624.25
168.257875436,624.25
168.280867024,624.25
168.304134554,624.25
168.327457700,627.28
168.351214008,627.28
168.375086671,627.28
168.398935524,627.28
168.422337137,632.50
168.445667900,632.50
168.468574046,632.50
168.491476639,632.50
168.514948269,631.37
168.538108116,631.37
168.561192826,631.37
168.584297984,631.37
168.608056372,631.37
168.632065357,638.13
168.655989509,638.13
168.679379697,638.13
168.703107684,638.13
168.726269803,640.88
168.749101804,640.88
168.772341013,640.88
168.795888740,640.88
168.818879528,644.14
168.842273780,644.14
168.865479644,644.14
168.888764934,644.14
168.911807563,653.27
168.937389253,653.27
168.960575597,653.27
168.983708116,653.27
169.006480691,653.27
169.029083375,643.14
169.052481531,643.14
169.075696739,643.14
169.098966925,643.14
169.122024498,635.89
169.145134680,635.89
169.168115868,635.89
169.191091807,635.89
169.214187109,635.89
169.237504848,621.97
169.260504819,621.97
169.283574808,621.97
169.306624989,621.97
169.329840805,601.55
169.352973227,601.55
169.375853068,601.55
169.399375610,601.55
169.422683108,586.24
169.446075536,586.24
169.469131220,586.24
169.492421310,586.24
169.515583173,586.24
169.538051933,557.50
169.560912958,557.50
169.584446220,557.50
169.608513574,557.50
169.632192216,537.41
169.655395360,537.41
169.678341762,537.41
169.701982803,537.41
169.725912586,540.21
169.749155794,540.21
169.772490781,540.21
169.795992683,540.21
169.818918413,540.21
169.841902224,542.39
169.864919444,542.39
169.888051898,542.39
169.912627935,542.39
169.936069899,538.48
169.959250483,538.48
169.982558716,538.48
170.006024618,538.48
170.029463798,552.94
170.053438254,552.94
170.076751960,552.94
170.099662650,552.94
170.123016709,552.94
170.146015592,564.47
170.169607960,564.47
170.192754815,564.47
170.216523890,564.47
170.239807164,582.98
170.263006147,582.98
170.286325356,582.98
170.309767545,582.98
170.333240070,603.00
170.356613552,603.00
170.380100830,603.00
170.403149410,603.00
170.426313192,624.37
170.449763700,624.37
170.473064190,624.37
170.496787824,624.37
170.522476459,624.37
170.545640338,650.85
170.569055101,650.85
170.592307270,650.85
170.615772274,650.85
170.638837911,672.99
170.661637654,672.99
170.684930623,672.99
170.707945058,672.99
170.731896633,674.18
170.755165250,674.18
170.778327400,674.18
170.801418349,674.18
170.824779543,674.18
170.848141058,651.70
170.871406186,651.70
170.894592753,651.70
170.918107263,651.70
170.941798865,633.10
170.964412907,633.10
170.988773899,633.10
171.012807300,633.10
171.036717594,605.84
171.060299433,605.84
171.083651155,605.84
171.106587509,605.84
171.129613432,605.84
171.153311562,605.45
171.176714934,605.45
171.200453320,605.45
171.223746833,605.45
171.246940888,603.69
171.269694485,603.69
171.292686616,603.69
171.316388169,603.69
171.339828405,602.92
171.363536582,602.92
171.386542313,602.92
171.409368903,602.92
171.432639408,602.92
171.456604998,602.22
171.480277399,602.22
171.503742627,602.22
171.528340359,602.22
171.551575791,603.15
171.575020091,603.15
171.598101695,603.15
171.621773103,603.15
171.645063480,605.07
171.668626118,605.07
171.691516614,605.07
171.714611179,605.07
171.739096204,601.26
171.762709148,601.26
171.786140391,601.26
171.810072477,601.26
171.833220291,601.26
171.856555565,624.14
171.879859093,624.14
171.903412355,624.14
171.927219447,624.14
171.950732228,641.28
171.974117807,641.28
171.997070992,641.28
172.020243350,641.28
172.043585152,672.04
172.066400767,672.04
172.089802058,672.04
172.112901486,672.04
172.136142134,672.04
172.159394494,672.01
172.182457185,672.01
172.205482244,672.01
172.228730988,672.01
172.251732078,658.47
172.274705200,658.47
172.297643505,658.47
172.320657875,658.47
172.344589832,633.31
172.367633547,633.31
172.390855666,633.31
172.414035288,633.31
172.437195517,633.31
172.460320098,612.97
172.483355173,612.97
172.506552907,612.97
172.529520844,612.97
172.552730547,591.55
172.575862295,591.55
172.598801208,591.55
172.621780570,591.55
172.645880371,571.22
172.669003095,571.22
172.692015994,571.22
172.714685301,571.22
172.737909756,571.22
172.761156643,553.26
172.784215078,553.26
172.807325418,553.26
172.830501488,553.26
172.854514311,534.60
172.877423943,534.60
172.900519499,534.60
172.923601231,534.60
172.947062363,515.24
172.970287714,515.24
172.993472935,515.24
173.016734575,515.24
173.040721254,515.24
173.063968237,495.64
173.087485978,495.64
173.111240364,495.64
173.133880166,495.64
173.156503808,456.87
173.180331508,456.87
173.203711166,456.87
173.227701172,456.87
173.251504583,474.93
173.274933170,474.93
173.298185112,474.93
173.322615064,474.93
173.345905920,474.93
173.369904406,495.40
173.393039066,495.40
173.416091645,495.40
173.439331812,495.40
173.462184546,514.26
173.485808785,514.26
173.509543042,514.26
173.533436726,514.26
173.556446104,536.03
173.579767584,536.03
173.603118665,536.03
173.626632309,536.03
173.650005343,536.03
173.674194137,554.72
173.697120121,554.72
173.720581828,554.72
173.743783434,554.72
173.767456026,575.35
173.790842051,575.35
173.814677942,575.35
173.837952574,575.35
173.862000021,594.34
173.884982422,594.34
173.908362688,594.34
173.931753385,594.34
173.956263275,615.79
173.979546706,615.79
174.002612533,615.79
174.025968990,615.79
174.049181572,615.79
174.072792242,636.55
174.096277086,636.55
174.120251700,636.55
174.144066151,636.55
174.169497243,663.42
174.192974567,663.42
174.216913980,663.42
174.240476585,663.42
174.263491307,672.64
174.286735889,672.64
174.309993111,672.64
174.333627814,672.64
174.357451032,672.09
174.380905027,672.09
174.404482288,672.09
174.427841400,672.09
174.451167520,672.09
174.474795406,663.31
174.498124726,663.31
174.522293680,663.31
174.545656025,663.31
174.568915327,663.43
174.591910464,663.43
174.615018979,663.43
174.638206281,663.43
174.662523877,663.69
174.685535526,663.69
174.708965105,663.69
174.732025203,663.69
174.755303706,663.69
174.778220729,659.83
174.800884659,659.83
174.824148506,659.83
174.847530083,659.83
174.871414198,634.53
174.894422680,634.53
174.917596124,634.53
174.941109576,634.53
174.964713142,631.12
174.987960508,631.12
175.010951869,631.12
175.033730650,631.12
175.057067138,631.12
175.080022690,631.79
175.103277768,631.79
175.126722291,631.79
175.150720585,631.79
175.177295636,628.41
175.200219860,628.41
175.223720800,628.41
175.247186218,628.41
175.270596531,627.71
175.293762007,627.71
175.316654966,627.71
175.339846938,627.71
175.363370214,627.71
175.387079477,629.28
175.410905063,629.28
175.434183470,629.28
175.457181230,629.28
175.480675801,635.55
175.503799676,635.55
175.529105037,635.55
175.552375188,635.55
175.575784957,634.83
175.598992674,634.83
175.622246152,634.83
175.645465485,634.83
175.669806313,634.16
175.693336629,634.16
175.716300597,634.16
175.739194227,634.16
175.762375192,634.16
175.786051302,644.01
175.809454095,644.01
175.833176895,644.01
175.856223297,644.01
175.879711020,661.51
175.902593514,661.51
175.925964818,661.51
175.949457405,661.51
175.973073643,663.47
175.996387314,663.47
176.019457236,663.47
176.042784315,663.47
176.066413897,663.47
176.090172825,659.45
176.113411551,659.45
176.136578275,659.45
176.160027277,659.45
176.183090639,662.67
176.206414102,662.67
176.231905451,662.67
176.255346101,662.67
176.278957346,661.09
176.302194503,661.09
176.325539630,661.09
176.348995096,661.09
176.373044654,659.47
176.396670427,659.47
176.419837183,659.47
176.442922849,659.47
176.465970338,659.47
176.488780830,661.09
176.511739613,661.09
176.535099141,661.09
176.558574735,661.09
176.581871861,663.17
176.605099802,663.17
176.628209437,663.17
176.651593221,663.17
176.674533700,663.17
176.697749224,646.61
176.720771305,646.61
176.744235923,646.61
176.767644859,646.61
176.790839936,627.55
176.814248680,627.55
176.837464141,627.55
176.861387296,627.55
176.885533368,607.98
176.908749213,607.98
176.932248008,607.98
176.955353290,607.98
176.978704209,594.86
177.002381344,594.86
177.025404096,594.86
177.048399872,594.86
177.071734791,594.86
177.094797577,599.45
177.118773725,599.45
177.142073444,599.45
177.165742642,599.45
177.189107834,597.16
177.212192156,597.16
177.235378368,597.16
177.258026968,597.16
177.282317107,600.97
177.305750523,600.97
177.329353704,600.97
177.352272390,600.97
177.375379848,600.97
177.399129751,603.88
177.422716707,603.88
177.446479954,603.88
177.470311235,603.88
177.493686955,604.49
177.516676330,604.49
177.539676650,604.49
177.562664745,604.49
177.585960271,603.28
177.610029637,603.28
177.633217769,603.28
177.656721715,603.28
177.679903062,603.28
177.703166684,624.82
177.726772264,624.82
177.750147215,624.82
177.773646682,624.82
177.796648601,642.22
177.820143971,642.22
177.843286278,642.22
177.867073302,642.22
177.890309563,663.47
177.913611489,663.47
177.937090314,663.47
177.960193676,663.47
177.983514418,663.47
178.006796376,674.04
178.029657045,674.04
178.052503953,674.04
178.075392015,674.04
178.098147241,653.40
178.121237035,653.40
178.144196458,653.40
178.167149032,653.40
178.190296587,634.42
178.213526575,634.42
178.236683858,634.42
178.259773876,634.42
178.283006552,634.42
178.306264604,615.80
178.329591106,615.80
178.352483551,615.80
178.376004585,615.80
178.399122731,596.99
178.422191820,596.99
178.445237452,596.99
178.468219275,596.99
178.491873015,578.73
178.514730708,578.73
178.537983512,578.73
178.561044697,578.73
178.584029144,578.73
178.606929813,557.65
178.630230106,557.65
178.653603297,557.65
178.676724739,557.65
178.700128267,539.22
178.723518418,539.22
178.746453712,539.22
178.769435791,539.22
178.793961934,519.67
178.817423222,519.67
178.840396117,519.67
178.863355699,519.67
178.886532982,519.67
178.909915933,500.21
178.933343750,500.21
178.956438087,500.21
178.979867023,500.21
179.003121395,478.40
179.026624349,478.40
179.050307819,478.40
179.073052869,478.40
179.096216231,459.91
179.119889972,459.91
179.143409630,459.91
179.167304976,459.91
179.190494643,459.91
179.213597845,476.63
179.236981244,476.63
179.260832460,476.63
179.284901410,476.63
179.308353418,495.10
179.331625678,495.10
179.354382728,495.10
179.378353659,495.10
179.401395194,513.62
179.425430703,513.62
179.448939352,513.62
179.472395200,513.62
179.495566082,513.62
179.521483838,532.38
179.544910662,532.38
179.568590771,532.38
179.592224478,532.38
179.616053166,549.92
179.639108782,549.92
179.662145262,549.92
179.685617974,549.92
179.708865466,571.23
179.732718955,571.23
179.756071473,571.23
179.779498137,571.23
179.802687195,591.69
179.825759899,591.69
179.849381703,591.69
179.873281401,591.69
179.896762401,591.69
179.920472527,612.21
179.943544687,612.21
179.966670961,612.21
179.990653252,612.21
180.014227950,630.22
180.037748920,630.22
180.061534759,630.22
180.084380323,630.22
180.107276511,670.90
180.130785609,670.90
180.154117422,670.90
180.177636056,670.90
180.200738393,670.90
180.224663531,673.14
180.247958831,673.14
180.271711229,673.14
180.295298600,673.14
180.318153571,663.68
180.341139105,663.68
180.364248322,663.68
180.387381955,663.68
180.410105403,654.97
180.433247324,654.97
180.456507136,654.97
180.479129143,654.97
180.501913840,654.97
180.524854189,624.59
180.548882529,624.59
180.572379722,624.59
180.596161336,624.59
180.619131734,620.34
180.642395354,620.34
180.665293494,620.34
180.689318441,620.34
180.712606990,619.47
180.736678146,619.47
180.759856292,619.47
180.782912644,619.47
180.806254025,619.47
180.829654064,618.65
180.852784593,618.65
180.875696589,618.65
180.899144597,618.65
180.922373400,618.10
180.945142097,618.10
180.968323827,618.10
180.992059201,618.10
181.015074175,611.29
181.038462438,611.29
181.061620519,611.29
181.084296191,611.29
181.107353182,611.29
181.130503776,602.03
181.153487102,602.03
181.176806723,602.03
181.200340908,602.03
181.223248776,600.49
181.246513164,600.49
181.269765743,600.49
181.293677408,600.49
181.316514906,589.02
181.339806526,589.02
181.362647769,589.02
181.385354128,589.02
181.408386351,589.02
181.431500079,605.26
181.454750386,605.26
181.478976905,605.26
181.502285326,605.26
181.525787862,618.13
181.549026713,618.13
181.571954677,618.13
181.595526655,618.13
181.618612478,627.02
181.641601468,627.02
181.664966785,627.02
181.687878461,627.02
181.711280611,627.02
181.734721994,627.46
181.757889580,627.46
181.781366611,627.46
181.804741625,627.46
181.827947675,619.03
181.850938489,619.03
181.873667953,619.03
181.897765349,619.03
181.920898470,619.06
181.944572338,619.06
181.967547567,619.06
181.991663972,619.06
182.014888487,619.06
182.038623988,622.55
182.061651442,622.55
182.084744530,622.55
182.107670734,622.55
182.130698797,626.41
182.154003249,626.41
182.177179634,626.41
182.200689051,626.41
182.223927997,628.55
182.247204417,628.55
182.269786934,628.55
182.292219687,628.55
182.315133155,628.55
182.338572489,608.75
182.361979407,608.75
182.385556760,608.75
182.408828091,608.75
182.431852697,608.73
182.454861687,608.73
182.477844980,608.73
182.500757679,608.73
182.523827694,614.38
182.547183827,614.38
182.570391636,614.38
182.593523221,614.38
182.617009148,614.38
182.640116028,619.23
182.663294429,619.23
182.686106742,619.23
182.709293431,619.23
182.732291957,596.64
182.755358291,596.64
182.778309488,596.64
182.801231339,596.64
182.825110843,585.77
182.848385598,585.77
182.871273785,585.77
182.894027601,585.77
182.917580602,585.77
182.940598936,567.70
182.963349584,567.70
182.986086664,567.70
183.009393996,567.70
183.033248443,552.19
183.056316665,552.19
183.079517307,552.19
183.102467415,552.19
183.125440436,538.15
183.148585717,538.15
183.171639571,538.15
183.194623760,538.15
183.217771632,538.15
183.241027891,515.74
183.264191955,515.74
183.287188112,515.74
183.310677911,515.74
183.333936153,533.39
183.357092793,533.39
183.380059734,533.39
183.403657119,533.39
183.426241587,533.39
183.448979467,500.85
183.472714199,500.85
183.495876823,500.85
183.522839430,500.85
183.546503505,493.17
183.569550447,493.17
183.592755632,493.17
183.616698464,493.17
183.640172935,500.05
183.663712783,500.05
183.687035859,500.05
183.710173330,500.05
183.733332691,519.69
183.756965725,519.69
183.780045627,519.69
183.803877193,519.69
183.827349520,519.69
183.850722997,539.10
183.873701553,539.10
183.896649261,539.10
183.920659903,539.10
183.943920865,555.24
183.967796080,555.24
183.990660042,555.24
184.014173586,555.24
184.037257008,574.43
184.060882778,574.43
184.084474019,574.43
184.107886985,574.43
184.131363023,574.43
184.154356716,594.55
184.177750545,594.55
184.200707565,594.55
184.224438457,594.55
184.247925344,609.15
184.271336005,609.15
184.294411171,609.15
184.317464545,609.15
184.340414972,629.93
184.363954180,629.93
184.387132100,629.93
184.410992754,629.93
184.434110385,629.93
184.457824092,653.85
184.480848057,653.85
184.503660818,653.85
184.528842651,653.85
184.552076700,671.17
184.575167611,671.17
184.598118710,671.17
184.621612061,671.17
184.645407434,671.63
184.668741965,671.63
184.692249876,671.63
184.715242544,671.63
184.738286542,647.99
184.761481806,647.99
184.784383017,647.99
184.807316164,647.99
184.830454115,647.99
184.853701764,628.57
184.876708545,628.57
184.899273972,628.57
184.922397939,628.57
184.945341519,610.55
184.968508847,610.55
184.991394153,610.55
185.014821870,610.55
185.037978990,610.55
185.060986698,590.09
185.084156394,590.09
185.107263273,590.09
185.130245541,590.09
185.153328195,569.12
185.176385281,569.12
185.199717060,569.12
185.223058439,569.12
185.245877888,552.66
185.269014527,552.66
185.292328353,552.66
185.315656708,552.66
185.338485724,552.66
185.361395702,526.77
185.384503669,526.77
185.407689172,526.77
185.431414783,526.77
185.453989491,506.81
185.476932269,506.81
185.500599287,506.81
185.524075485,506.81
185.547608644,483.83
185.570800100,483.83
185.594585808,483.83
185.618020149,483.83
185.641450298,483.83
185.664833374,466.78
185.688447399,466.78
185.712166577,466.78
185.735160461,466.78
185.758175050,469.59
185.781408426,469.59
185.804684268,469.59
185.828431703,469.59
185.851457972,470.16
185.874939546,470.16
185.898417632,470.16
185.921460765,470.16
185.944549242,470.16
185.967320402,468.81
185.990046408,468.81
186.013175751,468.81
186.036614508,468.81
186.059689033,467.83
186.082878665,467.83
186.106180107,467.83
186.129910870,467.83
186.153741347,466.58
186.176597052,466.58
186.198954987,466.58
186.222416817,466.58
186.245741555,466.58
186.269536639,460.23
186.292709182,460.23
186.316113410,460.23
186.339227872,460.23
186.362474337,480.02
186.385993639,480.02
186.409303785,480.02
186.433260376,480.02
186.456566970,500.31
186.479770842,500.31
186.502893720,500.31
186.528889553,500.31
186.553059269,520.23
186.577221688,520.23
186.600136370,520.23
186.622991371,520.23
186.646081800,520.23
186.669691120,539.41
186.693249687,539.41
186.716848351,539.41
186.740297636,539.41
186.763217374,561.88
186.786531520,561.88
186.809610845,561.88
186.833249094,561.88
186.857043218,580.47
186.881038338,580.47
186.904223201,580.47
186.927798824,580.47
186.950876581,580.47
186.974204008,603.61
186.997356774,603.61
187.020099709,603.61
187.043820455,603.61
187.066675007,625.38
187.089922400,625.38
187.113285571,625.38
187.136536068,625.38
187.160089387,637.82
187.183400877,637.82
187.206443497,637.82
187.229403684,637.82
187.252926410,637.82
187.275857572,657.21
187.299186181,657.21
187.322246850,657.21
187.346235729,657.21
187.369759383,656.38
187.393079353,656.38
187.416747425,656.38
187.440296168,656.38
187.463198593,647.88
187.486634085,647.88
187.509713602,647.88
187.532477848,647.88
187.555916028,647.88
187.578907607,647.93
187.602356699,647.93
187.626126662,647.93
187.649945714,647.93
187.673402615,644.68
187.696671319,644.68
187.719718547,644.68
187.743535871,644.68
187.766544634,640.44
187.790033567,640.44
187.813228223,640.44
187.836253914,640.44
187.859850241,640.44
187.882664921,641.11
187.905140585,641.11
187.927720251,641.11
187.951460006,641.11
187.974900970,602.84
187.998015655,602.84
188.021790706,602.84
188.044983601,602.84
188.068085230,601.40
188.091116138,601.40
188.114294409,601.40
188.137899248,601.40
188.161184817,601.40
188.184538868,612.94
188.207432461,612.94
188.230359110,612.94
188.254485592,612.94
188.277726328,616.56
188.301800936,616.56
188.324732898,616.56
188.348010434,616.56
188.371089278,620.11
188.394229532,620.11
188.417414362,620.11
188.440527895,620.11
188.464056829,620.11
188.487400670,629.39
188.510399257,629.39
188.533967103,629.39
188.557227487,629.39
188.580340732,618.73
188.603448121,618.73
188.626532885,618.73
188.649820310,618.73
188.672832208,603.15
188.696018383,603.15
188.718729732,603.15
188.741711966,603.15
188.764937341,603.15
188.788153468,586.63
188.811352571,586.63
188.834352469,586.63
188.857776569,586.63
188.880984792,570.17
188.904164886,570.17
188.927142960,570.17
188.950519154,570.17
188.973782034,584.61
188.996823854,584.61
189.019543971,584.61
189.042630751,584.61
189.065625594,584.61
189.088410544,565.12
189.111329865,565.12
189.134681482,565.12
189.157865801,565.12
189.180969286,546.45
189.204162084,546.45
189.227146782,546.45
189.250187226,546.45
189.273978820,525.96
189.296839451,525.96
189.319865238,525.96
189.343179159,525.96
189.366425846,525.96
189.389526738,499.98
189.412363689,499.98
189.435378339,499.98
189.458679524,499.98
189.482291466,477.79
189.505400071,477.79
189.529361173,477.79
189.552427312,477.79
189.576434463,465.91
189.599766560,465.91
189.623485545,465.91
189.646186653,465.91
189.669747395,465.91
189.693414891,461.88
189.717033073,461.88
189.740395795,461.88
189.764159645,461.88
189.787894246,475.69
189.811657424,475.69
189.834984529,475.69
189.858610936,475.69
189.882231839,492.55
189.905862918,492.55
189.929186759,492.55
189.952903920,492.55
189.976078477,492.55
189.999665748,507.02
190.022709743,507.02
190.046272468,507.02
190.070239811,507.02
190.093100506,523.04
190.116205078,523.04
190.139093006,523.04
190.161984550,523.04
190.185306119,535.28
190.208675912,535.28
190.231409437,535.28
190.254225715,535.28
190.277709431,535.28
190.301580162,552.39
190.324863522,552.39
190.348236867,552.39
190.371159387,552.39
190.394461531,569.79
190.418115298,569.79
190.441215870,569.79
190.464904262,569.79
190.487822302,586.83
190.510772695,586.83
190.533897779,586.83
190.556953326,586.83
190.579854949,586.83
190.603008066,603.06
190.626176639,603.06
190.648977397,603.06
190.672122258,603.06
190.695218157,613.48
190.718189126,613.48
190.741372292,613.48
190.764793318,613.48
190.787788832,597.73
190.810997086,597.73
190.834132474,597.73
190.857309527,597.73
190.880384275,597.73
190.903424749,580.82
190.926417383,580.82
190.949402944,580.82
190.972804098,580.82
190.995798652,564.03
191.018773493,564.03
191.041823791,564.03
191.065450358,564.03
191.088568178,547.30
191.111797681,547.30
191.134657991,547.30
191.157469725,547.30
191.180834334,547.30
191.203843800,529.68
191.226906707,529.68
191.249854444,529.68
191.273161259,529.68
191.296243526,515.95
191.319404803,515.95
191.342470397,515.95
191.365343252,515.95
191.389361890,498.94
191.412671426,498.94
191.435618490,498.94
191.458639955,498.94
191.481749391,498.94
191.505017742,479.86
191.529303969,479.86
191.552216505,479.86
191.575118832,479.86
191.598025415,464.00
191.620810364,464.00
191.643743188,464.00
191.666708428,464.00
191.690298674,456.22
191.713396493,456.22
191.736289604,456.22
191.759339550,456.22
191.782902403,456.22
191.806007806,456.91
191.829170267,456.91
191.852417145,456.91
191.875685400,456.91
191.899573380,456.81
191.922572189,456.81
191.945761178,456.81
191.969121402,456.81
191.992322168,457.69
192.015309425,457.69
192.038181639,457.69
192.061436454,457.69
192.084683908,457.69
192.107941859,457.81
192.131470151,457.81
192.154619203,457.81
192.178242217,457.81
192.202428155,456.92
192.225851389,456.92
192.249030361,456.92
192.271793165,456.92
192.294843399,464.17
192.318014115,464.17
192.341036733,464.17
192.363896179,464.17
192.387127408,464.17
192.410273644,478.27
192.433790895,478.27
192.456884874,478.27
192.480074599,478.27
192.503086688,491.83
192.526921802,491.83
192.550543023,491.83
192.573745036,491.83
192.596796934,506.78
192.619904737,506.78
192.642697493,506.78
192.666274266,506.78
192.689855103,506.78
192.713188222,520.75
192.736511166,520.75
192.759861758,520.75
192.783503268,520.75
192.807400207,533.37
192.830769327,533.37
192.854113999,533.37
192.877328524,533.37
192.901486845,547.90
192.924859133,547.90
192.948274399,547.90
192.971523612,547.90
192.994934846,547.90
193.018051961,561.70
193.041228501,561.70
193.064439666,561.70
193.087588494,561.70
193.110591975,577.43
193.133443453,577.43
193.156498135,577.43
193.179480687,577.43
193.203342522,574.89
193.226454261,574.89
193.249386412,574.89
193.272240417,574.89
193.295115191,574.89
193.318191793,569.15
193.341608050,569.15
193.364329380,569.15
193.387179993,569.15
193.410152017,551.43
193.432995974,551.43
193.456443560,551.43
193.479668389,551.43
193.502743807,551.43
193.525793976,534.70
193.548736015,534.70
193.571807273,534.70
193.595173865,534.70
193.618186849,521.14
193.641277147,521.14
193.664276180,521.14
193.687516049,521.14
193.711134870,504.04
193.734324146,504.04
193.757149863,504.04
193.780425925,504.04
193.803647202,504.04
193.826729788,490.22
193.850167933,490.22
193.872849519,490.22
193.896224047,490.22
193.919282536,471.54
193.941905913,471.54
193.964611755,471.54
193.987908874,471.54
194.011271913,475.13
194.034482598,475.13
194.057382844,475.13
194.080759548,475.13
194.103866039,475.13
194.127069299,473.68
194.150257296,473.68
194.173406763,473.68
194.196233344,473.68
194.219384411,491.25
194.242896030,491.25
194.266322495,491.25
194.289372087,491.25
194.312769367,505.65
194.335875986,505.65
194.358750503,505.65
194.382250505,505.65
194.405661033,505.65
194.428833381,521.60
194.451803036,521.60
194.475037785,521.60
194.498702974,521.60
194.523424665,537.49
194.546371984,537.49
194.569280070,537.49
194.592446241,537.49
194.615699486,553.99
194.638633525,553.99
194.661608460,553.99
194.684691046,553.99
194.707735551,553.99
194.730851865,569.55
194.754036020,569.55
194.777124078,569.55
194.799918050,569.55
194.822757846,584.95
194.845756142,584.95
194.868723365,584.95
194.891585562,584.95
194.914895929,587.56
194.938418267,587.56
194.961426643,587.56
194.984493580,587.56
195.007232031,587.56
195.030191670,571.40
195.053830811,571.40
195.076911092,571.40
195.100060815,571.40
195.124831596,556.28
195.147911813,556.28
195.171076704,556.28
195.194220411,556.28
195.217513913,540.80
195.240547314,540.80
195.263396550,540.80
195.286532704,540.80
195.309905791,540.80
195.333085338,527.20
195.356013904,527.20
195.379435024,527.20
195.402637068,527.20
195.425880008,510.96
195.449345641,510.96
195.472594662,510.96
195.496052134,510.96
195.519342148,510.96
195.542701154,491.19
195.566206596,491.19
195.589464737,491.19
195.612528634,491.19
195.635601139,485.16
195.658822287,485.16
195.681742052,485.16
195.705076483,485.16
195.728255038,484.80
195.751771264,484.80
195.774885593,484.80
195.797896625,484.80
195.820874344,484.80
195.844037763,484.40
195.867671143,484.40
195.890806913,484.40
195.913956028,484.40
195.937130551,501.60
195.960310418,501.60
195.983514285,501.60
196.007324853,501.60
196.030686324,519.19
196.053794318,519.19
196.077086699,519.19
196.100965877,519.19
196.124404213,519.19
196.147591408,532.61
196.173400065,532.61
196.196525499,532.61
196.220180000,532.61
196.243822437,549.21
196.267260581,549.21
196.290636643,549.21
196.313773245,549.21
196.337343296,563.22
196.360564091,563.22
196.383609011,563.22
196.406711212,563.22
196.429899623,583.68
196.453067233,583.68
196.476168858,583.68
196.499164753,583.68
196.523539780,583.68
196.546364184,585.87
196.569416176,585.87
196.592044671,585.87
196.615190585,585.87
196.638169712,579.78
196.661372011,579.78
196.684387714,579.78
196.707436666,579.78
196.730384176,579.78
196.753610475,567.81
196.776542305,567.81
196.799497239,567.81
196.822532719,567.81
196.845531654,555.55
196.868454331,555.55
196.890938535,555.55
196.913118382,555.55
196.935509848,521.18
196.957736319,521.18
196.979921445,521.18
197.002065931,521.18
197.024430677,521.18
197.046555898,474.30
197.068574813,474.30
197.090620992,474.30
197.112656099,474.30
197.134853450,428.04
197.156984559,428.04
197.179417499,428.04
197.201484126,428.04
197.223553154,428.04
197.245533412,381.45
197.267589543,381.45
197.289543465,381.45
197.311642701,381.45
197.333763953,381.45
197.355849685,339.28
197.377880088,339.28
197.399868153,339.28
197.421902588,339.28
197.444160260,292.77
197.466262952,292.77
197.488287946,292.77
197.510330413,292.77
197.532381136,292.77
197.554315633,258.74
197.576428245,258.74
197.598545274,258.74
197.620432954,258.74
197.642529694,225.04
197.664418941,225.04
197.686386399,225.04
197.708413377,225.04
197.730533670,225.04
197.752538664,191.47
197.774656876,191.47
197.796611406,191.47
197.818617168,191.47
197.840746772,151.47
197.862798424,151.47
197.884754905,151.47
197.906901214,151.47
197.929223398,151.47
197.951371788,137.87
197.973837687,137.87
197.996135167,137.87
198.018497609,137.87
198.042036714,139.12
198.065223589,139.12
198.088126969,139.12
198.110994605,139.12
198.133918306,139.12
198.156955897,174.50
198.180354136,174.50
198.203291469,174.50
198.259408809,220.79
198.282415423,220.79
198.305745180,220.79
198.328887093,220.79
198.352159184,220.79
198.375402379,261.89
198.398767017,261.89
198.421477017,261.89
198.445008250,261.89
198.467925198,302.92
198.490886532,302.92
198.513889530,302.92
198.536968817,302.92
198.560073898,349.84
198.583054495,349.84
198.606810085,349.84
198.630160034,349.84
198.653340668,349.84
198.676324657,390.27
198.699099875,390.27
198.722193179,390.27
198.745696411,390.27
198.768691985,441.34
198.791457410,441.34
198.814364919,441.34
198.837314188,441.34
198.861288886,486.65
198.884311628,486.65
198.907076573,486.65
198.930061427,486.65
198.953234157,486.65
198.975976638,524.67
198.998821424,524.67
199.021532577,524.67
199.044426228,524.67
199.067845299,555.15
199.091015821,555.15
199.113909025,555.15
199.136691474,555.15
199.159335041,555.15
199.182942499,562.39
199.206044796,562.39
199.228933743,562.39
199.251905093,562.39
199.274711382,568.48
199.298076819,568.48
199.321325230,568.48
199.344141504,568.48
199.366945777,572.69
199.389844293,572.69
199.413475560,572.69
199.436659233,572.69
199.459702231,572.69
199.482383975,575.83
199.505303834,575.83
199.529996307,575.83
199.553820377,575.83
199.577150261,577.33
199.600262029,577.33
199.623286243,577.33
199.646678017,577.33
199.670161121,577.08
199.693214839,577.08
199.715972648,577.08
199.738700568,577.08
199.761916402,577.08
199.785029290,576.54
199.808086881,576.54
199.831036981,576.54
199.854063820,576.54
199.877232133,576.46
199.900343100,576.46
199.923336690,576.46
199.946298023,576.46
199.970076364,560.71
199.993053633,560.71
200.016262459,560.71
200.039096173,560.71
200.062181349,560.71
200.085162938,558.63
200.108163600,558.63
200.130983714,558.63
200.154300094,558.63
200.178098948,543.02
200.201085337,543.02
200.224143888,543.02
200.247132613,543.02
200.270273501,526.70
200.293554616,526.70
200.316733233,526.70
200.339742118,526.70
200.362673242,526.70
200.385618958,508.89
200.408579586,508.89
200.431534807,508.89
200.454635566,508.89
200.477704292,495.06
200.500795771,495.06
200.523830065,495.06
200.546767045,495.06
200.570365511,495.06
200.593721667,479.35
200.616604630,479.35
200.639735854,479.35
200.662744195,479.35
200.685560372,461.06
200.708434791,461.06
200.731533118,461.06
200.754164076,461.06
200.777088991,443.23
200.800003795,443.23
200.822756611,443.23
200.845645014,443.23
200.868653291,443.23
200.891692737,428.14
200.914993500,428.14
200.937691755,428.14
200.960337209,428.14
200.984087006,431.55
201.006926000,431.55
201.030023527,431.55
201.053021596,431.55
201.075894127,436.74
201.099095976,436.74
201.122190911,436.74
201.145117619,436.74
201.168114120,436.74
201.191090172,440.95
201.213917582,440.95
201.236843554,440.95
201.260120668,440.95
201.283136817,445.74
201.306407563,445.74
201.329330078,445.74
201.352280978,445.74
201.375341768,445.74
201.400541386,450.27
201.423255257,450.27
201.446156331,450.27
201.469010589,450.27
201.491662347,454.75
201.514464955,454.75
201.537369550,454.75
201.560348738,454.75
201.583431033,459.95
201.606401965,459.95
201.629425474,459.95
201.652205266,459.95
201.675333546,459.95
201.698220348,464.04
201.721143951,464.04
201.744203397,464.04
201.767146233,464.04
201.790091020,468.94
201.812829180,468.94
201.835664269,468.94
201.858892903,468.94
201.881984989,473.12
201.904905488,473.12
201.927677600,473.12
201.950232428,473.12
201.973155711,473.12
201.995919823,474.84
202.018740544,474.84
202.041580178,474.84
202.065046128,474.84
202.087833984,474.55
202.111029593,474.55
202.133945100,474.55
202.156883455,474.55
202.179919413,474.55
202.202951786,474.72
202.225982528,474.72
202.248730511,474.72
202.272061194,474.72
202.295077055,474.82
202.318057394,474.82
202.341716788,474.82
202.364687720,474.82
202.388190982,475.55
202.411196827,475.55
202.434036076,475.55
202.456693433,475.55
202.479766031,475.55
202.502795876,475.47
202.525889274,475.47
202.548797740,475.47
202.571928323,475.47
202.596134928,475.49
202.619405546,475.49
202.642257915,475.49
202.665281584,475.49
202.688395942,475.85
202.711895365,475.85
202.734594995,475.85
202.757731658,475.85
202.780637820,475.85
202.803499118,476.61
202.826207868,476.61
202.849245265,476.61
202.872826161,476.61
202.896060010,488.58
202.918966525,488.58
202.941730476,488.58
202.964508380,488.58
202.987464719,488.58
203.010466052,500.25
203.033385846,500.25
203.056347754,500.25
203.079588323,500.25
203.103102402,513.33
203.126307994,513.33
203.149274926,513.33
203.172165088,513.33
203.195282807,523.87
203.218681011,523.87
203.242153681,523.87
203.265245446,523.87
203.288347036,523.87
203.311435602,537.11
203.334768205,537.11
203.358079399,537.11
203.381855530,537.11
203.404889215,548.19
203.428018101,548.19
203.451081258,548.19
203.474415845,548.19
203.497599965,559.08
203.522848510,559.08
203.547187661,559.08
203.570050846,559.08
203.593293015,559.08
203.616072998,571.61
203.639222973,571.61
203.662003597,571.61
203.684631353,571.61
203.707644333,581.04
203.730823365,581.04
203.753657909,581.04
203.776919982,581.04
203.800319338,578.59
203.823596964,578.59
203.846675769,578.59
203.869599851,578.59
203.892727778,578.59
203.916049148,562.70
203.939341206,562.70
203.962017635,562.70
203.984945942,562.70
204.007752165,545.25
204.030794266,545.25
204.053688460,545.25
204.076684416,545.25
204.100585030,528.04
204.123681627,528.04
204.146644495,528.04
204.169746372,528.04
204.192984989,528.04
204.216347192,510.67
204.239735956,510.67
204.262840010,510.67
204.285887486,510.67
204.309139734,495.01
204.332113897,495.01
204.355258368,495.01
204.378197746,495.01
204.401510348,487.68
204.424684258,487.68
204.447709494,487.68
204.470628808,487.68
204.493732862,487.68
204.516551853,474.24
204.539400830,474.24
204.562362160,474.24
204.587838902,474.24
204.611666714,465.73
204.634702286,465.73
204.657674305,465.73
204.680889177,465.73
204.704087696,453.62
204.727005154,453.62
204.749889971,453.62
204.772942983,453.62
204.796334403,453.62
204.819771167,460.03
204.843136442,460.03
204.866337937,460.03
204.889739629,460.03
204.914097212,466.18
204.937348212,466.18
204.960549644,466.18
204.983911719,466.18
205.007864045,472.82
205.031220232,472.82
205.054346206,472.82
205.077456756,472.82
205.100632298,472.82
205.123837186,477.00
205.146972632,477.00
205.170443861,477.00
205.193465833,477.00
205.216455900,482.64
205.239444527,482.64
205.262390945,482.64
205.285387188,482.64
205.308519946,486.92
205.331647711,486.92
205.354767061,486.92
205.377561251,486.92
205.400780603,486.92
205.423979218,485.91
205.447032998,485.91
205.470028089,485.91
205.493203791,485.91
205.516243523,485.50
205.539368824,485.50
205.562433549,485.50
205.585507681,485.50
205.608513780,485.50
205.631585737,485.69
205.654828864,485.69
205.677938326,485.69
205.701044267,485.69
205.724101599,485.31
205.747130546,485.31
205.770226983,485.31
205.793827558,485.31
205.816852922,484.65
205.839831724,484.65
205.862707965,484.65
205.885734384,484.65
205.909084458,484.65
205.932349571,484.35
205.955272244,484.35
205.978242022,484.35
206.001749988,484.35
206.024716694,484.33
206.047688104,484.33
206.070187057,484.33
206.092426292,484.33
206.115308069,465.32
206.137545576,465.32
206.159504838,465.32
206.181710121,465.32
206.203856427,465.32
206.225983052,430.44
206.247917513,430.44
206.269981865,430.44
206.292116106,430.44
206.314211306,430.44
206.336465389,397.27
206.358548525,397.27
206.380529835,397.27
206.402920945,397.27
206.425094227,363.15
206.447127730,363.15
206.469093039,363.15
206.491416148,363.15
206.513612566,363.15
206.535949435,329.45
206.558227295,329.45
206.580671110,329.45
206.603273073,329.45
206.625639190,294.87
206.647977083,294.87
206.670366946,294.87
206.692960332,294.87
206.715376850,294.87
206.737858138,256.92
206.760241344,256.92
206.782588038,256.92
206.804822217,256.92
206.827125261,226.97
206.849306863,226.97
206.871491729,226.97
206.893647922,226.97
206.915962871,226.97
206.938209114,193.29
206.960743203,193.29
206.983160618,193.29
