timestamp,gpu_power
.000665736,131.14
.022913196,131.14
.045085071,131.14
.067230129,131.14
.089263443,131.17
.111543543,131.17
.133813019,131.17
.155809916,131.17
.177981791,131.17
.200063137,131.18
.222230180,131.18
.244292390,131.18
.266347655,131.18
.288277575,131.23
.310447306,131.23
.333862363,131.23
.355992286,131.23
.378187425,131.23
.400355236,131.23
.422620935,131.23
.444853227,131.23
.467486803,131.23
.490019354,131.16
.512688579,131.16
.534946502,131.16
.557598607,131.16
.580054581,131.16
.602554652,131.15
.640462966,131.20
.728596891,131.20
.752701972,131.20
.798917552,131.18
.835872767,131.18
.870838263,131.18
.912842113,131.21
.957812014,131.21
.995186562,131.20
1.020052677,131.20
1.076672442,131.20
1.115898115,131.24
1.156522014,131.24
1.207824980,131.26
1.256952018,131.26
1.298735098,131.25
1.331239765,131.25
1.354609414,131.25
1.377943670,131.25
1.400991843,131.33
1.433198331,131.33
1.493945120,131.46
1.518482366,131.46
1.541794639,131.46
1.565192928,131.46
1.588535184,131.46
1.611879841,131.66
1.635031279,131.66
1.678550219,131.66
1.709820952,131.63
1.741312167,131.63
1.764873114,131.63
1.788034057,131.63
1.817083324,131.80
1.851284427,131.80
1.886045025,131.80
1.909083278,131.91
1.931992889,131.91
1.954897540,131.91
1.978105779,131.91
2.001339842,132.10
2.024946646,132.10
2.048703691,132.10
2.072239294,132.10
2.095386956,132.16
2.118514010,132.16
2.141984076,132.16
2.165390877,132.16
2.189071314,132.16
2.212434114,132.27
2.235768819,132.27
2.258922785,132.27
2.282787063,132.27
2.306359659,132.35
2.329734395,132.35
2.352764840,132.35
2.378927738,132.35
2.401898054,132.37
2.425169109,132.37
2.448563750,132.37
2.472073241,132.37
2.495126182,132.38
2.518178643,132.38
2.541189824,132.38
2.564309581,132.38
2.587372219,132.38
2.610504073,132.33
2.633785976,132.33
2.657185546,132.33
2.680846302,132.33
2.704569043,132.51
2.728035492,132.51
2.751374549,132.51
2.774389794,132.51
2.797528944,132.57
2.820777631,132.57
2.844020622,132.57
2.867074267,132.57
2.890670607,132.57
2.914437380,132.55
2.938249530,132.55
2.961865998,132.55
2.985855206,132.55
3.009533018,132.45
3.033179598,132.45
3.057069413,132.45
3.081661316,132.45
3.106195874,141.73
3.130260507,141.73
3.154821178,141.73
3.178920691,141.73
3.203092525,174.92
3.227284200,174.92
3.250932060,174.92
3.274790706,174.92
3.298987565,174.92
3.323459082,206.92
3.347575204,206.92
3.371653021,206.92
3.395733846,206.92
3.419691502,240.15
3.443393794,240.15
3.468933356,240.15
3.492766786,240.15
3.516571416,269.35
3.540464815,269.35
3.564356998,269.35
3.588072827,269.35
3.611518028,299.98
3.635250594,299.98
3.658760212,299.98
3.682381864,299.98
3.706044828,334.58
3.729672176,334.58
3.753039008,334.58
3.776448466,334.58
3.799762338,334.58
3.822840719,365.73
3.846009630,365.73
3.869144108,365.73
3.893516904,365.73
3.916936793,397.44
3.939907653,397.44
3.962820913,397.44
3.985434969,397.44
4.008355748,428.87
4.031200399,428.87
4.053904216,428.87
4.076744515,428.87
4.099656558,428.87
4.122664891,450.30
4.145343843,450.30
4.167984524,450.30
4.190931703,450.30
4.213706817,449.04
4.236495403,449.04
4.259304726,449.04
4.282084287,449.04
4.304976107,449.04
4.327572626,446.20
4.350558847,446.20
4.373246151,446.20
4.397129118,446.20
4.419952361,445.92
4.443200920,445.92
4.466138756,445.92
4.488849901,445.92
4.512314431,444.76
4.535622127,444.76
4.558311735,444.76
4.580885055,444.76
4.603967020,444.76
4.626914584,448.81
4.649930693,448.81
4.672742095,448.81
4.695840221,448.81
4.719164269,457.12
4.742061368,457.12
4.764874434,457.12
4.787642988,457.12
4.810858523,463.12
4.834319597,463.12
4.857371578,463.12
4.880201829,463.12
4.903359859,463.12
4.926382912,471.26
4.949452685,471.26
4.972128437,471.26
4.995641224,471.26
5.018520531,478.64
5.041662497,478.64
5.064451019,478.64
5.087362806,478.64
5.110436100,478.64
5.133736916,486.22
5.156578846,486.22
5.179232967,486.22
5.203416161,486.22
5.226280940,492.75
5.249544795,492.75
5.272185380,492.75
5.294977006,492.75
5.318091996,499.94
5.341309643,499.94
5.363943411,499.94
5.386538746,499.94
5.409370789,499.94
5.432484019,508.35
5.455577536,508.35
5.478447979,508.35
5.501360183,508.35
5.526357242,514.31
5.549517641,514.31
5.572318355,514.31
5.595071132,514.31
5.618112777,519.01
5.641206327,519.01
5.663873823,519.01
5.686744266,519.01
5.710015482,519.01
5.733114120,517.79
5.756077684,517.79
5.778832221,517.79
5.801766825,517.79
5.824645108,517.65
5.847608192,517.65
5.870470315,517.65
5.893258805,517.65
5.916222145,517.65
5.939359887,515.56
5.962113560,515.56
5.984963267,515.56
6.009125629,515.56
6.032234731,515.17
6.055493146,515.17
6.078431782,515.17
6.101041390,515.17
6.123891769,514.51
6.147160072,514.51
6.170361271,514.51
6.193071232,514.51
6.216267247,514.51
6.239677728,517.65
6.262942640,517.65
6.286122846,517.65
6.309055914,517.65
6.331923541,520.48
6.355101059,520.48
6.378535701,520.48
6.401177885,520.48
6.424094793,522.75
6.447309944,522.75
6.470631112,522.75
6.493943160,522.75
6.517111622,522.75
6.540051378,526.81
6.566243460,526.81
6.589370162,526.81
6.613647917,526.81
6.636910973,530.74
6.659870793,530.74
6.682789876,530.74
6.707604918,530.74
6.730862501,538.66
6.753942067,538.66
6.776719516,538.66
6.799761929,538.66
6.823185243,538.66
6.846550764,543.32
6.869474647,543.32
6.892560997,543.32
6.916501372,543.32
6.939996494,548.09
6.963140188,548.09
6.985971463,548.09
7.010219490,548.09
7.033667123,553.19
7.057034468,553.19
7.079919407,553.19
7.102626104,553.19
7.125470371,553.19
7.148618321,558.31
7.172245381,558.31
7.195342131,558.31
7.218224702,558.31
7.241437293,559.09
7.264644603,559.09
7.287605607,559.09
7.311862019,559.09
7.334798126,559.11
7.357747930,559.11
7.381134379,559.11
7.404088439,559.11
7.426914433,559.11
7.449916270,560.22
7.473263998,560.22
7.496475277,560.22
7.520629127,560.22
7.543344368,558.79
7.566647520,558.79
7.589818735,558.79
7.616221923,558.79
7.639156495,557.28
7.662398718,557.28
7.685718478,557.28
7.708727995,557.28
7.731883625,557.28
7.754750036,552.39
7.777830337,552.39
7.801114961,552.39
7.824275135,552.39
7.847475054,549.09
7.870304633,549.09
7.893561288,549.09
7.918259016,549.09
7.941655257,546.19
7.964558565,546.19
7.987790644,546.19
8.011006371,546.19
8.034287250,546.19
8.057588610,542.82
8.080463597,542.82
8.103929503,542.82
8.127519827,542.82
8.151000677,540.50
8.174059634,540.50
8.197072510,540.50
8.220609521,540.50
8.243876961,542.50
8.267579317,542.50
8.290575842,542.50
8.313571598,542.50
8.336963583,542.50
8.360696180,545.73
8.384156134,545.73
8.406737454,545.73
8.429794395,545.73
8.453240236,550.24
8.476517468,550.24
8.500096591,550.24
8.523285982,550.24
8.546501901,554.12
8.569851453,554.12
8.593062188,554.12
8.616435869,554.12
8.639521483,558.08
8.663451778,558.08
8.686675569,558.08
8.710524903,558.08
8.734090010,558.08
8.757052134,561.10
8.780266869,561.10
8.803568261,561.10
8.826944502,561.10
8.850311943,564.04
8.873273683,564.04
8.896397377,564.04
8.919966804,564.04
8.943471878,568.55
8.966716118,568.55
8.989642881,568.55
9.013073651,568.55
9.036503652,568.55
9.059873045,570.84
9.083136068,570.84
9.106130449,570.84
9.129482721,570.84
9.154432676,572.78
9.177992439,572.78
9.200803234,572.78
9.223753486,572.78
9.247048061,570.95
9.270415918,570.95
9.293536284,570.95
9.316561609,570.95
9.339692983,570.95
9.363038567,567.05
9.386306327,567.05
9.409494053,567.05
9.432406417,567.05
9.455716289,563.44
9.479003377,563.44
9.502366913,563.44
9.525209644,563.44
9.548434139,560.33
9.571945485,560.33
9.595202877,560.33
9.618587598,560.33
9.641700412,560.33
9.664583751,555.90
9.687845270,555.90
9.711053221,555.90
9.734563224,555.90
9.758281996,552.91
9.781483227,552.91
9.804538536,552.91
9.827541525,552.91
9.851188073,550.56
9.874230614,550.56
9.897580902,550.56
9.921068472,550.56
9.944457065,550.56
9.967888859,552.05
9.990889863,552.05
10.014144439,552.05
10.037590664,552.05
10.060675542,555.80
10.084340714,555.80
10.107014387,555.80
10.130020351,555.80
10.154822273,559.34
10.178190417,559.34
10.201378656,559.34
10.224614223,559.34
10.247600476,559.34
10.270719113,562.32
10.293968825,562.32
10.317567596,562.32
10.341703078,562.32
10.364866228,566.23
10.388109284,566.23
10.411204113,566.23
10.434885733,566.23
10.458214646,571.23
10.481251011,571.23
10.504712340,571.23
10.527811746,571.23
10.551061841,571.23
10.574392098,575.26
10.597323149,575.26
10.620679134,575.26
10.645173660,575.26
10.668450795,578.43
10.691713403,578.43
10.714571302,578.43
10.739516137,578.43
10.764000519,583.51
10.787616794,583.51
10.810713224,583.51
10.833924823,583.51
10.857555467,585.56
10.880651256,585.56
10.904059913,585.56
10.926909236,585.56
10.949744991,585.56
10.973035855,584.67
10.996098876,584.67
11.019618446,584.67
11.043203649,584.67
11.066117549,583.11
11.089357052,583.11
11.112362761,583.11
11.135994428,583.11
11.160777214,580.32
11.184317585,580.32
11.207782050,580.32
11.230789455,580.32
11.254221888,580.32
11.276996682,577.76
11.300211641,577.76
11.323558858,577.76
11.346802617,577.76
11.369965959,575.99
11.393060341,575.99
11.416346021,575.99
11.439755318,575.99
11.462972357,571.28
11.486623577,571.28
11.509745319,571.28
11.533055735,571.28
11.556477544,571.28
11.579415444,569.04
11.602933062,569.04
11.625774161,569.04
11.648967520,569.04
11.672071469,569.14
11.695376477,569.14
11.718639053,569.14
11.741905596,569.14
11.764888617,571.41
11.788637502,571.41
11.814913488,571.41
11.837988414,571.41
11.861157292,571.41
11.884548701,574.55
11.907808909,574.55
11.930972507,574.55
11.955550490,574.55
11.978929867,577.55
12.002422173,577.55
12.025968848,577.55
12.049692165,577.55
12.073086742,577.56
12.096456294,577.56
12.119233808,577.56
12.142472832,577.56
12.165563789,577.56
12.188927038,581.40
12.212287726,581.40
12.235202362,581.40
12.258513322,581.40
12.281762873,584.78
12.305183915,584.78
12.328810558,584.78
12.351831627,584.78
12.375049434,587.30
12.398200776,587.30
12.421577369,587.30
12.444927850,587.30
12.467550482,587.30
12.490787873,589.80
12.514211986,589.80
12.537285184,589.80
12.560903187,589.80
12.583896928,592.07
12.606947053,592.07
12.630141211,592.07
12.654643769,592.07
12.678178220,592.36
12.701323194,592.36
12.724799660,592.36
12.748217982,592.36
12.771474637,589.74
12.795070592,589.74
12.817999692,589.74
12.841045721,589.74
12.864421002,589.74
12.887712730,587.60
12.911309389,587.60
12.934222361,587.60
12.957987470,587.60
12.981655202,584.52
13.004918770,584.52
13.028536869,584.52
13.051369328,584.52
13.074454141,583.49
13.097788174,583.49
13.121205439,583.49
13.144658417,583.49
13.168001793,583.49
13.191879992,579.67
13.215161799,579.67
13.238146228,579.67
13.261560421,579.67
13.284865589,577.04
13.308034627,577.04
13.331201810,577.04
13.354394400,577.04
13.377717489,574.12
13.400956000,574.12
13.423722474,574.12
13.446852504,574.12
13.470048966,574.12
13.493788891,573.06
13.517114380,573.06
13.540639710,573.06
13.564200177,573.06
13.587464961,576.05
13.610556334,576.05
13.633707068,576.05
13.656675752,576.05
13.679885399,579.17
13.703498379,579.17
13.726369654,579.17
13.749957737,579.17
13.773492668,579.17
13.796662218,581.52
13.820553121,581.52
13.843828465,581.52
13.866910814,581.52
13.889942027,582.25
13.912955704,582.25
13.936344905,582.25
13.959794266,582.25
13.983633009,582.49
14.007059554,582.49
14.030456627,582.49
14.053990182,582.49
14.077369367,582.49
14.100354979,585.14
14.123384208,585.14
14.146314427,585.14
14.169837198,585.14
14.193135678,586.54
14.216266668,586.54
14.239612252,586.54
14.262529064,586.54
14.285860536,587.21
14.309284713,587.21
14.332425239,587.21
14.355715783,587.21
14.378939318,587.21
14.402105541,589.22
14.425520534,589.22
14.448946791,589.22
14.472120982,589.22
14.495639432,590.54
14.518878008,590.54
14.541982565,590.54
14.565372662,590.54
14.588552965,588.67
14.611410704,588.67
14.634766176,588.67
14.657868750,588.67
14.680871034,588.67
14.703675492,588.37
14.726801106,588.37
14.750155363,588.37
14.772968237,588.37
14.796074811,570.64
14.819366763,570.64
14.842501593,570.64
14.865801289,570.64
14.888698900,544.14
14.911458462,544.14
14.934127366,544.14
14.958754822,544.14
14.981949684,544.14
15.005083970,515.86
15.028539444,515.86
15.051652450,515.86
15.074766512,515.86
15.097854717,487.81
15.120881386,487.81
15.143878774,487.81
15.167522954,487.81
15.190829242,487.81
15.214067593,458.69
15.237465146,458.69
15.260516360,458.69
15.283255761,458.69
15.306201757,428.46
15.329386987,428.46
15.352665051,428.46
15.375981771,428.46
15.398819382,404.08
15.421911491,404.08
15.444900271,404.08
15.468137823,404.08
15.491310285,404.08
15.514687966,375.71
15.538103983,375.71
15.561505376,375.71
15.584724719,375.71
15.607946430,343.54
15.630981515,343.54
15.653658484,343.54
15.676666208,343.54
15.699777614,313.42
15.722966813,313.42
15.746112811,313.42
15.769203896,313.42
15.792185989,313.42
15.814891086,301.03
15.837873082,301.03
15.861024136,301.03
15.884652604,301.03
15.908114606,300.89
15.931781058,300.89
15.954679597,300.89
15.978464771,300.89
16.001439951,300.87
16.025139332,300.87
16.048933145,300.87
16.072577709,300.87
16.095885661,300.87
16.119131213,302.32
16.142350812,302.32
16.165188550,302.32
16.188400821,302.32
16.211447746,302.04
16.234776082,302.04
16.257980705,302.04
16.281461331,302.04
16.304883845,302.41
16.327740303,302.41
16.350716763,302.41
16.373372836,302.41
16.396375760,302.41
16.419725665,301.97
16.443071569,301.97
16.466473442,301.97
16.489774706,301.97
16.512705374,303.16
16.535623882,303.16
16.558702999,303.16
16.582788496,303.16
16.606089024,301.20
16.629602066,301.20
16.652949987,301.20
16.676416277,301.20
16.699540131,301.20
16.722432174,301.93
16.745162647,301.93
16.768178564,301.93
16.791205425,301.93
16.814391711,302.61
16.837751504,302.61
16.860858845,302.61
16.885151865,302.61
16.908267399,302.26
16.930908111,302.26
16.954040861,302.26
16.977214827,302.26
17.000685565,302.26
17.024085199,301.69
17.047446655,301.69
17.070835856,301.69
17.095927989,301.69
17.119093539,300.29
17.141984975,300.29
17.165087420,300.29
17.188547790,300.29
17.211929023,301.11
17.235241903,301.11
17.258460286,301.11
17.281528203,301.11
17.304801563,301.11
17.327520516,302.95
17.350864116,302.95
17.373666943,302.95
17.396975279,302.95
17.420270910,301.26
17.443606223,301.26
17.466887774,301.26
17.490424561,301.26
17.513380669,302.04
17.536179431,302.04
17.559301301,302.04
17.582747143,302.04
17.606147128,302.04
17.629739595,301.52
17.653317342,301.52
17.676689743,301.52
17.699697788,301.52
17.722308484,301.52
17.745116686,301.52
17.768063386,301.52
17.792220243,301.52
17.815675877,302.61
17.839143831,302.61
17.862657034,302.61
17.885643862,302.61
17.908795908,302.61
17.931877809,303.51
17.954775453,303.51
17.977775593,303.51
18.001179130,303.51
18.024322792,303.07
18.047740922,303.07
18.070690854,303.07
18.097282780,303.07
18.120233608,302.52
18.143092083,302.52
18.166082335,302.52
18.189264813,302.52
18.212593150,302.87
18.236066000,302.87
18.259544226,302.87
18.282642863,302.87
18.305513786,302.87
18.328230243,302.92
18.351669973,302.92
18.375106502,302.92
18.398587768,302.92
18.422072299,302.61
18.445683646,302.61
18.468891117,302.61
18.491880857,302.61
18.514796677,302.61
18.537628591,302.48
18.560552955,302.48
18.583751434,302.48
18.606912856,302.48
18.629911108,302.08
18.652841200,302.08
18.675742075,302.08
18.699586866,302.08
18.722991331,303.10
18.746468085,303.10
18.769763813,303.10
18.793036340,303.10
18.816201603,303.10
18.838998221,302.73
18.862119450,302.73
18.885033382,302.73
18.908971741,302.73
18.932302574,301.76
18.955779039,301.76
18.979269042,301.76
19.002750084,301.76
19.025923410,302.76
19.048528442,302.76
19.071458022,302.76
19.094658676,302.76
19.117982277,302.58
19.144065973,302.58
19.167397125,302.58
19.190622292,302.58
19.213831875,302.58
19.236802287,302.94
19.259826044,302.94
19.283255821,302.94
19.306373819,302.94
19.330069552,302.88
19.353317471,302.88
19.376557390,302.88
19.399698396,302.88
19.422738441,302.82
19.445588788,302.82
19.468554592,302.82
19.491745519,302.82
19.515041375,302.82
19.538522129,302.89
19.562113700,302.89
19.585147313,302.89
19.608446689,302.89
19.631092425,304.08
19.654185783,304.08
19.677140387,304.08
19.700798935,304.08
19.724347753,303.89
19.747876700,303.89
19.771168460,303.89
19.794226713,303.89
19.817458088,303.89
19.840250354,303.61
19.863181758,303.61
19.886734257,303.61
19.909960832,303.61
19.933251728,304.55
19.956562112,304.55
19.979787343,304.55
20.002810043,304.55
20.025822952,304.48
20.048754356,304.48
20.071740928,304.48
20.094965007,304.48
20.118263039,304.48
20.141691248,304.17
20.165164866,304.17
20.194005235,304.17
20.217300003,304.17
20.240452465,303.92
20.263367452,303.92
20.286063941,303.92
20.309923324,303.92
20.333252492,302.69
20.356450171,302.69
20.379742539,302.69
20.403197212,302.69
20.426563693,302.69
20.449621050,304.05
20.472801609,304.05
20.495925111,304.05
20.519296807,304.05
20.542732025,303.97
20.565945160,303.97
20.589134454,303.97
20.613856023,303.97
20.636910852,302.79
20.660065010,302.79
20.683088159,302.79
20.706061579,302.79
20.729193337,302.79
20.752601610,302.20
20.775978715,302.20
20.799274923,302.20
20.823134625,302.20
20.846154670,302.13
20.869218779,302.13
20.892159207,302.13
20.915534776,302.13
20.939097067,303.06
20.962408795,303.06
20.985719531,303.06
21.009265310,303.06
21.032281866,303.06
21.054799345,302.71
21.077759677,302.71
21.100876267,302.71
21.124187195,302.71
21.147626029,302.71
21.171026014,302.71
21.194353550,302.71
21.218126435,302.71
21.242971173,301.96
21.265904913,301.96
21.289208769,301.96
21.312491857,301.96
21.335932226,303.53
21.359303347,303.53
21.382505058,303.53
21.405395661,303.53
21.428531323,303.53
21.451103650,303.44
21.474051918,303.44
21.497336510,303.44
21.520751247,303.44
21.544345507,302.51
21.567395952,302.51
21.590538206,302.51
21.613242407,302.51
21.636440405,302.51
21.659833382,302.61
21.683149559,302.61
21.706962156,302.61
21.730509855,302.61
21.753786607,303.18
21.776913693,303.18
21.799796232,303.18
21.822794708,303.18
21.845839233,304.57
21.869085041,304.57
21.892606147,304.57
21.915698065,304.57
21.938926176,304.57
21.961806251,302.19
21.984879064,302.19
22.007776451,302.19
22.031082931,302.19
22.054450276,303.19
22.077762900,303.19
22.101089668,303.19
22.124674392,303.19
22.147839334,303.58
22.170908371,303.58
22.193819231,303.58
22.217620884,303.58
22.240961989,303.58
22.264360374,303.82
22.293865198,303.82
22.317146302,303.82
22.340463150,303.82
22.363560188,301.37
22.386245220,301.37
22.408975726,301.37
22.432692898,301.37
22.455950290,301.93
22.479343779,301.93
22.502911926,301.93
22.527300371,301.93
22.550383904,302.87
22.573316108,302.87
22.596207831,302.87
22.619109474,302.87
22.642398290,302.87
22.665803203,303.79
22.689193588,303.79
22.712688870,303.79
22.735845268,303.79
22.758937282,302.55
22.782011535,302.55
22.804996923,302.55
22.829206966,302.55
22.852677800,301.96
22.875791030,301.96
22.899134790,301.96
22.922115890,301.96
22.945196352,301.96
22.968188844,303.99
22.991461980,303.99
23.014803724,303.99
23.038259422,303.99
23.061693039,304.55
23.085015712,304.55
23.108337712,304.55
23.132258535,304.55
23.155205171,303.86
23.178203359,303.86
23.201269260,303.86
23.224812351,303.86
23.248187088,303.86
23.271563617,303.76
23.294773744,303.76
23.317744828,303.76
23.342224217,303.76
23.365028964,305.72
23.388167090,305.72
23.411506146,305.72
23.434912467,305.72
23.458358245,304.92
23.481520051,304.92
23.504617025,304.92
23.527807919,304.92
23.550966462,304.92
23.574350639,304.49
23.597651902,304.49
23.620968271,304.49
23.644590306,304.49
23.667767185,303.85
23.690933695,303.85
23.713710409,303.85
23.736682677,303.85
23.759702018,305.16
23.783133203,305.16
23.806377314,305.16
23.829677362,305.16
23.852899873,305.16
23.876146641,305.86
23.898999131,305.86
23.922113001,305.86
23.945470522,305.86
23.968816842,305.60
23.992612384,305.60
24.015833359,305.60
24.038290197,305.60
24.060803644,295.06
24.083748712,295.06
24.107511261,295.06
24.131016911,295.06
24.155281930,295.06
24.178424953,308.59
24.201752169,308.59
24.224638516,308.59
24.248189031,308.59
24.271243476,337.20
24.294284705,337.20
24.317323918,337.20
24.340882241,337.20
24.363933454,364.08
24.392674109,364.08
24.415780075,364.08
24.438970361,364.08
24.462411691,393.34
24.485749083,393.34
24.508843785,393.34
24.532369723,393.34
24.555570730,393.34
24.578652055,424.91
24.602316460,424.91
24.625221271,424.91
24.649703605,424.91
24.672942532,454.60
24.696136979,454.60
24.719259328,454.60
24.744039906,454.60
24.767012302,479.70
24.790747139,479.70
24.813959058,479.70
24.837282082,479.70
24.860860117,479.70
24.883958531,510.64
24.906736620,510.64
24.929576247,510.64
24.952616388,510.64
24.975418606,535.60
24.998387258,535.60
25.021275909,535.60
25.045782691,535.60
25.069201973,557.69
25.092474244,557.69
25.115659155,557.69
25.138749440,557.69
25.172219527,542.36
25.194907344,542.36
25.217886620,542.36
25.241091243,542.36
25.264524092,515.28
25.287900141,515.28
25.311306494,515.28
25.334774512,515.28
25.357580762,515.28
25.380490277,486.74
25.403592339,486.74
25.426729761,486.74
25.450098770,486.74
25.473566884,460.17
25.497040662,460.17
25.520475047,460.17
25.543446451,460.17
25.566396031,460.17
25.589197609,434.66
25.612434264,434.66
25.635905034,434.66
25.659315772,434.66
25.682841966,402.90
25.706412353,402.90
25.729728913,402.90
25.752577084,402.90
25.775809931,373.65
25.799364190,373.65
25.822472044,373.65
25.845075219,373.65
25.867778044,373.65
25.890789833,335.44
25.914641631,335.44
25.938676600,335.44
25.962015368,335.44
25.985461914,327.02
26.009321744,327.02
26.032589888,327.02
26.056165907,327.02
26.079731302,335.28
26.103102231,335.28
26.126609449,335.28
26.150495904,335.28
26.173559949,335.28
26.197343171,362.12
26.220854549,362.12
26.244478153,362.12
26.267549334,362.12
26.291036488,390.08
26.314133654,390.08
26.337608680,390.08
26.360964216,390.08
26.383976165,416.06
26.407408886,416.06
26.430920489,416.06
26.453835540,416.06
26.477179076,444.52
26.500419092,444.52
26.523443072,444.52
26.546612367,444.52
26.569943135,444.52
26.592698761,477.95
26.616025625,477.95
26.639476395,477.95
26.662842427,477.95
26.686222316,503.36
26.709339546,503.36
26.732380423,503.36
26.755111504,503.36
26.778032796,503.36
26.801120521,537.68
26.823810098,537.68
26.846519995,537.68
26.869907212,537.68
26.893268637,566.25
26.916588845,566.25
26.939893117,566.25
26.963888437,566.25
26.986635614,540.83
27.009624074,540.83
27.032897402,540.83
27.056057416,540.83
27.079437529,540.83
27.102676360,513.56
27.125715509,513.56
27.149056294,513.56
27.172547672,513.56
27.195358338,482.71
27.218105964,482.71
27.240626706,482.71
27.263523422,482.71
27.287043120,448.61
27.310833862,448.61
27.334434073,448.61
27.357659752,448.61
27.381059513,448.61
27.404118310,452.65
27.427588152,452.65
27.450949929,452.65
27.474514524,452.65
27.497987886,454.56
27.521620194,454.56
27.558677170,454.56
27.582236901,454.56
27.605451444,450.11
27.628782660,450.11
27.652381432,450.11
27.675538278,450.11
27.699045048,446.34
27.722566827,446.34
27.745962972,446.34
27.770194039,446.34
27.793475142,454.83
27.816770678,454.83
27.839782627,454.83
27.863778075,454.83
27.887166156,454.83
27.910954593,470.70
27.934221073,470.70
27.957540161,470.70
27.980887634,470.70
28.004161313,497.85
28.027297583,497.85
28.051090277,497.85
28.074302900,497.85
28.097679941,528.94
28.121309560,528.94
28.144677993,528.94
28.168394910,528.94
28.191662093,562.66
28.215076063,562.66
28.238687922,562.66
28.261949698,562.66
28.285405876,562.66
28.308764356,595.07
28.331793713,595.07
28.354980416,595.07
28.378246735,595.07
28.401624352,596.76
28.424738798,596.76
28.447805307,596.76
28.470521924,596.76
28.494372218,596.89
28.517718955,596.89
28.540841177,596.89
28.564000615,596.89
28.587505593,596.89
28.610634887,598.59
28.633772437,598.59
28.657254983,598.59
28.680648568,598.59
28.704113290,601.44
28.727217304,601.44
28.750452167,601.44
28.773932473,601.44
28.797258121,599.56
28.820445336,599.56
28.844226957,599.56
28.867150585,599.56
28.890453801,599.56
28.913510710,599.39
28.937060009,599.39
28.960194455,599.39
28.984318160,599.39
29.007183387,598.68
29.030579404,598.68
29.053717466,598.68
29.076795399,598.68
29.099628178,592.70
29.122658943,592.70
29.145989231,592.70
29.169303807,592.70
29.192791185,592.70
29.215738205,564.00
29.238408262,564.00
29.261357105,564.00
29.284687234,564.00
29.307777679,533.85
29.331469764,533.85
29.354933429,533.85
29.378162021,533.85
29.401636214,506.95
29.425137385,506.95
29.447812177,506.95
29.470411801,506.95
29.493243460,506.95
29.516076942,454.02
29.539907844,454.02
29.563570776,454.02
29.586903561,454.02
29.610597597,457.06
29.634400371,457.06
29.657579649,457.06
29.681396567,457.06
29.704836649,452.37
29.728154617,452.37
29.751669771,452.37
29.775127165,452.37
29.798243083,452.37
29.821714045,450.11
29.845078446,450.11
29.868417438,450.11
29.892298261,450.11
29.915494723,450.66
29.938858548,450.66
29.961874273,450.66
29.986558081,450.66
30.009748495,456.40
30.033468004,456.40
30.056668211,456.40
30.079807713,456.40
30.103270451,460.08
30.126860550,460.08
30.150218103,460.08
30.174083469,460.08
30.197567999,460.08
30.221270036,487.86
30.244512547,487.86
30.267917140,487.86
30.291676746,487.86
30.314939097,518.33
30.338711566,518.33
30.362047615,518.33
30.385601234,518.33
30.409099748,547.59
30.432920218,547.59
30.456219882,547.59
30.479134965,547.59
30.502651656,547.59
30.525852502,597.20
30.549199655,597.20
30.572734298,597.20
30.596452878,597.20
30.619581884,595.51
30.643093839,595.51
30.666299710,595.51
30.695351313,595.51
30.718346589,596.36
30.741891312,596.36
30.765059518,596.36
30.788137675,596.36
30.811354650,599.08
30.834920493,599.08
30.857940858,599.08
30.881093832,599.08
30.904121269,599.08
30.927324164,598.74
30.950989400,598.74
30.974405545,598.74
30.997741786,598.74
31.021543503,596.10
31.044740702,596.10
31.067818795,596.10
31.091531424,596.10
31.114813136,598.77
31.138195553,598.77
31.161763668,598.77
31.185154341,598.77
31.208502965,598.77
31.232168009,600.33
31.255446457,600.33
31.278648328,600.33
31.302397181,600.33
31.325660877,599.27
31.349162303,599.27
31.372148043,599.27
31.396581832,599.27
31.419786903,596.98
31.442961830,596.98
31.466199445,596.98
31.489401123,596.98
31.512485361,596.98
31.536136965,598.76
31.559397940,598.76
31.583165098,598.76
31.606428985,598.76
31.629772970,600.62
31.652585300,600.62
31.675738178,600.62
31.699026194,600.62
31.722110239,598.26
31.745522032,598.26
31.769119652,598.26
31.793864549,598.26
31.817689595,598.56
31.841173197,598.56
31.864372251,598.56
31.888002991,598.56
31.911296479,598.56
31.934525902,597.65
31.957814014,597.65
31.980885003,597.65
32.003785430,597.65
32.026980389,600.63
32.050261493,600.63
32.073111808,600.63
32.096265102,600.63
32.119641695,600.12
32.142941070,600.12
32.166733316,600.12
32.189834834,600.12
32.212998592,600.12
32.236378353,599.35
32.259656833,599.35
32.282867151,599.35
32.306667557,599.35
32.329699538,599.00
32.352865792,599.00
32.376221585,599.00
32.399652610,599.00
32.423304726,601.43
32.446506373,601.43
32.469646867,601.43
32.493125637,601.43
32.516382549,601.43
32.539891271,599.36
32.563229591,599.36
32.586398182,599.36
32.609679829,599.36
32.632847972,599.63
32.656300725,599.63
32.679513028,599.63
32.703277946,599.63
32.726286886,598.96
32.749531829,598.96
32.772541506,598.96
32.801418707,598.96
32.825058727,601.54
32.848352439,601.54
32.871511621,601.54
32.894835733,601.54
32.918122885,601.54
32.941121105,599.07
32.964446594,599.07
32.987700913,599.07
33.010979457,599.07
33.035051738,594.43
33.057965989,594.43
33.080836432,594.43
33.103976318,594.43
33.127120524,593.64
33.150476381,593.64
33.173469097,593.64
33.196306931,593.64
33.219936967,593.64
33.243200407,579.74
33.266131170,579.74
33.289198576,579.74
33.312663681,579.74
33.336099731,562.93
33.359433155,562.93
33.382542897,562.93
33.406029955,562.93
33.429924858,564.25
33.452940070,564.25
33.476180278,564.25
33.499319172,564.25
33.522386929,564.25
33.545572735,564.19
33.569139858,564.19
33.592342465,564.19
33.616111575,564.19
33.639357382,563.34
33.662495348,563.34
33.685694339,563.34
33.708935538,563.34
33.732146017,559.79
33.755251310,559.79
33.778318812,559.79
33.801449290,559.79
33.825046077,559.79
33.849065589,560.48
33.872195171,560.48
33.895631893,560.48
33.919110951,560.48
33.942492568,561.89
33.965479716,561.89
33.988416143,561.89
34.011436412,561.89
34.034510825,562.81
34.057398164,562.81
34.080633860,562.81
34.103613232,562.81
34.126920832,562.81
34.150246288,556.24
34.173440063,556.24
34.196585485,556.24
34.219953086,556.24
34.243230797,541.28
34.266599230,541.28
34.289828141,541.28
34.312888154,541.28
34.336038920,528.50
34.359226743,528.50
34.381986081,528.50
34.404497671,528.50
34.427027406,528.50
34.449790648,484.57
34.473405387,484.57
34.496921918,484.57
34.520616018,484.57
34.543787553,480.39
34.567590199,480.39
34.590848102,480.39
34.614139286,480.39
34.637739689,477.87
34.661474622,477.87
34.684714061,477.87
34.707749722,477.87
34.730768103,477.87
34.753655154,478.55
34.776570941,478.55
34.799479241,478.55
34.822465205,478.55
34.845928999,465.63
34.869052341,465.63
34.893386033,465.63
34.916960004,465.63
34.940680824,438.57
34.963777062,438.57
34.987009301,438.57
35.010289125,438.57
35.033475443,438.57
35.056654882,407.58
35.079629230,407.58
35.102687867,407.58
35.126058220,407.58
35.149021624,390.16
35.172374664,390.16
35.195610200,390.16
35.218963496,390.16
35.242282168,392.95
35.265088226,392.95
35.287807148,392.95
35.310837592,392.95
35.334211433,392.95
35.357411000,390.74
35.380805001,390.74
35.404368508,390.74
35.427451529,390.74
35.451263647,404.17
35.474577359,404.17
35.497153463,404.17
35.519639549,404.17
35.542161348,404.17
35.565105200,363.38
35.588825156,363.38
35.612809180,363.38
35.635865577,363.38
35.658873590,360.57
35.682323784,360.57
35.705335220,360.57
35.729152938,360.57
35.752464090,356.63
35.775939244,356.63
35.799451774,356.63
35.822901200,356.63
35.846137279,366.85
35.869416975,366.85
35.892264282,366.85
35.915275910,366.85
35.938462325,366.85
35.961572482,397.13
35.985602235,397.13
36.008939723,397.13
36.032139002,397.13
36.055173831,401.04
36.078270900,401.04
36.101186784,401.04
36.124382798,401.04
36.147850400,401.04
36.171413779,399.77
36.194808548,399.77
36.217726192,399.77
36.240676668,399.77
36.263821290,397.97
36.287224027,397.97
36.310259176,397.97
36.332967345,397.97
36.355394550,387.62
36.378518148,387.62
36.402383387,387.62
36.426264305,387.62
36.450164648,403.08
36.473772956,403.08
36.497365679,403.08
36.520440828,403.08
36.544096785,403.08
36.567490209,446.60
36.590815154,446.60
36.614066241,446.60
36.637523411,446.60
36.660628160,455.24
36.683930576,455.24
36.707683718,455.24
36.731192376,455.24
36.755254417,462.26
36.778419647,462.26
36.801516109,462.26
36.824276342,462.26
36.847172449,462.26
36.869906891,460.56
36.892942840,460.56
36.916249415,460.56
36.939705721,460.56
36.963016617,453.74
36.986639613,453.74
37.009660330,453.74
37.033136988,453.74
37.056359851,462.12
37.079366935,462.12
37.102314275,462.12
37.125160845,462.12
37.148271643,462.12
37.171417033,491.22
37.195175455,491.22
37.218598288,491.22
37.241878944,491.22
37.265360690,514.50
37.288553120,514.50
37.311724879,514.50
37.335112928,514.50
37.358260238,559.89
37.381343963,559.89
37.404521450,559.89
37.427670936,559.89
37.450636964,559.89
37.473748818,569.32
37.496455515,569.32
37.519541384,569.32
37.542986938,569.32
37.566265513,542.47
37.589543065,542.47
37.612815944,542.47
37.635815445,542.47
37.658539838,542.47
37.681415081,513.79
37.704909499,513.79
37.727997289,513.79
37.751372921,513.79
37.774590344,483.78
37.798024410,483.78
37.820706274,483.78
37.844349206,483.78
37.867264770,451.91
37.890731508,451.91
37.913879074,451.91
37.937256723,451.91
37.960621699,451.91
37.983624272,431.45
38.006022005,431.45
38.028379770,431.45
38.052294481,431.45
38.076219560,404.61
38.100057919,404.61
38.123455376,404.61
38.147373703,404.61
38.171075771,406.81
38.194218761,406.81
38.217609562,406.81
38.240740360,406.81
38.264649567,411.46
38.288293651,411.46
38.311363488,411.46
38.334222795,411.46
38.357400634,411.46
38.380400038,403.46
38.403334642,403.46
38.426180828,403.46
38.449401963,403.46
38.472574138,399.78
38.495435684,399.78
38.518533778,399.78
38.542219558,399.78
38.565980860,399.78
38.588984808,396.48
38.611484975,396.48
38.634273945,396.48
38.657179812,396.48
38.680801720,387.59
38.704293642,387.59
38.727177717,387.59
38.751357135,387.59
38.775061508,416.19
38.798119249,416.19
38.821593283,416.19
38.844946483,416.19
38.868925867,442.35
38.892497246,442.35
38.915464586,442.35
38.938490903,442.35
38.961708262,442.35
38.984691026,467.73
39.008004706,467.73
39.031267154,467.73
39.054367775,467.73
39.080100843,501.44
39.102994647,501.44
39.126277062,501.44
39.149421812,501.44
39.173342444,501.44
39.196751645,470.66
39.219843530,470.66
39.242923640,470.66
39.267186131,470.66
39.290703621,440.49
39.313484047,440.49
39.335979958,440.49
39.358532861,440.49
39.381648650,440.49
39.405606498,403.81
39.429234934,403.81
39.452486213,403.81
39.476111737,403.81
39.499406889,418.63
39.522304820,418.63
39.545932360,418.63
39.570041409,418.63
39.593314961,445.81
39.617345993,445.81
39.640484279,445.81
39.663430915,445.81
39.686377583,445.81
39.709471100,476.19
39.732275782,476.19
39.755131025,476.19
39.778049116,476.19
39.801437229,470.72
39.824907647,470.72
39.848371569,470.72
39.872154471,470.72
39.895212980,442.35
39.917981021,442.35
39.941061259,442.35
39.964076375,442.35
39.987512393,442.35
40.010906810,411.10
40.034485453,411.10
40.057671804,411.10
40.080609831,411.10
40.103282800,397.78
40.129935815,397.78
40.155416784,397.78
40.180338835,397.78
40.203806565,395.58
40.227075860,395.58
40.250180514,395.58
40.274262811,395.58
40.297814798,395.86
40.320822106,395.86
40.343864647,395.86
40.367061302,395.86
40.390245445,395.86
40.413794839,411.21
40.437685870,411.21
40.460900541,411.21
40.484550865,411.21
40.507631135,402.37
40.531185457,402.37
40.554499649,402.37
40.578172054,402.37
40.601289892,398.57
40.624872535,398.57
40.648085094,398.57
40.671506455,398.57
40.694912648,393.84
40.718146007,393.84
40.741649481,393.84
40.764987770,393.84
40.788290474,393.84
40.811434136,392.11
40.834942666,392.11
40.858687103,392.11
40.881773965,392.11
40.904748921,419.89
40.928172394,419.89
40.951244759,419.89
40.974513735,419.89
40.997810039,446.83
41.020960069,446.83
41.043896337,446.83
41.066519641,446.83
41.089209121,446.83
41.112090380,475.38
41.135029112,475.38
41.157884515,475.38
41.183291531,475.38
41.206175350,489.28
41.229686217,489.28
41.253050201,489.28
41.276469067,489.28
41.299117203,486.69
41.322044446,486.69
41.345778323,486.69
41.368858753,486.69
41.392146705,486.69
41.415212894,483.50
41.437949767,483.50
41.460729905,483.50
41.483693725,483.50
41.507233360,469.25
41.530511135,469.25
41.553724910,469.25
41.576936509,469.25
41.599967690,469.25
41.622954934,442.94
41.646105988,442.94
41.668981423,442.94
41.692296863,442.94
41.715770929,419.02
41.738728189,419.02
41.760927392,419.02
41.783147971,419.02
41.806147568,387.55
41.829771683,387.55
41.853777884,387.55
41.876954378,387.55
41.900414460,387.55
41.924246226,383.39
41.947179102,383.39
41.970399053,383.39
41.994030560,383.39
42.016955724,379.24
42.040212827,379.24
42.064113938,379.24
42.087951336,379.24
42.111053558,382.17
42.134540040,382.17
42.157894329,382.17
42.180913733,382.17
42.204184213,405.79
42.229907585,405.79
42.252998798,405.79
42.275697975,405.79
42.298256095,405.79
42.320742821,396.19
42.343985716,396.19
42.367512999,396.19
42.391140443,396.19
42.414432906,412.03
42.438267361,412.03
42.461374862,412.03
42.484580733,412.03
42.507805036,412.03
42.531121116,444.98
42.554535949,444.98
42.578073056,444.98
42.601444049,444.98
42.624471005,467.54
42.647578667,467.54
42.670613496,467.54
42.693959624,467.54
42.716889940,497.63
42.740378182,497.63
42.763675126,497.63
42.787358858,497.63
42.810674170,497.63
42.833856457,523.95
42.857028375,523.95
42.880280647,523.95
42.903919770,523.95
42.927730640,495.85
42.950969888,495.85
42.973400773,495.85
42.995951788,495.85
43.018699702,458.27
43.042163624,458.27
43.065609785,458.27
43.089050411,458.27
43.112636766,458.27
43.136199473,450.36
43.161919677,450.36
43.185261934,450.36
43.208688287,450.36
43.232202193,447.44
43.255526402,447.44
43.319794608,447.44
43.343388739,447.44
43.366866421,494.47
43.390293286,494.47
43.414192445,494.47
43.437772656,494.47
43.460897438,494.53
43.484040332,494.53
43.507394205,494.53
43.531153554,494.53
43.554721509,493.15
43.577540719,493.15
43.600859935,493.15
43.624349042,493.15
43.647535552,494.25
43.671291221,494.25
43.694246145,494.25
43.717150189,494.25
43.740113400,494.25
43.763029604,493.35
43.786136498,493.35
43.809137118,493.35
43.832223307,493.35
43.855290745,513.32
43.878394790,513.32
43.901780663,513.32
43.925081447,513.32
43.948609402,511.36
43.971750600,511.36
43.995105176,511.36
44.018001379,511.36
44.041199570,511.36
44.064196958,523.19
44.087323820,523.19
44.110768222,523.19
44.134131823,523.19
44.157239772,495.96
44.180363050,495.96
44.203238133,495.96
44.226032255,495.96
44.249372463,468.26
44.272715456,468.26
44.296127793,468.26
44.319309215,468.26
44.342741105,468.26
44.365900895,442.12
44.388589960,442.12
44.411876024,442.12
44.435583596,442.12
44.458274357,411.45
44.480427896,411.45
44.502786333,411.45
44.525705832,411.45
44.549376028,375.75
44.573575895,375.75
44.596685252,375.75
44.620152086,375.75
44.643861771,375.75
44.666958904,372.39
44.690024134,372.39
44.713607737,372.39
44.737152364,372.39
44.760694398,377.30
44.784079407,377.30
44.806657879,377.30
44.829904486,377.30
44.852934355,383.65
44.875988704,383.65
44.899020620,383.65
44.922515807,383.65
44.945347145,383.65
44.968665881,407.55
44.992182476,407.55
45.015108919,407.55
45.037819872,407.55
45.060361351,398.21
45.083109617,398.21
45.106672356,398.21
45.130507514,398.21
45.156088132,415.03
45.179390324,415.03
45.203297387,415.03
45.226486266,415.03
45.250347280,442.31
45.273926179,442.31
45.297139026,442.31
45.320350145,442.31
45.343776947,442.31
45.366885568,472.80
45.389837996,472.80
45.413857028,472.80
45.437029747,472.80
45.460013439,499.11
45.483298255,499.11
45.506868930,499.11
45.529955951,499.11
45.553722756,523.31
45.577077685,523.31
45.600581511,523.31
45.623851319,523.31
45.646990149,523.31
45.669735790,497.04
45.692847804,497.04
45.716010890,497.04
45.738578098,497.04
45.760710836,463.24
45.782790326,463.24
45.805556991,463.24
45.828850607,463.24
45.852436578,437.05
45.875925652,437.05
45.899102979,437.05
45.922602517,437.05
45.945952934,437.05
45.969600442,437.77
45.992946826,437.77
46.016182649,437.77
46.039842157,437.77
46.063273759,467.35
46.086036840,467.35
46.109214807,467.35
46.132351173,467.35
46.155989817,488.41
46.178922436,488.41
46.201874096,488.41
46.225067807,488.41
46.248433423,488.41
46.271425756,480.70
46.294692299,480.70
46.317687960,480.70
46.340933223,480.70
46.364168438,451.01
46.387668296,451.01
46.411010041,451.01
46.433915716,451.01
46.456353610,414.78
46.478527596,414.78
46.501364439,414.78
46.524856617,414.78
46.548595166,414.78
46.572095440,403.12
46.595560578,403.12
46.619577402,403.12
46.642948491,403.12
46.666293916,433.02
46.690277555,433.02
46.713468642,433.02
46.736777906,433.02
46.760182019,470.95
46.783207248,470.95
46.806427359,470.95
46.829378955,470.95
46.852526969,470.95
46.876102156,496.80
46.899060984,496.80
46.921884994,496.80
46.945512470,496.80
46.968616387,490.28
46.991620752,490.28
47.014519259,490.28
47.038711765,490.28
47.061882916,465.52
47.085218228,465.52
47.108565829,465.52
47.131697747,465.52
47.156986106,435.60
47.180017446,435.60
47.203075636,435.60
47.226274370,435.60
47.249130221,435.60
47.271443857,407.03
47.293966392,407.03
47.316882020,407.03
47.341523523,407.03
47.365160375,405.28
47.388808395,405.28
47.412169851,405.28
47.435823088,405.28
47.459350754,440.64
47.482913461,440.64
47.519441727,440.64
47.542922449,440.64
47.566977450,467.51
47.590473436,467.51
47.613618218,467.51
47.636837593,467.51
47.660092393,467.51
47.683034772,468.13
47.705988640,468.13
47.728889227,468.13
47.752249564,468.13
47.775672461,450.86
47.798638681,450.86
47.822055915,450.86
47.845553149,450.86
47.869005326,427.55
47.892982598,427.55
47.916539609,427.55
47.939037664,427.55
47.961338404,427.55
47.984336112,391.74
48.007686401,391.74
48.031343317,391.74
48.055197707,391.74
48.078650269,415.26
48.102335633,415.26
48.125323198,415.26
48.149126739,415.26
48.172442819,444.37
48.195682995,444.37
48.218939650,444.37
48.242191537,444.37
48.265453633,444.37
48.288584815,471.82
48.311922527,471.82
48.334908107,471.82
48.357980089,471.82
48.381065638,501.49
48.404468919,501.49
48.427582373,501.49
48.451490620,501.49
48.474820684,480.39
48.498104604,480.39
48.521261226,480.39
48.544015795,480.39
48.567087937,480.39
48.590761269,452.17
48.614135302,452.17
48.637523351,452.17
48.660510403,452.17
48.684037109,423.04
48.707419366,423.04
48.730040398,423.04
48.753118843,423.04
48.776125384,403.92
48.799232374,403.92
48.822445797,403.92
48.845924342,403.92
48.869046148,406.17
48.892097873,406.17
48.915170687,406.17
48.938421678,406.17
48.961763166,406.17
48.984295653,411.52
49.006697963,411.52
49.029323859,411.52
49.052916326,411.52
49.076525529,388.52
49.100151725,388.52
49.123773089,388.52
49.147338356,388.52
49.171352300,394.22
49.194649564,394.22
49.217599464,394.22
49.240999033,394.22
49.264787406,394.22
49.288296737,397.74
49.311572592,397.74
49.334788063,397.74
49.358055407,397.74
49.381309694,395.05
49.404573646,395.05
49.427689531,395.05
49.450736264,395.05
49.474082425,408.10
49.496920355,408.10
49.520025073,408.10
49.544180971,408.10
49.567309241,408.10
49.589776863,402.86
49.618420493,402.86
49.641142678,402.86
49.664790122,402.86
49.688478046,400.50
49.711912880,400.50
49.735344161,400.50
49.758887700,400.50
49.781824256,431.65
49.805519124,431.65
49.828915205,431.65
49.852070515,431.65
49.875386116,431.65
49.898843317,458.49
49.921993091,458.49
49.945262579,458.49
49.968593475,458.49
49.991708177,483.06
50.014787646,483.06
50.037989229,483.06
50.061411038,483.06
50.084619885,520.10
50.108414243,520.10
50.132138744,520.10
50.156523188,520.10
50.179043195,487.54
50.201388288,487.54
50.224415756,487.54
50.247920031,487.54
50.271764981,487.54
50.294948644,454.69
50.318423957,454.69
50.342173995,454.69
50.365587708,454.69
50.388696777,455.25
50.412081722,455.25
50.435222248,455.25
50.458465592,455.25
50.482519984,466.68
50.505402715,466.68
50.528869421,466.68
50.551942362,466.68
50.575129833,466.68
50.597963987,498.82
50.620834878,498.82
50.643803114,498.82
50.667221052,498.82
50.690450347,515.92
50.714046494,515.92
50.737657682,515.92
50.760958529,515.92
50.784344722,489.68
50.807435968,489.68
50.830547117,489.68
50.853424120,489.68
50.876358276,489.68
50.899582547,462.27
50.922552767,462.27
50.945939120,462.27
50.969435906,462.27
50.992418894,435.37
51.015750943,435.37
51.039201328,435.37
51.062423775,435.37
51.085787088,430.08
51.109103296,430.08
51.132469745,430.08
51.157366675,430.08
51.180762244,430.08
51.204485113,454.96
51.227891210,454.96
51.250901943,454.96
51.275205746,454.96
51.298187422,482.84
51.321150954,482.84
51.343906324,482.84
51.366931905,482.84
51.390261329,481.23
51.413499040,481.23
51.436552653,481.23
51.459735996,481.23
51.483458416,481.23
51.507054660,451.93
51.530776249,451.93
51.553259359,451.93
51.576932915,451.93
51.599711997,409.65
51.623223823,409.65
51.647049061,409.65
51.671812262,409.65
51.695202775,413.40
51.719522771,413.40
51.743092934,413.40
51.766750842,413.40
51.790281101,439.20
51.813469563,439.20
51.837204304,439.20
51.860775235,439.20
51.883854353,439.20
51.906963134,464.57
51.929835881,464.57
51.952914071,464.57
51.976069061,464.57
51.999218963,497.14
52.022464610,497.14
52.045915412,497.14
52.068848607,497.14
52.092315185,490.83
52.115707618,490.83
52.139314390,490.83
52.162710695,490.83
52.186116824,490.83
52.209225317,469.35
52.231586506,469.35
52.253713772,469.35
52.276957692,469.35
52.300005033,427.07
52.323417594,427.07
52.346884396,427.07
52.370154395,427.07
52.393526988,427.07
52.417187712,430.66
52.440372175,430.66
52.463756319,430.66
52.487251698,430.66
52.510843909,453.00
52.534448408,453.00
52.557974603,453.00
52.581393116,453.00
52.604937743,488.14
52.628398785,488.14
52.651508494,488.14
52.674621692,488.14
52.697904012,504.38
52.721969733,504.38
52.746045694,504.38
52.768523236,504.38
52.790953258,504.38
52.813592786,476.38
52.836866657,476.38
52.861266526,476.38
52.884739888,476.38
52.907895070,465.30
52.931526514,465.30
52.954365756,465.30
52.977409385,465.30
53.000758554,462.19
53.024070762,462.19
53.047324217,462.19
53.070900140,462.19
53.093981050,462.19
53.116898469,479.69
53.139935378,479.69
53.162863773,479.69
53.185924074,479.69
53.209020536,511.04
53.232210855,511.04
53.255268404,511.04
53.278510659,511.04
53.301752594,511.04
53.324514364,531.01
53.347668042,531.01
53.371089595,531.01
53.394433676,531.01
53.417579898,501.72
53.440740136,501.72
53.463543090,501.72
53.486492638,501.72
53.509801582,475.52
53.533307808,475.52
53.556748978,475.52
53.580162275,475.52
53.603685749,475.52
53.626772227,444.61
53.649758895,444.61
53.672744507,444.61
53.696149900,444.61
53.719829761,421.22
53.742920814,421.22
53.765188210,421.22
53.788217631,421.22
53.818931429,404.75
53.842158804,404.75
53.865919913,404.75
53.889272442,404.75
53.912746316,411.74
53.936257566,411.74
53.959156713,411.74
53.982374008,411.74
54.005983308,411.74
54.029455774,411.56
54.053056241,411.56
54.076766534,411.56
54.100123030,411.56
54.123590792,412.28
54.147123387,412.28
54.170350122,412.28
54.193436919,412.28
54.216683430,412.86
54.239929174,412.86
54.263154117,412.86
54.285948015,412.86
54.309475617,413.23
54.332923603,413.23
54.356316900,413.23
54.379282608,413.23
54.402246460,413.23
54.425378410,412.62
54.448493335,412.62
54.471906985,412.62
54.495141528,412.62
54.518419591,414.15
54.541907705,414.15
54.564955622,414.15
54.587778097,414.15
54.610901247,413.33
54.634179502,413.33
54.657389181,413.33
54.680812494,413.33
54.704365953,413.33
54.727802931,412.32
54.750964705,412.32
54.773898413,412.32
54.796951674,412.32
54.820039655,424.55
54.843253206,424.55
54.866895082,424.55
54.891155045,424.55
54.914627575,402.81
54.937097213,402.81
54.959346625,402.81
54.982053514,402.81
55.005730654,402.81
55.028746794,365.86
55.051777239,365.86
55.074627554,365.86
55.097758224,365.86
55.120919998,369.05
55.144232750,369.05
55.168184614,369.05
55.191430997,369.05
55.214618243,369.05
55.237605328,357.40
55.260757342,357.40
55.283746154,357.40
55.306688214,357.40
55.329761315,367.12
55.352761231,367.12
55.375729947,367.12
55.400524477,367.12
55.423815660,389.21
55.447281758,389.21
55.470567886,389.21
55.494160769,389.21
55.517853814,412.67
55.541279079,412.67
55.564424149,412.67
55.587929927,412.67
55.611144470,412.67
55.634587464,440.21
55.658457150,440.21
55.681918288,440.21
55.705289857,440.21
55.728658866,468.02
55.751760063,468.02
55.774619274,468.02
55.797911354,468.02
55.821522861,501.58
55.845014559,501.58
55.867985067,501.58
55.891198042,501.58
55.914396457,501.58
55.937429046,534.95
55.960398786,534.95
55.983430095,534.95
56.006422811,534.95
56.029472328,553.65
56.052827448,553.65
56.076099528,553.65
56.099306775,553.65
56.122757608,524.27
56.146000920,524.27
56.169024004,524.27
56.192563255,524.27
56.215938696,524.27
56.239288440,506.77
56.262603528,506.77
56.285619925,506.77
56.308430303,506.77
56.331355658,483.11
56.355068415,483.11
56.378264846,483.11
56.401555294,483.11
56.425145585,458.66
56.448182142,458.66
56.471318604,458.66
56.494501946,458.66
56.518084013,458.66
56.541391933,437.20
56.563933124,437.20
56.586370218,437.20
56.610061599,437.20
56.633943093,404.77
56.657408103,404.77
56.680744791,404.77
56.704232521,404.77
56.727629306,407.61
56.751268526,407.61
56.774738656,407.61
56.797903662,407.61
56.821678308,407.61
56.845475610,412.47
56.868890859,412.47
56.892350781,412.47
56.916042833,412.47
56.939289440,412.26
56.962679665,412.26
56.986086626,412.26
57.009562452,412.26
57.032898693,413.26
57.056159028,413.26
57.079847976,413.26
57.102975926,413.26
57.126059396,413.26
57.149151377,440.22
57.172300639,440.22
57.195302764,440.22
57.218605052,440.22
57.241809322,468.61
57.265483007,468.61
57.289054418,468.61
57.312184832,468.61
57.334714598,467.13
57.356880969,467.13
57.379419888,467.13
57.402512957,467.13
57.426096177,467.13
57.449513346,464.99
57.472934419,464.99
57.496212227,464.99
57.519696085,464.99
57.542773026,496.42
57.567045373,496.42
57.590258988,496.42
57.613570108,496.42
57.637350642,530.15
57.660239645,530.15
57.683171048,530.15
57.706418296,530.15
57.730036171,530.15
57.753007767,530.07
57.776003364,530.07
57.798928943,530.07
57.822022333,530.07
57.845008425,523.46
57.868146743,523.46
57.891192516,523.46
57.914260049,523.46
57.937483104,500.49
57.960935282,500.49
57.984388163,500.49
58.007421552,500.49
58.029951415,500.49
58.052378109,467.94
58.075020549,467.94
58.098151763,467.94
58.121902664,467.94
58.145427194,444.38
58.168638825,444.38
58.191949721,444.38
58.215308234,444.38
58.238534201,444.28
58.262087852,444.28
58.285288922,444.28
58.308735052,444.28
58.332509345,444.28
58.355885170,471.10
58.379250595,471.10
58.403702272,471.10
58.427257107,471.10
58.450843718,506.77
58.474646620,506.77
58.497836171,506.77
58.521254972,506.77
58.544796815,505.20
58.568301473,505.20
58.591785267,505.20
58.615092323,505.20
58.638086735,505.20
58.661229245,499.29
58.684700335,499.29
58.707737180,499.29
58.732340571,499.29
58.755716684,503.97
58.778793113,503.97
58.802336076,503.97
58.826482790,503.97
58.849678708,509.39
58.873407561,509.39
58.896562647,509.39
58.919656965,509.39
58.942856371,509.39
58.965952257,538.36
58.989162480,538.36
59.012503072,538.36
59.035314122,538.36
59.058919646,567.15
59.082596402,567.15
59.106190021,567.15
59.129758264,567.15
59.153261323,591.43
59.176422265,591.43
59.199915179,591.43
59.223482910,591.43
59.246856431,592.75
59.270504227,592.75
59.293917588,592.75
59.317376006,592.75
59.340697238,592.75
59.363850756,591.82
59.387552985,591.82
59.410863785,591.82
59.434146936,591.82
59.457577130,591.28
59.480826777,591.28
59.504267914,591.28
59.527636539,591.28
59.551173134,595.19
59.574368252,595.19
59.598501814,595.19
59.621741797,595.19
59.645303384,595.19
59.668875115,599.04
59.691973177,599.04
59.715060998,599.04
59.739517923,599.04
59.762893012,598.03
59.786614505,598.03
59.809952153,598.03
59.833915121,598.03
59.857464740,598.51
59.880896853,598.51
59.904358503,598.51
59.927878137,598.51
59.951381100,598.56
59.974780573,598.56
59.997915115,598.56
60.021301244,598.56
60.044383753,598.56
60.067473174,601.97
60.097464340,601.97
60.120947334,601.97
60.144751324,601.97
60.167809897,598.15
60.190858390,598.15
60.213846242,598.15
60.237802906,598.15
60.261205867,574.67
60.284665373,574.67
60.307684713,574.67
60.330666901,574.67
60.353739171,574.67
60.376865328,547.50
60.400252193,547.50
60.423850069,547.50
60.447516841,547.50
60.470046960,514.65
60.492435669,514.65
60.515087165,514.65
60.539177430,514.65
60.563054317,477.07
60.586455230,477.07
60.610066770,477.07
60.633778918,477.07
60.657695101,475.19
60.680936301,475.19
60.703974585,475.19
60.726930821,475.19
60.749883825,475.19
60.773227041,476.03
60.796462417,476.03
60.819976931,476.03
60.843469813,476.03
60.866821894,469.64
60.890273943,469.64
60.913594695,469.64
60.936935256,469.64
60.960294344,460.32
60.983186835,460.32
61.006182240,460.32
61.029382446,460.32
61.052462556,460.32
61.075968430,457.72
61.099420320,457.72
61.122526509,457.72
61.146408900,457.72
61.170031224,449.36
61.195968102,449.36
61.219147317,449.36
61.243658803,449.36
61.267126949,478.40
61.290132273,478.40
61.313472193,478.40
61.336939283,478.40
61.360260803,478.40
61.384043225,502.52
61.407456074,502.52
61.430668953,502.52
61.454141707,502.52
61.477350938,544.24
61.500812683,544.24
61.524238141,544.24
61.547659502,544.24
61.570838524,569.21
61.594383503,569.21
61.617937058,569.21
61.641430068,569.21
61.665338475,570.20
61.688431449,570.20
61.711234563,570.20
61.734205615,570.20
61.757171547,570.20
61.780180391,568.03
61.803528888,568.03
61.826759399,568.03
61.849835796,568.03
61.873061635,563.34
61.896601686,563.34
61.919954534,563.34
61.942776848,563.34
61.965771101,541.81
61.988812906,541.81
62.012044281,541.81
62.035476330,541.81
62.058965980,541.81
62.081347201,509.35
62.103640453,509.35
62.126514160,509.35
62.150677770,509.35
62.174885157,490.10
62.203962424,490.10
62.227418538,490.10
62.251655429,490.10
62.274944916,486.48
62.298291493,486.48
62.321859864,486.48
62.345617357,486.48
62.369421027,488.32
62.392943573,488.32
62.416048163,488.32
62.439295922,488.32
62.462473376,488.32
62.485216874,487.41
62.508380088,487.41
62.530801918,487.41
62.554082765,487.41
62.577497439,472.19
62.601000689,472.19
62.624451746,472.19
62.647956693,472.19
62.671180868,436.18
62.693944781,436.18
62.716276402,436.18
62.738579094,436.18
62.761937159,436.18
62.785487322,404.25
62.808852266,404.25
62.832198139,404.25
62.856611991,404.25
62.879958728,416.94
62.903235320,416.94
62.926754122,416.94
62.950152507,416.94
62.973651693,444.01
62.997279585,444.01
63.020247085,444.01
63.043397979,444.01
63.066924526,444.01
63.090058747,477.14
63.112853573,477.14
63.135781265,477.14
63.159013536,477.14
63.181920267,497.02
63.204919224,497.02
63.227976997,497.02
63.251787259,497.02
63.275186540,497.02
63.298223256,470.47
63.320522813,470.47
63.342892098,470.47
63.365591499,470.47
63.389088925,426.73
63.412814162,426.73
63.436132290,426.73
63.460593919,426.73
63.484136242,428.04
63.507513379,428.04
63.530996949,428.04
63.554713609,428.04
63.578541823,440.69
63.602149299,440.69
63.625745830,440.69
63.648770835,440.69
63.672002498,440.69
63.695119088,475.82
63.718388703,475.82
63.741756976,475.82
63.765293954,475.82
63.787950699,510.80
63.811315611,510.80
63.834808494,510.80
63.858312864,510.80
63.881804370,512.98
63.905157602,512.98
63.927890060,512.98
63.951449407,512.98
63.974942225,512.98
63.998246017,511.51
64.021864980,511.51
64.045214981,511.51
64.068641366,511.51
64.092394219,510.67
64.115753436,510.67
64.139228974,510.67
64.163557194,510.67
64.186594614,520.69
64.209935143,520.69
64.233241847,520.69
64.256267011,520.69
64.279683253,520.69
64.303168967,549.42
64.326214484,549.42
64.349313985,549.42
64.372820787,549.42
64.395598589,558.34
64.418950414,558.34
64.443406411,558.34
64.467995178,558.34
64.491233753,553.80
64.514723307,553.80
64.538107932,553.80
64.561833521,553.80
64.585057760,553.80
64.608549106,556.11
64.632221734,556.11
64.655410165,556.11
64.678506850,556.11
64.701926355,555.87
64.725232931,555.87
64.748117774,555.87
64.771244252,555.87
64.794831248,555.16
64.818313825,555.16
64.841642354,555.16
64.864711903,555.16
64.888411251,541.59
64.911823365,541.59
64.935146101,541.59
64.957862942,541.59
64.980634856,541.59
65.003397233,498.41
65.026938212,498.41
65.050936348,498.41
65.074819955,498.41
65.098866987,494.44
65.122646273,494.44
65.146051634,494.44
65.169407138,494.44
65.193168151,493.13
65.216939629,493.13
65.240701954,493.13
65.264260085,493.13
65.287799880,493.13
65.311626750,494.16
65.335457620,494.16
65.359210089,494.16
65.383399171,494.16
65.406868501,517.29
65.430556169,517.29
65.454308670,517.29
65.477894290,517.29
65.501861257,531.20
65.525422460,531.20
65.548675692,531.20
65.572142525,531.20
65.595584495,530.87
65.619195074,530.87
65.642883607,530.87
65.665835971,530.87
65.689741114,530.87
65.713111754,529.84
65.736678941,529.84
65.759637481,529.84
65.783794787,529.84
65.806732175,529.18
65.830551909,529.18
65.854130200,529.18
65.878563989,529.18
65.901574561,537.04
65.924656079,537.04
65.947881374,537.04
65.971180622,537.04
65.994135897,537.04
66.017198567,571.42
66.040314804,571.42
66.063618436,571.42
66.087175223,571.42
66.110453543,586.66
66.133946809,586.66
66.157622285,586.66
66.180805244,586.66
66.203913609,584.16
66.227176985,584.16
66.251060623,584.16
66.274270366,584.16
66.297963923,584.94
66.321254914,584.94
66.344298639,584.94
66.367463486,584.94
66.392768517,584.94
66.415957395,587.94
66.439572551,587.94
66.463023352,587.94
66.486305320,587.94
66.509680121,584.37
66.533262380,584.37
66.556296441,584.37
66.580022574,584.37
66.603860804,585.49
66.627533304,585.49
66.651296461,585.49
66.674473628,585.49
66.697877229,585.49
66.721466400,586.47
66.744802704,586.47
66.767703644,586.47
66.791022924,586.47
66.814113273,585.48
66.837555083,585.48
66.861297568,585.48
66.885409529,585.48
66.909002220,586.31
66.932355485,586.31
66.955387274,586.31
66.978969853,586.31
67.002443535,586.31
67.026224420,589.20
67.049725238,589.20
67.073200968,589.20
67.097188320,589.20
67.121134968,592.14
67.144930125,592.14
67.168322558,592.14
67.191768848,592.14
67.215406755,592.79
67.239204281,592.79
67.262699883,592.79
67.286159613,592.79
67.309791953,590.99
67.332850782,590.99
67.356377648,590.99
67.379567199,590.99
67.403056721,590.99
67.426784326,592.63
67.449928820,592.63
67.473302917,592.63
67.497471359,592.63
67.520890896,591.51
67.544488579,591.51
67.567888468,591.51
67.591154532,591.51
67.614369203,588.62
67.637717923,588.62
67.661265430,588.62
67.684472485,588.62
67.707714164,588.62
67.730256987,591.63
67.753567915,591.63
67.776831546,591.63
67.800186891,591.63
67.822882452,589.06
67.845852704,589.06
67.868589833,589.06
67.892864452,589.06
67.915852048,584.25
67.939098848,584.25
67.961940074,584.25
67.984929847,584.25
68.008252807,584.25
68.031593015,554.12
68.054722245,554.12
68.077727889,554.12
68.101068706,554.12
68.124228176,525.01
68.147316605,525.01
68.170556332,525.01
68.194951337,525.01
68.218230585,499.28
68.241787756,499.28
68.264800056,499.28
68.287951526,499.28
68.311447992,499.28
68.334300579,467.04
68.356858026,467.04
68.380309596,467.04
68.404587383,467.04
68.428034601,447.16
68.451604188,447.16
68.474274660,447.16
68.520761347,447.16
68.544289717,440.88
68.568160940,440.88
68.591213945,440.88
68.614449704,440.88
68.637926362,443.03
68.661663375,443.03
68.684837469,443.03
68.708119821,443.03
68.731192762,439.83
68.754048773,439.83
68.777685465,439.83
68.800978344,439.83
68.824155543,439.83
68.847239684,439.74
68.870516532,439.74
68.893309022,439.74
68.916287338,439.74
68.939229045,440.55
68.962228514,440.55
68.985298703,440.55
69.008975107,440.55
69.032140530,440.55
69.055170270,454.84
69.078229867,454.84
69.100901780,454.84
69.123747422,454.84
69.147238897,447.20
69.170819140,447.20
69.194186260,447.20
69.217904457,447.20
69.240890645,474.51
69.264044835,474.51
69.287441332,474.51
69.310906982,474.51
69.334649979,500.93
69.357788681,500.93
69.380561939,500.93
69.403886691,500.93
69.427247860,500.93
69.450630341,518.45
69.473723826,518.45
69.496619421,518.45
69.519915149,518.45
69.543407775,517.34
69.568001086,517.34
69.591220525,517.34
69.614406652,517.34
69.637190085,517.83
69.660461589,517.83
69.683535714,517.83
69.706600623,517.83
69.729769918,517.83
69.752795434,516.38
69.776678113,516.38
69.799292649,516.38
69.821747023,516.38
69.844854620,484.20
69.868359695,484.20
69.891560733,484.20
69.915160817,484.20
69.938171485,484.20
69.961029352,485.47
69.984108981,485.47
70.007436837,485.47
70.031117658,485.47
70.054287208,504.80
70.077259572,504.80
70.100562180,504.80
70.124064374,504.80
70.147323334,533.45
70.170378195,533.45
70.193457696,533.45
70.216560398,533.45
70.239671227,533.45
70.262611591,528.51
70.285612435,528.51
70.309428745,528.51
70.332306612,528.51
70.355081278,498.69
70.378466447,498.69
70.401987009,498.69
70.426121627,498.69
70.449672077,495.87
70.472847452,495.87
70.496128716,495.87
70.519601661,495.87
70.543211217,496.53
70.566482464,496.53
70.589636911,496.53
70.615395579,496.53
70.638663115,496.53
70.661691767,495.75
70.684746308,495.75
70.707658704,495.75
70.730767229,495.75
70.754040109,494.26
70.777194971,494.26
70.800450666,494.26
70.823576856,494.26
70.846166656,491.69
70.868925577,491.69
70.892765984,491.69
70.916241393,491.69
70.939532897,491.69
70.962735760,485.48
70.985656315,485.48
71.008594055,485.48
71.032143482,485.48
71.055688781,485.56
71.078651576,485.56
71.101593092,485.56
71.124580944,485.56
71.148250661,484.18
71.171809207,484.18
71.195181544,484.18
71.218478520,484.18
71.241543877,484.18
71.264455856,484.28
71.288057668,484.28
71.311323251,484.28
71.334774885,484.28
71.357743793,503.72
71.380663228,503.72
71.403469958,503.72
71.426335889,503.72
71.449349502,503.72
71.472745327,514.18
71.495811964,514.18
71.519387631,514.18
71.542555069,514.18
71.565600682,500.58
71.588641495,500.58
71.612107209,500.58
71.634916403,500.58
71.657759293,466.66
71.681504915,466.66
71.706347892,466.66
71.729922504,466.66
71.753430874,470.40
71.776455974,470.40
71.799697782,470.40
71.823196552,470.40
71.846867612,470.40
71.870409679,501.56
71.893501340,501.56
71.916584585,501.56
71.939773624,501.56
71.962729796,506.52
71.985615247,506.52
72.008519034,506.52
72.031573959,506.52
72.054946936,506.25
72.078216423,506.25
72.101251060,506.25
72.124645061,506.25
72.148625181,506.25
72.171819948,480.22
72.194587445,480.22
72.217942918,480.22
72.241803292,480.22
72.265558577,459.29
72.289294118,459.29
72.312419092,459.29
72.335335071,459.29
72.358710704,457.73
72.381830046,457.73
72.405082189,457.73
72.428368317,457.73
72.451410090,457.73
72.474617049,461.36
72.497729766,461.36
72.520974773,461.36
72.544449479,461.36
72.567652630,467.62
72.591450156,467.62
72.614739580,467.62
72.637772200,467.62
72.660887990,504.15
72.684287527,504.15
72.710345975,504.15
72.733317411,504.15
72.756372464,504.15
72.779465950,505.84
72.802427657,505.84
72.825987324,505.84
72.849653584,505.84
72.873207267,504.40
72.896733910,504.40
72.920016645,504.40
72.944262848,504.40
72.967202732,506.54
72.990072535,506.54
73.012933218,506.54
73.036172145,506.54
73.059743876,506.54
73.083008883,512.54
73.106621799,512.54
73.129462993,512.54
73.152525598,512.54
73.175687021,533.83
73.198753050,533.83
73.222012809,533.83
73.246521831,533.83
73.269316209,558.12
73.292318621,558.12
73.315569293,558.12
73.338948382,558.12
73.362390191,558.12
73.385294106,558.93
73.408534217,558.93
73.431901306,558.93
73.455276587,558.93
73.478685852,560.92
73.502168398,560.92
73.524983864,560.92
73.548903407,560.92
73.572141406,568.54
73.595176651,568.54
73.618065590,568.54
73.640934433,568.54
73.663853869,568.54
73.687001243,563.48
73.709866597,563.48
73.732819121,563.48
73.759001507,563.48
73.782050736,560.25
73.804928731,560.25
73.827868646,560.25
73.851134998,560.25
73.873677373,527.86
73.896943692,527.86
73.920648065,527.86
73.944685433,527.86
73.968158891,527.86
73.991577148,528.14
74.014822380,528.14
74.038781027,528.14
74.062528888,528.14
74.086286381,527.59
74.109826592,527.59
74.132804300,527.59
74.157731887,527.59
74.181321154,527.85
74.204440464,527.85
74.227410172,527.85
74.250528490,527.85
74.273895962,526.66
74.297766449,526.66
74.321180194,526.66
74.344626420,526.66
74.367443166,526.66
74.390282056,530.62
74.413808411,530.62
74.437445487,530.62
74.461814763,530.62
74.484760823,527.53
74.507639106,527.53
74.531317782,527.53
74.555980214,527.53
74.579448775,531.06
74.602912889,531.06
74.626110248,531.06
74.649203733,531.06
74.673065420,531.06
74.696529054,532.40
74.719958639,532.40
74.742559735,532.40
74.765567267,532.40
74.788618704,531.22
74.811929056,531.22
74.835162447,531.22
74.859136679,531.22
74.882076179,562.78
74.905183488,562.78
74.928375855,562.78
74.951475036,562.78
74.974074372,562.78
74.996763245,547.04
75.020238431,547.04
75.043537070,547.04
75.067026753,547.04
75.090224111,537.61
75.112992153,537.61
75.135733410,537.61
75.161023337,537.61
75.184481531,537.24
75.207716330,537.24
75.230740503,537.24
75.253857476,537.24
75.277213301,537.24
75.301439120,535.82
75.324925826,535.82
75.348355571,535.82
75.371451457,535.82
75.394520590,532.51
75.418315235,532.51
75.441872054,532.51
75.465513546,532.51
75.488729369,534.24
75.511847911,534.24
75.535052853,534.24
75.558172547,534.24
75.581431698,530.43
75.604591809,530.43
75.627781647,530.43
75.650652922,530.43
75.674374703,530.43
75.697813024,522.73
75.720904942,522.73
75.743404180,522.73
75.766418241,522.73
75.790149942,495.68
75.813511590,495.68
75.837148730,495.68
75.860265032,495.68
75.883075602,495.72
75.906628933,495.72
75.929783251,495.72
75.953162532,495.72
75.976379955,495.72
75.999310846,522.80
76.022137097,522.80
76.045490329,522.80
76.068804361,522.80
76.092230426,529.54
76.115564651,529.54
76.138619704,529.54
76.164050464,529.54
76.187871574,532.14
76.211200839,532.14
76.234449846,532.14
76.257360961,532.14
76.280365549,532.14
76.303399674,532.34
76.326392711,532.34
76.349483124,532.34
76.372860453,532.34
76.396046355,531.49
76.419462020,531.49
76.442446481,531.49
76.465621631,531.49
76.489024432,507.49
76.512421217,507.49
76.536081941,507.49
76.558991008,507.49
76.581399910,507.49
76.604220400,474.96
76.627862116,474.96
76.651273973,474.96
76.674622694,474.96
76.697977718,479.35
76.720911042,479.35
76.743935118,479.35
76.767852197,479.35
76.791338807,508.02
76.814782377,508.02
76.838031096,508.02
76.861001444,508.02
76.884767705,508.02
76.908283596,506.16
76.931789150,506.16
76.955231344,506.16
76.978679745,506.16
77.001848208,503.11
77.024950909,503.11
77.048178604,503.11
77.071217337,503.11
77.094635434,507.39
77.118430144,507.39
77.141922546,507.39
77.165266306,507.39
77.189391324,507.39
77.212679787,501.39
77.236124029,501.39
77.260013588,501.39
77.283996492,501.39
77.307226651,504.33
77.330394185,504.33
77.353716633,504.33
77.378140374,504.33
77.401451782,503.47
77.424310385,503.47
77.447315677,503.47
77.470543212,503.47
77.494390562,503.47
77.518092311,523.19
77.541529736,523.19
77.564824696,523.19
77.588462828,523.19
77.612104160,552.82
77.635550769,552.82
77.658842657,552.82
77.681889422,552.82
77.705732900,568.88
77.729428281,568.88
77.752960011,568.88
77.776533054,568.88
77.799796078,570.99
77.823079357,570.99
77.846404110,570.99
77.869668957,570.99
77.893203568,570.99
77.916387006,571.93
77.939394475,571.93
77.962666010,571.93
77.987893536,571.93
78.011254161,575.31
78.035368202,575.31
78.058205333,575.31
78.082562641,575.31
78.105712799,574.67
78.129385459,574.67
78.152858085,574.67
78.175765328,574.67
78.198551418,574.67
78.221732521,578.60
78.244948984,578.60
78.268441706,578.60
78.291846203,578.60
78.314772422,579.62
78.337900244,579.62
78.361323589,579.62
78.385784803,579.62
78.409126675,581.47
78.432427939,581.47
78.455795028,581.47
78.478850273,581.47
78.502060656,581.47
78.525544546,578.13
78.549316919,578.13
78.572604583,578.13
78.595784053,578.13
78.618859170,554.02
78.641826862,554.02
78.665061373,554.02
78.688359853,554.02
78.711711070,525.47
78.735410514,525.47
78.759019366,525.47
78.781844080,525.47
78.804434679,525.47
78.827216097,488.88
78.850578578,488.88
78.874282055,488.88
78.898244318,488.88
78.921737040,482.01
78.944876894,482.01
78.968057549,482.01
78.995982898,482.01
79.019455716,481.39
79.045611894,481.39
79.068519841,481.39
79.091450796,481.39
79.115036704,482.68
79.138550290,482.68
79.164195005,482.68
79.187320875,482.68
79.210440569,480.71
79.233985035,480.71
79.257956867,480.71
79.281378836,480.71
79.305054185,480.71
79.328149718,478.69
79.351420262,478.69
79.375067097,478.69
79.399008305,478.69
79.422587428,478.95
79.445885844,478.95
79.468940897,478.95
79.493233308,478.95
79.516941297,477.86
79.540196288,477.86
79.563966805,477.86
79.587012610,477.86
79.609853485,477.86
79.633683011,498.18
79.657076660,498.18
79.680387780,498.18
79.703825493,498.18
79.726993604,531.30
79.750242483,531.30
79.774212458,531.30
79.797783549,531.30
79.820892875,555.40
79.843851063,555.40
79.866368926,555.40
79.889619533,555.40
79.913204576,569.77
79.936527184,569.77
79.959833376,569.77
79.982848333,569.77
80.006007323,569.77
80.029071048,569.46
80.052101877,569.46
80.075138594,569.46
80.098384913,569.46
80.121393757,570.30
80.144783566,570.30
80.167695129,570.30
80.190918728,570.30
80.214476251,570.30
80.237226341,551.05
80.259644970,551.05
80.282529493,551.05
80.306407852,551.05
80.329615739,528.80
80.353216718,528.80
80.376263131,528.80
80.399930063,528.80
80.423230591,529.42
80.446718801,529.42
80.470062497,529.42
80.493125678,529.42
80.516424702,529.42
80.539821807,533.36
80.563336098,533.36
80.586980086,533.36
80.610727339,533.36
80.633965882,531.28
80.656989542,531.28
80.680400887,531.28
80.703976907,531.28
80.727301915,530.00
80.750724844,530.00
80.773571447,530.00
80.796537155,530.00
80.819692273,530.39
80.842804638,530.39
80.866028333,530.39
80.889077690,530.39
80.912392330,530.39
80.935684250,526.67
80.958947465,526.67
80.981779540,526.67
81.005757932,526.67
81.029515041,510.39
81.052461261,510.39
81.075076916,510.39
81.099613107,510.39
81.123378344,485.56
81.146921755,485.56
81.170293707,485.56
81.193675612,485.56
81.216613384,485.56
81.239828215,501.07
81.263344809,501.07
81.286712538,501.07
81.310085514,501.07
81.332755379,527.03
81.355744095,527.03
81.378682347,527.03
81.401785592,527.03
81.425224938,525.62
81.448144629,525.62
81.471171458,525.62
81.494956759,525.62
81.518292328,525.62
81.541781530,515.41
81.565398605,515.41
81.588355289,515.41
81.611047906,515.41
81.633771403,479.83
81.657345278,479.83
81.680935281,479.83
81.704208161,479.83
81.727868213,479.94
81.750871361,479.94
81.773817997,479.94
81.797247038,479.94
81.820722512,479.94
81.844412933,481.06
81.867566195,481.06
81.890727585,481.06
81.914212819,481.06
81.937370113,479.73
81.960765490,479.73
81.984153027,479.73
82.007177072,479.73
82.030279709,500.00
82.053733775,500.00
82.077285218,500.00
82.101017175,500.00
82.124541097,500.00
82.147754296,527.35
82.171427980,527.35
82.195420772,527.35
82.219969922,527.35
82.243446836,524.73
82.266488801,524.73
82.289658223,524.73
82.314231982,524.73
82.337575615,525.33
82.360927407,525.33
82.384142142,525.33
82.406870055,525.33
82.430448730,525.33
82.454409810,527.35
82.477623457,527.35
82.500821839,527.35
82.524159392,527.35
82.547282253,533.91
82.571360678,533.91
82.594704567,533.91
82.618427371,533.91
82.641549561,576.20
82.664413764,576.20
82.687745588,576.20
82.711027940,576.20
82.734482997,575.22
82.757777733,575.22
82.780634256,575.22
82.803713405,575.22
82.827087118,575.22
82.850071386,574.24
82.873069542,574.24
82.896069747,574.24
82.919178560,574.24
82.942290254,574.30
82.965183641,574.30
82.988026852,574.30
83.011065616,574.30
83.034020380,574.30
83.056608100,549.18
83.079835379,549.18
83.103473127,549.18
83.127109018,549.18
83.150793007,534.59
83.174145375,534.59
83.197167308,534.59
83.221660841,534.59
83.245045146,534.41
83.268420651,534.41
83.291661306,534.41
83.314564389,534.41
83.337788052,534.41
83.361721452,534.27
83.385228798,534.27
83.408374956,534.27
83.431639387,534.27
83.454529254,533.52
83.477948600,533.52
83.501433514,533.52
83.525030109,533.52
83.548446574,532.11
83.571584284,532.11
83.594635881,532.11
83.617869688,532.11
83.641077863,532.11
83.664044211,530.55
83.687249666,530.55
83.710816117,530.55
83.734822573,530.55
83.758407296,526.28
83.781836913,526.28
83.805214850,526.28
83.828250223,526.28
83.851253659,494.52
83.874443754,494.52
83.898557923,494.52
83.922167607,494.52
83.945654633,495.02
83.968894040,495.02
83.991749794,495.02
84.015025554,495.02
84.038562725,495.02
84.061993270,517.07
84.085400455,517.07
84.108516341,517.07
84.131702787,517.07
84.157526449,531.89
84.180664063,531.89
84.204219473,531.89
84.228420588,531.89
84.251961118,536.72
84.276057847,536.72
84.299335655,536.72
84.322586230,536.72
84.345680516,536.72
84.368855346,536.95
84.392214819,536.95
84.415410001,536.95
84.439305640,536.95
84.462839227,537.86
84.485791207,537.86
84.509117047,537.86
84.532881996,537.86
84.556337150,537.58
84.579922705,537.58
84.603082591,537.58
84.626167916,537.58
84.649837921,540.08
84.673065616,540.08
84.696527489,540.08
84.719669199,540.08
84.742864158,540.08
84.766342992,544.62
84.789843330,544.62
84.813072177,544.62
84.836566819,544.62
84.859404878,571.81
84.882398106,571.81
84.905663305,571.81
84.929169372,571.81
84.952776239,584.35
84.975895997,584.35
84.999312366,584.35
85.022962242,584.35
85.046381267,584.35
85.069860005,586.33
85.093315575,586.33
85.116487461,586.33
85.140127289,586.33
85.164284051,585.39
85.187649731,585.39
85.211116469,585.39
85.234241699,585.39
85.257626164,584.86
85.283759909,584.86
85.307126389,584.86
85.331062829,584.86
85.354124538,584.86
85.377241319,585.56
85.400567704,585.56
85.423677029,585.56
85.446990677,585.56
85.470156931,585.06
85.493234065,585.06
85.516520512,585.06
85.540248853,585.06
85.563560421,586.83
85.587268922,586.83
85.610540393,586.83
85.633423892,586.83
85.656841317,585.86
85.680156021,585.86
85.703492710,585.86
85.726426737,585.86
85.749429310,585.86
85.772571660,585.12
85.795574136,585.12
85.818566756,585.12
85.841785139,585.12
85.864722655,588.22
85.887623082,588.22
85.910536853,588.22
85.934069448,588.22
85.957313815,588.22
85.980892714,569.69
86.004007992,569.69
86.026485214,569.69
86.049073190,569.69
86.072498231,532.02
86.096078826,532.02
86.119305305,532.02
86.143749078,532.02
86.166909509,531.18
86.189651566,531.18
86.212809788,531.18
86.236104204,531.18
86.259776480,531.18
86.283313299,528.92
86.306295263,528.92
86.332125708,528.92
86.355721664,528.92
86.379490293,525.98
86.403057000,525.98
86.425995955,525.98
86.449189026,525.98
86.472646676,524.66
86.496063717,524.66
86.519594583,524.66
86.543094506,524.66
86.566134070,522.00
86.589094050,522.00
86.612769847,522.00
86.636102119,522.00
86.659593177,522.00
86.682771239,524.95
86.705789876,524.95
86.729208005,524.95
86.753807556,524.95
86.777174709,521.77
86.800737352,521.77
86.824016759,521.77
86.848298355,521.77
86.871941638,521.14
86.895052180,521.14
86.917896351,521.14
86.940914315,521.14
86.964009529,521.14
86.987761070,543.28
87.011284320,543.28
87.034747250,543.28
87.058453734,543.28
87.081663445,577.31
87.104997413,577.31
87.128768027,577.31
87.152083947,577.31
87.175202425,580.22
87.198240773,580.22
87.221554773,580.22
87.245319403,580.22
87.268751932,578.36
87.291977323,578.36
87.315429725,578.36
87.338289191,578.36
87.361676056,578.36
87.387455109,581.30
87.410917687,581.30
87.433973028,581.30
87.456912879,581.30
87.479796378,578.54
87.502973609,578.54
87.526066518,578.54
87.548979201,578.54
87.572104559,577.86
87.594893465,577.86
87.618014823,577.86
87.641077588,577.86
87.664537542,577.86
87.687983927,552.65
87.711567594,552.65
87.734993884,552.65
87.757586883,552.65
87.780118954,520.78
87.803557916,520.78
87.827196431,520.78
87.850856836,520.78
87.874493719,512.62
87.897742887,512.62
87.920650994,512.62
87.944264325,512.62
87.968082875,512.62
87.991496428,511.20
88.014822109,511.20
88.037742664,511.20
88.061114329,511.20
88.084237926,507.23
88.107188754,507.23
88.130016764,507.23
88.152826087,507.23
88.176114710,504.64
88.199481895,504.64
88.222679478,504.64
88.245784131,504.64
88.268880241,504.64
88.292128000,489.96
88.315638930,489.96
88.338270330,489.96
88.360807873,489.96
88.384011632,451.32
88.408090377,451.32
88.433102925,451.32
88.456864226,451.32
88.480090513,450.57
88.502593431,450.57
88.525790982,450.57
88.549178039,450.57
88.572618600,450.57
88.596132219,453.00
88.619300841,453.00
88.642025778,453.00
88.665303842,453.00
88.688666834,480.46
88.711837153,480.46
88.735069840,480.46
88.758177565,480.46
88.782053108,509.53
88.805638119,509.53
88.828572563,509.53
88.851153594,509.53
88.874617292,509.53
88.898231295,496.51
88.921372557,496.51
88.944915648,496.51
88.967963277,496.51
88.990927225,498.46
89.014261417,498.46
89.037666362,498.46
89.060837800,498.46
89.084101144,501.29
89.106906242,501.29
89.129953263,501.29
89.153336672,501.29
89.176815858,501.29
89.200235363,500.48
89.223263760,500.48
89.245964152,500.48
89.269474507,500.48
89.292950013,520.90
89.316160491,520.90
89.339545564,520.90
89.362451175,520.90
89.385452052,553.82
89.408724195,553.82
89.431769328,553.82
89.454726076,553.82
89.477854538,553.82
89.500942935,556.24
89.526850917,556.24
89.550059540,556.24
89.573186722,556.24
89.596533906,537.01
89.619218523,537.01
89.641819299,537.01
89.664787791,537.01
89.688433283,513.38
89.711721586,513.38
89.735239749,513.38
89.758392179,513.38
89.781425792,513.38
89.804605454,514.90
89.828054944,514.90
89.851375184,514.90
89.874914562,514.90
89.897855662,534.16
89.920847802,534.16
89.944235179,534.16
89.967343641,534.16
89.991011661,532.06
90.014373949,532.06
90.037598380,532.06
90.060831483,532.06
90.084997685,532.06
90.108409479,531.61
90.131962681,531.61
90.157604325,531.61
90.180588465,531.61
90.203441499,532.35
90.226520425,532.35
90.249731575,532.35
90.274137364,532.35
90.297028319,535.82
90.320681619,535.82
90.343930434,535.82
90.367403252,535.82
90.390278335,535.82
90.412814438,511.44
90.435655793,511.44
90.459128162,511.44
90.482828375,511.44
90.506109415,493.29
90.530255264,493.29
90.553414222,493.29
90.577234468,493.29
90.600910808,502.70
90.624659310,502.70
90.648291745,502.70
90.671618385,502.70
90.695158180,534.13
90.718633974,534.13
90.742296394,534.13
90.765621626,534.13
90.788878378,534.13
90.811692244,535.44
90.835074244,535.44
90.858436437,535.44
90.881896807,535.44
90.905561563,535.12
90.928572231,535.12
90.951369905,535.12
90.974552256,535.12
90.997936881,535.87
91.021274049,535.87
91.044463919,535.87
91.067700767,535.87
91.090954766,535.87
91.114292958,533.95
91.137495053,533.95
91.161072832,533.95
91.184288015,533.95
91.207132217,540.82
91.230649260,540.82
91.254153470,540.82
91.277544399,540.82
91.300904863,539.12
91.323912652,539.12
91.347135163,539.12
91.370623149,539.12
91.394135807,539.12
91.417573585,566.51
91.440903233,566.51
91.464238801,566.51
91.487971462,566.51
91.511189141,583.59
91.534817672,583.59
91.558165721,583.59
91.581266790,583.59
91.604728728,583.51
91.628362380,583.51
91.651950815,583.51
91.675570674,583.51
91.698848610,583.51
91.722246163,588.18
91.745804102,588.18
91.769241239,588.18
91.792824682,588.18
91.816112154,588.17
91.839212424,588.17
91.862685530,588.17
91.886832019,588.17
91.910113859,588.10
91.933882040,588.10
91.957028422,588.10
91.979756495,588.10
92.003261218,588.10
92.026729107,588.41
92.050286662,588.41
92.073248402,588.41
92.096781765,588.41
92.120357880,587.30
92.144112269,587.30
92.167473246,587.30
92.191115697,587.30
92.214456610,585.74
92.237686033,585.74
92.261291396,585.74
92.284491827,585.74
92.307674305,585.85
92.330897968,585.85
92.354105471,585.85
92.377486288,585.85
92.400932257,585.85
92.424462772,585.20
92.447766916,585.20
92.470662895,585.20
92.494419012,585.20
92.517852565,584.02
92.541211078,584.02
92.564841242,584.02
92.587709860,584.02
92.610863090,587.55
92.634517286,587.55
92.660429813,587.55
92.683689956,587.55
92.706886003,587.55
92.729571867,587.16
92.752781226,587.16
92.776172699,587.16
92.799906192,587.16
92.823337665,586.58
92.846463503,586.58
92.869651710,586.58
92.894122683,586.58
92.917691022,586.24
92.941188992,586.24
92.964216941,586.24
92.986880245,586.24
93.010481577,586.24
93.034250654,585.28
93.057459757,585.28
93.081045440,585.28
93.104293167,585.28
93.127271323,586.49
93.150368585,586.49
93.173349013,586.49
93.196318305,586.49
93.219300461,585.90
93.242348218,585.90
93.265643274,585.90
93.288845944,585.90
93.312218889,585.90
93.335873885,567.24
93.358993675,567.24
93.381492081,567.24
93.404321052,567.24
93.428194034,532.17
93.452103145,532.17
93.475631932,532.17
93.499438865,532.17
93.522479422,535.00
93.545924592,535.00
93.569638980,535.00
93.593006901,535.00
93.616520615,530.94
93.639695350,530.94
93.665304897,530.94
93.688282733,530.94
93.711525884,530.94
93.734767275,529.16
93.757882489,529.16
93.780943110,529.16
93.804412407,529.16
93.828618738,525.35
93.851785184,525.35
93.875222994,525.35
93.898534978,525.35
93.921933523,522.37
93.945398468,522.37
93.968883030,522.37
93.991913315,522.37
94.015104850,522.37
94.038621572,522.58
94.062116406,522.58
94.085376101,522.58
94.109116858,522.58
94.132244808,525.40
94.158380697,525.40
94.182119086,525.40
94.205532319,525.40
94.228986897,520.58
94.252657061,520.58
94.275754707,520.58
94.299062274,520.58
94.322918553,543.97
94.346184008,543.97
94.369227925,543.97
94.392806056,543.97
94.416238170,543.97
94.439737644,574.43
94.463027803,574.43
94.486019048,574.43
94.509413497,574.43
94.532969835,570.63
94.556849730,570.63
94.579980752,570.63
94.603612868,570.63
94.627217975,571.32
94.650366853,571.32
94.673907736,571.32
94.697090278,571.32
94.720280853,571.32
94.743380354,571.19
94.767241881,571.19
94.790778251,571.19
94.814626433,571.19
94.838198516,577.59
94.861244801,577.59
94.884546417,577.59
94.909317778,577.59
94.933215209,579.39
94.956590330,579.39
94.980463088,579.39
95.004188101,579.39
95.027766392,579.76
95.051344555,579.76
95.074717628,579.76
95.097663591,579.76
95.120989752,579.76
95.144251655,577.45
95.168042269,577.45
95.191679536,577.45
95.215428549,577.45
95.238811510,582.41
95.262234888,582.41
95.285771962,582.41
95.309274956,582.41
95.332670493,581.53
95.356337649,581.53
95.379532832,581.53
95.402640078,581.53
95.426033727,581.53
95.449552849,583.42
95.473408903,583.42
95.496658582,583.42
95.519823045,583.42
95.543278934,586.33
95.566803977,586.33
95.589888374,586.33
95.614289971,586.33
95.637442465,587.13
95.660828018,587.13
95.683740573,587.13
95.706589448,587.13
95.729619188,587.13
95.752742434,580.94
95.775706350,580.94
95.798809916,580.94
95.822265101,580.94
95.844720403,548.40
95.867017815,548.40
95.889720768,548.40
95.913134001,548.40
95.936455681,527.60
95.960064405,527.60
95.983746217,527.60
96.006766678,527.60
96.029829955,527.60
96.053658361,524.97
96.077204684,524.97
96.100473627,524.97
96.124519220,524.97
96.147738722,527.07
96.171437015,527.07
96.195586033,527.07
96.219776363,527.07
96.243682466,523.58
96.266848784,523.58
96.289775420,523.58
96.313243181,523.58
96.336997570,521.51
96.360494741,521.51
96.383944134,521.51
96.406774417,521.51
96.430093313,521.51
96.453442737,518.50
96.476746561,518.50
96.500406485,518.50
96.523856455,518.50
96.546943476,517.97
96.570148291,517.97
96.593512083,517.97
96.617046278,517.97
96.640516888,518.11
96.663452259,518.11
96.686741203,518.11
96.709982850,518.11
96.733399955,518.11
96.756824836,522.01
96.779858225,522.01
96.805698143,522.01
96.829719991,522.01
96.853469356,551.25
96.877090048,551.25
96.900134828,551.25
96.923589566,551.25
96.946648875,574.83
96.969826073,574.83
96.993312715,574.83
97.017032096,574.83
97.040084525,574.83
97.063338140,575.63
97.086289352,575.63
97.109752474,575.63
97.133542608,575.63
97.158462130,581.02
97.181179003,581.02
97.204425354,581.02
97.227909788,581.02
97.251433295,579.70
97.274742431,579.70
97.297721675,579.70
97.321012923,579.70
97.344473580,583.71
97.367995423,583.71
97.391383792,583.71
97.414546590,583.71
97.437570826,583.71
97.461013628,586.23
97.484471086,586.23
97.507881599,586.23
97.531028013,586.23
97.554239932,588.98
97.577439818,588.98
97.600679385,588.98
97.624146507,588.98
97.647841952,587.90
97.670900397,587.90
97.693907289,587.90
97.717217097,587.90
97.740567833,587.90
97.764108780,585.61
97.787635007,585.61
97.810935182,585.61
97.834209182,585.61
97.859385252,585.87
97.882360464,585.87
97.905582335,585.87
97.928820238,585.87
97.952566787,576.43
97.976253463,576.43
97.999416421,576.43
98.021986701,576.43
98.044897400,576.43
98.068271497,540.27
98.092695622,540.27
98.116535612,540.27
98.140257648,540.27
98.164780047,535.19
98.187967645,535.19
98.211645041,535.19
98.235238789,535.19
98.258722359,537.97
98.282151080,537.97
98.304952658,537.97
98.328058303,537.97
98.351662771,535.64
98.374990179,535.64
98.398394676,535.64
98.421623587,535.64
98.444545774,535.64
98.467973888,533.76
98.491500082,533.76
98.515184711,533.76
98.538436278,533.76
98.561274368,534.81
98.584563984,534.81
98.607795199,534.81
98.631187248,534.81
98.654777539,537.35
98.677614830,537.35
98.700314454,537.35
98.723669799,537.35
98.747409628,537.35
98.770975599,540.29
98.794186142,540.29
98.817148041,540.29
98.840569819,540.29
98.863950283,541.85
98.887293724,541.85
98.910797358,541.85
98.933901436,541.85
98.957158507,553.12
98.980787839,553.12
99.004065742,553.12
99.027426495,553.12
99.051090035,553.12
99.073844796,584.18
99.097212461,584.18
99.120677887,584.18
99.144204849,584.18
99.168058151,590.20
99.191125812,590.20
99.214173313,590.20
99.237857558,590.20
99.261372456,589.39
99.284756793,589.39
99.307842726,589.39
99.330728241,589.39
99.354371877,589.39
99.377785430,586.75
99.401081510,586.75
99.424497879,586.75
99.448750546,586.75
99.471582524,588.22
99.494802123,588.22
99.517816984,588.22
99.541278409,588.22
99.564741723,585.92
99.587916874,585.92
99.611588702,585.92
99.635259314,585.92
99.657779865,585.92
99.680276607,555.64
99.703758225,555.64
99.727121410,555.64
99.751765345,555.64
99.775386901,547.75
99.799059625,547.75
99.821771474,547.75
99.846559091,547.75
99.869821059,544.65
99.893271796,544.65
99.916904360,544.65
99.940025269,544.65
99.963042146,544.65
99.986554100,541.77
100.010067207,541.77
100.033448727,541.77
100.056890121,541.77
100.079953046,543.83
100.103522505,543.83
100.127597538,543.83
100.151228661,543.83
100.174514725,543.34
100.197726932,543.34
100.220221530,543.34
100.243754765,543.34
100.267376129,540.66
100.290573071,540.66
100.314063553,540.66
100.337044941,540.66
100.360306557,540.66
100.383743982,543.72
100.406926429,543.72
100.430569840,543.72
100.453784543,543.72
100.476796396,543.07
100.499461140,543.07
100.522379456,543.07
100.545399116,543.07
100.568479193,541.36
100.591521766,541.36
100.615085849,541.36
100.638126886,541.36
100.660916240,541.36
100.683935868,546.51
100.707292461,546.51
100.730322169,546.51
100.754101775,546.51
100.777337342,525.88
100.800256201,525.88
100.823213973,525.88
100.845998623,525.88
100.869236750,525.88
100.892171450,496.15
100.914513630,496.15
100.937160679,496.15
100.960808890,496.15
100.984201515,469.87
101.007454747,469.87
101.030919340,469.87
101.055015013,469.87
101.077960241,470.17
101.101549892,470.17
101.124656018,470.17
101.148060163,470.17
101.171471028,470.17
101.194616578,472.68
101.217711056,472.68
101.241599398,472.68
101.264972215,472.68
101.288583210,470.95
101.311902170,470.95
101.335371884,470.95
101.358876414,470.95
101.382360176,471.91
101.405688801,471.91
101.429067697,471.91
101.452286688,471.91
101.476087190,472.13
101.500435666,472.13
101.524096358,472.13
101.548126526,472.13
101.571641681,472.13
101.594794943,477.07
101.618420402,477.07
101.642031622,477.07
101.666489987,477.07
101.689897492,500.42
101.713426375,500.42
101.737292285,500.42
101.760964753,500.42
101.784403299,521.60
101.808064887,521.60
101.831318054,521.60
101.854401331,521.60
101.878696975,546.90
101.902458148,546.90
101.925828757,546.90
101.949242246,546.90
101.972586774,546.90
101.995913478,582.16
102.019654875,582.16
102.045995375,582.16
102.069674019,582.16
102.093356663,582.88
102.116029024,582.88
102.139204046,582.88
102.165129405,582.88
102.188576110,579.00
102.211989151,579.00
102.235138509,579.00
102.258397661,579.00
102.281983312,577.18
102.305265119,577.18
102.328938100,577.18
102.352510823,577.18
102.375786230,577.18
102.399216039,577.11
102.423002109,577.11
102.446101514,577.11
102.469093847,577.11
102.492410887,574.61
102.516251197,574.61
102.539744623,574.61
102.563019646,574.61
102.586391247,574.78
102.609509501,574.78
102.632913134,574.78
102.656602242,574.78
102.680266006,574.78
102.703595878,569.47
102.726960823,569.47
102.750754285,569.47
102.775151657,569.47
102.798792253,570.33
102.822102349,570.33
102.845072153,570.33
102.869950779,570.33
102.893859890,572.04
102.917352612,572.04
102.940755637,572.04
102.963933252,572.04
102.987015793,572.53
103.010615460,572.53
103.034260952,572.53
103.057575912,572.53
103.081001881,572.53
103.104293705,572.85
103.127436727,572.85
103.150896585,572.85
103.174445980,572.85
103.197983790,577.23
103.221411328,577.23
103.245045907,577.23
103.268574374,577.23
103.292246010,581.20
103.316048400,581.20
103.339728100,581.20
103.363033204,581.20
103.386731464,581.20
103.410182362,581.91
103.434047376,581.91
103.458210218,581.91
103.481658556,581.91
103.505028588,587.28
103.529069637,587.28
103.552685848,587.28
103.576067113,587.28
103.599295800,587.59
103.622562823,587.59
103.646538687,587.59
103.669882383,587.59
103.693367521,585.76
103.716891668,585.76
103.740061314,585.76
103.763195504,585.76
103.787005926,585.76
103.810099667,587.21
103.833274082,587.21
103.856735699,587.21
103.880366343,587.21
103.903805049,587.66
103.927167945,587.66
103.950359672,587.66
103.973097121,587.66
103.996557395,585.35
104.020302856,585.35
104.043493174,585.35
104.067075753,585.35
104.090291128,585.35
104.113442950,587.32
104.136942936,587.32
104.160664173,587.32
104.187400517,587.32
104.210182767,588.37
104.233599808,588.37
104.257112754,588.37
104.280550788,588.37
104.304234776,586.77
104.327618249,586.77
104.351088603,586.77
104.374450059,586.77
104.398301473,586.34
104.421160076,586.34
104.444247513,586.34
104.467033603,586.34
104.490660823,586.34
104.513955239,583.84
104.537388920,583.84
104.560820809,583.84
104.584121753,583.84
104.607440553,583.72
104.631571107,583.72
104.655001364,583.72
104.678755401,583.72
104.702451518,589.74
104.725922064,589.74
104.749620676,589.74
104.773027925,589.74
104.796603400,589.74
104.819883736,592.51
104.843145863,592.51
104.866435255,592.51
104.890641713,592.51
104.913829152,593.05
104.937058863,593.05
104.960109180,593.05
104.984509656,593.05
105.008142668,587.67
105.031377627,587.67
105.054628426,587.67
105.077656631,587.67
105.100967367,587.67
105.124194230,582.73
105.147829162,582.73
105.170910935,582.73
105.196158781,582.73
105.219627919,581.46
105.243378436,581.46
105.266705620,581.46
105.290011460,581.46
105.313272084,579.52
105.336551107,579.52
105.359875795,579.52
105.383117667,579.52
105.406350194,581.42
105.429655745,581.42
105.452767119,581.42
105.476419523,581.42
105.499844052,581.42
105.523054787,579.17
105.546572213,579.17
105.569803140,579.17
105.593190965,579.17
105.616894954,579.65
105.639866646,579.65
105.662865314,579.65
105.685728525,579.65
105.709388001,574.29
105.732737169,574.29
105.755822879,574.29
105.778955916,574.29
105.802044026,574.29
105.825527052,574.86
105.848964797,574.86
105.872199372,574.86
105.895880737,574.86
105.919089391,575.73
105.942143260,575.73
105.965576110,575.73
105.988691803,575.73
106.011577766,581.61
106.034624435,581.61
106.057579711,581.61
106.080988752,581.61
106.104480962,581.61
106.127558703,587.59
106.150455098,587.59
106.173514599,587.59
106.197029658,587.59
106.220410955,585.64
106.244284545,585.64
106.267921941,585.64
106.291600681,585.64
106.315073819,585.81
106.338669934,585.81
106.362095263,585.81
106.384895177,585.81
106.407843989,585.81
106.430442877,588.33
106.453841038,588.33
106.477365568,588.33
106.502214242,588.33
106.525581779,590.43
106.549019268,590.43
106.572418581,590.43
106.596966356,590.43
106.620124706,582.14
106.643301328,582.14
106.666291964,582.14
106.689105318,582.14
106.712143251,582.14
106.735222784,579.57
106.758456368,579.57
106.781471740,579.57
106.804349735,579.57
106.827151121,568.33
106.849699768,568.33
106.872212127,568.33
106.895616080,568.33
106.918969664,538.44
106.942481490,538.44
106.965950020,538.44
106.989078578,538.44
107.011795355,538.44
107.035028298,533.38
107.058412635,533.38
107.081488264,533.38
107.104713271,533.38
107.127539553,535.71
107.150674767,535.71
107.174021279,535.71
107.197195150,535.71
107.220499774,531.15
107.244062641,531.15
107.267560227,531.15
107.295371815,531.15
107.318768664,514.42
107.342902866,514.42
107.366233346,514.42
107.389676819,514.42
107.413576778,514.42
107.436881210,509.97
107.459827878,509.97
107.482658576,509.97
107.506337348,509.97
107.529564691,506.86
107.553064709,506.86
107.576285364,506.86
107.599209120,506.86
107.622943861,515.84
107.646515752,515.84
107.669621589,515.84
107.693096487,515.84
107.716158228,515.84
107.738860381,517.71
107.762133036,517.71
107.785691231,517.71
107.809132881,517.71
107.832723332,528.38
107.856032212,528.38
107.879573799,528.38
107.903132249,528.38
107.926849838,555.06
107.950396673,555.06
107.973521007,555.06
107.996336633,555.06
108.019879307,555.06
108.043172827,554.67
108.066525964,554.67
108.090035294,554.67
108.113879412,554.67
108.136725183,552.26
108.160186480,552.26
108.183733987,552.26
108.208455843,552.26
108.231713299,564.21
108.254618718,564.21
108.277838317,564.21
108.301275358,564.21
108.324479565,576.38
108.350867073,576.38
108.374044687,576.38
108.397255390,576.38
108.420877329,576.38
108.444114497,575.57
108.467380752,575.57
108.490754785,575.57
108.513761613,575.57
108.537223391,574.55
108.560960660,574.55
108.584103234,574.55
108.607518739,574.55
108.630651809,577.82
108.653146215,577.82
108.676364502,577.82
108.699668518,577.82
108.723036726,577.82
108.746499976,574.20
108.769472660,574.20
108.792853029,574.20
108.816628762,574.20
108.840022763,576.74
108.863400348,576.74
108.886713132,576.74
108.909538038,576.74
108.932985960,575.16
108.956345688,575.16
108.979504550,575.16
109.003064089,575.16
109.026138950,575.16
109.048786703,580.36
109.071900252,580.36
109.094943721,580.36
109.118087095,580.36
109.141104900,580.00
109.164955162,580.00
109.188392715,580.00
109.211430072,580.00
109.234535366,566.84
109.257866454,566.84
109.281174438,566.84
109.303941967,566.84
109.326985692,566.84
109.350127050,540.35
109.373480571,540.35
109.400959099,540.35
109.423962407,540.35
109.446340365,506.96
109.469190455,506.96
109.492542408,506.96
109.517176583,506.96
109.540544631,492.63
109.564496527,492.63
109.587642749,492.63
109.610722890,492.63
109.634449663,492.63
109.657945969,490.73
109.681363650,490.73
109.704447824,490.73
109.727607678,490.73
109.751040527,494.25
109.774630882,494.25
109.798262806,494.25
109.821785064,494.25
109.844890902,494.66
109.867643711,494.66
109.891277427,494.66
109.915050793,494.66
109.938491226,497.59
109.962201615,497.59
109.985586079,497.59
110.009093330,497.59
110.032502307,497.59
110.056233175,490.20
110.079640297,490.20
110.102960985,490.20
110.126067878,490.20
110.149885500,486.11
110.172704806,486.11
110.195384207,486.11
110.218100184,486.11
110.241711467,459.99
110.265426528,459.99
110.288830705,459.99
110.312275778,459.99
110.335809685,459.99
110.358565183,497.06
110.381800910,497.06
110.405186462,497.06
110.428620752,497.06
110.451878751,525.85
110.474855915,525.85
110.498101562,525.85
110.521805615,525.85
110.545336161,540.37
110.568691698,540.37
110.592018594,540.37
110.615027470,540.37
110.638436991,540.37
110.661658766,538.08
110.684429176,538.08
110.707658247,538.08
110.730710932,538.08
110.753996996,538.21
110.777675128,538.21
110.800938503,538.21
110.824190742,538.21
110.847716361,528.07
110.870840023,528.07
110.894207783,528.07
110.917169363,528.07
110.940246528,528.07
110.963252621,530.52
110.986804576,530.52
111.010072367,530.52
111.033380863,530.52
111.057007250,529.60
111.080571845,529.60
111.103745748,529.60
111.126895714,529.60
111.150493173,532.26
111.173985927,532.26
111.197162134,532.26
111.219963680,532.26
111.243278224,532.26
111.266435966,565.67
111.289850927,565.67
111.313417090,565.67
111.338029313,565.67
111.360879595,566.15
111.384323069,566.15
111.407953777,566.15
111.432288973,566.15
111.455224952,565.75
111.478452711,565.75
111.501764183,565.75
111.524798404,565.75
111.547872945,565.75
111.570725179,561.63
111.593950602,561.63
111.617204442,561.63
111.640702732,561.63
111.664177758,535.10
111.687426157,535.10
111.710419641,535.10
111.734879191,535.10
111.757880643,508.46
111.780997328,508.46
111.804302432,508.46
111.827436782,508.46
111.850113623,508.46
111.872914849,481.85
111.896626357,481.85
111.920562893,481.85
111.944182912,481.85
111.967931829,470.31
111.991354790,470.31
112.014745271,470.31
112.038532365,470.31
112.061834941,476.46
112.085470608,476.46
112.108580830,476.46
112.131362344,476.46
112.154722584,476.46
112.178219146,473.71
112.201593211,473.71
112.225092269,473.71
112.248438686,473.71
112.271589260,476.00
112.295029533,476.00
112.318386510,476.00
112.341870560,476.00
112.365122031,478.41
112.388036282,478.41
112.411189032,478.41
112.434245365,478.41
112.457520773,480.14
112.481043415,480.14
112.504270630,480.14
112.527510261,480.14
112.550969927,480.14
112.576652978,483.65
112.600111876,483.65
112.623492981,483.65
112.647647663,483.65
112.670851037,506.02
112.694316303,506.02
112.717626463,506.02
112.742129597,506.02
112.765019848,534.85
112.788252727,534.85
112.811606439,534.85
112.834852535,534.85
112.858612908,534.85
112.882176287,575.72
112.905433518,575.72
112.928720766,575.72
112.952263728,575.72
112.975506431,586.99
112.998794383,586.99
113.021723675,586.99
113.044733415,586.99
113.068374907,586.02
113.091696747,586.02
113.115278430,586.02
113.138692047,586.02
113.164527613,585.00
113.187643882,585.00
113.210861913,585.00
113.234353227,585.00
113.257827293,585.00
113.281065612,587.71
113.304659007,587.71
113.327860782,587.71
113.350633752,587.71
113.373403713,551.01
113.396837043,551.01
113.420489607,551.01
113.444215419,551.01
113.467854767,548.37
113.491060126,548.37
113.514121931,548.37
113.537367098,548.37
113.560617609,548.37
113.584105019,550.00
113.607221705,550.00
113.632015978,550.00
113.655625790,550.00
113.679027759,548.53
113.702199037,548.53
113.725535981,548.53
113.749628934,548.53
113.772752948,546.91
113.795999779,546.91
113.819381684,546.91
113.842619011,546.91
113.865808562,546.91
113.888645596,547.18
113.912117806,547.18
113.935493790,547.18
113.959197075,547.18
113.982425570,545.84
114.005467407,545.84
114.028356410,545.84
114.052408594,545.84
114.075767907,541.73
114.099059763,541.73
114.122544805,541.73
114.145314766,541.73
114.168516829,541.73
114.192026639,545.96
114.215381184,545.96
114.238817329,545.96
114.261849246,545.96
114.285177870,545.04
114.308424797,545.04
114.331961360,545.04
114.355790886,545.04
114.378885107,573.33
114.402181379,573.33
114.425782806,573.33
114.449338857,573.33
114.472815355,582.86
114.496297325,582.86
114.519371066,582.86
114.542662442,582.86
114.566025850,582.86
114.589446891,583.92
114.612479960,583.92
114.638109731,583.92
114.662413631,583.92
114.686131539,587.19
114.709217152,587.19
114.732790836,587.19
114.756928045,587.19
114.780185692,586.79
114.803831824,586.79
114.826749148,586.79
114.849732264,586.79
114.872707796,586.79
114.895947107,586.82
114.919754361,586.82
114.943152362,586.82
114.966723900,586.82
114.990048845,586.83
115.012612596,586.83
115.035622240,586.83
115.059321525,586.83
115.082712646,588.93
115.105892020,588.93
115.128845824,588.93
115.152751351,588.93
115.176318954,588.93
115.200021502,586.79
115.223680306,586.79
115.247161508,586.79
115.270485588,586.79
115.294015079,584.40
115.317165365,584.40
115.340068768,584.40
115.363113133,584.40
115.386448925,582.97
115.410134961,582.97
115.433379424,582.97
115.456539823,582.97
115.480042337,585.99
115.503089070,585.99
115.526228092,585.99
115.549380458,585.99
115.572949117,585.99
115.596302509,584.07
115.619375930,584.07
115.642917101,584.07
115.666448991,584.07
115.689906833,584.78
115.713398435,584.78
115.736735219,584.78
115.759812160,584.78
115.783336531,587.19
115.806858949,587.19
115.829799601,587.19
115.852766557,587.19
115.875812810,587.19
115.899214299,588.32
115.923309716,588.32
115.946615236,588.32
115.970063829,588.32
115.993230243,589.40
116.015734826,589.40
116.038766391,589.40
116.062358282,589.40
116.086220032,589.11
116.109368206,589.11
116.132363514,589.11
116.155410599,589.11
116.179138492,589.11
116.202160137,589.61
116.225716252,589.61
116.249279374,589.61
116.272626783,589.61
116.295984911,591.66
116.319738916,591.66
116.342901171,591.66
116.365980224,591.66
116.389116910,591.75
116.412709505,591.75
116.436432310,591.75
116.459605348,591.75
116.483097526,591.75
116.506211652,591.80
116.529082863,591.80
116.552639617,591.80
116.577117151,591.80
116.600079467,591.58
116.623534556,591.58
116.646378375,591.58
116.669319090,591.58
116.692497889,591.31
116.715409132,591.31
116.738742076,591.31
116.761447461,591.31
116.784277552,591.31
116.807082010,581.68
116.829727010,581.68
116.852158407,581.68
116.874903953,581.68
116.897985822,546.53
116.920735847,546.53
116.943721267,546.53
116.966759680,546.53
116.989721068,546.53
117.012614103,547.67
117.035874727,547.67
117.059174870,547.67
117.082810442,547.67
117.106264188,517.75
117.129348073,517.75
117.152230996,517.75
117.175614789,517.75
117.199219000,480.99
117.222958541,480.99
117.246218044,480.99
117.269655086,480.99
117.293110783,480.99
117.315793256,480.73
117.339625374,480.73
117.362943566,480.73
117.386591586,480.73
117.410175477,481.76
117.433583462,481.76
117.456760404,481.76
117.480001028,481.76
117.503360308,477.38
117.526915303,477.38
117.550293880,477.38
117.573256291,477.38
117.596544723,479.25
117.619990245,479.25
117.643405334,479.25
117.666894088,479.25
117.690153623,479.25
117.713848396,482.49
117.737500031,482.49
117.761035122,482.49
117.784904232,482.49
117.808067799,489.90
117.831303910,489.90
117.854774583,489.90
117.878198697,489.90
117.901668667,523.37
117.925078508,523.37
117.947851349,523.37
117.970975971,523.37
117.994151985,523.37
118.016922715,524.60
118.039904871,524.60
118.063108086,524.60
118.086480807,524.60
118.110432126,551.29
118.133816175,551.29
118.159718685,551.29
118.183664916,551.29
118.207085861,585.97
118.230641560,585.97
118.254175915,585.97
118.277414106,585.97
118.300390502,584.97
118.323931288,584.97
118.347285801,584.97
118.370585721,584.97
118.393864168,584.97
118.417319034,584.00
118.440516041,584.00
118.463971674,584.00
118.487598830,584.00
118.510738716,586.94
118.533806057,586.94
118.556928919,586.94
118.580108581,586.94
118.604092157,583.08
118.627556814,583.08
118.650788445,583.08
118.674387697,583.08
118.698094853,583.08
118.721600312,581.86
118.745149098,581.86
118.768509915,581.86
118.791550248,581.86
118.814763606,579.70
118.837995077,579.70
118.863897588,579.70
118.888306640,579.70
118.911549183,583.13
118.934958864,583.13
118.958523971,583.13
118.981855540,583.13
119.005434791,583.89
119.029090843,583.89
119.051881412,583.89
119.074987314,583.89
119.098550501,583.89
119.121928470,584.98
119.145465704,584.98
119.168873593,584.98
119.192008391,584.98
119.215504985,586.77
119.238891530,586.77
119.262203706,586.77
119.285535978,586.77
119.308753561,587.90
119.331687461,587.90
119.354928852,587.90
119.378263556,587.90
119.401831383,587.90
119.424819363,589.88
119.448315093,589.88
119.471938569,589.88
119.495175032,589.88
119.518616201,590.47
119.542071003,590.47
119.565038631,590.47
119.588323542,590.47
119.611529893,591.50
119.634809333,591.50
119.658235046,591.50
119.681252786,591.50
119.704426721,591.50
119.728637595,593.57
119.752148237,593.57
119.775967299,593.57
119.799649303,593.57
119.823012296,596.33
119.846430297,596.33
119.869986412,596.33
119.893536447,596.33
119.919414189,594.94
119.942778493,594.94
119.966214607,594.94
119.990253031,594.94
120.013613752,590.14
120.037159882,590.14
120.060657852,590.14
120.083993645,590.14
120.107653313,590.14
120.131311828,589.09
120.154574052,589.09
120.178353273,589.09
120.201696298,589.09
120.224364882,589.01
120.247538112,589.01
120.270905969,589.01
120.294074495,589.01
120.317738131,587.97
120.340771136,587.97
120.363936046,587.97
120.387297791,587.97
120.410794353,587.97
120.434287107,583.35
120.457638739,583.35
120.480803970,583.35
120.504438133,583.35
120.527832006,581.86
120.551346840,581.86
120.574685001,581.86
120.597899447,581.86
120.620620385,580.25
120.644196724,580.25
120.667376930,580.25
120.690922837,580.25
120.714056098,580.25
120.736939181,581.16
120.760003514,581.16
120.782883205,581.16
120.805833297,581.16
120.828781501,574.57
120.851758601,574.57
120.874937111,574.57
120.898287240,574.57
120.922625124,542.24
120.945496846,542.24
120.968236568,542.24
120.991099842,542.24
121.014663733,542.24
121.038139207,519.52
121.061699930,519.52
121.085468143,519.52
121.108788895,519.52
121.131894797,521.04
121.155167196,521.04
121.178541261,521.04
121.201821628,521.04
121.224710119,524.35
121.247993847,524.35
121.271823661,524.35
121.295405856,524.35
121.318846962,524.35
121.342268163,520.83
121.365528786,520.83
121.388779329,520.83
121.413466433,520.83
121.437212886,522.34
121.460873034,522.34
121.484232795,522.34
121.508150546,522.34
121.531934151,522.80
121.555674908,522.80
121.579046125,522.80
121.602441278,522.80
121.625931056,525.94
121.649313153,525.94
121.672833683,525.94
121.696385830,525.94
121.719760470,525.94
121.743218728,527.77
121.766487256,527.77
121.790074155,527.77
121.813644094,527.77
121.837294642,530.22
121.861062887,530.22
121.884084467,530.22
121.906897213,530.22
121.930129004,561.40
121.953475965,561.40
121.976612235,561.40
121.999584055,561.40
122.022846374,561.40
122.046461594,583.85
122.069918955,583.85
122.093474686,583.85
122.116752846,583.85
122.139669689,582.81
122.165564775,582.81
122.188620980,582.81
122.213221523,582.81
122.236455458,583.74
122.259595280,583.74
122.282736542,583.74
122.305962669,583.74
122.328857816,583.74
122.351882276,585.23
122.375154772,585.23
122.398820680,585.23
122.422232217,585.23
122.445574441,569.67
122.468686391,569.67
122.491266078,569.67
122.513982119,569.67
122.537356248,537.64
122.560881642,537.64
122.584023352,537.64
122.607676716,537.64
122.631012476,537.64
122.654138218,536.58
122.677566620,536.58
122.701082606,536.58
122.724638497,536.58
122.748066770,535.42
122.770871420,535.42
122.794184300,535.42
122.818444199,535.42
122.841744439,536.15
122.865133160,536.15
122.888259509,536.15
122.910904702,536.15
122.934025003,536.15
122.957441724,534.83
122.980721388,534.83
123.004280991,534.83
123.027555726,534.83
123.053176569,534.69
123.076424392,534.69
123.099407316,534.69
123.122717892,534.69
123.145707569,535.24
123.168470522,535.24
123.191865035,535.24
123.214741590,535.24
123.237856676,535.24
123.261142547,518.82
123.284536644,518.82
123.307582417,518.82
123.330825088,518.82
123.353624554,493.29
123.376576758,493.29
123.399599202,493.29
123.423138357,493.29
123.446301219,474.56
123.469940343,474.56
123.492839586,474.56
123.515284168,474.56
123.537768974,474.56
123.560812283,473.31
123.584367182,473.31
123.607407451,473.31
123.630777355,473.31
123.654059003,464.70
123.677156648,464.70
123.700175701,464.70
123.725386267,464.70
123.748926733,466.14
123.772280510,466.14
123.795635118,466.14
123.818306551,466.14
123.841806057,466.14
123.865090424,466.39
123.888400136,466.39
123.912344288,466.39
123.935591151,466.39
123.958708540,466.08
123.982671444,466.08
124.006257095,466.08
124.030152990,466.08
124.056412016,468.88
124.079613183,468.88
124.103636695,468.88
124.128484825,468.88
124.152253934,463.83
124.176419304,463.83
124.199809945,463.83
124.222990471,463.83
124.246639227,482.95
124.270658291,482.95
124.293924227,482.95
124.317045137,482.95
124.340614051,482.95
124.363822322,506.04
124.387080322,506.04
124.409983469,506.04
124.432969657,506.04
124.456366954,525.99
124.479809883,525.99
124.502821416,525.99
124.525872917,525.99
124.548678751,531.15
124.571626026,531.15
124.594750008,531.15
124.617912230,531.15
124.641756284,531.15
124.665385136,511.70
124.688555646,511.70
124.711065925,511.70
124.733947056,511.70
124.756828187,472.11
124.780402702,472.11
124.803966977,472.11
124.827473267,472.11
124.851151143,475.17
124.874375094,475.17
124.897994825,475.17
124.921454875,475.17
124.944894125,475.17
124.968285661,473.82
124.991617678,473.82
125.014191317,473.82
125.037858185,473.82
125.061298266,473.22
125.084533993,473.22
125.108229950,473.22
125.130879846,473.22
125.155628391,474.36
125.179424348,474.36
125.202796461,474.36
125.226180318,474.36
125.249914835,474.36
125.273027072,479.00
125.296532915,479.00
125.320193670,479.00
125.343696953,479.00
125.367067945,474.89
125.390300152,474.89
125.413259268,474.89
125.437990277,474.89
125.461343797,485.37
125.484712390,485.37
125.508035254,485.37
125.531036962,485.37
125.554229681,485.37
125.578157224,514.74
125.601512472,514.74
125.625087947,514.74
125.648656894,514.74
125.671911981,539.41
125.695169117,539.41
125.718290474,539.41
125.741748028,539.41
125.765286639,576.89
125.788305371,576.89
125.811140070,576.89
125.834494614,576.89
125.857888647,581.76
125.881314072,581.76
125.904627240,581.76
125.927357905,581.76
125.950759298,581.76
125.974433014,584.50
125.997775047,584.50
126.021533180,584.50
126.044652361,584.50
126.067721047,585.62
126.091232041,585.62
126.114442328,585.62
126.137753224,585.62
126.160911062,586.97
126.183499549,586.97
126.206864974,586.97
126.229856922,586.97
126.253129865,586.97
126.276015956,584.11
126.299156418,584.11
126.322253168,584.11
126.345861123,584.11
126.368943184,579.93
126.392214720,579.93
126.415961685,579.93
126.438818079,579.93
126.461245157,579.93
126.484077583,545.63
126.507481440,545.63
126.531010931,545.63
126.554386948,545.63
126.577913110,541.59
126.601052708,541.59
126.623741229,541.59
126.646909819,541.59
126.670445997,540.21
126.694080193,540.21
126.717299664,540.21
126.740292924,540.21
126.763746734,540.25
126.787650661,540.25
126.811061654,540.25
126.834553032,540.25
126.857900280,540.25
126.880701954,537.55
126.904560888,537.55
126.928321646,537.55
126.951864416,537.55
126.975742775,538.44
126.998971398,538.44
127.022623386,538.44
127.045886217,538.44
127.069523549,538.34
127.092496169,538.34
127.115698903,538.34
127.138778757,538.34
127.162462873,538.34
127.185818633,532.84
127.208986360,532.84
127.232532106,532.84
127.257154570,532.84
127.280591739,530.70
127.303931723,530.70
127.327526590,530.70
127.351721529,530.70
127.374633636,537.24
127.398146102,537.24
127.421522343,537.24
127.444725526,537.24
127.467935940,537.24
127.491116563,575.10
127.514562916,575.10
127.538423291,575.10
127.562026062,575.10
127.585293629,577.47
127.608770543,577.47
127.632322146,577.47
127.655828052,577.47
127.679425863,576.99
127.702742743,576.99
127.725606882,576.99
127.748843249,576.99
127.772784584,576.55
127.796149017,576.55
127.819572522,576.55
127.843082172,576.55
127.865932775,576.55
127.889093365,576.81
127.912378085,576.81
127.935939672,576.81
127.960012496,576.81
127.982838299,577.82
128.005849959,577.82
128.029265304,577.82
128.052445895,577.82
128.076033498,579.69
128.099318281,579.69
128.122412247,579.69
128.145799304,579.69
128.169178840,579.69
128.192511304,582.32
128.216131548,582.32
128.239186089,582.32
128.262197205,582.32
128.285816745,587.20
128.309214682,587.20
128.332574698,587.20
128.355776825,587.20
128.379113353,588.12
128.402603259,588.12
128.425853098,588.12
128.449299292,588.12
128.473015089,588.12
128.495914780,588.05
128.518992745,588.05
128.542713854,588.05
128.567471838,588.05
128.590882864,591.11
128.614312449,591.11
128.637069226,591.11
128.661206308,591.11
128.684689878,591.53
128.708106279,591.53
128.731635769,591.53
128.754850728,591.53
128.777822932,591.53
128.801641674,592.70
128.825098044,592.70
128.848776112,592.70
128.872256226,592.70
128.895223310,594.81
128.919047108,594.81
128.942380724,594.81
128.966088104,594.81
128.989556570,592.79
129.012488422,592.79
129.035734421,592.79
129.058840674,592.79
129.082153458,592.92
129.105943112,592.92
129.128990997,592.92
129.152292100,592.92
129.175803703,592.92
129.199289833,593.96
129.222788699,593.96
129.246074218,593.96
129.269268793,593.96
129.297169150,591.29
129.320720337,591.29
129.344831082,591.29
129.368640096,591.29
129.391845679,591.35
129.415106814,591.35
129.438253260,591.35
129.461876448,591.35
129.485564692,591.78
129.508632993,591.78
129.531440939,591.78
129.554767643,591.78
129.578177900,591.78
129.601624254,592.04
129.625463156,592.04
129.648518433,592.04
129.671680207,592.04
129.695103872,593.63
129.718407248,593.63
129.741957731,593.63
129.765217906,593.63
129.787989980,593.44
129.811284811,593.44
129.834936735,593.44
129.858508658,593.44
129.882127974,593.44
129.905047281,593.78
129.928033149,593.78
129.951384238,593.78
129.974576988,593.78
129.998249968,594.95
130.021311326,594.95
130.044196488,594.95
130.067852924,594.95
130.091559953,594.29
130.115044899,594.29
130.138430132,594.29
130.161576514,594.29
130.184807249,594.29
130.207759996,591.92
130.230883914,591.92
130.253916983,591.92
130.277246919,591.92
130.300103154,593.10
130.322781786,593.10
130.345199520,593.10
130.367523748,593.10
130.390370383,593.10
130.413572317,552.99
130.436785068,552.99
130.460252094,552.99
130.484071316,552.99
130.507105728,551.91
130.530343247,551.91
130.553848898,551.91
130.577110513,551.91
130.600573251,550.80
130.623995444,550.80
130.646780638,550.80
130.669920747,550.80
130.693271996,550.80
130.716548939,550.80
130.740105758,550.80
130.763311245,550.80
130.786606557,550.80
130.809541224,550.71
130.832788183,550.71
130.856235177,550.71
130.879623738,550.71
130.902493508,550.58
130.925979862,550.58
130.949469896,550.58
130.972904314,550.58
130.996506861,550.36
131.019366808,550.36
131.042381092,550.36
131.065840502,550.36
131.089273575,550.36
131.112480822,549.23
131.136007816,549.23
131.160567207,549.23
131.183686293,549.23
131.207104550,551.75
131.230606872,551.75
131.254121034,551.75
131.277073846,551.75
131.300103459,550.15
131.323537076,550.15
131.347125159,550.15
131.370651577,550.15
131.394421871,550.15
131.417552445,594.35
131.441576789,594.35
131.465072647,594.35
131.488765499,594.35
131.512348686,593.93
131.535598814,593.93
131.559134288,593.93
131.583319114,593.93
131.606941886,595.09
131.630270286,595.09
131.653495997,595.09
131.676568874,595.09
131.699979995,595.09
131.723201770,595.00
131.746452441,595.00
131.769808362,595.00
131.793131610,595.00
131.816418665,595.03
131.839512535,595.03
131.863385165,595.03
131.886879999,595.03
131.909998957,594.92
131.933128123,594.92
131.956569228,594.92
131.979785403,594.92
132.003056874,593.70
132.026490908,593.70
132.049364391,593.70
132.072248209,593.70
132.095889285,593.70
132.119455928,594.40
132.143085868,594.40
132.167289350,594.40
132.190510741,594.40
132.214143625,593.11
132.237543226,593.11
132.260704136,593.11
132.284143833,593.11
132.307499754,593.43
132.330345748,593.43
132.352962332,593.43
132.375723142,593.43
132.398821235,593.43
132.421732670,594.34
132.444885772,594.34
132.467788215,594.34
132.491600173,594.34
132.513938034,561.03
132.536262326,561.03
132.559107233,561.03
132.582175374,561.03
132.605983459,561.03
132.629274259,546.60
132.652423073,546.60
132.675646992,546.60
132.698956384,546.60
132.721824939,541.84
132.744622357,541.84
132.767512736,541.84
132.792000605,541.84
132.815057898,524.13
132.837602961,524.13
132.860421627,524.13
132.883568361,524.13
132.906883417,524.13
132.930537005,495.04
132.953574458,495.04
132.976026208,495.04
132.998606663,495.04
133.021700053,454.29
133.045358121,454.29
133.068746970,454.29
133.093478490,454.29
133.117211311,454.40
133.140235387,454.40
133.163963248,454.40
133.187464258,454.40
133.210943156,456.86
133.234578152,456.86
133.257835895,456.86
133.280473855,456.86
133.303718542,456.86
133.327109375,449.93
133.350205837,449.93
133.374102115,449.93
133.397206257,449.93
133.420536289,447.83
133.444257622,447.83
133.467626726,447.83
133.491114392,447.83
133.514226342,474.13
133.539418924,474.13
133.562731324,474.13
133.586005419,474.13
133.609484989,474.13
133.632922895,497.37
133.656339072,497.37
133.679726736,497.37
133.704464017,497.37
133.728179558,500.83
133.752044540,500.83
133.775433645,500.83
133.799240451,500.83
133.822812086,515.90
133.846350856,515.90
133.869878779,515.90
133.893492942,515.90
133.917023104,547.97
133.940382641,547.97
133.964147942,547.97
133.987753818,547.97
134.011293964,547.97
134.034605244,580.62
134.057527591,580.62
134.080948665,580.62
134.104940368,580.62
134.128167167,585.97
134.151781395,585.97
134.175011074,585.97
134.197902221,585.97
134.221443839,584.44
134.245166580,584.44
134.268152480,584.44
134.291515793,584.44
134.314821185,584.44
134.338045488,589.68
134.361217342,589.68
134.384301899,589.68
134.407758973,589.68
134.431013900,590.26
134.454160250,590.26
134.477623756,590.26
134.500975836,590.26
134.524479246,585.78
134.548202275,585.78
134.571639700,585.78
134.594424382,585.78
134.617772591,585.78
134.641446563,584.15
134.664644145,584.15
134.687685086,584.15
134.711731927,584.15
134.735230601,581.47
134.758905949,581.47
134.782206733,581.47
134.806420999,581.47
134.829561365,569.77
134.852776260,569.77
134.875803952,569.77
134.899170273,569.77
134.922241966,569.77
134.945422173,567.77
134.968375240,567.77
134.991367476,567.77
135.014011709,567.77
135.036452418,530.04
135.059152299,530.04
135.082565532,530.04
135.105954061,530.04
135.129323518,525.16
135.152854384,525.16
135.175914301,525.16
135.198891497,525.16
135.222358299,525.16
135.245563498,524.93
135.268718648,524.93
135.292230666,524.93
135.316162721,524.93
135.338929899,523.76
135.362295035,523.76
135.385717452,523.76
135.408973532,523.76
135.432481582,527.03
135.455255832,527.03
135.478569032,527.03
135.501947960,527.03
135.525576364,527.03
135.549098974,524.67
135.572480207,524.67
135.595499996,524.67
135.619685686,524.67
135.643130183,526.75
135.666648281,526.75
135.690185484,526.75
135.713886816,526.75
135.737259985,525.55
135.760865412,525.55
135.784082131,525.55
135.806996926,525.55
135.830177229,525.55
135.853937922,539.46
135.877002287,539.46
135.899503702,539.46
135.922150846,539.46
135.944871527,502.89
135.967965588,502.89
135.991567335,502.89
136.015857699,502.89
136.039221683,532.60
136.062495011,532.60
136.085295725,532.60
136.108577532,532.60
136.132087663,532.60
136.155539168,542.07
136.179390294,542.07
136.202272897,542.07
136.225742099,542.07
136.249603273,539.88
136.273092187,539.88
136.296811984,539.88
136.320452740,539.88
136.343892437,538.97
136.367647146,538.97
136.391258302,538.97
136.414779824,538.97
136.438748648,538.78
136.461810389,538.78
136.484881570,538.78
136.508862362,538.78
136.532728688,538.78
136.556416324,540.69
136.580092440,540.69
136.603773805,540.69
136.627485313,540.69
136.651684124,542.26
136.675853077,542.26
136.699246918,542.26
136.722544982,542.26
136.745490178,541.19
136.768695056,541.19
136.791951904,541.19
136.815020557,541.19
136.838712257,542.15
136.861647821,542.15
136.884900508,542.15
136.907940649,542.15
136.931391322,542.15
136.954718218,582.21
136.977960185,582.21
137.000963558,582.21
137.024575257,582.21
137.047977514,586.19
137.071322458,586.19
137.094785996,586.19
137.117665559,586.19
137.140719012,589.61
137.163937619,589.61
137.187406853,589.61
137.210712756,589.61
137.234147590,589.61
137.257219315,593.18
137.280687429,593.18
137.304397849,593.18
137.327891115,593.18
137.351538591,594.06
137.374579404,594.06
137.397404310,594.06
137.420812743,594.06
137.444459387,594.62
137.467950157,594.62
137.491117915,594.62
137.513787492,594.62
137.537047795,594.62
137.560552613,597.56
137.584080408,597.56
137.607944974,597.56
137.631305470,597.56
137.654555182,597.78
137.679480304,597.78
137.702878401,597.78
137.728235433,597.78
137.751305430,600.06
137.774281922,600.06
137.797293199,600.06
137.820767936,600.06
137.844363700,600.06
137.867418273,600.77
137.890009224,600.77
137.913258583,600.77
137.937063661,600.77
137.960560031,597.91
137.984052753,597.91
138.007303712,597.91
138.031431930,597.91
138.054572616,599.41
138.077921688,599.41
138.101097927,599.41
138.124308533,599.41
138.147736327,599.41
138.171335418,599.25
138.194598217,599.25
138.218086299,599.25
138.241680462,599.25
138.264832572,601.30
138.287918570,601.30
138.311204889,601.30
138.334475561,601.30
138.357995515,597.38
138.381269451,597.38
138.404344280,597.38
138.427434149,597.38
138.450843158,596.64
138.474454250,596.64
138.498003868,596.64
138.521229419,596.64
138.544802398,596.64
138.568646740,597.22
138.592115046,597.22
138.615566456,597.22
138.638908488,597.22
138.661617393,596.89
138.684892672,596.89
138.708408114,596.89
138.737641288,596.89
138.761292763,595.91
138.784319592,595.91
138.807266964,595.91
138.830707237,595.91
138.854615356,595.33
138.878022861,595.33
138.901203163,595.33
138.924093478,595.33
138.947513399,595.33
138.971055978,597.18
138.994139031,597.18
139.017832044,597.18
139.041206748,597.18
139.064346794,598.60
139.087614714,598.60
139.110553669,598.60
139.133542513,598.60
139.156553886,598.60
139.179562858,599.71
139.202848122,599.71
139.225789861,599.71
139.249091701,599.71
139.272622536,586.83
139.295861847,586.83
139.319179655,586.83
139.342281716,586.83
139.365412418,562.48
139.388895316,562.48
139.412190020,562.48
139.435960057,562.48
139.459120071,533.15
139.481851088,533.15
139.504737339,533.15
139.527765416,533.15
139.551149241,533.15
139.574673291,506.14
139.597938170,506.14
139.621151305,506.14
139.644650331,506.14
139.668007660,496.47
139.691507006,496.47
139.714714732,496.47
139.738271583,496.47
139.761418093,496.09
139.785087617,496.09
139.808376209,496.09
139.831911556,496.09
139.855446454,496.09
139.878842151,495.59
139.901580112,495.59
139.925014946,495.59
139.948412178,495.59
139.971789251,495.27
139.995319510,495.27
140.018485796,495.27
140.041180205,495.27
140.064792704,489.10
140.088414835,489.10
140.111940774,489.10
140.136137088,489.10
140.161654090,489.10
140.185081819,488.61
140.208646798,488.61
140.232071071,488.61
140.255736659,488.61
140.278965282,501.48
140.301706059,501.48
140.325293695,501.48
140.349227542,501.48
140.372736616,529.96
140.396242394,529.96
140.419654731,529.96
140.442911418,529.96
140.466639247,558.11
140.490265443,558.11
140.513649716,558.11
140.537026404,558.11
140.559913551,558.11
140.583449762,579.67
140.607095062,579.67
140.630532967,579.67
140.654438590,579.67
140.677482283,590.00
140.700351541,590.00
140.723572068,590.00
140.747138583,590.00
140.770783627,588.59
140.794451871,588.59
140.817648494,588.59
140.840808924,588.59
140.864382383,588.59
140.887860545,586.55
140.911296850,586.55
140.934500065,586.55
140.957580942,586.55
140.980766492,586.87
141.004044524,586.87
141.027342972,586.87
141.051064240,586.87
141.074153246,590.43
141.097377165,590.43
141.120520410,590.43
141.144090637,590.43
141.167965572,590.43
141.191105490,589.34
141.213925660,589.34
141.237293037,589.34
141.260732958,589.34
141.283932109,588.20
141.307637601,588.20
141.330636429,588.20
141.353858812,588.20
141.377290894,592.28
141.400936641,592.28
141.424280370,592.28
141.447298014,592.28
141.470163337,592.28
141.493347799,593.83
141.516869834,593.83
141.539898390,593.83
141.564811001,593.83
141.587997415,595.02
141.611429081,595.02
141.634470917,595.02
141.659406344,595.02
141.683091581,594.97
141.706211114,594.97
141.729235031,594.97
141.752321668,594.97
141.775630964,594.97
141.798952644,596.46
141.822379349,596.46
141.845661637,596.46
141.871450642,596.46
141.894893091,596.70
141.918278516,596.70
141.941877543,596.70
141.965142038,596.70
141.988154211,601.26
142.011799383,601.26
142.035084550,601.26
142.058182228,601.26
142.081762183,599.64
142.104914869,599.64
142.127977794,599.64
142.151581973,599.64
142.175392747,599.64
142.198796060,599.75
142.222171661,599.75
142.245455772,599.75
142.270623330,599.75
142.294382839,599.86
142.317870121,599.86
142.341379675,599.86
142.365681623,599.86
142.389160168,596.06
142.412352055,596.06
142.435619238,596.06
142.458922038,596.06
142.482074340,596.06
142.505676055,581.52
142.529129801,581.52
142.552559898,581.52
142.575868682,581.52
142.599285339,551.28
142.622520234,551.28
142.645763065,551.28
142.669284876,551.28
142.692761566,521.11
142.716519635,521.11
142.739828675,521.11
142.763068530,521.11
142.786333729,493.55
142.809444751,493.55
142.832017366,493.55
142.854473372,493.55
142.877276550,493.55
142.900757688,454.84
142.929401798,454.84
142.952766518,454.84
142.976225800,454.84
142.999472951,454.08
143.022585125,454.08
143.046248409,454.08
143.070608469,454.08
143.093719331,451.39
143.117392375,451.39
143.140466980,451.39
143.163809428,451.39
143.187313606,451.39
143.210526421,448.61
143.233813989,448.61
143.257270646,448.61
143.280350627,448.61
143.303176718,446.37
143.326478014,446.37
143.349773485,446.37
143.373352416,446.37
143.396702929,452.36
143.419772158,452.36
143.443590068,452.36
143.467112870,452.36
143.490874267,463.53
143.514758578,463.53
143.538127586,463.53
143.561339057,463.53
143.585040230,463.53
143.608515511,492.28
143.632292685,492.28
143.655991201,492.28
143.680445534,492.28
143.704395030,517.76
143.728224012,517.76
143.752125698,517.76
143.776386685,517.76
143.799903088,550.77
143.823438434,550.77
143.847211960,550.77
143.870865131,550.77
143.894614208,586.11
143.918391510,586.11
143.941706406,586.11
143.965276089,586.11
143.989160175,586.11
144.013108135,578.91
144.036454487,578.91
144.059852328,578.91
144.083496444,578.91
144.106513576,545.87
144.129300370,545.87
144.152464288,545.87
144.177983338,545.87
144.201528988,531.83
144.225050383,531.83
144.248459744,531.83
144.271396619,531.83
144.294799228,531.83
144.318291566,529.86
144.341533406,529.86
144.365078160,529.86
144.388248190,529.86
144.411348524,526.93
144.434534266,526.93
144.457922347,526.93
144.481426397,526.93
144.504836558,531.84
144.527849563,531.84
144.551336493,531.84
144.574871295,531.84
144.598506963,531.81
144.622472042,531.81
144.645709241,531.81
144.668946921,531.81
144.692661533,531.81
144.716105487,532.70
144.739658977,532.70
144.763087539,532.70
144.786075071,532.70
144.809562673,533.42
144.833335174,533.42
144.856500276,533.42
144.880055271,533.42
144.903069491,532.86
144.926346531,532.86
144.949506001,532.86
144.972825249,532.86
144.996042736,532.86
145.021969598,544.21
145.044765864,544.21
145.067891414,544.21
145.091587754,544.21
145.114481365,589.41
145.137861958,589.41
145.161442169,589.41
145.185829270,589.41
145.209654091,594.12
145.232756857,594.12
145.255980648,594.12
145.279295672,594.12
145.302445766,594.12
145.326015321,589.80
145.349152583,589.80
145.372654873,589.80
145.395903304,589.80
145.419253816,593.34
145.443498611,593.34
145.466790755,593.34
145.490444247,593.34
145.513715014,593.12
145.536865588,593.12
145.559993666,593.12
145.583405011,593.12
145.606902533,591.87
145.630573913,591.87
145.653772264,591.87
145.676512657,591.87
145.699903618,591.87
145.723443060,592.80
145.746988359,592.80
145.770545690,592.80
145.793297987,592.80
145.816402609,590.36
145.839847234,590.36
145.863068113,590.36
145.886650532,590.36
145.910135318,591.99
145.933301124,591.99
145.956693589,591.99
145.979929668,591.99
146.003282133,591.99
146.026750886,590.08
146.049832275,590.08
146.073180740,590.08
146.096629109,590.08
146.119810596,585.68
146.143066931,585.68
146.167705842,585.68
146.190547421,585.68
146.213723307,586.00
146.236774936,586.00
146.259801477,586.00
146.283056884,586.00
146.306714472,586.00
146.330243418,571.07
146.353264231,571.07
146.376133266,571.07
146.399195295,571.07
146.422188075,542.01
146.445276184,542.01
146.467972961,542.01
146.490851308,542.01
146.514085755,513.42
146.536953317,513.42
146.560078067,513.42
146.583302690,513.42
146.607275354,513.42
146.630974190,490.36
146.654437984,490.36
146.678006195,490.36
146.701731207,490.36
146.725349915,470.87
146.748813773,470.87
146.772466784,470.87
146.795830513,470.87
146.819231810,455.88
146.843137849,455.88
146.866754764,455.88
146.890318431,455.88
146.913649711,455.88
146.937924170,440.50
146.961779297,440.50
146.985363956,440.50
147.009415468,440.50
147.033112161,437.56
147.056877206,437.56
147.080560106,437.56
147.104304671,437.56
147.127879186,444.55
147.151586535,444.55
147.174951863,444.55
147.198821293,444.55
147.222432705,444.17
147.245733041,444.17
147.269696584,444.17
147.292756981,444.17
147.315890339,444.17
147.339976764,465.25
147.363552143,465.25
147.387153154,465.25
147.410738357,465.25
147.433959652,495.50
147.457087954,495.50
147.480701989,495.50
147.504455898,495.50
147.527897484,518.83
147.551099546,518.83
147.574125991,518.83
147.597403927,518.83
147.620917545,548.55
147.644586493,548.55
147.667904813,548.55
147.691518208,548.55
147.715211189,548.55
147.738370371,566.64
147.761611442,566.64
147.784943810,566.64
147.808077904,566.64
147.831160573,584.40
147.854318027,584.40
147.877859550,584.40
147.901146862,584.40
147.924757633,600.43
147.947510314,600.43
147.970714649,600.43
147.994138570,600.43
148.017463226,600.43
148.041081390,600.72
148.064256892,600.72
148.087346601,600.72
148.110942461,600.72
148.134257965,600.30
148.161379913,600.30
148.184913819,600.30
148.209822270,600.30
148.233343504,601.97
148.256964388,601.97
148.280294324,601.97
148.304146474,601.97
148.327177271,602.26
148.350423078,602.26
148.373638453,602.26
148.397107110,602.26
148.420511799,602.26
148.443836039,602.54
148.466719122,602.54
148.489819264,602.54
148.513269841,602.54
148.536781700,601.84
148.560289942,601.84
148.583409347,601.84
148.606863445,601.84
148.629751264,602.95
148.653073040,602.95
148.675908858,602.95
148.698913479,602.95
148.722479194,602.95
148.746430577,601.94
148.769991748,601.94
148.793411029,601.94
148.817266443,601.94
148.840640860,596.60
148.863996268,596.60
148.887429534,596.60
148.910907055,596.60
148.933903612,597.59
148.957064714,597.59
148.980717278,597.59
149.003898284,597.59
149.027073658,597.59
149.050820239,596.21
149.073905629,596.21
149.097054219,596.21
149.121058147,596.21
149.144129552,595.59
149.167849284,595.59
149.191143508,595.59
149.215009707,595.59
149.237776532,579.97
149.260390844,579.97
149.283006372,579.97
149.306347732,579.97
149.329322080,579.97
149.352376397,552.91
149.375274904,552.91
149.398135651,552.91
149.421123311,552.91
149.443898136,544.29
149.466407679,544.29
149.488961510,544.29
149.511497517,544.29
149.535022111,504.49
149.558479633,504.49
149.581746112,504.49
149.605397684,504.49
149.628504897,504.49
149.651536142,504.40
149.675229155,504.40
149.698238767,504.40
149.721827714,504.40
149.745407893,504.46
149.768592388,504.46
149.791449582,504.46
149.814701949,504.46
149.837725738,511.25
149.861083674,511.25
149.883916069,511.25
149.906815152,511.25
149.930524612,511.25
149.953891541,508.92
149.977096804,508.92
150.000574133,508.92
150.023823813,508.92
150.047120500,509.52
150.070697319,509.52
150.093891222,509.52
150.117752460,509.52
150.140800953,512.00
150.164038440,512.00
150.187464697,512.00
150.210764169,512.00
150.234252155,512.00
150.260518061,525.78
150.283721692,525.78
150.306887178,525.78
150.330703744,525.78
150.354098353,550.08
150.377491426,550.08
150.400460622,550.08
150.425044140,550.08
150.448741921,558.97
150.471905551,558.97
150.495223615,558.97
150.518876403,558.97
150.541937152,558.97
150.565430322,596.24
150.588391998,596.24
150.611665741,596.24
150.634772699,596.24
150.657911785,598.03
150.680985974,598.03
150.704199652,598.03
150.727647222,598.03
150.750769476,588.17
150.774194613,588.17
150.797283426,588.17
150.820375440,588.17
150.843474205,588.17
150.866689932,560.65
150.889865050,560.65
150.913139113,560.65
150.936077589,560.65
150.959072289,533.52
150.982361873,533.52
151.005229116,533.52
151.028609132,533.52
151.051313717,494.42
151.074953673,494.42
151.098701406,494.42
151.122066734,494.42
151.145661122,489.42
151.173424165,489.42
151.196341265,489.42
151.219490751,489.42
151.243223124,489.42
151.266568228,491.87
151.289917076,491.87
151.312795679,491.87
151.336077359,491.87
151.359809827,489.35
151.383154196,489.35
151.406645798,489.35
151.429885077,489.35
151.453059203,486.56
151.476164145,486.56
151.499541025,486.56
151.522872049,486.56
151.546746216,486.56
151.569964535,490.25
151.593767468,490.25
151.617119581,490.25
151.640730864,490.25
151.664145985,490.16
151.687491122,490.16
151.710679840,490.16
151.735317663,490.16
151.758781169,497.25
151.782090305,497.25
151.805672628,497.25
151.828830530,497.25
151.851942672,497.25
151.875098654,524.41
151.898615120,524.41
151.921925216,524.41
151.945245104,524.41
151.968204636,553.64
151.991134983,553.64
152.014035058,553.64
152.037462980,553.64
152.060932917,595.07
152.084190949,595.07
152.107410515,595.07
152.131133864,595.07
152.154433432,597.31
152.178053291,597.31
152.201113560,597.31
152.224057956,597.31
152.247422421,597.31
152.270944295,597.39
152.294384984,597.39
152.318211854,597.39
152.341455965,597.39
152.364528106,600.85
152.387684248,600.85
152.411404941,600.85
152.435015489,600.85
152.458628276,601.86
152.481609600,601.86
152.504810607,601.86
152.528224928,601.86
152.551834227,601.86
152.575631625,598.98
152.599219708,598.98
152.622693710,598.98
152.646014046,598.98
152.669498031,599.01
152.692872064,599.01
152.716220752,599.01
152.739075163,599.01
152.762199561,599.52
152.785649818,599.52
152.809028235,599.52
152.832646046,599.52
152.856059504,599.52
152.878863002,600.61
152.901845094,600.61
152.924816018,600.61
152.947822782,600.61
152.970764394,599.53
152.993966392,599.53
153.017363785,599.53
153.040460662,599.53
153.063454275,586.34
153.087088438,586.34
153.110586440,586.34
153.133902776,586.34
153.157460171,586.34
153.180967357,556.55
153.203976938,556.55
153.227130168,556.55
153.250277638,556.55
153.273543605,529.28
153.296836069,529.28
153.319904050,529.28
153.342908766,529.28
153.366012684,501.72
153.389386876,501.72
153.412864686,501.72
153.436289663,501.72
153.459509166,501.72
153.482791518,473.68
153.505890539,473.68
153.528749046,473.68
153.551914116,473.68
153.574963025,446.87
153.598090398,446.87
153.621493200,446.87
153.643934101,446.87
153.666375483,420.28
153.689708459,420.28
153.713856837,420.28
153.737607706,420.28
153.761344335,420.28
153.785056643,408.70
153.808225202,408.70
153.832116712,408.70
153.856992586,408.70
153.880477084,408.41
153.904097264,408.41
153.927625634,408.41
153.951613658,408.41
153.975684051,409.48
153.999282854,409.48
154.023013787,409.48
154.046294698,409.48
154.069509465,417.98
154.093206925,417.98
154.116953410,417.98
154.140747256,417.98
154.164508205,417.98
154.188049888,445.73
154.211740788,445.73
154.235651435,445.73
154.260124104,445.73
154.283893950,470.34
154.307601970,470.34
154.331456040,470.34
154.355541281,470.34
154.379075028,496.77
154.402876905,496.77
154.426720991,496.77
154.450930170,496.77
154.474513741,523.19
154.498012127,523.19
154.521685459,523.19
154.545187013,523.19
154.568747352,523.19
154.591872390,551.84
154.614918483,551.84
154.638248323,551.84
154.662915010,551.84
154.686085681,561.45
154.709080285,561.45
154.732179370,561.45
154.756592615,561.45
154.779852406,554.98
154.803403881,554.98
154.826256980,554.98
154.849182175,554.98
154.872037258,554.98
154.894798611,538.14
154.917939649,538.14
154.940879309,538.14
154.964997318,538.14
154.987883313,520.67
155.010978878,520.67
155.034167437,520.67
155.057227386,520.67
155.080363111,504.36
155.103384212,504.36
155.126229502,504.36
155.149503694,504.36
155.172905439,504.36
155.196191502,488.64
155.219724833,488.64
155.242750574,488.64
155.266356417,488.64
155.289524527,467.76
155.312627453,467.76
155.335963309,467.76
155.359241596,467.76
155.381899556,439.70
155.404322890,439.70
155.427667130,439.70
155.451049003,439.70
155.474474748,439.70
155.501320565,427.10
155.524592197,427.10
155.547700530,427.10
155.572364274,427.10
155.595965861,428.61
155.619209524,428.61
155.642622278,428.61
155.666870400,428.61
155.690084591,443.15
155.714137992,443.15
155.737536057,443.15
155.761159020,443.15
155.784683934,459.23
155.808098928,459.23
155.831999846,459.23
155.855795932,459.23
155.879741011,459.23
155.903336934,476.54
155.927120412,476.54
155.950643726,476.54
155.975744083,476.54
155.999562697,493.06
156.023427999,493.06
156.047108947,493.06
156.070840392,493.06
156.095140772,511.57
156.118826936,511.57
156.142417419,511.57
156.168338233,511.57
156.191965837,529.81
156.215749346,529.81
156.239344917,529.81
156.262711494,529.81
156.286151607,529.81
156.309205540,547.74
156.332619157,547.74
156.355878789,547.74
156.379399383,547.74
156.402639814,568.75
156.426238905,568.75
156.449650634,568.75
156.473038203,568.75
156.496183593,562.03
156.519535898,562.03
156.542776521,562.03
156.566151769,562.03
156.590832633,545.77
156.614162249,545.77
156.637622139,545.77
156.660702952,545.77
156.684033720,545.77
156.707486506,537.90
156.730718521,537.90
156.753996264,537.90
156.777693981,537.90
156.800700649,539.90
156.823798134,539.90
156.847001509,539.90
156.870440310,539.90
156.893819687,538.79
156.917511515,538.79
156.940870764,538.79
156.963982202,538.79
156.988127091,538.79
157.011282081,540.57
157.034782803,540.57
157.058251685,540.57
157.081595061,540.57
157.105192713,540.81
157.129151936,540.81
157.152884053,540.81
157.177662262,540.81
157.200751427,540.99
157.224715387,540.99
157.248515568,540.99
157.272035907,540.99
157.295903513,539.47
157.319416651,539.47
157.342730683,539.47
157.366084684,539.47
157.389490780,539.47
157.412866445,544.81
157.436121724,544.81
157.459461037,544.81
157.482582266,544.81
157.505728008,555.07
157.529126905,555.07
157.552047236,555.07
157.575348596,555.07
157.598660356,554.71
157.621676593,554.71
157.644821503,554.71
157.667847883,554.71
157.690752854,554.71
157.713708226,550.30
157.736874448,550.30
157.759792348,550.30
157.782961738,550.30
157.806188217,532.67
157.829358087,532.67
157.852640694,532.67
157.875730852,532.67
157.898924914,532.67
157.922182978,517.68
157.945225742,517.68
157.968320956,517.68
157.991513642,517.68
158.014650488,495.89
158.037711909,495.89
158.060894323,495.89
158.084667945,495.89
158.107820759,477.61
158.130862852,477.61
158.154232660,477.61
158.177434179,477.61
158.200622065,477.61
158.224031522,459.31
158.247431315,459.31
158.270536545,459.31
158.293710351,459.31
158.316858013,440.88
158.340069516,440.88
158.363167513,440.88
158.386966223,440.88
158.409751512,427.95
158.432973287,427.95
158.455910227,427.95
158.479120482,427.95
158.502727285,427.95
158.526142054,418.06
158.549612952,418.06
158.573369677,418.06
158.597189859,418.06
158.620813110,419.27
158.644462026,419.27
158.668084062,419.27
158.691979636,419.27
158.715547719,419.36
158.738979864,419.36
158.762780142,419.36
158.786389761,419.36
158.809827507,419.94
158.833461926,419.94
158.857079258,419.94
158.880832367,419.94
158.904583396,419.94
158.927637553,421.47
158.950456187,421.47
158.972976866,421.47
158.997041946,421.47
159.019622082,394.52
159.042824176,394.52
159.066189249,394.52
159.089546545,394.52
159.112632447,398.92
159.135654475,398.92
159.158309555,398.92
159.181742277,398.92
159.205036852,398.92
159.228439461,410.51
159.251790934,410.51
159.275074373,410.51
159.299881062,410.51
159.323229015,426.54
159.346440294,426.54
159.369677653,426.54
159.394322676,426.54
159.417881223,442.19
159.441196343,442.19
159.464216835,442.19
159.487350321,442.19
159.510698977,442.19
159.534080594,449.42
159.557287585,449.42
159.580726482,449.42
159.604505063,449.42
159.627864056,463.31
159.650531392,463.31
159.673175848,463.31
159.696910717,463.31
159.720516465,476.20
159.743791872,476.20
159.766706539,476.20
159.789408308,476.20
159.812520866,476.20
159.836206646,491.87
159.859314500,491.87
159.882307440,491.87
159.905312764,491.87
159.928695021,504.00
159.952007869,504.00
159.975140458,504.00
159.998819551,504.00
160.021669609,545.77
160.044945689,545.77
160.068674605,545.77
160.091703418,545.77
160.114698982,545.77
160.137538449,556.03
160.162414707,556.03
160.185871812,556.03
160.209108275,556.03
160.232567973,560.39
160.255546033,560.39
160.278352571,560.39
160.301425864,560.39
160.324379796,562.06
160.347624611,562.06
160.371353368,562.06
160.394755305,562.06
160.418364572,562.41
160.441552650,562.41
160.464651160,562.41
160.487957928,562.41
160.511566235,562.41
160.535002636,571.68
160.557975288,571.68
160.580690913,571.68
160.603483915,571.68
160.626219668,570.97
160.649074143,570.97
160.672106572,570.97
160.695425084,570.97
160.718568937,570.97
160.741845593,559.10
160.764951366,559.10
160.788149365,559.10
160.811383460,559.10
160.834285647,543.44
160.857166650,543.44
160.880425641,543.44
160.904903431,543.44
160.927908499,525.29
160.951291268,525.29
160.974446514,525.29
160.997894051,525.29
161.021522967,525.29
161.044973417,509.87
161.068162327,509.87
161.091237828,509.87
161.114256049,509.87
161.137158204,492.88
161.162006013,492.88
161.185070858,492.88
161.208052887,492.88
161.231143908,477.98
161.254180913,477.98
161.277374047,477.98
161.300429036,477.98
161.323681371,477.98
161.346748328,457.62
161.369844182,457.62
161.393071044,457.62
161.416137810,457.62
161.438915963,437.35
161.461970664,437.35
161.485177847,437.35
161.509444466,437.35
161.532334333,419.47
161.555253064,419.47
161.578552504,419.47
161.601713894,419.47
161.625244121,419.47
161.647988034,405.11
161.671141296,405.11
161.693970266,405.11
161.717939346,405.11
161.741318626,401.07
161.764432880,401.07
161.787376123,401.07
161.811736664,401.07
161.834621090,400.42
161.858125941,400.42
161.881236098,400.42
161.904109325,400.42
161.927017208,400.42
161.949652736,399.56
161.972931664,399.56
161.995838235,399.56
162.020239383,399.56
162.043256388,399.38
162.066189359,399.38
162.089441919,399.38
162.114102654,399.38
162.137217836,400.43
162.162236720,400.43
162.185132315,400.43
162.207979461,400.43
162.230902225,400.43
162.253918973,404.96
162.277143692,404.96
162.300369723,404.96
162.323565545,404.96
162.346542901,409.95
162.369365120,409.95
162.392271979,409.95
162.416371076,409.95
162.439408368,415.65
162.462969251,415.65
162.486058833,415.65
162.509252607,415.65
162.532216203,415.65
162.555113046,421.27
162.578172035,421.27
162.601352625,421.27
162.625573356,421.27
162.649541315,427.20
162.673066614,427.20
162.696464935,427.20
162.720018905,427.20
162.743322345,431.73
162.766472727,431.73
162.789857096,431.73
162.813483515,431.73
162.837111087,431.73
162.859739255,437.23
162.882418015,437.23
162.904845765,437.23
162.927560238,437.23
162.950178454,412.94
162.972705340,412.94
162.995101858,412.94
163.017554824,412.94
163.039901676,387.35
163.063866180,387.35
163.086912848,387.35
163.110102751,387.35
163.133336302,387.35
163.156249177,392.71
163.179221893,392.71
163.202650006,392.71
163.226091816,392.71
163.249013395,400.60
163.272060448,400.60
163.295028844,400.60
163.318292763,400.60
163.341650348,415.12
163.365176446,415.12
163.388087625,415.12
163.411226039,415.12
163.434449350,415.12
163.457849719,427.68
163.481411402,427.68
163.504599512,427.68
163.527765094,427.68
163.551377178,441.23
163.575078030,441.23
163.598363070,441.23
163.622123443,441.23
163.645093983,454.59
163.668275405,454.59
163.691765247,454.59
163.715024494,454.59
163.737866585,454.59
163.760854725,468.52
163.783876593,468.52
163.806664219,468.52
163.829519334,468.52
163.852430449,487.48
163.875300668,487.48
163.898000613,487.48
163.922910087,487.48
163.945911091,515.61
163.969098466,515.61
163.991923148,515.61
164.014953049,515.61
164.038080038,515.61
164.061240980,549.87
164.084299553,549.87
164.107950613,549.87
164.131118948,549.87
164.153938958,545.28
164.176925850,545.28
164.199973799,545.28
164.223027539,545.28
164.246139041,545.28
164.269766837,536.52
164.292895458,536.52
164.315605675,536.52
164.338735257,536.52
164.361618532,523.89
164.384649905,523.89
164.407719518,523.89
164.432027225,523.89
164.455049318,511.89
164.478264532,511.89
164.501315521,511.89
164.524283789,511.89
164.547527996,511.89
164.570436775,496.40
164.593455444,496.40
164.616612450,496.40
164.640024435,496.40
164.663010943,482.25
164.685925130,482.25
164.708888630,482.25
164.732004580,482.25
164.755254483,467.30
164.778589795,467.30
164.801523823,467.30
164.824394009,467.30
164.847513863,467.30
164.870249328,454.77
164.893219100,454.77
164.916480843,454.77
164.940430851,454.77
164.964579324,449.29
164.987406695,449.29
165.010170288,449.29
165.033091708,449.29
165.056257994,449.57
165.079256822,449.57
165.102550662,449.57
165.125513969,449.57
165.148697888,449.57
165.171751021,449.56
165.194793209,449.56
165.217813126,449.56
165.240942036,449.56
165.264056449,449.46
165.287194511,449.46
165.309912632,449.46
165.332879780,449.46
165.356002770,449.09
165.378724571,449.09
165.401774696,449.09
165.424421072,449.09
165.446581362,449.09
165.468778101,433.89
165.491004056,433.89
165.513094618,433.89
165.535322205,433.89
165.557496960,403.26
165.579624866,403.26
165.601853413,403.26
165.623970823,403.26
165.646167914,403.26
165.668095178,372.63
165.690159979,372.63
165.712044938,372.63
165.733859177,372.63
165.756032651,372.63
165.778083405,342.14
165.800047501,342.14
165.822107246,342.14
165.844102223,342.14
165.866144016,311.20
165.888191153,311.20
165.910470261,311.20
165.932784089,311.20
165.955418049,311.20
165.977893447,277.68
166.000295756,277.68
166.022900308,277.68
166.045397978,277.68
166.067660990,250.04
166.090147460,250.04
166.112506953,250.04
166.134813485,250.04
166.157246195,250.04
166.179588023,213.37
166.201956668,213.37
166.224102463,213.37
166.246265121,213.37
166.268540453,182.81
166.290898954,182.81
166.313379664,182.81
166.335619411,182.81
