timestamp,gpu_power
.000641831,134.67
.026697456,134.67
.048673803,134.68
.072661404,134.68
.094375700,134.68
.116450127,134.68
.138737485,134.65
.161604754,134.65
.183819951,134.65
.205952939,134.65
.228033319,134.65
.250036066,134.58
.272244767,134.58
.294199897,134.58
.316312021,134.58
.338537235,134.58
.360928242,134.61
.383041294,134.61
.405081033,134.61
.427392808,134.61
.449331074,134.67
.471475198,134.67
.493500729,134.67
.515501428,134.67
.537645424,134.67
.559693708,134.70
.581776935,134.70
.603879523,134.70
.626018624,134.70
.648096379,134.73
.670054326,134.73
.692067025,134.73
.714149164,134.73
.736223400,134.73
.758358468,134.76
.780464096,134.76
.802462651,134.76
.824729305,134.76
.846854389,134.81
.868899984,134.81
.890780842,134.81
.912738756,134.81
.934894753,134.81
.956853531,134.82
.978864886,134.82
1.001023091,134.82
1.026332115,134.82
1.048408015,134.88
1.070470474,134.88
1.092394436,134.88
1.118579119,134.88
1.140714603,134.88
1.162724838,134.87
1.184757153,134.87
1.206484281,134.87
1.228616469,134.87
1.250704305,134.89
1.273463732,134.89
1.295669457,134.89
1.317645196,134.89
1.339847625,134.89
1.361915044,134.82
1.383958080,134.82
1.406082460,134.82
1.428438875,134.82
1.450391605,134.74
1.472551314,134.74
1.494664398,134.74
1.516618248,134.74
1.538719364,134.74
1.560794879,134.71
1.582942812,134.71
1.605172345,134.71
1.627233333,134.71
1.649371025,134.65
1.671389516,134.65
1.693468136,134.65
1.715459523,134.65
1.737485214,134.65
1.759506329,134.66
1.781726518,134.66
1.803852242,134.66
1.825967662,134.66
1.849055989,134.49
1.872519681,134.49
1.895736009,134.49
1.918749040,134.49
1.942070042,134.49
1.965593286,134.45
1.989180627,134.45
2.012255482,134.40
2.202091502,134.41
2.257074048,134.37
2.284096468,134.37
2.308354729,134.37
2.332683198,134.37
2.356990899,134.44
2.380943460,134.44
2.404840981,134.44
2.428212223,134.44
2.452072655,134.52
2.475892703,134.52
2.499524204,134.52
2.523171866,134.52
2.546558244,134.52
2.570162961,134.48
2.593725662,134.48
2.617148137,134.48
2.640861751,134.48
2.664477284,134.43
2.687894863,134.43
2.711407387,134.43
2.735251819,134.43
2.758476500,134.26
2.782628999,134.26
2.805949841,134.26
2.829030200,134.26
2.852219776,134.26
2.875168390,134.42
2.898379919,134.42
2.921396469,134.42
2.944727295,134.42
2.968008552,134.49
2.991476724,134.49
3.015096321,134.49
3.038507020,134.49
3.061391025,134.52
3.085254817,134.52
3.109526613,134.52
3.133287556,134.52
3.156664175,134.52
3.180295516,134.68
3.203326243,134.68
3.226052038,134.68
3.248991499,134.68
3.272066738,134.72
3.295612063,134.72
3.318864232,134.72
3.342344147,134.72
3.365684029,134.71
3.389241386,134.71
3.412454995,134.71
3.435874013,134.71
3.459035430,134.65
3.482177229,134.65
3.505372342,134.65
3.528411644,134.65
3.551251617,134.65
3.573821570,134.71
3.596604838,134.71
3.619674733,134.71
3.642977366,134.71
3.666579363,134.96
3.690657942,134.96
3.715080300,134.96
3.739047773,134.96
3.762676971,135.35
3.785910291,135.35
3.809453280,135.35
3.832759529,135.35
3.856527000,135.35
3.880057381,135.36
3.903611057,135.36
3.927264799,135.36
3.950698858,135.36
3.974338775,135.40
3.998164615,135.40
4.021533489,135.40
4.044740058,135.40
4.067521949,135.41
4.090723654,135.41
4.113922766,135.41
4.137449147,135.41
4.161345995,135.20
4.184926872,135.20
4.207923934,135.20
4.231060870,135.20
4.254378319,135.20
4.277697721,135.21
4.301152133,135.21
4.325008629,135.21
4.349126280,135.21
4.373697920,135.36
4.398116630,135.36
4.422174408,135.36
4.445848022,135.36
4.469033566,135.59
4.492393224,135.59
4.515755315,135.59
4.540294315,135.59
4.563871319,135.40
4.587737319,135.40
4.611758009,135.40
4.636017390,135.40
4.661345326,135.40
4.687291638,155.50
4.711980400,155.50
4.736299205,155.50
4.760063540,155.50
4.783617056,208.76
4.806532421,208.76
4.829975569,208.76
4.853123448,208.76
4.876428546,261.87
4.899342919,261.87
4.922599088,261.87
4.945367732,261.87
4.968267993,303.36
4.991340768,303.36
5.014442439,303.36
5.037529870,303.36
5.060691030,303.36
5.083413561,338.89
5.106611266,338.89
5.129620040,338.89
5.152741648,338.89
5.175638997,373.49
5.198670587,373.49
5.221678081,373.49
5.244625927,373.49
5.267433707,373.49
5.291167290,413.42
5.323690476,413.42
5.346599057,413.42
5.369587895,413.42
5.392433660,448.30
5.415358017,448.30
5.437886882,448.30
5.460864168,448.30
5.483786029,483.70
5.506818580,483.70
5.529563351,483.70
5.552237017,483.70
5.575402849,519.08
5.599075599,519.08
5.621918196,519.08
5.644919962,519.08
5.668014177,519.08
5.690903942,533.49
5.713857452,533.49
5.737032180,533.49
5.760350269,533.49
5.783277123,519.24
5.806512076,519.24
5.829726900,519.24
5.852850492,519.24
5.875877250,519.24
5.898899401,501.32
5.921944399,501.32
5.944730995,501.32
5.967777338,501.32
5.990690911,488.00
6.013718118,488.00
6.036639435,488.00
6.059358446,488.00
6.082379572,486.72
6.105934849,486.72
6.129241770,486.72
6.152805815,486.72
6.175924958,486.72
6.198965317,486.40
6.221971179,486.40
6.244768591,486.40
6.268794081,486.40
6.291943913,492.41
6.315250259,492.41
6.338104791,492.41
6.361862470,492.41
6.385705654,510.35
6.409783080,510.35
6.432844079,510.35
6.455891158,510.35
6.478832283,510.35
6.502121157,514.44
6.525229772,514.44
6.548057840,514.44
6.570931861,514.44
6.593758201,517.91
6.616873601,517.91
6.639907047,517.91
6.663117552,517.91
6.686124918,521.92
6.709204861,521.92
6.732400069,521.92
6.755421452,521.92
6.778378770,521.92
6.801932510,524.16
6.824940388,524.16
6.847870506,524.16
6.870898640,524.16
6.893880502,527.40
6.917019454,527.40
6.940013476,527.40
6.963499184,527.40
6.986386389,529.42
7.010096067,529.42
7.032923623,529.42
7.055716843,529.42
7.078603760,529.42
7.101557749,533.10
7.125014977,533.10
7.147837733,533.10
7.171008877,533.10
7.193856113,535.60
7.216891736,535.60
7.239819133,535.60
7.262713954,535.60
7.285822218,531.67
7.309039986,531.67
7.331860374,531.67
7.354759003,531.67
7.377803042,531.67
7.400723335,516.81
7.427073780,516.81
7.449967225,516.81
7.473190145,516.81
7.496236168,515.20
7.519595602,515.20
7.542419638,515.20
7.565341404,515.20
7.588256257,514.56
7.611155430,514.56
7.633972394,514.56
7.656895215,514.56
7.679935830,514.56
7.703555715,513.43
7.726927405,513.43
7.750365433,513.43
7.773462272,513.43
7.796357061,513.55
7.819591918,513.55
7.842652372,513.55
7.865509753,513.55
7.888505887,518.70
7.912290606,518.70
7.935735482,518.70
7.958896161,518.70
7.982292524,518.70
8.005261906,534.16
8.028421082,534.16
8.051611426,534.16
8.074569608,534.16
8.097338443,542.60
8.120380402,542.60
8.143552378,542.60
8.166989765,542.60
8.190052396,551.05
8.213079987,551.05
8.235891063,551.05
8.258964158,551.05
8.282540011,551.05
8.305767667,558.79
8.328955516,558.79
8.351749439,558.79
8.374832774,558.79
8.398060367,567.57
8.421153494,567.57
8.444073212,567.57
8.467664137,567.57
8.491212533,574.41
8.514965252,574.41
8.537823176,574.41
8.561032497,574.41
8.583997207,574.41
8.607236351,583.25
8.630540521,583.25
8.653610160,583.25
8.676660279,583.25
8.699666173,591.54
8.723221097,591.54
8.746322065,591.54
8.769221462,591.54
8.792132283,591.54
8.816305358,597.32
8.839746042,597.32
8.862920962,597.32
8.886049993,597.32
8.908936526,601.13
8.932019349,601.13
8.955576706,601.13
8.978840491,601.13
9.001721712,594.12
9.028511585,594.12
9.051503367,594.12
9.074893874,594.12
9.098065562,594.12
9.120904638,591.02
9.144088071,591.02
9.167770068,591.02
9.190769275,591.02
9.213936867,590.57
9.237177484,590.57
9.260291123,590.57
9.284106051,590.57
9.307389804,589.03
9.331041241,589.03
9.354238978,589.03
9.377341257,589.03
9.400883190,589.03
9.424799270,587.79
9.447787756,587.79
9.470822835,587.79
9.494726627,587.79
9.520915150,585.84
9.544513819,585.84
9.568023015,585.84
9.590964940,585.84
9.614207989,584.89
9.637483646,584.89
9.660679495,584.89
9.683757774,584.89
9.707261338,587.89
9.730401537,587.89
9.753690987,587.89
9.776807538,587.89
9.800056699,587.89
9.823238340,597.07
9.846424300,597.07
9.870093818,597.07
9.893831240,597.07
9.917126418,601.65
9.940223929,601.65
9.963283488,601.65
9.986905037,601.65
10.010533018,607.25
10.034062599,607.25
10.056957580,607.25
10.080010354,607.25
10.103772321,607.25
10.127197996,612.45
10.150631831,612.45
10.173765983,612.45
10.197360524,612.45
10.220605845,617.28
10.243875198,617.28
10.267825391,617.28
10.291171353,617.28
10.314396098,622.13
10.338273650,622.13
10.362100482,622.13
10.385589293,622.13
10.409272443,627.38
10.432913289,627.38
10.456009104,627.38
10.479226649,627.38
10.502641475,627.38
10.526051790,632.13
10.549068117,632.13
10.575226879,632.13
10.598316326,632.13
10.622232151,638.26
10.645776579,638.26
10.669176494,638.26
10.692013202,638.26
10.715125785,639.17
10.738575941,639.17
10.762255762,639.17
10.785301945,639.17
10.808416289,639.17
10.831442503,634.29
10.855120789,634.29
10.878638337,634.29
10.902046796,634.29
10.925180596,633.68
10.948287355,633.68
10.971591845,633.68
10.994604139,633.68
11.021798593,633.33
11.045140267,633.33
11.068335891,633.33
11.091399578,633.33
11.115125833,632.30
11.138805878,632.30
11.161893374,632.30
11.184536512,632.30
11.207692072,632.30
11.230734990,631.47
11.254622366,631.47
11.277861159,631.47
11.301109104,631.47
11.324002037,630.94
11.347526849,630.94
11.370678217,630.94
11.394069908,630.94
11.416993273,631.53
11.440662055,631.53
11.463663981,631.53
11.487235386,631.53
11.510538595,631.53
11.534236689,631.51
11.557502459,631.51
11.580281950,631.51
11.603747210,631.51
11.627513817,631.43
11.651159878,631.43
11.674354959,631.43
11.697231539,631.43
11.720321818,632.87
11.744125130,632.87
11.767575125,632.87
11.790978784,632.87
11.814287625,632.87
11.837062125,636.46
11.860566073,636.46
11.884694220,636.46
11.908249336,636.46
11.931518370,639.42
11.954369894,639.42
11.977580911,639.42
12.000612789,639.42
12.027737354,643.74
12.051947870,643.74
12.075261224,643.74
12.098431024,643.74
12.121509655,643.74
12.145736235,648.20
12.169228343,648.20
12.192886245,648.20
12.216426161,648.20
12.239228725,651.57
12.262193595,651.57
12.285517796,651.57
12.308908047,651.57
12.332386619,655.67
12.355730053,655.67
12.378739403,655.67
12.401477710,655.67
12.425334718,658.57
12.449036940,658.57
12.472663001,658.57
12.495570143,658.57
12.518510372,658.57
12.541570923,662.45
12.564469520,662.45
12.587864346,662.45
12.611723722,662.45
12.635193622,665.03
12.658059899,665.03
12.680904703,665.03
12.704348394,665.03
12.727749813,667.63
12.751952841,667.63
12.775422260,667.63
12.798248536,667.63
12.821272991,667.63
12.844829419,666.96
12.868644347,666.96
12.892411274,666.96
12.915757428,666.96
12.938823419,667.01
12.961957890,667.01
12.985544687,667.01
13.009235037,667.01
13.032996076,666.22
13.056164308,666.22
13.079055033,666.22
13.102037023,666.22
13.125590763,666.22
13.149503324,665.81
13.173029736,665.81
13.196290321,665.81
13.219664156,665.81
13.242723074,665.81
13.266333232,665.81
13.289938205,665.81
13.313176197,665.81
13.336376782,665.27
13.359525590,665.27
13.382378394,665.27
13.405992071,665.27
13.429849303,665.27
13.452980479,664.76
13.476056166,664.76
13.498832201,664.76
13.522599800,664.76
13.545953794,664.46
13.569604464,664.46
13.592879033,664.46
13.616670697,664.46
13.639891889,664.12
13.664310151,664.12
13.687720050,664.12
13.711340000,664.12
13.734653673,664.12
13.758555546,663.53
13.781792354,663.53
13.805380783,663.53
13.828825851,663.53
13.852508104,663.36
13.876065077,663.36
13.899007002,663.36
13.921826303,663.36
13.944884325,664.07
13.968062990,664.07
13.991166613,664.07
14.014189051,664.07
14.037288675,664.07
14.061063313,666.97
14.084255770,666.97
14.108047721,666.97
14.131768567,666.97
14.155156258,669.10
14.178397131,669.10
14.201019021,669.10
14.224221909,669.10
14.247760673,671.27
14.271366446,671.27
14.294880666,671.27
14.318061251,671.27
14.341727536,674.23
14.364712534,674.23
14.388234402,674.23
14.411555852,674.23
14.435150297,674.23
14.458504803,676.78
14.481526570,676.78
14.504259053,676.78
14.527349844,676.78
14.550694846,679.78
14.574533742,679.78
14.597960825,679.78
14.620693468,679.78
14.643784355,683.34
14.666872746,683.34
14.690672473,683.34
14.714175653,683.34
14.738147767,683.34
14.761232542,685.88
14.784240484,685.88
14.807307691,685.88
14.831017369,685.88
14.854509349,688.44
14.878028145,688.44
14.901827360,688.44
14.924841478,688.44
14.947574761,690.39
14.970515087,690.39
14.994187581,690.39
15.021535764,690.39
15.045141410,690.18
15.068498572,690.18
15.091786165,690.18
15.114781979,690.18
15.138735532,690.18
15.162119863,690.89
15.185575618,690.89
15.209175855,690.89
15.232366199,690.89
15.255375006,690.84
15.278741192,690.84
15.302526295,690.84
15.325927490,690.84
15.349370541,690.47
15.372635350,690.47
15.395752958,690.47
15.418827493,690.47
15.442480466,690.47
15.466237345,689.99
15.489607019,689.99
15.512796020,689.99
15.536050877,689.99
15.559095971,690.08
15.582796145,690.08
15.606413854,690.08
15.629760073,690.08
15.653204308,689.56
15.676258235,689.56
15.699326689,689.56
15.722323144,689.56
15.746057910,689.56
15.769595362,689.51
15.792824235,689.51
15.820963212,689.51
15.843944114,689.51
15.868018084,689.52
15.891874612,689.52
15.915086269,689.52
15.938844651,689.52
15.962160629,689.04
15.985153179,689.04
16.008259778,689.04
16.032038450,689.04
16.055453276,689.05
16.079326636,689.05
16.102470100,689.05
16.125444794,689.05
16.148590946,689.05
16.171983276,688.66
16.195157685,688.66
16.218070650,688.66
16.241274274,688.66
16.264606828,691.08
16.287914358,691.08
16.311631908,691.08
16.334793388,691.08
16.358709821,691.86
16.382121576,691.86
16.405439921,691.86
16.429126079,691.86
16.452885998,691.86
16.476018902,694.19
16.499707204,694.19
16.523304049,694.19
16.546996607,694.19
16.570904623,696.96
16.594090775,696.96
16.616975612,696.96
16.640604330,696.96
16.664231575,698.02
16.688320553,698.02
16.711986807,698.02
16.735616388,698.02
16.758995823,699.34
16.782580316,699.34
16.805694211,699.34
16.829753493,699.34
16.853126368,699.34
16.876914575,701.31
16.900405275,701.31
16.923536546,701.31
16.946770667,701.31
16.969931731,704.76
16.993652193,704.76
17.020725078,704.76
17.044581286,704.76
17.067781198,707.46
17.091347067,707.46
17.114540963,707.46
17.138288146,707.46
17.161935903,710.99
17.186110035,710.99
17.209951618,710.99
17.233163051,710.99
17.256278514,710.99
17.279313689,711.62
17.302928550,711.62
17.326237648,711.62
17.349862685,711.62
17.373870031,713.40
17.397383355,713.40
17.420387457,713.40
17.443323718,713.40
17.466966132,713.32
17.490611681,713.32
17.514194990,713.32
17.537880540,713.32
17.561121413,713.32
17.583957673,713.12
17.606962767,713.12
17.630325753,713.12
17.653768261,713.12
17.677509267,714.20
17.701146913,714.20
17.724055046,714.20
17.747142509,714.20
17.770356405,715.51
17.794260838,715.51
17.817481358,715.51
17.841218333,715.51
17.865048621,715.51
17.888193108,715.28
17.911510014,715.28
17.934669606,715.28
17.958777625,715.28
17.982116995,713.49
18.005736784,713.49
18.028929016,713.49
18.052663463,713.49
18.075688653,711.73
18.100229285,711.73
18.123941875,711.73
18.147631105,711.73
18.171872950,710.60
18.195259296,710.60
18.218321479,710.60
18.241267020,710.60
18.264828985,710.60
18.288290340,708.51
18.311584654,708.51
18.335337661,708.51
18.358915273,708.51
18.382173842,708.43
18.405483804,708.43
18.429030888,708.43
18.452262929,708.43
18.475946239,708.47
18.499761295,708.47
18.522693620,708.47
18.545863452,708.47
18.569178918,708.47
18.592152107,708.38
18.615461749,708.38
18.638601725,708.38
18.662048584,708.38
18.685263889,710.23
18.708480825,710.23
18.731638625,710.23
18.755028012,710.23
18.778575128,709.82
18.802060516,709.82
18.825262572,709.82
18.848067632,709.82
18.871322809,709.82
18.895063688,711.00
18.918895543,711.00
18.942333602,711.00
18.969329238,711.00
18.992755233,711.66
19.016190540,711.66
19.039176178,711.66
19.061984150,711.66
19.085306752,712.33
19.108721451,712.33
19.131691313,712.33
19.154873689,712.33
19.177952960,712.33
19.201901777,715.25
19.224983832,715.25
19.248047391,715.25
19.271329096,715.25
19.294375247,699.67
19.317540471,699.67
19.340688094,699.67
19.363890151,699.67
19.387106192,664.95
19.410198519,664.95
19.433260734,664.95
19.456538919,664.95
19.479932561,664.95
19.504461161,632.06
19.527582768,632.06
19.550912986,632.06
19.574311333,632.06
19.597732240,588.38
19.621114650,588.38
19.644608134,588.38
19.667953232,588.38
19.691177113,555.69
19.714560611,555.69
19.738221201,555.69
19.761499610,555.69
19.784808708,518.71
19.807912299,518.71
19.830766704,518.71
19.853691413,518.71
19.876656027,518.71
19.900034853,487.30
19.923360143,487.30
19.946529591,487.30
19.969645183,487.30
19.993049513,454.07
20.023282306,454.07
20.046689453,454.07
20.070861024,454.07
20.094028712,420.77
20.117052783,420.77
20.140218359,420.77
20.163186876,420.77
20.186174146,384.72
20.209807344,384.72
20.232965496,384.72
20.256230465,384.72
20.279547659,384.72
20.302705810,368.17
20.325605591,368.17
20.348931553,368.17
20.372038921,368.17
20.395449235,367.55
20.418755229,367.55
20.442196072,367.55
20.465181422,367.55
20.488745051,368.19
20.512239590,368.19
20.536203800,368.19
20.559645315,368.19
20.583129262,368.19
20.606151989,368.97
20.629202875,368.97
20.652177313,368.97
20.675277705,368.97
20.698598962,369.22
20.721990493,369.22
20.745235270,369.22
20.768221868,369.22
20.791694551,369.07
20.814754718,369.07
20.837707716,369.07
20.860914796,369.07
20.884439544,369.07
20.907651393,369.18
20.931181229,369.18
20.954346549,369.18
20.977840257,369.18
21.000932648,369.62
21.027426838,369.62
21.050378940,369.62
21.073510819,369.62
21.096882477,369.76
21.122374992,369.76
21.145355126,369.76
21.168276795,369.76
21.191416131,369.76
21.214229831,369.29
21.237660082,369.29
21.260847130,369.29
21.284314278,369.29
21.307609999,369.76
21.331230044,369.76
21.354444837,369.76
21.378316821,369.76
21.401838881,369.93
21.425251628,369.93
21.448469844,369.93
21.471417018,369.93
21.494483873,369.93
21.517197988,370.39
21.540191370,370.39
21.563092271,370.39
21.586382136,370.39
21.609529984,370.17
21.632791337,370.17
21.655937041,370.17
21.679303291,370.17
21.702394306,369.48
21.725903566,369.48
21.749198904,369.48
21.772662723,369.48
21.795936620,369.48
21.819283126,369.95
21.842525311,369.95
21.866109900,369.95
21.889834042,369.95
21.913734731,369.82
21.936969300,369.82
21.959978458,369.82
21.983132610,369.82
22.006270313,369.11
22.029733301,369.11
22.053011230,369.11
22.076365192,369.11
22.099528336,369.54
22.127306221,369.54
22.150647543,369.54
22.174277092,369.54
22.197610702,369.54
22.220904183,369.64
22.244007487,369.64
22.267847822,369.64
22.291660830,369.64
22.314737477,369.56
22.337896749,369.56
22.361002868,369.56
22.384012506,369.56
22.407085089,369.64
22.430242505,369.64
22.453604947,369.64
22.476760379,369.64
22.499873891,369.64
22.523031499,369.65
22.546145106,369.65
22.569344667,369.65
22.592301472,369.65
22.615912941,369.96
22.639346392,369.96
22.662767939,369.96
22.685751785,369.96
22.709322230,369.80
22.732416829,369.80
22.755976777,369.80
22.779398260,369.80
22.803293061,369.80
22.826625647,370.02
22.849897752,370.02
22.872985407,370.02
22.896037414,370.02
22.919030092,369.65
22.941993777,369.65
22.965109401,369.65
22.988443555,369.65
23.011911758,370.63
23.035049078,370.63
23.058663875,370.63
23.081726410,370.63
23.104805777,370.63
23.127973689,369.82
23.151426148,369.82
23.174732462,369.82
23.198611326,369.82
23.221933000,370.94
23.245407187,370.94
23.268666332,370.94
23.292757007,370.94
23.316185722,370.02
23.339556260,370.02
23.362618731,370.02
23.385718546,370.02
23.408955387,370.02
23.433102254,370.96
23.456160373,370.96
23.479328925,370.96
23.502536614,370.96
23.525482411,370.10
23.548923382,370.10
23.571863356,370.10
23.595364935,370.10
23.618668305,371.04
23.642329855,371.04
23.665756906,371.04
23.689276982,371.04
23.712602112,369.84
23.736368206,369.84
23.759913275,369.84
23.783718314,369.84
23.807183541,369.84
23.830189596,370.57
23.853386660,370.57
23.876428043,370.57
23.899571538,370.57
23.922711130,369.89
23.946160581,369.89
23.969289037,369.89
23.992510613,369.89
24.015504860,370.47
24.038769477,370.47
24.061923693,370.47
24.085605338,370.47
24.108831203,370.47
24.132345359,370.14
24.155544215,370.14
24.178947010,370.14
24.202224395,370.14
24.227606349,370.55
24.250808437,370.55
24.274048574,370.55
24.297135941,370.55
24.320177740,370.15
24.343096817,370.15
24.365921877,370.15
24.388872507,370.15
24.411920961,370.15
24.435266827,370.36
24.458539220,370.36
24.481675676,370.36
24.504924933,370.36
24.528299023,369.03
24.551106899,369.03
24.574404957,369.03
24.597342754,369.03
24.620798318,370.50
24.644162040,370.50
24.667716644,370.50
24.690647466,370.50
24.714248407,370.50
24.737543776,370.29
24.761016908,370.29
24.784152499,370.29
24.808442280,370.29
24.831969364,371.23
24.855386143,371.23
24.878439782,371.23
24.901537997,371.23
24.924739253,370.08
24.947665019,370.08
24.970743842,370.08
24.994052715,370.08
25.017421846,370.08
25.040723359,371.18
25.063763814,371.18
25.086663659,371.18
25.110110070,371.18
25.133263006,371.53
25.156764298,371.53
25.180205877,371.53
25.203700225,371.53
25.227038986,370.55
25.250568183,370.55
25.274001826,370.55
25.297232522,370.55
25.320575572,370.55
25.344127265,371.56
25.367950864,371.56
25.391260538,371.56
25.414549475,371.56
25.437676619,370.32
25.460709329,370.32
25.483735384,370.32
25.506672893,370.32
25.529635395,372.01
25.552580104,372.01
25.575695088,372.01
25.599026074,372.01
25.622214210,372.01
25.645269801,370.02
25.668459025,370.02
25.691701178,370.02
25.714623071,370.02
25.737843976,372.22
25.761163889,372.22
25.784476219,372.22
25.807673123,372.22
25.831283153,370.03
25.854341047,370.03
25.877687841,370.03
25.900916170,370.03
25.924522039,370.03
25.947864065,371.96
25.971778482,371.96
25.994786264,371.96
26.020933858,371.96
26.044122922,370.13
26.067466100,370.13
26.090945248,370.13
26.114347306,370.13
26.137455186,372.60
26.160574777,372.60
26.183869763,372.60
26.206807304,372.60
26.230386805,370.60
26.254043682,370.60
26.277466381,370.60
26.300579573,370.60
26.328076974,370.60
26.351485657,372.17
26.374706209,372.17
26.397987915,372.17
26.421100562,372.17
26.443986391,370.56
26.467098622,370.56
26.490195206,370.56
26.513038602,370.56
26.536153649,370.56
26.559479323,371.98
26.582817829,371.98
26.605882828,371.98
26.629178869,371.98
26.652446783,371.78
26.675817097,371.78
26.698880496,371.78
26.722662143,371.78
26.745707589,371.24
26.769231889,371.24
26.792374809,371.24
26.815745860,371.24
26.838984332,372.12
26.862589305,372.12
26.885897187,372.12
26.909713330,372.12
26.933351424,372.12
26.956698602,371.75
26.979987027,371.75
27.003113211,371.75
27.028829824,371.75
27.052005768,372.72
27.075450323,372.72
27.098579611,372.72
27.122507499,372.72
27.145564242,371.39
27.168959101,371.39
27.191840929,371.39
27.215420206,371.39
27.238782232,371.39
27.262463654,372.66
27.285755184,372.66
27.309268412,372.66
27.332530405,372.66
27.356107057,371.46
27.379302650,371.46
27.403059913,371.46
27.426633269,371.46
27.449867710,372.86
27.473024422,372.86
27.496230670,372.86
27.519286581,372.86
27.542685664,367.27
27.565831751,367.27
27.588641483,367.27
27.611913685,367.27
27.635044124,367.27
27.658539624,360.38
27.681921810,360.38
27.705041306,360.38
27.728065600,360.38
27.751225512,359.72
27.774432241,359.72
27.797534424,359.72
27.820768225,359.72
27.843886152,359.27
27.867275635,359.27
27.890352890,359.27
27.913267519,359.27
27.936483015,359.27
27.959855922,356.44
27.982887224,356.44
28.006128129,356.44
28.029687885,356.44
28.053779200,352.08
28.077071786,352.08
28.100144592,352.08
28.123240728,352.08
28.147211945,352.40
28.170701108,352.40
28.194100223,352.40
28.217319048,352.40
28.240408655,352.40
28.263561399,350.68
28.286719711,350.68
28.310237451,350.68
28.333578357,350.68
28.356674332,346.50
28.379851844,346.50
28.402880586,346.50
28.428731089,346.50
28.452296893,343.18
28.475820554,343.18
28.498828336,343.18
28.521856118,343.18
28.545018846,343.18
28.568095045,348.65
28.591171660,348.65
28.614287764,348.65
28.637598845,348.65
28.660865862,354.83
28.684662069,354.83
28.708139521,354.83
28.732064722,354.83
28.755386395,354.02
28.778898599,354.02
28.802175473,354.02
28.825381465,354.02
28.848845988,354.41
28.873262075,354.41
28.896623717,354.41
28.919919022,354.41
28.943971008,354.41
28.967207145,356.02
28.990596212,356.02
29.014125824,356.02
29.037738573,356.02
29.061028310,358.84
29.084050525,358.84
29.107097891,358.84
29.130390765,358.84
29.153607125,359.82
29.176835486,359.82
29.199637826,359.82
29.222693641,359.82
29.245851185,359.82
29.268794582,360.62
29.292012735,360.62
29.315052357,360.62
29.338335631,360.62
29.361326356,363.43
29.384438556,363.43
29.407353985,363.43
29.430377479,363.43
29.453547311,366.97
29.477096252,366.97
29.499900544,366.97
29.523201705,366.97
29.546223536,366.97
29.569419384,366.59
29.592552224,366.59
29.615804360,366.59
29.639246900,366.59
29.662705471,366.24
29.686011273,366.24
29.709054575,366.24
29.732100150,366.24
29.755245822,366.24
29.779233583,367.48
29.802583097,367.48
29.825585599,367.48
29.848424675,367.48
29.871279784,366.84
29.894224749,366.84
29.917272468,366.84
29.940823360,366.84
29.963727653,367.19
29.987007151,367.19
30.010143574,367.19
30.033173277,367.19
30.056299172,367.19
30.079524557,368.14
30.103010201,368.14
30.126632038,368.14
30.150288115,368.14
30.173754655,365.42
30.197390668,365.42
30.220849399,365.42
30.244119873,365.42
30.267333353,367.07
30.290758740,367.07
30.313978397,367.07
30.337251174,367.07
30.360532815,367.79
30.384147996,367.79
30.407617576,367.79
30.430853808,367.79
30.454428829,367.79
30.477737767,366.42
30.501414549,366.42
30.527531774,366.42
30.551393582,366.42
30.574457077,367.93
30.597910304,367.93
30.621075432,367.93
30.644620884,367.93
30.667741276,367.28
30.691679725,367.28
30.714590514,367.28
30.737615608,367.28
30.760796160,367.28
30.784089194,365.03
30.807355443,365.03
30.830608988,365.03
30.854075335,365.03
30.876939596,366.30
30.899997299,366.30
30.923116506,366.30
30.946043711,366.30
30.969192071,365.81
30.992264014,365.81
31.015384757,365.81
31.038449180,365.81
31.061409634,365.81
31.084434952,365.06
31.107400046,365.06
31.130480213,365.06
31.153258617,365.06
31.176337216,366.77
31.199688138,366.77
31.222660944,366.77
31.245692310,366.77
31.268931007,364.77
31.292194024,364.77
31.315283471,364.77
31.338141971,364.77
31.361061305,364.77
31.384244609,365.28
31.407677996,365.28
31.430697138,365.28
31.453908827,365.28
31.477192676,366.37
31.500556622,366.37
31.523943769,366.37
31.547070048,366.37
31.570609549,364.34
31.593853813,364.34
31.618522415,364.34
31.641897113,364.34
31.665329092,364.34
31.688593485,365.73
31.712052440,365.73
31.735384098,365.73
31.759622966,365.73
31.783085282,366.59
31.806579149,366.59
31.829852439,366.59
31.853690374,366.59
31.877156562,364.19
31.901218212,364.19
31.924244170,364.19
31.947336498,364.19
31.970453529,364.19
31.993762531,366.68
32.017149261,366.68
32.040026578,366.68
32.063316283,366.68
32.086495971,365.45
32.109621867,365.45
32.133171671,365.45
32.156550529,365.45
32.179603144,365.67
32.203631130,365.67
32.226765666,365.67
32.250026507,365.67
32.273552407,365.67
32.297259781,366.52
32.320483438,366.52
32.343654518,366.52
32.366765149,366.52
32.389891717,364.50
32.412917931,364.50
32.435988370,364.50
32.459447933,364.50
32.482302114,365.58
32.505516362,365.58
32.528286670,365.58
32.551416725,365.58
32.574539901,365.58
32.597511074,366.47
32.627915357,366.47
32.651312167,366.47
32.674650033,366.47
32.698059324,364.58
32.721569544,364.58
32.744859121,364.58
32.769065253,364.58
32.792433264,366.57
32.815818650,366.57
32.839252421,366.57
32.862716593,366.57
32.885814808,367.03
32.908840446,367.03
32.932013126,367.03
32.955132814,367.03
32.978136884,367.03
33.002119525,365.54
33.027867594,365.54
33.051106131,365.54
33.074245883,365.54
33.097558853,366.61
33.120867214,366.61
33.143953717,366.61
33.167330560,366.61
33.190476167,365.35
33.213811409,365.35
33.236907768,365.35
33.259887038,365.35
33.283086791,366.15
33.306054796,366.15
33.329110291,366.15
33.352283003,366.15
33.375281281,366.15
33.398417097,367.58
33.421476208,367.58
33.444483958,367.58
33.467570013,367.58
33.490557379,367.33
33.513645290,367.33
33.536868659,367.33
33.559732663,367.33
33.582906911,367.33
33.606713359,367.33
33.630416253,367.33
33.654124875,367.33
33.677802073,367.33
33.701161987,368.14
33.724757168,368.14
33.747990552,368.14
33.771462628,368.14
33.794795182,366.93
33.818187640,366.93
33.841370849,366.93
33.864841676,366.93
33.888387832,367.94
33.911770371,367.94
33.935399824,367.94
33.958931068,367.94
33.982527721,367.94
34.005878515,369.16
34.029047675,369.16
34.052388933,369.16
34.075849360,369.16
34.099040985,367.49
34.122110432,367.49
34.145440361,367.49
34.168444272,367.49
34.191807162,368.29
34.214780064,368.29
34.237783238,368.29
34.261071695,368.29
34.284317048,368.29
34.307191421,367.99
34.330118978,367.99
34.353023207,367.99
34.376282896,367.99
34.399299030,367.24
34.422304700,367.24
34.445421668,367.24
34.468469226,367.24
34.491802868,368.21
34.515075805,368.21
34.538388039,368.21
34.561558095,368.21
34.584908377,368.21
34.608192995,365.87
34.631466188,365.87
34.654701845,365.87
34.677650618,365.87
34.701012100,366.57
34.727657108,366.57
34.751320705,366.57
34.774651307,366.57
34.798024950,367.13
34.821621539,367.13
34.845132238,367.13
34.868560825,367.13
34.892076453,367.13
34.915434096,365.73
34.938750809,365.73
34.962328550,365.73
34.985634863,365.73
35.008936153,366.58
35.032480229,366.58
35.056274804,366.58
35.079801056,366.58
35.103191051,365.92
35.126513973,365.92
35.149887071,365.92
35.173088168,365.92
35.196313072,365.92
35.219277238,365.91
35.242288892,365.91
35.265391043,365.91
35.288633292,365.91
35.311759412,366.79
35.334917820,366.79
35.358218213,366.79
35.381186091,366.79
35.404412243,366.00
35.427612284,366.00
35.450420032,366.00
35.473762794,366.00
35.496947602,366.00
35.520019193,366.90
35.543191937,366.90
35.566325032,366.90
35.589568881,366.90
35.612920411,368.53
35.636102436,368.53
35.659311340,368.53
35.682472116,368.53
35.705904735,366.75
35.729053287,366.75
35.751908811,366.75
35.774976210,366.75
35.797970296,366.75
35.820924318,367.57
35.844107014,367.57
35.867143244,367.57
35.890025713,367.57
35.912914742,367.27
35.935773594,367.27
35.958807873,367.27
35.982342285,367.27
36.005396340,367.27
36.029415781,365.50
36.052413579,365.50
36.075681301,365.50
36.099163136,365.50
36.122386857,366.71
36.146170456,366.71
36.169688196,366.71
36.193104654,366.71
36.216452857,366.84
36.239825123,366.84
36.263201325,366.84
36.286334645,366.84
36.309788544,365.73
36.333194635,365.73
36.356804248,365.73
36.380065953,365.73
36.403577549,365.73
36.426954423,366.85
36.450656741,366.85
36.474122385,366.85
36.497465179,366.85
36.520790212,364.77
36.544602580,364.77
36.568075199,364.77
36.591126950,364.77
36.614432720,365.26
36.637859930,365.26
36.660844576,365.26
36.683977704,365.26
36.707031247,365.26
36.730100758,365.82
36.753229501,365.82
36.776089282,365.82
36.799353835,365.82
36.827591116,364.10
36.850740404,364.10
36.874130847,364.10
36.897900366,364.10
36.921133366,362.80
36.943980539,362.80
36.966745726,362.80
36.990778032,362.80
37.014846690,362.80
37.039078646,360.83
37.063041415,360.83
37.086612884,360.83
37.110294274,360.83
37.134159538,398.42
37.157845632,398.42
37.181557006,398.42
37.205870115,398.42
37.229743731,432.02
37.253669603,432.02
37.277070766,432.02
37.300577242,432.02
37.324107910,466.72
37.347837236,466.72
37.372483053,466.72
37.396077338,466.72
37.419711624,500.50
37.443448246,500.50
37.466738271,500.50
37.489885319,500.50
37.513200657,500.50
37.536851678,535.43
37.560770159,535.43
37.584299323,535.43
37.608425678,535.43
37.632235581,572.16
37.655926667,572.16
37.678999090,572.16
37.702777633,572.16
37.726156907,609.28
37.750719011,609.28
37.774289232,609.28
37.797940637,609.28
37.821749325,634.54
37.845584508,634.54
37.868874662,634.54
37.891913644,634.54
37.915579578,634.54
37.939237607,670.40
37.963048055,670.40
37.986903462,670.40
38.010755126,670.40
38.034351523,716.79
38.057418570,716.79
38.080320335,716.79
38.103447862,716.79
38.126923938,711.01
38.151158614,711.01
38.174824740,711.01
38.198062157,711.01
38.221314037,711.01
38.244243067,711.97
38.267478948,711.97
38.290483402,711.97
38.314244888,711.97
38.337705220,707.92
38.360864620,707.92
38.384079604,707.92
38.407264412,707.92
38.430579910,695.69
38.453847535,695.69
38.477096952,695.69
38.500354625,695.69
38.523770412,695.69
38.546999029,658.66
38.569987130,658.66
38.593165859,658.66
38.617161940,658.66
38.640966403,624.13
38.664135115,624.13
38.687030256,624.13
38.710319545,624.13
38.734163081,580.01
38.758422238,580.01
38.782657970,580.01
38.806715876,580.01
38.830960888,579.83
38.854533157,579.83
38.878306132,579.83
38.902144227,579.83
38.928323054,579.83
38.953021159,579.45
38.976615828,579.45
39.000556645,579.45
39.024093137,579.45
39.047639261,581.29
39.071132649,581.29
39.094448338,581.29
39.118656838,581.29
39.142379861,583.73
39.165948353,583.73
39.189826321,583.73
39.214064581,583.73
39.237506225,582.75
39.262091081,582.75
39.285596053,582.75
39.309660455,582.75
39.334471265,583.90
39.358559220,583.90
39.382621350,583.90
39.406082225,583.90
39.429620062,583.90
39.452846950,601.71
39.476751735,601.71
39.500810921,601.71
39.524974940,601.71
39.548571721,629.91
39.572724412,629.91
39.596314697,629.91
39.620148985,629.91
39.643737125,665.52
39.667280658,665.52
39.691103457,665.52
39.714692878,665.52
39.738571038,718.40
39.762570159,718.40
39.786027867,718.40
39.809405637,718.40
39.832799440,718.40
39.856256955,720.44
39.879874312,720.44
39.903524565,720.44
39.927598248,720.44
39.950729871,718.46
39.975814925,718.46
39.999080758,718.46
40.022786308,718.46
40.045982957,720.10
40.069068596,720.10
40.092120602,720.10
40.114980191,720.10
40.138074854,720.10
40.162319162,711.69
40.185473410,711.69
40.208650794,711.69
40.232594363,711.69
40.256018022,676.51
40.279769173,676.51
40.303103838,676.51
40.326429768,676.51
40.349333773,643.20
40.372443285,643.20
40.395554844,643.20
40.418512897,643.20
40.441464519,607.40
40.465123957,607.40
40.488729634,607.40
40.512238317,607.40
40.535582999,607.40
40.558837696,567.79
40.582171306,567.79
40.605453268,567.79
40.628995712,567.79
40.652784111,535.67
40.676816385,535.67
40.699938504,535.67
40.722789932,535.67
40.745868915,480.96
40.769438400,480.96
40.792981708,480.96
40.816887197,480.96
40.840974351,480.96
40.864763710,481.17
40.888449484,481.17
40.912276156,481.17
40.936082763,481.17
40.960379808,485.70
40.984341649,485.70
41.007859997,485.70
41.031817134,485.70
41.055266713,482.11
41.078993607,482.11
41.102823799,482.11
41.126607270,482.11
41.150728665,492.47
41.174398598,492.47
41.198050260,492.47
41.222001573,492.47
41.245845204,492.47
41.269376832,525.21
41.292759147,525.21
41.317131265,525.21
41.342661924,525.21
41.366428530,555.17
41.390716231,555.17
41.414576471,555.17
41.438261221,555.17
41.461208874,591.08
41.484431795,591.08
41.507140054,591.08
41.530421215,591.08
41.553794153,621.99
41.577185844,621.99
41.600647519,621.99
41.624596816,621.99
41.648044987,621.99
41.671208195,663.90
41.694648270,663.90
41.718481854,663.90
41.742905204,663.90
41.766616130,701.70
41.790332368,701.70
41.813876029,701.70
41.837357576,701.70
41.860546736,716.22
41.883763833,716.22
41.907163108,716.22
41.931069876,716.22
41.955092838,714.12
41.978587825,714.12
42.001715129,714.12
42.025007074,714.12
42.048066313,714.12
42.071047567,715.31
42.094546011,715.31
42.118773455,715.31
42.141926871,715.31
42.164718042,709.17
42.187417053,709.17
42.210590117,709.17
42.234052976,709.17
42.257602333,681.34
42.281057000,681.34
42.304884119,681.34
42.328361859,681.34
42.351394409,681.34
42.374302510,638.14
42.397512983,638.14
42.421416999,638.14
42.445267223,638.14
42.468982437,617.68
42.493179001,617.68
42.516903399,617.68
42.540653142,617.68
42.564241538,620.02
42.588641496,620.02
42.612522985,620.02
42.636414105,620.02
42.660604716,620.41
42.684502301,620.41
42.707722341,620.41
42.731380211,620.41
42.755215938,620.41
42.778471915,625.11
42.802208090,625.11
42.825910440,625.11
42.849524597,625.11
42.873580839,621.15
42.897013682,621.15
42.920200346,621.15
42.943508324,621.15
42.969485100,620.18
42.993063928,620.18
43.016730150,620.18
43.040209074,620.18
43.064277956,619.48
43.087995154,619.48
43.111451709,619.48
43.135025994,619.48
43.158282771,619.48
43.181918656,627.57
43.205431308,627.57
43.228979385,627.57
43.253057067,627.57
43.276711512,655.97
43.300215972,655.97
43.323586382,655.97
43.347178107,655.97
43.371297838,700.49
43.396277323,700.49
43.420310077,700.49
43.444431471,700.49
43.468107805,722.73
43.491339398,722.73
43.514534606,722.73
43.537438131,722.73
43.561179234,722.73
43.585016977,718.53
43.608614302,718.53
43.632608783,718.53
43.656020762,718.53
43.679245763,720.31
43.702373770,720.31
43.725844342,720.31
43.749689989,720.31
43.773361907,719.74
43.796970272,719.74
43.820747791,719.74
43.843933367,719.74
43.867196640,719.74
43.890546538,720.59
43.914009366,720.59
43.937788357,720.59
43.961452306,720.59
43.985192705,719.38
44.009395317,719.38
44.032619613,719.38
44.055909511,719.38
44.079246128,722.53
44.102677115,722.53
44.126581548,722.53
44.150367867,722.53
44.175646523,722.65
44.199663373,722.65
44.223248793,722.65
44.246374753,722.65
44.269890541,722.65
44.293181974,724.20
44.316862692,724.20
44.340832053,724.20
44.365429261,724.20
44.389321373,722.63
44.412520614,722.63
44.435525484,722.63
44.459266106,722.63
44.482278785,719.63
44.506350931,719.63
44.530034817,719.63
44.553681966,719.63
44.577652351,722.66
44.600851432,722.66
44.624064080,722.66
44.647376922,722.66
44.670545538,722.66
44.694203279,719.82
44.717853373,719.82
44.741646956,719.82
44.766084834,719.82
44.789749648,721.74
44.813288700,721.74
44.836543749,721.74
44.859737837,721.74
44.883465724,717.30
44.907148073,717.30
44.930454835,717.30
44.954087168,717.30
44.977600812,717.30
45.001246938,718.65
45.024757446,718.65
45.048068271,718.65
45.071258615,718.65
45.095034790,717.12
45.118306255,717.12
45.141256341,717.12
45.164889314,717.12
45.188202316,719.87
45.211712824,719.87
45.235177539,719.87
45.258553005,719.87
45.281786742,688.12
45.305864616,688.12
45.329390964,688.12
45.353225604,688.12
45.376333355,688.12
45.399034830,645.37
45.422046132,645.37
45.445932484,645.37
45.469947126,645.37
45.493738277,628.39
45.517679286,628.39
45.541506885,628.39
45.565151507,628.39
45.588995874,630.04
45.612938643,630.04
45.636922820,630.04
45.660743476,630.04
45.684454370,630.04
45.709310941,631.05
45.732738632,631.05
45.756013265,631.05
45.779550173,631.05
45.803135274,632.19
45.826970810,632.19
45.850566503,632.19
45.874296533,632.19
45.898324583,632.23
45.921699633,632.23
45.944778072,632.23
45.968115010,632.23
45.995287703,627.36
46.020074290,627.36
46.043672991,627.36
46.067543439,627.36
46.091352286,630.32
46.114678248,630.32
46.137966545,630.32
46.161057688,630.32
46.184503651,630.32
46.208406836,629.34
46.232138754,629.34
46.255740431,629.34
46.280028516,629.34
46.303285165,659.06
46.326524054,659.06
46.349569980,659.06
46.373176585,659.06
46.397367005,701.06
46.421563152,701.06
46.445122973,701.06
46.469013165,701.06
46.492597914,720.40
46.515840451,720.40
46.539072651,720.40
46.562156850,720.40
46.585863616,720.40
46.609686256,718.04
46.632955545,718.04
46.656246978,718.04
46.679570252,718.04
46.702717652,720.18
46.725916860,720.18
46.749348615,720.18
46.772469070,720.18
46.795739544,712.47
46.819133890,712.47
46.842556845,712.47
46.866579519,712.47
46.889826632,712.47
46.912580235,685.77
46.935521712,685.77
46.959126301,685.77
46.983047022,685.77
47.007139040,653.68
47.030933487,653.68
47.054701246,653.68
47.077989511,653.68
47.101731030,657.75
47.125136737,657.75
47.149363765,657.75
47.173481223,657.75
47.197374072,654.53
47.222269619,654.53
47.245954625,654.53
47.269436845,654.53
47.292936280,654.53
47.322408264,657.21
47.346253048,657.21
47.372035262,657.21
47.395756236,657.21
47.419721309,658.88
47.443211817,658.88
47.466273935,658.88
47.489200757,658.88
47.512642464,657.40
47.537118519,657.40
47.560879909,657.40
47.584509426,657.40
47.608517636,655.97
47.632105073,655.97
47.655205112,655.97
47.678584674,655.97
47.701931980,654.11
47.726397763,654.11
47.750304051,654.11
47.774118243,654.11
47.798372119,654.11
47.822092677,660.75
47.845398895,660.75
47.868673944,660.75
47.892160900,660.75
47.916278679,686.51
47.939993637,686.51
47.963787220,686.51
47.988007432,686.51
48.011652693,717.75
48.034991839,717.75
48.058644141,717.75
48.081992055,717.75
48.105676644,715.44
48.129512980,715.44
48.153080897,715.44
48.176521452,715.44
48.199927638,715.44
48.223304065,720.08
48.246789580,720.08
48.270208375,720.08
48.293522849,720.08
48.316757865,714.49
48.340016306,714.49
48.363074201,714.49
48.385976766,714.49
48.409223975,701.50
48.432631154,701.50
48.456185118,701.50
48.479811979,701.50
48.503383576,701.50
48.526507295,661.26
48.549256130,661.26
48.572262984,661.26
48.596443580,661.26
48.620476110,629.47
48.644740834,629.47
48.668945846,629.47
48.692934503,629.47
48.716638645,628.66
48.740497765,628.66
48.764169107,628.66
48.787977474,628.66
48.811990932,629.11
48.835679906,629.11
48.859580498,629.11
48.883082590,629.11
48.906763116,629.11
48.930367416,630.99
48.954245449,630.99
48.978305595,630.99
49.002631344,630.99
49.026476447,627.39
49.050593682,627.39
49.074156767,627.39
49.097640202,627.39
49.121006645,630.67
49.144708643,630.67
49.168351408,630.67
49.193097130,630.67
49.217139740,629.84
49.241554930,629.84
49.265355361,629.84
49.288436168,629.84
49.311737490,629.84
49.334780184,633.99
49.358174947,633.99
49.382163828,633.99
49.406502729,633.99
49.430726109,647.06
49.454716527,647.06
49.478701216,647.06
49.502608144,647.06
49.526271710,676.89
49.550372976,676.89
49.573992670,676.89
49.597764972,676.89
49.621895903,722.43
49.645748111,722.43
49.669543806,722.43
49.693128491,722.43
49.716836409,722.43
49.741866582,722.25
49.765917736,722.25
49.789780152,722.25
49.813461702,722.25
49.836910609,723.67
49.860217019,723.67
49.883823399,723.67
49.907317267,723.67
49.930955936,720.34
49.954724623,720.34
49.978094970,720.34
50.001734279,720.34
50.025210450,724.35
50.048449947,724.35
50.071418177,724.35
50.094238949,724.35
50.118146293,724.35
50.141694946,722.20
50.165384623,722.20
50.189003645,722.20
50.212735307,722.20
50.235930771,724.40
50.259088635,724.40
50.282167106,724.40
50.306394870,724.40
50.330096836,722.35
50.354216887,722.35
50.377979686,722.35
50.401402576,722.35
50.424791323,724.45
50.448336039,724.45
50.474402736,724.45
50.497993405,724.45
50.521757964,724.45
50.545613147,723.59
50.569087847,723.59
50.592083917,723.59
50.615691962,723.59
50.639065892,725.12
50.662937012,725.12
50.686620226,725.12
50.710338800,725.12
50.733724123,722.38
50.757381736,722.38
50.780523408,722.38
50.803900314,722.38
50.827502631,722.38
50.851584665,722.01
50.875302056,722.01
50.899044150,722.01
50.922976231,722.01
50.946784246,723.21
50.970349891,723.21
50.993666828,723.21
51.017038167,723.21
51.040932231,719.91
51.064570068,719.91
51.088135072,719.91
51.111859279,719.91
51.135620765,721.08
51.160102228,721.08
51.183762658,721.08
51.207482832,721.08
51.230418294,721.08
51.254298374,718.00
51.277271179,718.00
51.300223473,718.00
51.323517754,718.00
51.346485760,715.91
51.369560487,715.91
51.392570989,715.91
51.416111481,715.91
51.438859836,695.19
51.462722604,695.19
51.485967893,695.19
51.509042460,695.19
51.532463175,695.19
51.556853629,664.30
51.580355720,664.30
51.602990538,664.30
51.625695213,664.30
51.648910325,613.69
51.672824102,613.69
51.696511988,613.69
51.720364196,613.69
51.744258004,607.53
51.768058499,607.53
51.791846322,607.53
51.815223196,607.53
51.838591814,605.71
51.862318901,605.71
51.885912610,605.71
51.909298796,605.71
51.933329470,605.71
51.956646664,607.93
51.980206932,607.93
52.003387452,607.93
52.027063210,607.93
52.051153468,606.09
52.075044396,606.09
52.098281845,606.09
52.122601866,606.09
52.145922004,606.36
52.169215133,606.36
52.192183363,606.36
52.215626670,606.36
52.239137626,606.36
52.263632337,606.94
52.287300735,606.94
52.311012365,606.94
52.334418615,606.94
52.357528511,610.89
52.380523717,610.89
52.404011664,610.89
52.427652062,610.89
52.451077801,624.23
52.474815191,624.23
52.498685191,624.23
52.521997649,624.23
52.544904118,672.73
52.569476686,672.73
52.592860280,672.73
52.617258606,672.73
52.641138110,672.73
52.664979310,713.86
52.688840253,713.86
52.712235720,713.86
52.735424784,713.86
52.758476983,721.73
52.781576094,721.73
52.805007881,721.73
52.828684279,721.73
52.852366372,723.60
52.875497996,723.60
52.898506738,723.60
52.921590489,723.60
52.945060516,723.60
52.969056214,724.14
52.992205886,724.14
53.015297605,724.14
53.038599566,724.14
53.061628053,719.97
53.084632507,719.97
53.108062022,719.97
53.131384623,719.97
53.154549367,687.44
53.178043587,687.44
53.201429453,687.44
53.224888889,687.44
53.247993504,687.44
53.271840911,655.31
53.295169593,655.31
53.318176255,655.31
53.341421704,655.31
53.364458543,620.13
53.387714552,620.13
53.411051682,620.13
53.434157865,620.13
53.457230928,586.22
53.480254390,586.22
53.503555359,586.22
53.527019147,586.22
53.551003580,549.51
53.574179364,549.51
53.596931111,549.51
53.661662121,549.51
53.685865884,502.58
53.709950639,502.58
53.733978881,502.58
53.757737423,502.58
53.781960227,500.65
53.805652689,500.65
53.829300159,500.65
53.853649684,500.65
53.877286081,501.48
53.901066928,501.48
53.924944128,501.48
53.948475532,501.48
53.972104985,505.58
53.995354722,505.58
54.018916399,505.58
54.042697086,505.58
54.066479277,505.58
54.089947800,509.11
54.114082571,509.11
54.137471317,509.11
54.161307621,509.11
54.185108980,541.36
54.208504767,541.36
54.231987946,541.36
54.255247411,541.36
54.279541032,579.77
54.303587162,579.77
54.326952612,579.77
54.350278094,579.77
54.373442582,617.80
54.396981762,617.80
54.420933491,617.80
54.444425951,617.80
54.468132717,617.80
54.491953596,648.86
54.515242213,648.86
54.538206187,648.86
54.561420019,648.86
54.584295704,690.05
54.607845604,690.05
54.631685204,690.05
54.655975401,690.05
54.679939674,724.47
54.704451505,724.47
54.728214848,724.47
54.754737070,724.47
54.778453404,723.51
54.802547982,723.51
54.826511392,723.51
54.850468657,723.51
54.874635268,724.66
54.898305329,724.66
54.921625403,724.66
54.944930565,724.66
54.968846677,724.66
54.992476482,721.87
55.016299762,721.87
55.040343556,721.87
55.064364149,721.87
55.087713631,725.64
55.111257356,725.64
55.134535253,725.64
55.158452037,725.64
55.182263061,722.42
55.205906018,722.42
55.229450990,722.42
55.253398687,722.42
55.276976492,725.73
55.300437143,725.73
55.323687136,725.73
55.346983881,725.73
55.370898874,725.73
55.395881942,720.73
55.420105002,720.73
55.444056827,720.73
55.467586343,720.73
55.491013106,725.81
55.514631615,725.81
55.537828487,725.81
55.561812569,725.81
55.585402341,722.98
55.609213909,722.98
55.632854178,722.98
55.656636817,722.98
55.680051260,725.31
55.703617640,725.31
55.728050654,725.31
55.754985745,725.31
55.778741536,720.54
55.805365359,720.54
55.829025789,720.54
55.852282886,720.54
55.875905971,724.24
55.899667010,724.24
55.923142637,724.24
55.946590104,724.24
55.970644458,724.24
55.994762877,724.44
56.018548076,724.44
56.041930390,724.44
56.065275776,724.44
56.088568426,725.20
56.112282776,725.20
56.135952037,725.20
56.159513426,725.20
56.183650469,724.14
56.207352883,724.14
56.230551515,724.14
56.254208937,724.14
56.278105753,725.03
56.301376706,725.03
56.324458537,725.03
56.347513520,725.03
56.370551862,725.03
56.393502460,723.18
56.416760069,723.18
56.440177519,723.18
56.463802717,723.18
56.487068070,708.00
56.510282030,708.00
56.533959420,708.00
56.558220144,708.00
56.581852733,671.88
56.605027557,671.88
56.627719272,671.88
56.650958385,671.88
56.674959330,671.88
56.699900574,628.01
56.723899664,628.01
56.748035459,628.01
56.772030676,628.01
56.796075302,633.63
56.819836821,633.63
56.844706480,633.63
56.869551147,633.63
56.893330298,630.16
56.917169290,630.16
56.940978681,630.16
56.964441476,630.16
56.987894223,634.65
57.011699582,634.65
57.035095241,634.65
57.059396030,634.65
57.083124876,631.68
57.106854843,631.68
57.130376551,631.68
57.153705392,631.68
57.177195516,631.68
57.200952011,634.84
57.225132094,634.84
57.249005902,634.84
57.272717884,634.84
57.296258248,627.40
57.320484348,627.40
57.344117386,627.40
57.367685430,627.40
57.391037728,631.85
57.414731182,631.85
57.438297114,631.85
57.461921320,631.85
57.485426387,649.91
57.509637063,649.91
57.533082354,649.91
57.556459357,649.91
57.580019113,649.91
57.603889401,678.82
57.627928811,678.82
57.651759162,678.82
57.676221169,678.82
57.700324612,719.35
57.724246292,719.35
57.747826113,719.35
57.771589871,719.35
57.795217981,717.47
57.818987883,717.47
57.842844347,717.47
57.866873709,717.47
57.890803838,720.28
57.914611949,720.28
57.937944407,720.28
57.961512963,720.28
57.985557845,720.28
58.009529350,715.14
58.033378422,715.14
58.057390119,715.14
58.081384665,715.14
58.104798628,717.30
58.128276943,717.30
58.151427703,717.30
58.174918946,717.30
58.198717681,715.26
58.222480672,715.26
58.246294991,715.26
58.270197024,715.26
58.293388936,722.88
58.316410222,722.88
58.339801785,722.88
58.363885867,722.88
58.388212768,722.88
58.412129201,718.63
58.436053633,718.63
58.460031762,718.63
58.483307484,718.63
58.506547108,721.35
58.529625131,721.35
58.552890420,721.35
58.577038375,721.35
58.600779190,719.34
58.624597029,719.34
58.648372212,719.34
58.671406458,719.34
58.694776421,724.77
58.718038030,724.77
58.741752924,724.77
58.765355209,724.77
58.788979478,724.77
58.812442689,720.72
58.836635477,720.72
58.860066784,720.72
58.883406410,720.72
58.909751830,722.99
58.933134080,722.99
58.957062769,722.99
58.981231428,722.99
59.005193109,725.42
59.031752868,725.42
59.054902539,725.42
59.077963250,725.42
59.101255675,726.29
59.124546725,726.29
59.147971184,726.29
59.171427931,726.29
59.195515597,726.29
59.219144218,724.92
59.242879305,724.92
59.266366804,724.92
59.289503100,724.92
59.312186974,723.37
59.335372807,723.37
59.358791089,723.37
59.382203132,723.37
59.405210754,722.65
59.428427339,722.65
59.451523122,722.65
59.474362070,722.65
59.497656575,722.65
59.520746086,707.87
59.544337107,707.87
59.567544219,707.87
59.591472044,707.87
59.614620564,673.84
59.637887133,673.84
59.661067845,673.84
59.684910485,673.84
59.708171070,629.41
59.732528051,629.41
59.755996670,629.41
59.779396713,629.41
59.802816340,598.73
59.827215434,598.73
59.850238928,598.73
59.873470937,598.73
59.897131622,598.73
59.920227885,560.48
59.943379925,560.48
59.966793376,560.48
59.990121066,560.48
60.014410046,529.07
60.038560273,529.07
60.062362241,529.07
60.086014446,529.07
60.109704252,492.36
60.133188487,492.36
60.156749268,492.36
60.180158655,492.36
60.203657226,492.36
60.227101589,459.81
60.250690050,459.81
60.274451761,459.81
60.298218175,459.81
60.321609514,424.61
60.344952564,424.61
60.368567233,424.61
60.391866410,424.61
60.415185076,387.45
60.438665055,387.45
60.462014857,387.45
60.485338067,387.45
60.508770462,372.47
60.532472268,372.47
60.555486610,372.47
60.578393783,372.47
60.601352733,372.47
60.625632369,358.13
60.649854981,358.13
60.673966424,358.13
60.698364686,358.13
60.722200893,394.64
60.745995789,394.64
60.769950333,394.64
60.794761880,394.64
60.818971404,426.15
60.843009598,426.15
60.867143089,426.15
60.891145442,426.15
60.915134995,458.75
60.938963235,458.75
60.962757714,458.75
60.986644290,458.75
61.010830390,458.75
61.035336493,491.23
61.059418495,491.23
61.082848106,491.23
61.106404086,491.23
61.130096292,525.22
61.153545231,525.22
61.177381119,525.22
61.201241743,525.22
61.224966941,560.79
61.248722220,560.79
61.271896116,560.79
61.295514369,560.79
61.319282415,593.08
61.342946429,593.08
61.366384584,593.08
61.390044694,593.08
61.414179144,593.08
61.438706144,625.20
61.461853096,625.20
61.485228466,625.20
61.508623004,625.20
61.532549165,658.68
61.555991800,658.68
61.579782631,658.68
61.603481717,658.68
61.626921216,709.26
61.650072648,709.26
61.673582004,709.26
61.697076127,709.26
61.720621099,712.82
61.744370106,712.82
61.768180585,712.82
61.791724053,712.82
61.815287394,712.82
61.838660396,715.20
61.861849300,715.20
61.885717380,715.20
61.909735670,715.20
61.933336483,712.02
61.956979600,712.02
61.980311322,712.02
62.003743109,712.02
62.027284977,715.52
62.051103104,715.52
62.074499371,715.52
62.099748842,715.52
62.123627547,712.29
62.147036453,712.29
62.170140300,712.29
62.193530231,712.29
62.216867201,712.29
62.240721360,714.07
62.264238332,714.07
62.287779144,714.07
62.311557495,714.07
62.334582782,714.91
62.358052681,714.91
62.381621174,714.91
62.405549766,714.91
62.429113331,712.67
62.453412999,712.67
62.477425785,712.67
62.501302793,712.67
62.524857877,714.59
62.548525219,714.59
62.572114960,714.59
62.595920319,714.59
62.619649229,714.59
62.643340315,712.81
62.667238155,712.81
62.690606389,712.81
62.714041312,712.81
62.737280969,714.93
62.760848246,714.93
62.784546948,714.93
62.807707499,714.93
62.831402425,713.87
62.854822756,713.87
62.878140174,713.87
62.901261397,713.87
62.924831522,713.87
62.949049494,716.14
62.973023335,716.14
62.996909367,716.14
63.020809863,716.14
63.044253682,718.61
63.067793214,718.61
63.091365675,718.61
63.115297979,718.61
63.139150987,716.40
63.162387188,716.40
63.185430746,716.40
63.208612674,716.40
63.231988653,713.23
63.255573721,713.23
63.278701857,713.23
63.301547845,713.23
63.325136018,713.23
63.348318202,678.38
63.371539938,678.38
63.394731787,678.38
63.418023188,678.38
63.441565568,644.71
63.464705480,644.71
63.487850927,644.71
63.510843413,644.71
63.534508547,611.26
63.557766668,611.26
63.580927316,611.26
63.604551841,611.26
63.628195118,611.26
63.651443543,573.96
63.674936643,573.96
63.698057002,573.96
63.721272850,573.96
63.744701661,542.11
63.767993095,542.11
63.791447730,542.11
63.814496537,542.11
63.837743425,502.55
63.861089995,502.55
63.884429397,502.55
63.908133123,502.55
63.931881618,502.55
63.955192699,472.09
63.978638022,472.09
64.002182067,472.09
64.025700062,472.09
64.048875782,432.21
64.071973710,432.21
64.095425561,432.21
64.119201064,432.21
64.142066220,398.71
64.166544867,398.71
64.189793644,398.71
64.213088373,398.71
64.236505792,398.71
64.260872629,374.64
64.284000733,374.64
64.307058564,374.64
64.330235916,374.64
64.353336883,366.51
64.376221559,366.51
64.399339423,366.51
64.422472614,366.51
64.445681007,366.84
64.468964024,366.84
64.491931294,366.84
64.515137894,366.84
64.538555377,367.64
64.563556366,367.64
64.587080505,367.64
64.610362115,367.64
64.633848430,367.64
64.657305370,366.33
64.680671684,366.33
64.704222800,366.33
64.727649243,366.33
64.750861059,367.77
64.774232653,367.77
64.798329952,367.77
64.821520776,367.77
64.844875506,368.49
64.868217212,368.49
64.891691304,368.49
64.914783599,368.49
64.937929078,368.49
64.961414146,367.88
64.984586890,367.88
65.007905011,367.88
65.032727662,367.88
65.056032952,368.86
65.079392002,368.86
65.102544713,368.86
65.125646897,368.86
65.148934298,369.50
65.172342341,369.50
65.195475436,369.50
65.218663188,369.50
65.242788679,369.50
65.265908526,369.05
65.289121783,369.05
65.312416672,369.05
65.336461522,369.05
65.360048191,369.86
65.383685708,369.86
65.407227576,369.86
65.430742244,369.86
65.453980909,368.81
65.477452760,368.81
65.500721153,368.81
65.524156972,368.81
65.547482678,369.17
65.571106243,369.17
65.594560462,369.17
65.618142523,369.17
65.641636391,369.17
65.665191667,369.82
65.688385979,369.82
65.711856774,369.82
65.735103151,369.82
65.758438873,368.12
65.781653538,368.12
65.805132909,368.12
65.828115219,368.12
65.851305883,368.77
65.874568708,368.77
65.897587242,368.77
65.920911444,368.77
65.943914650,368.77
65.967220867,367.87
65.990425004,367.87
66.013878775,367.87
66.037342882,367.87
66.060680972,367.66
66.084074487,367.66
66.107454081,367.66
66.130585640,367.66
66.153906034,368.91
66.177338365,368.91
66.200237570,368.91
66.223236712,368.91
66.246826709,368.91
66.269866939,367.39
66.292990146,367.39
66.315958312,367.39
66.339357043,367.39
66.363117089,368.68
66.386431115,368.68
66.410350203,368.68
66.434023529,368.68
66.457825400,369.06
66.481334596,369.06
66.504449035,369.06
66.528411484,369.06
66.552290348,369.06
66.575612886,367.32
66.599123394,367.32
66.622600205,367.32
66.646155897,367.32
66.670370573,369.17
66.693844249,369.17
66.717226019,369.17
66.740739471,369.17
66.764372764,369.23
66.787671558,369.23
66.810833229,369.23
66.834133975,369.23
66.857446048,368.52
66.880713257,368.52
66.903775536,368.52
66.927325212,368.52
66.950622022,368.52
66.973702669,369.94
66.997031862,369.94
67.020093277,369.94
67.043536520,369.94
67.066975379,368.70
67.090445246,368.70
67.113483621,368.70
67.136370762,368.70
67.159848661,362.17
67.183158431,362.17
67.206433608,362.17
67.229242604,362.17
67.253019258,362.17
67.276500038,357.29
67.300454487,357.29
67.323914722,357.29
67.347593968,357.29
67.371045339,357.06
67.394613831,357.06
67.417843600,357.06
67.441092537,357.06
67.464332994,357.14
67.487398248,357.14
67.510570512,357.14
67.533828249,357.14
67.557036450,357.14
67.580392300,358.11
67.603479795,358.11
67.626692283,358.11
67.649964772,358.11
67.673192973,357.55
67.696609016,357.55
67.719730047,357.55
67.743026856,357.55
67.766327154,357.39
67.789507098,357.39
67.812730850,357.39
67.835879978,357.39
67.859254260,357.39
67.882376220,358.13
67.905496899,358.13
67.928712139,358.13
67.951618512,358.13
67.974446708,354.19
67.997706685,354.19
68.020783684,354.19
68.043942188,354.19
68.066964082,351.05
68.090228251,351.05
68.113212353,351.05
68.136334793,351.05
68.159970262,351.05
68.183400417,357.62
68.206716810,357.62
68.229979923,357.62
68.253251740,357.62
68.276329891,363.86
68.299290633,363.86
68.322203022,363.86
68.345198548,363.86
68.368291099,357.46
68.391550372,357.46
68.414744588,357.46
68.437681777,357.46
68.460948058,357.46
68.483575484,352.45
68.506773508,352.45
68.530103406,352.45
68.553121076,352.45
68.576309404,351.74
68.599455812,351.74
68.622393289,351.74
68.645320431,351.74
68.668547031,351.74
68.692329478,347.63
68.715443309,347.63
68.738461012,347.63
68.761558459,347.63
68.784951013,346.91
68.807978379,346.91
68.830907825,346.91
68.854005144,346.91
68.877313825,342.15
68.900736044,342.15
68.923998485,342.15
68.947054268,342.15
68.970212835,342.15
68.993106600,342.60
69.016227696,342.60
69.039579450,342.60
69.062849219,342.60
69.086003978,343.98
69.108883407,343.98
69.131586258,343.98
69.154394645,343.98
69.177600030,340.79
69.200618948,340.79
69.223673931,340.79
69.246824434,340.79
69.269934234,340.79
69.293027873,339.32
69.316406891,339.32
69.339291888,339.32
69.362583065,339.32
69.386121285,345.00
69.410329145,345.00
69.434018023,345.00
69.458022040,345.00
69.481274369,349.84
69.504924526,349.84
69.528219064,349.84
69.551610210,349.84
69.575770613,345.86
69.599817735,345.86
69.623284051,345.86
69.646673597,345.86
69.669874469,345.86
69.692949932,350.44
69.716223317,350.44
69.739317916,350.44
69.762558149,350.44
69.785711469,350.89
69.808632978,350.89
69.831665048,350.89
69.854341787,350.89
69.877293920,350.89
69.901084143,355.40
69.923797266,355.40
69.946694007,355.40
69.969762973,355.40
69.993059239,355.98
70.016038380,355.98
70.039153908,355.98
70.062478749,355.98
70.085592005,359.86
70.109640407,359.86
70.133193059,359.86
70.156387531,359.86
70.179501938,359.86
70.203583301,364.08
70.226565835,364.08
70.249820147,364.08
70.273337791,364.08
70.296346533,365.22
70.319353132,365.22
70.342521715,365.22
70.365768828,365.22
70.389231399,361.92
70.412838804,361.92
70.436253375,361.92
70.459703050,361.92
70.483211126,361.94
70.506604800,361.94
70.530379791,361.94
70.553642264,361.94
70.576549373,361.94
70.599833670,363.13
70.623064911,363.13
70.646087221,363.13
70.669238685,363.13
70.692404485,358.23
70.715688622,358.23
70.739051736,358.23
70.762474083,358.23
70.786081808,357.67
70.808953972,357.67
70.832094812,357.67
70.855141251,357.67
70.878504909,357.67
70.901372401,356.07
70.924538297,356.07
70.947470878,356.07
70.970792104,356.07
70.993917775,356.39
71.016984246,356.39
71.040135678,356.39
71.063338630,356.39
71.086507822,356.39
71.110169820,357.03
71.133330659,357.03
71.156245673,357.03
71.179639379,357.03
71.203007581,355.39
71.226377959,355.39
71.249708817,355.39
71.273046075,355.39
71.296117218,356.33
71.319056903,356.33
71.342068685,356.33
71.365053331,356.33
71.388201499,356.33
71.412403502,358.38
71.435460437,358.38
71.458629533,358.38
71.481627843,358.38
71.504810507,358.61
71.528244566,358.61
71.551449982,358.61
71.574878569,358.61
71.598539575,361.25
71.622146403,361.25
71.645412717,361.25
71.668728438,361.25
71.692252674,364.36
71.715865583,364.36
71.739230361,364.36
71.762764101,364.36
71.786140848,364.36
71.809435225,365.07
71.833408266,365.07
71.856697043,365.07
71.880272480,365.07
71.903718027,367.06
71.927130869,367.06
71.950099227,367.06
71.973248515,367.06
71.996449515,367.05
72.019482001,367.05
72.042617817,367.05
72.065916738,367.05
72.089535663,367.05
72.112918426,365.15
72.136482502,365.15
72.159898833,365.15
72.183347484,365.15
72.206681958,365.23
72.230099729,365.23
72.253481307,365.23
72.276743972,365.23
72.300080302,363.95
72.323850140,363.95
72.347133638,363.95
72.370518192,363.95
72.394170749,363.95
72.417721994,365.27
72.440872433,365.27
72.463845463,365.27
72.487153281,365.27
72.510521067,361.05
72.533668530,361.05
72.557161822,361.05
72.580805003,361.05
72.604255510,362.16
72.628547403,362.16
72.651843893,362.16
72.675120606,362.16
72.698649642,362.16
72.722880734,361.99
72.746293032,361.99
72.769896245,361.99
72.793467330,361.99
72.817367186,361.38
72.840638459,361.38
72.863963781,361.38
72.887280654,361.38
72.910664217,361.94
72.933747520,361.94
72.956997576,361.94
72.979987726,361.94
73.002987412,361.66
73.026759299,361.66
73.049668424,361.66
73.072739823,361.66
73.096054072,361.66
73.119043262,364.05
73.142244423,364.05
73.165311821,364.05
73.188561046,364.05
73.211525372,363.32
73.234663651,363.32
73.257656489,363.32
73.280679791,363.32
73.303912664,363.32
73.326711100,363.14
73.349937668,363.14
73.373172109,363.14
73.396796314,363.14
73.420038915,364.01
73.443117770,364.01
73.466288434,364.01
73.489696220,364.01
73.512850244,366.94
73.536339216,366.94
73.559408694,366.94
73.582547262,366.94
73.605452323,366.94
73.628708556,365.58
73.651745586,365.58
73.675211069,365.58
73.698572744,365.58
73.721565709,367.35
73.745328604,367.35
73.768936009,367.35
73.792428309,367.35
73.815778334,366.84
73.839202793,366.84
73.862447282,366.84
73.885715003,366.84
73.909204231,366.61
73.933404282,366.61
73.956857989,366.61
73.980247952,366.61
74.003599578,366.61
74.027051813,368.18
74.050534833,368.18
74.074519490,368.18
74.098098222,368.18
74.121485401,366.39
74.145349417,366.39
74.168595953,366.39
74.191692920,366.39
74.214814624,366.76
74.238099625,366.76
74.261312497,366.76
74.284216214,366.76
74.307326366,366.76
74.330527398,368.37
74.353708398,368.37
74.377066616,368.37
74.400205503,368.37
74.423192485,365.50
74.446300973,365.50
74.469358355,365.50
74.492636572,365.50
74.515947558,367.31
74.539261135,367.31
74.562209941,367.31
74.584896087,367.31
74.608101760,367.31
74.631206663,366.93
74.654376975,366.93
74.677726073,366.93
74.701136099,366.93
74.724285419,365.79
74.747566196,365.79
74.770744700,365.79
74.793784579,365.79
74.816897802,365.79
74.840121010,366.64
74.863150169,366.64
74.886227583,366.64
74.909602410,366.64
74.932414350,365.47
74.955604726,365.47
74.978539899,365.47
75.001966950,365.47
75.026065656,366.32
75.049575332,366.32
75.073096880,366.32
75.096576443,366.32
75.120299594,367.30
75.143645844,367.30
75.166936925,367.30
75.190283559,367.30
75.213534480,367.30
75.237622562,366.14
75.260910059,366.14
75.284336406,366.14
75.307723361,366.14
75.331394510,366.55
75.354999451,366.55
75.377998849,366.55
75.401115368,366.55
75.423975533,367.83
75.447431480,367.83
75.470671649,367.83
75.493589574,367.83
75.516781646,367.83
75.539925557,366.72
75.563093405,366.72
75.585966786,366.72
75.609522350,366.72
75.632762391,366.84
75.656052064,366.84
75.706203803,366.84
75.729424516,366.84
75.752379529,367.53
75.775546705,367.53
75.798824090,367.53
75.821779712,367.53
75.844789478,366.73
75.867764844,366.73
75.890951892,366.73
75.914110908,366.73
75.937221955,368.30
75.960269641,368.30
75.983315440,368.30
76.006866076,368.30
76.032367263,368.30
76.055926507,366.54
76.079289045,366.54
76.102761024,366.54
76.126291020,366.54
76.149809560,366.90
76.173062273,366.90
76.196334794,366.90
76.219889846,366.90
76.243399490,367.97
76.267272306,367.97
76.290521467,367.97
76.313988326,367.97
76.337116142,366.74
76.360476312,366.74
76.383966243,366.74
76.407111627,366.74
76.430223026,366.74
76.453529852,367.76
76.476716228,367.76
76.499874316,367.76
76.522959763,367.76
76.546248540,367.36
76.569299874,367.36
76.592522379,367.36
76.615541489,367.36
76.638674585,367.38
76.661903489,367.38
76.685026761,367.38
76.708037839,367.38
76.731313336,367.38
76.754582561,367.60
76.777545894,367.60
76.801036594,367.60
76.824235642,367.60
76.847469155,365.42
76.870725164,365.42
76.894004693,365.42
76.917167229,365.42
76.940196803,366.25
76.963343467,366.25
76.986485906,366.25
77.009572761,366.25
77.032713505,366.25
77.056240781,366.88
77.079291603,366.88
77.102356730,366.88
77.125831237,366.88
77.149135631,365.19
77.172345783,365.19
77.195314397,365.19
77.219283086,365.19
77.242811994,366.34
77.266132451,366.34
77.289324684,366.34
77.312693974,366.34
77.336029280,366.34
77.359321321,365.86
77.382838709,365.86
77.405980220,365.86
77.429141092,365.86
77.452416461,365.38
77.476074203,365.38
77.499212738,365.38
77.523004081,365.38
77.546348411,366.87
77.570003497,366.87
77.593549365,366.87
77.616941183,366.87
77.640533324,365.09
77.663823541,365.09
77.687085534,365.09
77.710245446,365.09
77.733665905,365.09
77.757120156,365.85
77.780700808,365.85
77.803687246,365.85
77.826947959,365.85
77.850165824,352.71
77.874185169,352.71
77.897969312,352.71
77.922090131,352.71
77.946119813,380.13
77.969847923,380.13
77.993467584,380.13
78.017275695,380.13
78.040849500,414.76
78.064973518,414.76
78.088635260,414.76
78.112409931,414.76
78.136072024,414.76
78.159626053,450.64
78.183316946,450.64
78.206863935,450.64
78.231118323,450.64
78.254734176,482.45
78.278800594,482.45
78.302458240,482.45
78.326131949,482.45
78.349326037,521.72
78.372512477,521.72
78.395897544,521.72
78.419671735,521.72
78.443584647,558.90
78.467091827,558.90
78.490843233,558.90
78.514331309,558.90
78.537749688,558.90
78.560932800,594.95
78.584008134,594.95
78.607678580,594.95
78.631393058,594.95
78.654786445,627.73
78.678612476,627.73
78.702353194,627.73
78.725778453,627.73
78.749163264,663.15
78.772569482,663.15
78.795694546,663.15
78.819038779,663.15
78.844088569,663.15
78.869504250,711.84
78.893149544,711.84
78.916532082,711.84
78.940075550,711.84
78.963459240,720.59
78.987776381,720.59
79.011700398,720.59
79.035751456,720.59
79.059113322,718.09
79.082172401,718.09
79.105222071,718.09
79.128386111,718.09
79.151872042,718.48
79.175327126,718.48
79.198485693,718.48
79.221375202,718.48
79.244390120,718.48
79.267537296,706.03
79.290837433,706.03
79.314298756,706.03
79.337582542,706.03
79.361008376,670.96
79.384737127,670.96
79.408307955,670.96
79.432022945,670.96
79.455736047,635.26
79.479471038,635.26
79.502922345,635.26
79.526252435,635.26
79.549765054,635.26
79.573552045,599.29
79.598630731,599.29
79.621969685,599.29
79.645157373,599.29
79.668451654,557.58
79.692753563,557.58
79.716925870,557.58
79.741080513,557.58
79.765386710,542.06
79.789499721,542.06
79.813326680,542.06
79.837446443,542.06
79.861840673,546.74
79.888894389,546.74
79.912914855,546.74
79.939588054,546.74
79.963698889,542.07
79.987568665,542.07
80.011416713,542.07
80.035078806,542.07
80.059497516,549.43
80.083609855,549.43
80.107350157,549.43
80.131120892,549.43
80.154924619,549.43
80.179574820,548.70
80.203114352,548.70
80.227022720,548.70
80.251194740,548.70
80.274912482,557.06
80.304785782,557.06
80.340762800,557.06
80.364273884,593.13
80.388696690,593.13
80.412333855,593.13
80.436162030,593.13
80.460108863,623.55
80.484214866,623.55
80.508396517,623.55
80.531958417,623.55
80.555138362,623.55
80.578220448,664.97
80.601767309,664.97
80.625560348,664.97
80.649105800,664.97
80.672599891,713.74
80.696467203,713.74
80.719744300,713.74
80.743133271,713.74
80.766479777,725.32
80.789916492,725.32
80.813637818,725.32
80.837243719,725.32
80.861149879,725.32
80.886058739,725.28
80.909758625,725.28
80.936528370,725.28
80.960238944,725.28
80.987093745,724.23
81.010964321,724.23
81.034435309,724.23
81.058721345,724.23
81.082580401,725.50
81.106168254,725.50
81.129415590,725.50
81.153189653,725.50
81.177193543,724.10
81.200775155,724.10
81.224236382,724.10
81.247802411,724.10
81.271101524,726.60
81.294671393,726.60
81.318194893,726.60
81.341596727,726.60
81.365107715,726.60
81.388396108,718.52
81.411813143,718.52
81.435605350,718.52
81.459808826,718.52
81.483622025,705.21
81.508061823,705.21
81.532378868,705.21
81.555832383,705.21
81.579106568,706.14
81.602280560,706.14
81.625845629,706.14
81.649743949,706.14
81.673483611,706.26
81.696899750,706.26
81.720513811,706.26
81.744038751,706.26
81.767631532,706.26
81.791014838,706.61
81.814681731,706.61
81.838246928,706.61
81.861599226,706.61
81.884932388,694.72
81.909031510,694.72
81.932425889,694.72
81.956047662,694.72
81.979757084,687.37
82.003979855,687.37
82.029221391,687.37
82.052251061,687.37
82.076185446,690.56
82.100199831,690.56
82.124439787,690.56
82.148350876,690.56
82.171766247,690.56
82.195239282,690.45
82.218744670,690.45
82.241894789,690.45
82.265209647,690.45
82.288869628,690.82
82.313180081,690.82
82.336835743,690.82
82.360452588,690.82
82.384194490,683.07
82.407698566,683.07
82.431259570,683.07
82.454753534,683.07
82.478657262,694.34
82.501926903,694.34
82.524889404,694.34
82.548055332,694.34
82.571629105,694.34
82.595727459,695.44
82.619717301,695.44
82.643572580,695.44
82.667881433,695.44
82.691465414,695.87
82.714675534,695.87
82.737628532,695.87
82.761569988,695.87
82.784743820,693.35
82.808944480,693.35
82.832438731,693.35
82.855546227,693.35
82.878728987,693.35
82.902866766,702.40
82.926060022,702.40
82.949258494,702.40
82.972212163,702.40
82.995210921,708.39
83.018071694,708.39
83.041061395,708.39
83.064273084,708.39
83.087655814,680.25
83.110805198,680.25
83.133989366,680.25
83.157073309,680.25
83.180786539,680.25
83.204779964,639.01
83.228647724,639.01
83.252668638,639.01
83.276295851,639.01
83.299592052,605.58
83.323124640,605.58
83.346967024,605.58
83.371150627,605.58
83.394232074,579.75
83.417231312,579.75
83.440315703,579.75
83.464747597,579.75
83.488800991,554.89
83.512642767,554.89
83.536758977,554.89
83.560398735,554.89
83.584096092,554.89
83.608436114,551.89
83.632399619,551.89
83.656318739,551.89
83.680046849,551.89
83.703850672,552.65
83.727943235,552.65
83.751727794,552.65
83.775048059,552.65
83.798384453,551.66
83.821438316,551.66
83.844946231,551.66
83.868739366,551.66
83.892528501,550.25
83.917216367,550.25
83.940409591,550.25
83.963504926,550.25
83.987099786,555.33
84.013713466,555.33
84.037453032,555.33
84.060904531,555.33
84.087184350,555.33
84.111904440,576.37
84.135151809,576.37
84.158118150,576.37
84.181287022,576.37
84.204870491,607.26
84.228390343,607.26
84.251801617,607.26
84.275650081,607.26
84.299446256,642.13
84.322808826,642.13
84.346085379,642.13
84.369325580,642.13
84.392645845,677.35
84.416513797,677.35
84.440062929,677.35
84.463714783,677.35
84.487790961,677.35
84.511021178,717.15
84.534362916,717.15
84.557573324,717.15
84.580929046,717.15
84.604549635,714.60
84.628750583,714.60
84.652003807,714.60
84.676050673,714.60
84.699094232,716.46
84.723319148,716.46
84.746763223,716.46
84.769785085,716.46
84.793170951,716.46
84.817575325,712.74
84.840993768,712.74
84.864115951,712.74
84.887616859,712.74
84.911041766,702.46
84.934352975,702.46
84.957675417,702.46
84.981143812,702.46
85.004309964,663.61
85.027485876,663.61
85.050658876,663.61
85.073703970,663.61
85.096841994,633.10
85.120576472,633.10
85.143637407,633.10
85.166860647,633.10
85.190717399,633.10
85.214410341,600.10
85.237410059,600.10
85.260293231,600.10
85.283575705,600.10
85.307444808,555.75
85.331785694,555.75
85.355875344,555.75
85.379958818,555.75
85.403804178,553.05
85.427370046,553.05
85.451035820,553.05
85.474705017,553.05
85.499051535,553.05
85.523590438,555.23
85.547259284,555.23
85.570988610,555.23
85.594527630,555.23
85.618133307,557.81
85.641714088,557.81
85.665609528,557.81
85.689397383,557.81
85.712681616,554.37
85.736288637,554.37
85.760211661,554.37
85.783583703,554.37
85.807312038,557.87
85.831078580,557.87
85.854862147,557.87
85.878242893,557.87
85.902417569,557.87
85.926780886,574.83
85.950337539,574.83
85.973632844,574.83
85.997085495,574.83
86.020872486,612.31
86.044987705,612.31
86.068757799,612.31
86.092473397,612.31
86.116407750,647.11
86.139964178,647.11
86.163026937,647.11
86.186093280,647.11
86.209584683,682.41
86.233610941,682.41
86.257351051,682.41
86.280663893,682.41
86.304761703,682.41
86.328254003,720.35
86.351300793,720.35
86.374568546,720.35
86.398080622,720.35
86.421718619,719.25
86.445698924,719.25
86.469584284,719.25
86.492874246,719.25
86.516085550,721.16
86.539181301,721.16
86.562486206,721.16
86.586096363,721.16
86.609309396,715.86
86.633299845,715.86
86.656198890,715.86
86.679207632,715.86
86.702679547,715.86
86.726290952,700.67
86.749891317,700.67
86.773150142,700.67
86.796780267,700.67
86.820276150,661.14
86.843944484,661.14
86.867685330,661.14
86.891387104,661.14
86.914827723,631.14
86.938064948,631.14
86.961465183,631.14
86.984829193,631.14
87.008091889,631.14
87.032730058,595.67
87.056085364,595.67
87.079191579,595.67
87.102758376,595.67
87.126425909,557.35
87.150175972,557.35
87.173202666,557.35
87.196710998,557.35
87.221798451,508.62
87.245995015,508.62
87.270391517,508.62
87.294107595,508.62
87.318340543,506.03
87.342002188,506.03
87.365708666,506.03
87.389357032,506.03
87.413246680,506.03
87.438588056,507.18
87.462389864,507.18
87.486196183,507.18
87.509921317,507.18
87.533314063,511.07
87.557303041,511.07
87.580959694,511.07
87.604696700,511.07
87.628575436,508.83
87.652911681,508.83
87.677081685,508.83
87.701449578,508.83
87.724829653,524.93
87.748106622,524.93
87.771720555,524.93
87.795781821,524.93
87.819372521,557.86
87.843152312,557.86
87.867485485,557.86
87.891120506,557.86
87.914683271,557.86
87.938033809,598.13
87.961671262,598.13
87.985640815,598.13
88.009599904,598.13
88.032977322,626.98
88.056927035,626.98
88.080442343,626.98
88.104346391,626.98
88.127375229,670.40
88.151028907,670.40
88.174804633,670.40
88.198612776,670.40
88.222351383,720.24
88.246555178,720.24
88.271584136,720.24
88.295005394,720.24
88.318607423,720.24
88.341972521,723.17
88.366001115,723.17
88.390017676,723.17
88.413518232,723.17
88.436486302,719.32
88.459719654,719.32
88.482871758,719.32
88.506647037,719.32
88.529987462,717.88
88.554283803,717.88
88.577480675,717.88
88.600529770,717.88
88.623919764,717.88
88.648088808,711.02
88.672088409,711.02
88.695127999,711.02
88.718117189,711.02
88.741040138,660.62
88.765213917,660.62
88.789182510,660.62
88.813091167,660.62
88.837019183,655.64
88.860953696,655.64
88.884572077,655.64
88.908124537,655.64
88.932012393,653.59
88.957721678,653.59
88.981511101,653.59
89.005167914,653.59
89.029406878,655.47
89.052783337,655.47
89.076337941,655.47
89.099647134,655.47
89.123371405,655.47
89.147119035,654.85
89.170974379,654.85
89.194603064,654.85
89.218672906,654.85
89.241899922,656.57
89.265284669,656.57
89.288531622,656.57
89.314382924,656.57
89.340249939,653.24
89.365574835,653.24
89.389282113,653.24
89.414032923,653.24
89.437373733,655.27
89.461536088,655.27
89.485011235,655.27
89.508705777,655.27
89.532687842,653.63
89.556622227,653.63
89.580393986,653.63
89.604250769,653.63
89.627569723,653.63
89.650964485,661.12
89.674554738,661.12
89.698421442,661.12
89.722040431,661.12
89.745880126,711.42
89.769851215,711.42
89.793721631,711.42
89.817298028,711.42
89.840660598,720.92
89.864363652,720.92
89.887578636,720.92
89.911514461,720.92
89.935365612,716.57
89.958848376,716.57
89.982117985,716.57
90.005081062,716.57
90.028331983,716.57
90.051472119,719.08
90.074568606,719.08
90.097634884,719.08
90.120587402,719.08
90.143566895,711.43
90.166601718,711.43
90.190074145,711.43
90.213322346,711.43
90.236642547,711.43
90.260896104,681.78
90.284275506,681.78
90.307403609,681.78
90.331129736,681.78
90.354249807,650.15
90.405427894,650.15
90.428952770,650.15
90.452852658,650.15
90.476419198,601.46
90.500549553,601.46
90.524419457,601.46
90.548102575,601.46
90.571626395,604.05
90.594809763,604.05
90.618960310,604.05
90.642839974,604.05
90.666609684,603.24
90.690427875,603.24
90.714036528,603.24
90.737757343,603.24
90.761399756,606.99
90.784975704,606.99
90.808446980,606.99
90.832031152,606.99
90.855656733,603.80
90.879740080,603.80
90.903389437,603.80
90.926598405,603.80
90.949936495,603.80
90.973007062,608.09
90.997084840,608.09
91.020600692,608.09
91.044232769,608.09
91.068382068,604.14
91.092130434,604.14
91.115553517,604.14
91.138914935,604.14
91.162326626,613.15
91.185323400,613.15
91.208314222,613.15
91.231423829,613.15
91.254584157,613.15
91.277427649,637.05
91.300499431,637.05
91.323403564,637.05
91.346771126,637.05
91.369766364,657.26
91.392834851,657.26
91.416032267,657.26
91.439563319,657.26
91.462784960,668.88
91.485737605,668.88
91.508854924,668.88
91.531883891,668.88
91.555185340,668.88
91.578596775,631.63
91.602038994,631.63
91.625358395,631.63
91.648021597,631.63
91.670879810,588.68
91.693937224,588.68
91.717804824,588.68
91.742029516,588.68
91.765998301,566.74
91.790019982,566.74
91.813301848,566.74
91.836479136,566.74
91.859566855,572.16
91.882374154,572.16
91.905905046,572.16
91.929313697,572.16
91.952889677,572.16
91.976626588,568.60
91.999726659,568.60
92.022657480,568.60
92.046375094,568.60
92.069537726,568.96
92.093361741,568.96
92.116716343,568.96
92.140793129,568.96
92.164819835,569.19
92.188284870,569.19
92.211391885,569.19
92.234563957,569.19
92.257607548,569.90
92.281144232,569.90
92.304644083,569.90
92.328381762,569.90
92.352163505,569.90
92.375319000,581.83
92.398299294,581.83
92.421420837,581.83
92.444716687,581.83
92.468448605,618.05
92.493787357,618.05
92.517326377,618.05
92.543695638,618.05
92.567201601,654.67
92.590590188,654.67
92.613685939,654.67
92.636963484,654.67
92.660538984,686.92
92.683569295,686.92
92.706906809,686.92
92.729977727,686.92
92.753224008,686.92
92.776603442,719.70
92.799758490,719.70
92.823329446,719.70
92.846547727,719.70
92.869539701,715.41
92.892581243,715.41
92.915324542,715.41
92.938327108,715.41
92.961228297,689.04
92.984279983,689.04
93.007296437,689.04
93.033040891,689.04
93.056421221,689.04
93.080182548,655.47
93.104219845,655.47
93.127872019,655.47
93.151590433,655.47
93.175598930,633.87
93.199288128,633.87
93.222639306,633.87
93.246242711,633.87
93.269946533,628.78
93.293662483,628.78
93.317071869,628.78
93.340738379,628.78
93.364585850,630.24
93.388377065,630.24
93.411840885,630.24
93.435154238,630.24
93.458925293,630.24
93.482563130,611.23
93.506035429,611.23
93.529235662,611.23
93.552998364,611.23
93.576290502,611.04
93.599913299,611.04
93.623323997,611.04
93.647180813,611.04
93.670785018,602.22
93.694511592,602.22
93.717699440,602.22
93.741306173,602.22
93.764769416,602.22
93.789403040,589.91
93.812772267,589.91
93.836167189,589.91
93.859563616,589.91
93.882804744,594.36
93.905712397,594.36
93.928757556,594.36
93.952540258,594.36
93.975931213,624.15
93.999354968,624.15
94.023103174,624.15
94.046566705,624.15
94.070601411,647.44
94.093986253,647.44
94.117211254,647.44
94.140697185,647.44
94.164046443,647.44
94.187431477,675.80
94.210764223,675.80
94.234013832,675.80
94.257574356,675.80
94.281835689,672.40
94.305534038,672.40
94.329246564,672.40
94.353467544,672.40
94.377229799,665.78
94.401030742,665.78
94.424631747,665.78
94.447820715,665.78
94.471233782,689.21
94.494737601,689.21
94.517526693,689.21
94.540918799,689.21
94.564239993,686.61
94.601052188,686.61
94.624603720,686.61
94.648588825,686.61
94.672736876,686.61
94.696329945,688.13
94.719538945,688.13
94.743030701,688.13
94.766780827,688.13
94.790214918,700.16
94.813864115,700.16
94.837625570,700.16
94.861093773,700.16
94.884168340,702.25
94.908558762,702.25
94.932407834,702.25
94.955718147,702.25
94.979501618,698.86
95.003566884,698.86
95.027384371,698.86
95.051096993,698.86
95.074941457,698.86
95.098297243,701.36
95.121727526,701.36
95.144915886,701.36
95.168358809,701.36
95.191936805,700.97
95.215552338,700.97
95.238543352,700.97
95.261864577,700.97
95.285107402,701.91
95.308572021,701.91
95.331801886,701.91
95.355297930,701.91
95.378477105,701.91
95.401939645,702.13
95.425319495,702.13
95.448600368,702.13
95.471969914,702.13
95.495096418,669.85
95.518399403,669.85
95.541396273,669.85
95.564583865,669.85
95.588194310,628.34
95.612201047,628.34
95.635253278,628.34
95.658616328,628.34
95.682832060,628.34
95.707542485,599.14
95.731345540,599.14
95.755679545,599.14
95.779374727,599.14
95.803041781,596.72
95.826994981,596.72
95.850975478,596.72
95.875185738,596.72
95.899239292,595.85
95.923115660,595.85
95.946683224,595.85
95.970080163,595.85
95.993257963,600.49
96.017512991,600.49
96.041209837,600.49
96.064908795,600.49
96.088665193,602.38
96.112400568,602.38
96.135514399,602.38
96.158805832,602.38
96.182543190,602.38
96.206346533,600.42
96.230127284,600.42
96.253459358,600.42
96.277587985,600.42
96.301210526,606.00
96.324707081,606.00
96.347644463,606.00
96.371345116,606.00
96.396134071,607.80
96.420101640,607.80
96.443446578,607.80
96.467240417,607.80
96.491217394,642.04
96.514383257,642.04
96.537597890,642.04
96.560738953,642.04
96.584195348,642.04
96.607537310,683.31
96.631265772,683.31
96.655266558,683.31
96.678655080,683.31
96.704260908,719.45
96.727874649,719.45
96.751968395,719.45
96.776246016,719.45
96.799662698,718.84
96.823358296,718.84
96.846632545,718.84
96.870255534,718.84
96.893620792,721.96
96.917738955,721.96
96.940907155,721.96
96.964793443,721.96
96.988684051,721.96
97.012595171,719.72
97.036927640,719.72
97.060433764,719.72
97.083676621,719.72
97.106812052,718.17
97.130141438,718.17
97.153468807,718.17
97.177018068,718.17
97.200744994,717.42
97.224063531,717.42
97.247183891,717.42
97.270362139,717.42
97.294738160,717.42
97.318467998,717.35
97.342095115,717.35
97.365784121,717.35
97.389758122,717.35
97.413438008,721.78
97.437271751,721.78
97.460531280,721.78
97.483632919,721.78
97.507213444,718.69
97.530814353,718.69
97.554668864,718.69
97.578364590,718.69
97.601721368,720.73
97.625010433,720.73
97.648138793,720.73
97.672055449,720.73
97.695998186,720.73
97.719455445,715.53
97.745541822,715.53
97.769173707,715.53
97.792895385,715.53
97.816100513,720.13
97.839258281,720.13
97.863095481,720.13
97.886729670,720.13
97.910226065,717.89
97.933937567,717.89
97.957278441,717.89
97.980534930,717.89
98.004231712,723.39
98.028606645,723.39
98.053030316,723.39
98.076639737,723.39
98.100303878,723.39
98.124044788,721.21
98.147378750,721.21
98.170746312,721.21
98.194085874,721.21
98.217560925,721.47
98.241043945,721.47
98.264330834,721.47
98.287478938,721.47
98.310760579,717.43
98.333653831,717.43
98.356617133,717.43
98.379545554,717.43
98.402608217,717.43
98.425468541,699.70
98.448526276,699.70
98.471621899,699.70
98.494725394,699.70
98.518000891,665.93
98.541481638,665.93
98.565075955,665.93
98.587953399,665.93
98.610971549,616.48
98.635174545,616.48
98.659340260,616.48
98.683210740,616.48
98.707082916,616.48
98.730784690,615.07
98.754711202,615.07
98.778524338,615.07
98.802953416,615.07
98.826819031,612.88
98.850567558,612.88
98.874585943,612.88
98.898470184,612.88
98.922038900,612.74
98.945621120,612.74
98.969156268,612.74
98.993535618,612.74
99.017284625,601.51
99.040845181,601.51
99.064587211,601.51
99.088287833,601.51
99.111809669,601.51
99.136226299,596.31
99.159734951,596.31
99.182661708,596.31
99.206307257,596.31
99.229692867,599.30
99.253379249,599.30
99.276635898,599.30
99.300609323,599.30
99.324220120,592.40
99.347730212,592.40
99.371788278,592.40
99.395785991,592.40
99.419077296,597.14
99.442991072,597.14
99.466614573,597.14
99.489657428,597.14
99.512742363,597.14
99.535750241,633.48
99.559485647,633.48
99.583568641,633.48
99.607172718,633.48
99.630777339,672.58
99.654640907,672.58
99.678328536,672.58
99.701861540,672.58
99.725602227,688.70
99.749457666,688.70
99.772885613,688.70
99.796161846,688.70
99.819270493,691.59
99.843057004,691.59
99.866161619,691.59
99.891910009,691.59
99.915581478,691.59
99.940036989,690.97
99.963709706,690.97
99.987432088,690.97
100.011113478,690.97
100.034935605,693.51
100.058464065,693.51
100.082177935,693.51
100.105930910,693.51
100.129376873,706.41
100.152922453,706.41
100.175939163,706.41
100.199404486,706.41
100.222979699,706.38
100.246370621,706.38
100.269683175,706.38
100.293797497,706.38
100.317645097,706.38
100.341128276,711.01
100.365104869,711.01
100.389094614,711.01
100.413306090,711.01
100.436928791,719.05
100.461083978,719.05
100.484848121,719.05
100.508074369,719.05
100.531118696,718.68
100.554932599,718.68
100.578246848,718.68
100.601682763,718.68
100.625245976,719.15
100.649948689,719.15
100.673655263,719.15
100.697325708,719.15
100.721340990,719.15
100.745023948,719.31
100.768657657,719.31
100.792218789,719.31
100.816290903,719.31
100.839469119,719.68
100.862921066,719.68
100.888874194,719.68
100.911937688,719.68
100.935262978,722.85
100.958628204,722.85
100.982162808,722.85
101.005903302,722.85
101.029657077,722.53
101.053292930,722.53
101.076543051,722.53
101.099871189,722.53
101.123515618,722.53
101.147070990,723.51
101.170510937,723.51
101.194138790,723.51
101.217554161,723.51
101.241203838,684.83
101.265860279,684.83
101.289259937,684.83
101.312469194,684.83
101.336228920,654.93
101.359725732,654.93
101.382851723,654.93
101.405911570,654.93
101.429155706,654.93
101.452542693,621.95
101.475692332,621.95
101.498646642,621.95
101.522720708,621.95
101.545782666,582.12
101.568894930,582.12
101.592102554,582.12
101.615045887,582.12
101.638357353,549.93
101.661640434,549.93
101.685074333,549.93
101.708257893,549.93
101.731367180,549.93
101.754566228,513.88
101.777561594,513.88
101.800439774,513.88
101.823641735,513.88
101.847295636,477.79
101.870205081,477.79
101.892679033,477.79
101.914991767,477.79
101.961997422,423.33
101.986046944,423.33
102.012311019,423.33
102.039266238,423.33
102.062755018,426.80
102.085807472,426.80
102.109017400,426.80
102.131949597,426.80
102.155656172,426.80
102.179096406,430.50
102.202954854,430.50
102.226439474,430.50
102.249741115,430.50
102.272766081,467.71
102.295647302,467.71
102.319180690,467.71
102.342907776,467.71
102.366195913,503.65
102.389886839,503.65
102.413675270,503.65
102.436896814,503.65
102.460202679,535.96
102.483475264,535.96
102.506585800,535.96
102.529948946,535.96
102.553444093,535.96
102.577206700,570.13
102.600853177,570.13
102.624081122,570.13
102.647456876,570.13
102.671588639,609.79
102.695584848,609.79
102.719361759,609.79
102.743062221,609.79
102.766911708,643.77
102.790639466,643.77
102.813816626,643.77
102.836897209,643.77
102.860108673,681.50
102.883629645,681.50
102.907099577,681.50
102.930595236,681.50
102.953997935,681.50
102.977321624,723.28
103.000239005,723.28
103.023194179,723.28
103.047000242,723.28
103.070544606,721.71
103.094208203,721.71
103.117367699,721.71
103.141022272,721.71
103.164561964,713.63
103.187954871,713.63
103.211446274,713.63
103.235012719,713.63
103.258466682,674.14
103.281891236,674.14
103.305220078,674.14
103.329204607,674.14
103.352277062,674.14
103.375421678,644.31
103.398868889,644.31
103.422383716,644.31
103.445499308,644.31
103.468697556,605.66
103.491770746,605.66
103.514917122,605.66
103.538028745,605.66
103.561204881,571.77
103.584276760,571.77
103.607422975,571.77
103.630570791,571.77
103.653772527,571.77
103.677001656,535.67
103.699941853,535.67
103.723137829,535.67
103.746275469,535.67
103.769388404,506.66
103.792809151,506.66
103.815950118,506.66
103.839375409,506.66
103.862756763,470.67
103.886139589,470.67
103.909173292,470.67
103.932146641,470.67
103.955470075,470.67
103.978432960,437.66
104.001717481,437.66
104.028728253,437.66
104.052112647,437.66
104.076751360,396.90
104.101046709,396.90
104.124219324,396.90
104.148349295,396.90
104.171514775,372.12
104.194929154,372.12
104.218181194,372.12
104.241926521,372.12
104.265614310,372.28
104.288920912,372.28
104.312286522,372.28
104.335725509,372.28
104.359368434,371.01
104.382546138,371.01
104.405593697,371.01
104.428858441,371.01
104.452176339,371.01
104.475064696,372.27
104.498421858,372.27
104.521612362,372.27
104.544834770,372.27
104.568156028,371.16
104.591319171,371.16
104.614675917,371.16
104.637878166,371.16
104.661564899,371.00
104.684882381,371.00
104.707922291,371.00
104.731200572,371.00
104.754693736,371.00
104.777654925,372.02
104.800749652,372.02
104.823771898,372.02
104.847068452,372.02
104.870292684,370.52
104.893049135,370.52
104.916234039,370.52
104.939525953,370.52
104.962463878,371.39
104.985968497,371.39
105.009533982,371.39
105.033951828,371.39
105.057634178,371.39
105.081001644,371.48
105.104991037,371.48
105.128289286,371.48
105.152119509,371.48
105.175868036,370.30
105.199250830,370.30
105.222764474,370.30
105.246912685,370.30
105.270187862,370.64
105.293551744,370.64
105.316864969,370.64
105.340278420,370.64
105.363372027,369.48
105.386756965,369.48
105.409885709,369.48
105.433388312,369.48
105.456955845,369.48
105.479923082,367.88
105.502680461,367.88
105.525885430,367.88
105.549845574,367.88
105.573803831,371.55
105.597795240,371.55
105.621896059,371.55
105.645403783,371.55
105.669177749,408.16
105.692639744,408.16
105.715825288,408.16
105.739635928,408.16
105.763697898,408.16
105.788575621,434.67
105.812194898,434.67
105.835653277,434.67
105.859131368,434.67
105.882689333,476.65
105.906810439,476.65
105.930554966,476.65
105.954232675,476.65
105.977728719,507.86
106.001305403,507.86
106.028709491,507.86
106.051782746,507.86
106.074957442,541.86
106.098641648,541.86
106.125702852,541.86
106.154232905,541.86
106.177893430,577.39
106.201350561,577.39
106.224555690,577.39
106.247986004,577.39
106.271755075,614.86
106.295196270,614.86
106.318668761,614.86
106.342291782,614.86
106.365842738,614.86
106.389251005,652.17
106.412739336,652.17
106.436078962,652.17
106.460845036,652.17
106.484408729,679.43
106.508102598,679.43
106.531687347,679.43
106.555174910,679.43
106.578168356,719.75
106.601996051,719.75
106.624778071,719.75
106.648656583,719.75
106.672170035,716.83
106.696541864,716.83
106.719550030,716.83
106.742434195,716.83
106.765626235,716.83
106.788528608,719.21
106.811830281,719.21
106.834962896,719.21
106.857965846,719.21
106.881001309,710.10
106.903996674,710.10
106.927062633,710.10
106.950104495,710.10
106.973297399,710.10
106.996293917,683.68
107.019502598,683.68
107.042774255,683.68
107.066145561,683.68
107.089513987,649.15
107.112651370,649.15
107.135789138,649.15
107.159579073,649.15
107.182652903,617.93
107.209231030,617.93
107.232130075,617.93
107.255893577,617.93
107.279564343,581.23
107.303617705,581.23
107.327275382,581.23
107.350716993,581.23
107.373971370,581.23
107.397126034,545.63
107.420383995,545.63
107.443520770,545.63
107.466998445,545.63
107.490454872,513.65
107.513828291,513.65
107.536935626,513.65
107.560412757,513.65
107.583867456,477.62
107.607415628,477.62
107.630803415,477.62
107.654299010,477.62
107.677666540,477.62
107.701120247,450.21
107.724347392,450.21
107.747868300,450.21
107.771410616,450.21
107.795333224,407.94
107.818951189,407.94
107.842620482,407.94
107.866123534,407.94
107.889384663,380.90
107.912559455,380.90
107.935809096,380.90
107.959297619,380.90
107.982386330,373.55
108.006071784,373.55
108.029210863,373.55
108.052550937,373.55
108.076165862,373.55
108.099239917,368.14
108.122900090,368.14
108.146284100,368.14
108.169784944,368.14
108.192548147,359.73
108.215481112,359.73
108.239004004,359.73
108.262376430,359.73
108.285751896,359.73
108.309344741,356.25
108.332755664,356.25
108.356987908,356.25
108.380349774,356.25
108.403779224,354.54
108.427525895,354.54
108.450856720,354.54
108.474026392,354.54
108.497548196,355.09
108.520754796,355.09
108.543913780,355.09
108.566997051,355.09
108.590062146,354.90
108.613133672,354.90
108.636189871,354.90
108.659579673,354.90
108.682857282,354.90
108.706112203,353.50
108.729540758,353.50
108.752745758,353.50
108.775714564,353.50
108.798680809,349.37
108.821956498,349.37
108.845164314,349.37
108.868430531,349.37
108.891636108,348.44
108.914923637,348.44
108.938071868,348.44
108.961318565,348.44
108.984743184,348.44
109.007941784,347.99
109.034970892,347.99
109.058471031,347.99
109.082467785,347.99
109.105999316,352.82
109.129627554,352.82
109.153078797,352.82
109.176683161,352.82
109.200013891,356.34
109.223433454,356.34
109.246752343,356.34
109.270241859,356.34
109.296115849,363.59
109.319502804,363.59
109.342980511,363.59
109.366141959,363.59
109.389296686,363.59
109.412401173,365.20
109.435560765,365.20
109.458894919,365.20
109.482522324,365.20
109.505713340,363.51
109.528965509,363.51
109.551887882,363.51
109.575222931,363.51
109.598561021,364.54
109.621825286,364.54
109.645068943,364.54
109.668361368,364.54
109.691696162,364.54
109.714468709,364.54
109.737310121,364.54
109.760322255,364.54
109.783713882,364.54
109.806688895,360.97
109.829936200,360.97
109.853432627,360.97
109.876514842,360.97
109.900037446,364.67
109.923477809,364.67
109.946563992,364.67
109.969635775,364.67
109.992945576,364.67
110.015923470,360.11
110.039146998,360.11
110.062309726,360.11
110.085258467,360.11
110.108240105,358.30
110.131356304,358.30
110.154113715,358.30
110.177295675,358.30
110.200261153,358.52
110.223615243,358.52
110.246871923,358.52
110.270080412,358.52
110.293578727,358.52
110.316759631,358.57
110.340011576,358.57
110.363179488,358.57
110.388525952,358.57
110.411812746,356.85
110.435534104,356.85
110.459518825,356.85
110.483609883,356.85
110.507081094,358.49
110.530539697,358.49
110.553708473,358.49
110.576900001,358.49
110.599916071,358.49
110.624245884,353.34
110.647709480,353.34
110.671228947,353.34
110.694758911,353.34
110.718414349,351.66
110.741811511,351.66
110.765274210,351.66
110.789429781,351.66
110.812887584,357.94
110.836395340,357.94
110.859726166,357.94
110.883100896,357.94
110.906054181,356.86
110.929357999,356.86
110.952558679,356.86
110.975535773,356.86
110.998837830,356.86
111.021876748,361.77
111.045145461,361.77
111.068249852,361.77
111.091684039,361.77
111.114841615,363.03
111.138284346,363.03
111.161683236,363.03
111.185182416,363.03
111.208574010,363.17
111.231834947,363.17
111.255106028,363.17
111.278173618,363.17
111.301424891,363.17
111.324411873,361.53
111.347588233,361.53
111.370784497,361.53
111.394095194,361.53
111.417415556,358.67
111.443442188,358.67
111.466936280,358.67
111.490245761,358.67
111.513792461,357.11
111.536959189,357.11
111.560332767,357.11
111.583709225,357.11
111.607048307,357.11
111.631000388,363.19
111.654179628,363.19
111.677547286,363.19
111.701338277,363.19
111.724732111,363.86
111.747887799,363.86
111.771104607,363.86
111.794710092,363.86
111.818016053,363.24
111.842111016,363.24
111.865042285,363.24
111.888130004,363.24
111.911348924,363.24
111.934407203,364.31
111.957639595,364.31
111.980839571,364.31
112.004394592,364.31
112.029446589,363.30
112.052419042,363.30
112.075403944,363.30
112.098602960,363.30
112.121595798,357.63
112.144655101,357.63
112.167670659,357.63
112.190803466,357.63
112.214064211,357.63
112.237922915,350.32
112.261273741,350.32
112.284057680,350.32
112.307025974,350.32
112.330467073,346.14
112.353380453,346.14
112.376430764,346.14
112.400076441,346.14
112.423334722,345.54
112.447925754,345.54
112.471028033,345.54
112.494239977,345.54
112.517257903,345.54
112.541181888,345.90
112.564802925,345.90
112.588337113,345.90
112.611796324,345.90
112.635297712,344.47
112.658734074,344.47
112.681839969,344.47
112.705340557,344.47
112.728706167,345.80
112.752188450,345.80
112.775603149,345.80
112.798975607,345.80
112.822627972,345.08
112.846079280,345.08
112.869137206,345.08
112.892524480,345.08
112.916311823,345.08
112.939646841,344.27
112.963077412,344.27
112.986358765,344.27
113.010125499,344.27
113.035308378,345.78
113.058346369,345.78
113.081508808,345.78
113.104835794,345.78
113.127901080,349.80
113.152046027,349.80
113.175330677,349.80
113.198477404,349.80
113.222005032,349.80
113.245901240,357.61
113.269108000,357.61
113.292234472,357.61
113.315279246,357.61
113.338421910,358.91
113.361698271,358.91
113.384859654,358.91
113.408812023,358.91
113.432061952,362.79
113.455520555,362.79
113.478864981,362.79
113.502203390,362.79
113.525580841,363.41
113.549122133,363.41
113.572312765,363.41
113.595650438,363.41
113.619039473,363.41
113.642237465,363.52
113.665695076,363.52
113.688966573,363.52
113.713011743,363.52
113.736266472,361.77
113.760072471,361.77
113.783280191,361.77
113.806527848,361.77
113.830112500,362.64
113.853412573,362.64
113.876463492,362.64
113.899414825,362.64
113.922622033,362.64
113.945655512,362.57
113.968890208,362.57
113.991890118,362.57
114.014931149,362.57
114.037938419,362.43
114.060748182,362.43
114.083698972,362.43
114.106679265,362.43
114.129752840,362.93
114.152950352,362.93
114.175886197,362.93
114.198840891,362.93
114.222089731,362.93
114.244977448,362.12
114.268217489,362.12
114.291272503,362.12
114.314478015,362.12
114.337670151,366.18
114.361189427,366.18
114.384348123,366.18
114.407549763,366.18
114.430640266,366.18
114.454818813,367.58
114.477715970,367.58
114.500806953,367.58
114.524111282,367.58
114.547064824,366.10
114.570008701,366.10
114.593106468,366.10
114.616389005,366.10
114.639569045,367.09
114.663668295,367.09
114.687028337,367.09
114.710105304,367.09
114.733458594,367.09
114.757413747,365.95
114.780756029,365.95
114.804173447,365.95
114.827522097,365.95
114.850892219,367.10
114.874280485,367.10
114.897771953,367.10
114.921232444,367.10
114.944462628,368.33
114.968304404,368.33
114.991634590,368.33
115.014712804,368.33
115.037828940,366.72
115.061399896,366.72
115.084724450,366.72
115.107717063,366.72
115.131165810,366.72
115.154627741,367.87
115.177780677,367.87
115.200776363,367.87
115.224142133,367.87
115.247134747,367.28
115.270097056,367.28
115.292966277,367.28
115.315905386,367.28
115.339052337,366.33
115.362222425,366.33
115.385398049,366.33
115.408184581,366.33
115.431278123,366.33
115.454414195,366.98
115.477457881,366.98
115.500704482,366.98
115.523957771,366.98
115.547062898,365.88
115.570384027,365.88
115.593669349,365.88
115.616980206,365.88
115.640532826,365.88
115.664326857,366.60
115.687355727,366.60
115.710203827,366.60
115.733318203,366.60
115.756239392,367.55
115.779580073,367.55
115.802801074,367.55
115.826111323,367.55
115.849262243,366.04
115.872226664,366.04
115.895384624,366.04
115.918698105,366.04
115.942030435,366.04
115.966547066,366.19
115.989862756,366.19
116.012894282,366.19
116.036553015,366.19
116.059698367,366.87
116.083163498,366.87
116.106219632,366.87
116.130046816,366.87
116.153611724,364.26
116.176614386,364.26
116.199792826,364.26
116.223009954,364.26
116.246023112,364.26
116.269236881,364.06
116.292227510,364.06
116.315424415,364.06
116.338704296,364.06
116.361668589,365.41
116.384750836,365.41
116.407655033,365.41
116.431239941,365.41
116.454398317,363.74
116.477587221,363.74
116.501203874,363.74
116.524536427,363.74
116.548110488,364.75
116.571653380,364.75
116.594891213,364.75
116.618216214,364.75
116.641723138,364.75
116.665091340,364.51
116.688526679,364.51
116.712165028,364.51
116.735774321,364.51
116.759461470,363.43
116.782897449,363.43
116.806482742,363.43
116.829740319,363.43
116.852849414,365.27
116.876168239,365.27
116.899319831,365.27
116.922321405,365.27
116.945545317,365.27
116.968687149,364.48
116.991841108,364.48
117.014765497,364.48
117.038226628,364.48
117.061277451,364.58
117.084563636,364.58
117.107654075,364.58
117.130666721,364.58
117.154123724,367.33
117.177361749,367.33
117.200561725,367.33
117.223870214,367.33
117.247184016,367.33
117.270426616,366.95
117.293834819,366.95
117.316825417,366.95
117.340079985,366.95
117.363271993,367.12
117.386232447,367.12
117.409383078,367.12
117.432763921,367.12
117.456213852,368.75
117.479572038,368.75
117.502557707,368.75
117.525887925,368.75
117.549043197,368.75
117.571959746,366.37
117.595373228,366.37
117.618753366,366.37
117.642710823,366.37
117.666137586,366.95
117.689348698,366.95
117.712501218,366.95
117.736050702,366.95
117.759530137,367.05
117.783114374,367.05
117.806162412,367.05
117.829530902,367.05
117.852478171,367.05
117.875746564,365.59
117.899046926,365.59
117.922032883,365.59
117.945412158,365.59
117.969352014,366.26
117.992739832,366.26
118.016259780,366.26
118.039738256,366.26
118.062925208,365.89
118.086092511,365.89
118.109209383,365.89
118.132287277,365.89
118.155284307,365.89
118.178282617,365.62
118.201310847,365.62
118.224318437,365.62
118.247448749,365.62
118.270553812,365.97
118.293447512,365.97
118.316477951,365.97
118.339593318,365.97
118.363277267,364.39
118.386725086,364.39
118.409651427,364.39
118.432366470,364.39
118.455449773,364.39
118.479222940,349.75
118.503228301,349.75
118.527283647,349.75
118.552396829,349.75
118.576112395,384.54
118.600006203,384.54
118.623570503,384.54
118.647129811,384.54
118.671108740,417.33
118.694855955,417.33
118.718671458,417.33
118.742148845,417.33
118.768006868,462.17
118.791684737,462.17
118.815111020,462.17
118.839453185,462.17
118.863137263,462.17
118.887993802,497.18
118.911835609,497.18
118.935190947,497.18
118.958792976,497.18
118.982036089,532.83
119.005344578,532.83
119.029838201,532.83
119.053751817,532.83
119.077390870,567.47
119.101279750,567.47
119.124946452,567.47
119.148270525,567.47
119.171438341,599.17
119.194639309,599.17
119.217989495,599.17
119.241711333,599.17
119.265314386,599.17
119.289300067,631.44
119.312442859,631.44
119.335536849,631.44
119.359412705,631.44
119.383199056,674.07
119.407280290,674.07
119.430809998,674.07
119.454307994,674.07
119.478101673,717.75
119.501797334,717.75
119.525121760,717.75
119.548417833,717.75
119.571448528,717.41
119.594915867,717.41
119.618679561,717.41
119.642463512,717.41
119.665885795,717.41
119.689213612,719.94
119.712262451,719.94
119.735382906,719.94
119.758346207,719.94
119.781966988,716.54
119.805156468,716.54
119.828738689,716.54
119.851929513,716.54
119.875399220,706.40
119.899235236,706.40
119.922741999,706.40
119.946259099,706.40
119.969855112,706.40
119.993237490,668.93
120.016520635,668.93
120.039951814,668.93
120.064020248,668.93
120.087440066,636.39
120.110887885,636.39
120.134175607,636.39
120.158583276,636.39
120.182111064,598.65
120.205569187,598.65
120.229056943,598.65
120.252344824,598.65
120.275608225,566.93
120.299473681,566.93
120.322682937,566.93
120.345662207,566.93
120.369149898,566.93
120.392298098,530.79
120.415978751,530.79
120.440069041,530.79
120.463659838,530.79
120.486627812,495.30
120.509512680,495.30
120.532579503,495.30
120.556513983,495.30
120.580892437,461.41
120.604969095,461.41
120.629051897,461.41
120.652734727,461.41
120.676749400,461.41
120.700298884,462.53
120.723809616,462.53
120.747770369,462.53
120.771616400,462.53
120.796048806,462.74
120.822414035,462.74
120.846215618,462.74
120.872951794,462.74
120.896823266,475.77
120.921691069,475.77
120.945415243,475.77
120.969244570,475.77
120.993258252,504.39
121.016881561,504.39
121.040116737,504.39
121.063986449,504.39
121.087902689,540.51
121.112915550,540.51
121.139320075,540.51
121.163467262,540.51
121.187803827,585.49
121.211667811,585.49
121.235465137,585.49
121.259302561,585.49
121.283100080,585.49
121.307683848,613.90
121.331413142,613.90
121.355161796,613.90
121.379111733,613.90
121.402627201,655.67
121.426098316,655.67
121.449434006,655.67
121.473744810,655.67
121.497638554,697.86
121.521336296,697.86
121.545244281,697.86
121.569343563,697.86
121.592776726,717.99
121.616783815,717.99
121.640158673,717.99
121.663872191,717.99
121.687556813,716.34
121.712085380,716.34
121.736038613,716.34
121.759713122,716.34
121.782959691,716.34
121.805981905,718.96
121.829236570,718.96
121.853111402,718.96
121.877982373,718.96
121.901428144,717.81
121.925612963,717.81
121.949013134,717.81
121.972963646,717.81
121.996435082,721.71
122.021180099,721.71
122.044992946,721.71
122.068591487,721.71
122.092373806,719.72
122.116095836,719.72
122.139199203,719.72
122.162310442,719.72
122.185814422,719.72
122.209138015,719.21
122.232757612,719.21
122.256406649,719.21
122.280634157,719.21
122.304433372,721.91
122.327456226,721.91
122.350662219,721.91
122.374347512,721.91
122.398262697,721.72
122.421885814,721.72
122.445392065,721.72
122.469273073,721.72
122.492979487,721.72
122.517329140,725.38
122.540456956,725.38
122.563888326,725.38
122.588294620,725.38
122.611761255,723.24
122.635347284,723.24
122.659256836,723.24
122.682916914,723.24
122.706099322,723.72
122.729405763,723.72
122.752885454,723.72
122.776310105,723.72
122.799962118,720.17
122.823514546,720.17
122.847206912,720.17
122.870806925,720.17
122.894392953,722.53
122.923537733,722.53
122.947052401,722.53
122.971337317,722.53
122.994851217,722.53
123.018759937,717.55
123.042353998,717.55
123.065337780,717.55
123.089159619,717.55
123.112779088,719.22
123.136320252,719.22
123.159908040,719.22
123.183275954,719.22
123.206444218,716.34
123.229699683,716.34
123.253193070,716.34
123.276043059,716.34
123.299551166,716.34
123.323151755,718.58
123.346596246,718.58
123.369741757,718.58
123.393202953,718.58
123.416679348,677.46
123.439729594,677.46
123.463296583,677.46
123.487325528,677.46
123.511408522,643.81
123.535175993,643.81
123.558728037,643.81
123.582052047,643.81
123.605102965,609.87
123.628243933,609.87
123.651305283,609.87
123.674655661,609.87
123.697735476,609.87
123.721015101,573.67
123.744273702,573.67
123.767522574,573.67
123.791144859,573.67
123.814462117,541.86
123.837886767,541.86
123.861145592,541.86
123.884456258,541.86
123.907854668,504.83
123.930904658,504.83
123.954002169,504.83
123.978715027,504.83
124.001799098,504.83
124.028295111,469.37
124.052002645,469.37
124.075376223,469.37
124.098828906,469.37
124.121947538,438.60
124.145551550,438.60
124.168952329,438.60
124.192572118,438.60
124.215974240,404.57
124.239195656,404.57
124.262351024,404.57
124.285682810,404.57
124.309074596,368.90
124.333878206,368.90
124.357301769,368.90
124.380571954,368.90
124.403824155,368.90
124.426922722,367.72
124.450078537,367.72
124.473234865,367.72
124.496507354,367.72
124.519507200,366.75
124.542409221,366.75
124.565549900,366.75
124.588416336,366.75
124.611568792,366.75
124.635400039,367.47
124.658410509,367.47
124.681438995,367.47
124.704555643,367.47
124.727557441,367.14
124.750750569,367.14
124.774011953,367.14
124.797416284,367.14
124.820857511,367.20
124.844082959,367.20
124.867315576,367.20
124.890544992,367.20
124.913624903,367.20
124.937577944,368.07
124.960436316,368.07
124.983638948,368.07
125.006958926,368.07
125.029996148,366.29
125.053004058,366.29
125.076018240,366.29
125.099570444,366.29
125.122607762,367.24
125.146045981,367.24
125.169828172,367.24
125.193384088,367.24
125.217186471,367.51
125.240604050,367.51
125.264631491,367.51
125.287776683,367.51
125.310830001,367.51
125.333785815,355.53
125.358077419,355.53
125.382238974,355.53
125.406271792,355.53
125.430080607,375.82
125.454042160,375.82
125.477541467,375.82
125.501684622,375.82
125.525415900,413.50
125.549712177,413.50
125.573859268,413.50
125.597925686,413.50
125.622304171,442.96
125.646160987,442.96
125.670182477,442.96
125.694032156,442.96
125.717870219,442.96
125.741885405,476.88
125.765826573,476.88
125.789813951,476.88
125.813919025,476.88
125.837468477,514.41
125.861324301,514.41
125.885066331,514.41
125.909091021,514.41
125.932807355,548.13
125.957110575,548.13
125.980935231,548.13
126.005755225,548.13
126.029584456,593.23
126.053074004,593.23
126.076410078,593.23
126.100400239,593.23
126.124341279,593.23
126.148032813,628.02
126.171906653,628.02
126.195542986,628.02
126.219225655,628.02
126.242612994,665.37
126.266030412,665.37
126.290244960,665.37
126.314091280,665.37
126.337497242,715.51
126.361358410,715.51
126.384928758,715.51
126.408383297,715.51
126.431679050,721.56
126.455905054,721.56
126.479514923,721.56
126.503227833,721.56
126.526905158,721.93
126.551347453,721.93
126.574798920,721.93
126.597981904,721.93
126.621556508,721.93
126.645263402,721.24
126.668797654,721.24
126.692384066,721.24
126.716534805,721.24
126.740506054,725.09
126.763844432,725.09
126.786993560,725.09
126.810461763,725.09
126.833815693,723.74
126.857561915,723.74
126.881163400,723.74
126.904755892,723.74
126.928611332,723.74
126.951856749,727.40
126.975103957,727.40
126.998194204,727.40
127.022146733,727.40
127.045942268,726.19
127.069568105,726.19
127.093701372,726.19
127.122194496,726.19
127.145625963,728.78
127.169675548,728.78
127.193166344,728.78
127.216733172,728.78
127.240474275,725.74
127.264377651,725.74
127.288351716,725.74
127.311856783,725.74
127.335072023,725.74
127.358528227,728.52
127.382377042,728.52
127.406342403,728.52
127.430540534,728.52
127.454512999,725.72
127.478455096,725.72
127.502033700,725.72
127.525897556,725.72
127.549277118,729.12
127.573169262,729.12
127.596766651,729.12
127.620442888,729.12
127.644213207,726.90
127.667900549,726.90
127.691755508,726.90
127.715632004,726.90
127.739764535,727.68
127.764055851,727.68
127.787762905,727.68
127.811733162,727.68
127.835573530,727.68
127.858867043,726.23
127.882208845,726.23
127.905743577,726.23
127.929628233,726.23
127.953248341,724.72
127.976616992,724.72
128.000654417,724.72
128.024465696,724.72
128.047789770,723.77
128.071230517,723.77
128.094761825,723.77
128.118081578,723.77
128.141277522,703.73
128.164485658,703.73
128.187853988,703.73
128.211439633,703.73
128.235125567,703.73
128.258594762,668.96
128.282637467,668.96
128.305800739,668.96
128.328682056,668.96
128.351461867,624.66
128.374623187,624.66
128.398486786,624.66
128.422638645,624.66
128.446742312,603.45
128.471008412,603.45
128.494883276,603.45
128.518803228,603.45
128.542762029,603.45
128.567797258,601.44
128.592003358,601.44
128.615868333,601.44
128.640112289,601.44
128.664045426,601.04
128.687449052,601.04
128.711163594,601.04
128.735580224,601.04
128.759678707,600.96
128.783603011,600.96
128.807184623,600.96
128.831452836,600.96
128.855390132,600.89
128.878786271,600.89
128.902126728,600.89
128.925928823,600.89
128.950658257,600.61
128.973923994,600.61
128.997181539,600.61
129.020768239,600.61
129.044656767,600.61
129.068082986,601.63
129.091088624,601.63
129.114562075,601.63
129.138641037,601.63
129.162163769,626.70
129.185839558,626.70
129.209983033,626.70
129.233651271,626.70
129.256653261,657.16
129.279944182,657.16
129.302934139,657.16
129.326744363,657.16
129.350436888,698.97
129.374640396,698.97
129.398651261,698.97
129.422069544,698.97
129.445461458,698.97
129.468441560,719.95
129.492027428,719.95
129.515648657,719.95
129.539234270,719.95
129.562956236,719.52
129.586710810,719.52
129.610192454,719.52
129.633387086,719.52
129.656636406,724.57
129.680908203,724.57
129.704473495,724.57
129.728187685,724.57
129.752148598,724.57
129.776880783,723.57
129.800224377,723.57
129.823344064,723.57
129.846983757,723.57
129.870964222,721.64
129.894530507,721.64
129.918069911,721.64
129.941899366,721.64
129.965359185,724.05
129.988505177,724.05
130.011463390,724.05
130.036126903,724.05
130.060930033,720.26
130.084575326,720.26
130.108151979,720.26
130.132065179,720.26
130.155996715,720.26
130.180138910,722.18
130.203427271,722.18
130.227277335,722.18
130.251711757,722.18
130.277283568,720.39
130.301311746,720.39
130.325610870,720.39
130.349644904,720.39
130.373484663,723.60
130.397189989,723.60
130.420660753,723.60
130.444798531,723.60
130.468742100,719.66
130.492674276,719.66
130.516840920,719.66
130.540255106,719.66
130.563631468,721.01
130.587045655,721.01
130.610847846,721.01
130.634785590,721.01
130.658564645,721.01
130.682286259,716.96
130.706370469,716.96
130.730136948,716.96
130.754030884,716.96
130.777685393,719.86
130.801331806,719.86
130.825121741,719.86
130.848995933,719.86
130.872794732,717.87
130.896564251,717.87
130.920268712,717.87
130.943690867,717.87
130.967680260,717.40
130.991994137,717.40
131.015580038,717.40
131.038890671,717.40
131.062958561,717.40
131.087624154,720.99
131.111293351,720.99
131.134631793,720.99
131.158403488,720.99
131.182269583,718.90
131.205734458,718.90
131.229121285,718.90
131.253288728,718.90
131.276873444,720.59
131.300150445,720.59
131.328608401,720.59
131.351358324,720.59
131.374800831,719.45
131.398092712,719.45
131.421419922,719.45
131.444616474,719.45
131.467905603,719.45
131.491481935,723.56
131.515001531,723.56
131.537995041,723.56
131.561244842,723.56
131.584363697,705.72
131.607348631,705.72
131.630294940,705.72
131.653413507,705.72
131.676420745,672.80
131.699882516,672.80
131.723154237,672.80
131.746337701,672.80
131.769359019,672.80
131.793371548,637.27
131.816567268,637.27
131.839718700,637.27
131.862968213,637.27
131.886218813,603.47
131.909542151,603.47
131.932847920,603.47
131.956602015,603.47
131.979744454,565.86
132.002647531,565.86
132.030485064,565.86
132.054264279,565.86
132.078334441,529.35
132.103561832,529.35
132.127800124,529.35
132.151469673,529.35
132.175150519,526.20
132.199380235,526.20
132.222866998,526.20
132.246918696,526.20
132.270798808,526.20
132.294509126,528.96
132.318684057,528.96
132.342307654,528.96
132.368727699,528.96
132.392410784,530.93
132.416377521,530.93
132.440265825,530.93
132.464148241,530.93
132.488117762,522.52
132.512309525,522.52
132.535879521,522.52
132.560508826,522.52
132.584191559,540.20
132.608213945,540.20
132.631744677,540.20
132.656222939,540.20
132.680595761,568.06
132.705038631,568.06
132.728885527,568.06
132.752884616,568.06
132.776545973,568.06
132.801884310,608.66
132.825763590,608.66
132.849408083,608.66
132.873651431,608.66
132.897643448,638.20
132.921114627,638.20
132.944688016,638.20
132.968374077,638.20
132.992738803,681.73
133.016731588,681.73
133.040238991,681.73
133.064119807,681.73
133.087924654,722.71
133.111518747,722.71
133.134694627,722.71
133.157819946,722.71
133.181555128,720.34
133.205711819,720.34
133.229722972,720.34
133.253926288,720.34
133.277279706,720.34
133.300481442,721.53
133.323745259,721.53
133.347033588,721.53
133.370919492,721.53
133.394255054,717.54
133.422761394,717.54
133.446689923,717.54
133.472526057,717.54
133.495936659,721.11
133.519193276,721.11
133.542269667,721.11
133.565890736,721.11
133.589553629,720.13
133.613162410,720.13
133.637002425,720.13
133.660060384,720.13
133.683350441,720.13
133.706603058,721.88
133.730584579,721.88
133.754177199,721.88
133.777570201,721.88
133.801705068,717.24
133.825689501,717.24
133.848862341,717.24
133.872367601,717.24
133.895458936,718.79
133.919126693,718.79
133.942833715,718.79
133.966699555,718.79
133.990427249,717.72
134.013973373,717.72
134.037364775,717.72
134.060712337,717.72
134.084267933,717.72
134.108350639,714.97
134.131963644,714.97
134.155288262,714.97
134.179099157,714.97
134.202328253,718.56
134.225788488,718.56
134.249221651,718.56
134.272670430,718.56
134.297274166,711.59
134.320810498,711.59
134.344043114,711.59
134.367300467,711.59
134.390950656,683.62
134.415153748,683.62
134.438457309,683.62
134.461869576,683.62
134.507331213,683.62
134.530700087,637.92
134.553957952,637.92
134.577326218,637.92
134.600539922,637.92
134.624279265,606.22
134.648026351,606.22
134.672015008,606.22
134.695246921,606.22
134.718192174,563.10
134.740998705,563.10
134.764021496,563.10
134.787850919,563.10
134.811638838,563.10
134.835548934,537.27
134.859529079,537.27
134.883379878,537.27
134.907602970,537.27
134.931378089,539.53
134.955669853,539.53
134.979746799,539.53
135.003636863,539.53
135.030139757,540.00
135.053713721,540.00
135.076932066,540.00
135.100573903,540.00
135.124410014,543.48
135.148448944,543.48
135.172279455,543.48
135.196008781,543.48
135.220738599,540.72
135.244243507,540.72
135.267288569,540.72
135.290558530,540.72
135.314074094,540.72
135.337938749,546.73
135.361586250,546.73
135.385211447,546.73
135.408608130,546.73
135.431729705,576.49
135.454623278,576.49
135.477593075,576.49
135.500949725,576.49
135.524600874,615.71
135.548817054,615.71
135.572012262,615.71
135.595292431,615.71
135.618682873,615.71
135.641951298,651.75
135.665291660,651.75
135.688702038,651.75
135.712143297,651.75
135.735461035,665.23
135.758543985,665.23
135.781844315,665.23
135.805364742,665.23
135.828684336,668.55
135.852025338,668.55
135.875044064,668.55
135.897991109,668.55
135.921176333,668.55
135.944530071,631.25
135.967576285,631.25
135.990704228,631.25
136.013915757,631.25
136.037086388,590.16
136.060293725,590.16
136.083461284,590.16
136.106897935,590.16
136.130852160,552.26
136.153532834,552.26
136.176442823,552.26
136.199534542,552.26
136.223559999,552.26
136.247322702,519.10
136.271164637,519.10
136.295183087,519.10
136.318847196,519.10
136.342512297,520.62
136.366224535,520.62
136.391019570,520.62
136.414866113,520.62
136.439242615,519.36
136.463107462,519.36
136.486852245,519.36
136.510574371,519.36
136.534607892,521.23
136.558124064,521.23
136.581456138,521.23
136.604957045,521.23
136.629440620,521.23
136.653305948,515.41
136.677074570,515.41
136.700413652,515.41
136.724032417,515.41
136.747747727,543.62
136.771377020,543.62
136.794935944,543.62
136.818377779,543.62
136.843239982,576.17
136.866795770,576.17
136.889882849,576.17
136.913374444,576.17
136.937886691,607.45
136.962573884,607.45
136.986190601,607.45
137.009703061,607.45
137.036463173,639.69
137.060140179,639.69
137.083674175,639.69
137.107515342,639.69
137.131001210,639.69
137.154713448,674.24
137.178271476,674.24
137.201623934,674.24
137.226286710,674.24
137.249876739,720.83
137.273040779,720.83
137.296199058,720.83
137.320388422,720.83
137.344214741,717.60
137.368287175,717.60
137.391882132,717.60
137.415257246,717.60
137.438579751,717.60
137.461786191,720.14
137.485002584,720.14
137.507995069,720.14
137.531379560,720.14
137.554496559,715.29
137.577558389,715.29
137.600723901,715.29
137.624104327,715.29
137.649480616,695.78
137.672873714,695.78
137.696002522,695.78
137.719223234,695.78
137.742463787,660.75
137.765723635,660.75
137.789023645,660.75
137.812177700,660.75
137.835482797,660.75
137.858622357,630.01
137.881875486,630.01
137.905026373,630.01
137.928617330,630.01
137.952508738,591.40
137.975897868,591.40
137.999590938,591.40
138.022501311,591.40
138.045016095,591.40
138.067635520,543.56
138.090940074,543.56
138.114909595,543.56
138.138884299,543.56
138.163016062,528.32
138.187060912,528.32
138.210503355,528.32
138.234379115,528.32
138.258171001,525.35
138.281623396,525.35
138.305570293,525.35
138.329998571,525.35
138.353957916,528.18
138.377332774,528.18
138.400792849,528.18
138.424423390,528.18
138.448067115,528.57
138.472093725,528.57
138.495587496,528.57
138.519293110,528.57
138.543431305,528.57
138.567564604,526.53
138.590948230,526.53
138.614130542,526.53
138.638107231,526.53
138.661586954,546.84
138.685606011,546.84
138.709009414,546.84
138.732699059,546.84
138.756363041,583.02
138.779953581,583.02
138.803707452,583.02
138.827641900,583.02
138.851097751,615.34
138.874479393,615.34
138.898651733,615.34
138.921907709,615.34
138.945123270,615.34
138.968731282,648.24
138.992041820,648.24
139.015739241,648.24
139.039476376,648.24
139.062818593,695.55
139.086209004,695.55
139.109537621,695.55
139.133129314,695.55
139.157376854,708.65
139.180919554,708.65
139.204517935,708.65
139.228348414,708.65
139.251697160,708.65
139.274792047,705.25
139.297951574,705.25
139.321185119,705.25
139.344992878,705.25
139.369113888,703.91
139.392417226,703.91
139.415574961,703.91
139.438740377,703.91
139.462058306,707.61
139.485881202,707.61
139.509587871,707.61
139.533234893,707.61
139.556792185,708.38
139.580981708,708.38
139.604357046,708.38
139.627551646,708.38
139.650942217,708.38
139.674603862,709.42
139.698227075,709.42
139.721966065,709.42
139.747820055,709.42
139.770974911,708.66
139.794307593,708.66
139.817730035,708.66
139.841309120,708.66
139.864738634,712.84
139.888109140,712.84
139.911776610,712.84
139.935780595,712.84
139.959569154,714.24
139.983122606,714.24
140.006459576,714.24
140.030175878,714.24
140.054063350,714.24
140.077759107,714.09
140.101509074,714.09
140.124877628,714.09
140.148529865,714.09
140.172038581,717.24
140.195874660,717.24
140.219327247,717.24
140.242719321,717.24
140.266505352,716.90
140.289865490,716.90
140.313076346,716.90
140.336250082,716.90
140.359789134,716.90
140.383003254,721.03
140.406137054,721.03
140.429084899,721.03
140.452261579,721.03
140.475352113,708.09
140.498738460,708.09
140.522329864,708.09
140.546455003,708.09
140.569776036,676.66
140.593262064,676.66
140.616585593,676.66
140.639772513,676.66
140.663003114,676.66
140.686231954,643.42
140.709385146,643.42
140.732604994,643.42
140.756237711,643.42
140.779543384,605.57
140.802842210,605.57
140.826183467,605.57
140.850139004,605.57
140.872963232,570.29
140.895433984,570.29
140.918017025,570.29
140.941755919,570.29
140.965704255,570.29
140.989607632,534.74
141.013229916,534.74
141.037096812,534.74
141.060399093,534.74
141.083820800,539.55
141.107079913,539.55
141.130040014,539.55
141.153825853,539.55
141.178053969,534.48
141.201693182,534.48
141.225404108,534.48
141.248515027,534.48
141.272556837,534.46
141.295834862,534.46
141.319737886,534.46
141.343464492,534.46
141.367025464,534.46
141.390609252,535.59
141.414101168,535.59
141.437538299,535.59
141.461027622,535.59
141.484398960,548.39
141.509120330,548.39
141.532714998,548.39
141.556177441,548.39
141.580077489,579.99
141.603815200,579.99
141.627321195,579.99
141.650334033,579.99
141.673590106,614.34
141.697448265,614.34
141.721116439,614.34
141.744402592,614.34
141.768248495,614.34
141.791599033,643.79
141.814984483,643.79
141.838122795,643.79
141.861630166,643.79
141.887599518,688.02
141.911281516,688.02
141.934801847,688.02
141.959024459,688.02
141.982473686,722.61
142.005683678,722.61
142.031578341,722.61
142.054877038,722.61
142.079573159,719.86
142.102934577,719.86
142.126554110,719.86
142.150401006,719.86
142.173711575,719.86
142.196858462,724.97
142.220069287,724.97
142.243966167,724.97
142.267783974,724.97
142.291339570,720.69
142.314673212,720.69
142.338281384,720.69
142.361646162,720.69
142.385004988,722.91
142.408396422,722.91
142.431648815,722.91
142.455325629,722.91
142.478902633,722.91
142.502383860,719.30
142.526217156,719.30
142.549577358,719.30
142.573298460,719.30
142.596676166,720.89
142.620761592,720.89
142.644424197,720.89
142.668142643,720.89
142.692079236,719.72
142.715827250,719.72
142.739039482,719.72
142.762206530,719.72
142.785283081,720.76
142.808984567,720.76
142.832542179,720.76
142.856234897,720.76
142.879947102,720.76
142.903828974,719.63
142.928486951,719.63
142.951450860,719.63
142.974839959,719.63
142.999356558,719.10
143.022727288,719.10
143.045996417,719.10
143.070332438,719.10
143.093886594,720.98
143.117070090,720.98
143.140191825,720.98
143.163324312,720.98
143.187599437,719.36
143.211284378,719.36
143.234856583,719.36
143.258673718,719.36
143.282312099,719.36
143.305300233,724.38
143.328462544,724.38
143.351854074,724.38
143.375830411,724.38
143.399361239,719.95
143.422850851,719.95
143.446679154,719.95
143.470225086,719.95
143.493480103,723.46
143.516921425,723.46
143.540052537,723.46
143.563672614,723.46
143.587339219,723.46
143.610922143,719.10
143.635033010,719.10
143.658436956,719.10
143.681724229,719.10
143.704991662,723.24
143.728282007,723.24
143.752211624,723.24
143.775811892,723.24
143.799301568,720.56
143.822304102,720.56
143.845331500,720.56
143.868590485,720.56
143.892886857,724.30
143.916147634,724.30
143.939619645,724.30
143.962680580,724.30
143.985927468,724.30
144.008862641,718.40
144.035105372,718.40
144.058112450,718.40
144.081205385,718.40
144.104533650,691.15
144.127660890,691.15
144.151012292,691.15
144.174208812,691.15
144.197548789,655.80
144.220603100,655.80
144.243716003,655.80
144.267048524,655.80
144.290392406,655.80
144.313731008,621.72
144.337140266,621.72
144.360418771,621.72
144.383812638,621.72
144.406758563,586.08
144.429726280,586.08
144.452810799,586.08
144.475990167,586.08
144.499062686,551.02
144.522401959,551.02
144.545342380,551.02
144.568424403,551.02
144.591702684,551.02
144.614859172,516.94
144.637870186,516.94
144.660648429,516.94
144.683926006,516.94
144.707085054,485.64
144.730713227,485.64
144.754120117,485.64
144.778242600,485.64
144.801988246,446.20
144.826283946,446.20
144.849502835,446.20
144.872502969,446.20
144.895483998,446.20
144.919413262,393.54
144.943613378,393.54
144.967735253,393.54
144.991845639,393.54
145.015860600,401.08
145.039503142,401.08
145.063183347,401.08
145.087016770,401.08
145.111078772,420.85
145.134982884,420.85
145.158785299,420.85
145.183266474,420.85
145.206942776,454.55
145.230271009,454.55
145.253595243,454.55
145.277379065,454.55
145.301333994,486.27
145.325115097,486.27
145.348867975,486.27
145.372710295,486.27
145.396096577,486.27
145.419399946,525.93
145.442873397,525.93
145.466662756,525.93
145.490420850,525.93
145.513850237,555.37
145.537319144,555.37
145.561037750,555.37
145.584411008,555.37
145.607848619,596.89
145.631071636,596.89
145.654271132,596.89
145.678200140,596.89
145.701807737,596.89
145.725397765,635.88
145.749393078,635.88
145.772713536,635.88
145.796094538,635.88
145.819499476,672.11
145.842762717,672.11
145.866441419,672.11
145.890163481,672.11
145.914033961,718.57
145.938062138,718.57
145.961918090,718.57
145.985566711,718.57
146.010340017,720.45
146.036595228,720.45
146.060757679,720.45
146.084829345,720.45
146.108861074,720.71
146.132971493,720.71
146.156536145,720.71
146.180174302,720.71
146.203634409,720.71
146.227300247,718.78
146.251101125,718.78
146.274819795,718.78
146.299209385,718.78
146.323001080,722.63
146.346406754,722.63
146.369794285,722.63
146.393245880,722.63
146.417140104,718.93
146.440841301,718.93
146.464696965,718.93
146.488386643,718.93
146.513092204,720.66
146.536349973,720.66
146.560109827,720.66
146.583645167,720.66
146.607643008,720.66
146.631233965,719.38
146.655076956,719.38
146.679146990,719.38
146.702890012,719.38
146.725893282,723.98
146.749099850,723.98
146.772910073,723.98
146.796968491,723.98
146.820455703,719.88
146.843970754,719.88
146.867966291,719.88
146.891615649,719.88
146.915164461,723.13
146.938627928,723.13
146.962075427,723.13
146.985782096,723.13
147.009923939,723.13
147.036332368,719.48
147.060634916,719.48
147.083986382,719.48
147.107370040,719.48
147.130798979,721.60
147.154419632,721.60
147.177911324,721.60
147.201421543,721.60
147.225916734,721.46
147.249806926,721.46
147.273416411,721.46
147.296669347,721.46
147.320944536,721.72
147.344827016,721.72
147.368783608,721.72
147.392391621,721.72
147.416428855,721.72
147.440265734,721.88
147.463845650,721.88
147.487502720,721.88
147.511449296,721.88
147.535013116,720.54
147.558512072,720.54
147.581845425,720.54
147.605234364,720.54
147.629188044,719.41
147.652589175,719.41
147.675962529,719.41
147.699567054,719.41
147.723716864,708.23
147.746840488,708.23
147.769754380,708.23
147.792988949,708.23
147.816654818,708.23
147.840237231,677.39
147.863717786,677.39
147.886937154,677.39
147.910420654,677.39
147.934036699,639.89
147.957479941,639.89
147.980777903,639.89
148.003880662,639.89
148.029843805,606.16
148.053145670,606.16
148.077222616,606.16
148.100956551,606.16
148.129045446,560.97
148.152190510,560.97
148.175007697,560.97
148.197953431,560.97
148.222163978,560.97
148.246175196,524.02
148.270238221,524.02
148.294318848,524.02
148.318111566,524.02
148.342015743,525.59
148.365816173,525.59
148.389173143,525.59
148.413195497,525.59
148.437160474,520.49
148.461107658,520.49
148.484797048,520.49
148.508239587,520.49
148.532085106,525.39
148.556093571,525.39
148.580146485,525.39
148.603869571,525.39
148.627638642,525.39
148.651429729,518.33
148.674587656,518.33
148.697832497,518.33
148.721005753,518.33
148.744531044,531.91
148.768466133,531.91
148.792416005,531.91
148.816324182,531.91
148.840003139,562.42
148.863271052,562.42
148.886427892,562.42
148.909680796,562.42
148.934536599,596.69
148.958319174,596.69
148.981838514,596.69
149.005591712,596.69
149.030134039,596.69
149.053333631,633.97
149.076658249,633.97
149.099617774,633.97
149.123335068,633.97
149.146852520,667.58
149.170993851,667.58
149.194793674,667.58
149.220657392,667.58
149.244062491,705.62
149.267559686,705.62
149.291198931,705.62
149.314874849,705.62
149.338552974,702.45
149.361802743,702.45
149.385291266,702.45
149.408903727,702.45
149.432545468,702.45
149.455920358,706.93
149.479293008,706.93
149.502340342,706.93
149.525266363,706.93
149.548509604,697.50
149.572074672,697.50
149.595505083,697.50
149.618629250,697.50
149.641847722,665.70
149.665952253,665.70
149.689737484,665.70
149.713260887,665.70
149.737093703,629.05
149.760727444,629.05
149.784102878,629.05
149.807417511,629.05
149.830702352,629.05
149.854073018,597.94
149.878225709,597.94
149.901607991,597.94
149.924892032,597.94
149.948818161,566.80
149.972624832,566.80
149.995760423,566.80
150.019036304,566.80
150.042233560,527.25
150.065353983,527.25
150.088630024,527.25
150.112041587,527.25
150.135324860,527.25
150.158756806,499.94
150.182220337,499.94
150.205454106,499.94
150.229198024,499.94
150.252485393,463.88
150.275846235,463.88
150.299062435,463.88
150.322169066,463.88
150.344990734,427.88
150.368270327,427.88
150.391251485,427.88
150.414212930,427.88
150.437243240,427.88
150.460430064,392.29
150.483601176,392.29
150.506764000,392.29
150.530155818,392.29
150.553259377,360.92
150.577202049,360.92
150.600597516,360.92
150.623682611,360.92
150.646962427,354.15
150.670229156,354.15
150.693461229,354.15
150.716833175,354.15
150.740142720,354.15
150.763626347,356.14
150.787522876,356.14
150.810849797,356.14
150.834341456,356.14
150.857533560,355.11
150.880339260,355.11
150.903337058,355.11
150.926603755,355.11
150.949583344,354.00
150.972751224,354.00
150.995720253,354.00
151.019619373,354.00
151.043246586,354.00
151.066709765,356.13
151.090223825,356.13
151.113301208,356.13
151.136588321,356.13
151.160249998,354.95
151.183595960,354.95
151.206789376,354.95
151.230528910,354.95
151.254022234,355.62
151.278156236,355.62
151.301446741,355.62
151.324931361,355.62
151.348443628,355.25
151.371797814,355.25
151.394850397,355.25
151.418220294,355.25
151.441123723,355.25
151.464355828,360.00
151.487393306,360.00
151.510275966,360.00
151.533709673,360.00
151.556705455,366.40
151.579878551,366.40
151.603178048,366.40
151.626385832,366.40
151.649747058,366.40
151.673100444,366.65
151.696053473,366.65
151.718949734,366.65
151.741950763,366.65
151.765019186,366.90
151.788446813,366.90
151.811404162,366.90
151.834667691,366.90
151.857503791,366.36
151.880910361,366.36
151.904447557,366.36
151.927648621,366.36
151.951436316,366.36
151.975076521,366.35
151.998558676,366.35
152.022122529,366.35
152.045658348,366.35
152.069063607,365.79
152.092452385,365.79
152.115933132,365.79
152.140224545,365.79
152.164007504,365.15
152.186521552,365.15
152.208946703,365.15
152.231752915,365.15
152.255588994,356.73
152.279513138,356.73
152.303163328,356.73
152.329742894,356.73
152.352943190,356.73
152.376384257,392.48
152.399877420,392.48
152.423673755,392.48
152.447987440,392.48
152.471710942,426.54
152.495445452,426.54
152.519002296,426.54
152.542413027,426.54
152.566175633,460.02
152.589587068,460.02
152.614072530,460.02
152.637566654,460.02
152.661719313,494.73
152.685631169,494.73
152.708963115,494.73
152.732095186,494.73
152.755649150,494.73
152.779084809,527.61
152.802962489,527.61
152.826628358,527.61
152.850130321,527.61
152.874055138,563.19
152.897473932,563.19
152.920817238,563.19
152.944279137,563.19
152.967668171,594.17
152.991203639,594.17
153.014865541,594.17
153.038748276,594.17
153.062528931,633.24
153.086078191,633.24
153.109191318,633.24
153.132337278,633.24
153.155584230,633.24
153.179170899,667.89
153.202607901,667.89
153.225787109,667.89
153.249180464,667.89
153.273013983,711.39
153.296377161,711.39
153.319679570,711.39
153.342885338,711.39
153.368964611,706.85
153.391840263,706.85
153.415207953,706.85
153.438775646,706.85
153.462332714,706.85
153.485900566,681.02
153.509234400,681.02
153.532627434,681.02
153.555800530,681.02
153.579534048,643.59
153.603210509,643.59
153.626750233,643.59
153.650076099,643.59
153.673146345,615.84
153.696202928,615.84
153.719351703,615.84
153.742607232,615.84
153.766393615,615.84
153.790159997,579.79
153.813363845,579.79
153.836653582,579.79
153.859914071,579.79
153.883387778,550.08
153.906675724,550.08
153.930188631,550.08
153.953308030,550.08
153.977471089,515.54
154.000787675,515.54
154.024453960,515.54
154.047752081,515.54
154.071745506,478.31
154.094839241,478.31
154.118026193,478.31
154.140727924,478.31
154.164182687,478.31
154.187700490,439.64
154.210965363,439.64
154.233911768,439.64
154.257535493,439.64
154.281010704,404.24
154.304371258,404.24
154.327237407,404.24
154.350562920,404.24
154.374401175,362.67
154.397901635,362.67
154.427786967,362.67
154.451453796,362.67
154.475390165,355.16
154.498859712,355.16
154.522074728,355.16
154.545145583,355.16
154.568213877,355.16
154.591326557,355.11
154.614518437,355.11
154.637427657,355.11
154.660777843,355.11
154.684092828,352.11
154.707282916,352.11
154.730447948,352.11
154.753864791,352.11
154.777782471,353.32
154.800877550,353.32
154.823677073,353.32
154.846778424,353.32
154.869843903,353.32
154.892962150,350.89
154.916445585,350.89
154.939381750,350.89
154.962411964,350.89
154.985682469,351.86
155.009028367,351.86
155.032431417,351.86
155.055842532,351.86
155.080108408,349.59
155.103368321,349.59
155.126698122,349.59
155.150143125,349.59
155.173681697,349.59
155.196919242,354.61
155.220349620,354.61
155.243694974,354.61
155.267349355,354.61
155.290887319,360.52
155.314227169,360.52
155.337413737,360.52
155.360586353,360.52
155.383888890,365.66
155.407049281,365.66
155.430072263,365.66
155.453309072,365.66
155.478466158,365.66
155.501267442,366.14
155.524100630,366.14
155.547107452,366.14
155.570072193,366.14
155.593289289,361.51
155.616629971,361.51
155.640017597,361.51
155.663849772,361.51
155.686871826,361.43
155.709957529,361.43
155.732913023,361.43
155.756048646,361.43
155.779070668,361.43
155.802105202,362.34
155.825412571,362.34
155.848285536,362.34
155.871956333,362.34
155.895273687,361.29
155.918848899,361.29
155.942352974,361.29
155.966046012,361.29
155.989419174,361.94
156.012903217,361.94
156.036328316,361.94
156.059937161,361.94
156.083378836,361.94
156.106787678,361.91
156.130076455,361.91
156.153592659,361.91
156.176956349,361.91
156.200206789,361.96
156.223522287,361.96
156.246678742,361.96
156.270238434,361.96
156.293038982,362.46
156.316277263,362.46
156.339365141,362.46
156.362325275,362.46
156.385703557,362.46
156.409164528,362.85
156.432580634,362.85
156.455917476,362.85
156.479066187,362.85
156.502315764,363.73
156.529314887,363.73
156.553231704,363.73
156.577624973,363.73
156.600861302,367.23
156.623794843,367.23
156.647539657,367.23
156.671302807,367.23
156.694689858,362.21
156.718524721,362.21
156.741678393,362.21
156.765038850,362.21
156.788577614,362.21
156.812031193,362.37
156.836084875,362.37
156.859412117,362.37
156.882805919,362.37
156.906649550,363.57
156.929932055,363.57
156.953185344,363.57
156.976370120,363.57
157.000201431,362.43
157.023484096,362.43
157.046806634,362.43
157.070121363,362.43
157.094290054,362.15
157.117307692,362.15
157.140252177,362.15
157.163439225,362.15
157.186459711,362.15
157.209412132,358.70
157.232567820,358.70
157.256056055,358.70
157.279222111,358.70
157.303142159,353.86
157.326636347,353.86
157.350115750,353.86
157.373484752,353.86
157.397047996,353.32
157.420563432,353.32
157.443981778,353.32
157.467457373,353.32
157.490683686,353.32
157.514097136,353.35
157.537514011,353.35
157.561034823,353.35
157.584673396,353.35
157.607842747,353.41
157.631033443,353.41
157.654077642,353.41
157.677168880,353.41
157.700424249,358.73
157.723760771,358.73
157.746932906,358.73
157.769971857,358.73
157.793222009,358.73
157.816757221,358.08
157.840016526,358.08
157.862978771,358.08
157.886332221,358.08
157.909680199,353.11
157.933041169,353.11
157.956508316,353.11
157.979514466,353.11
158.002828811,353.48
158.025900562,353.48
158.049047833,353.48
158.072639430,353.48
158.095769901,353.48
158.118820243,353.99
158.141768537,353.99
158.164723230,353.99
158.188444876,353.99
158.211866198,354.41
158.234914877,354.41
158.258695595,354.41
158.282698077,354.41
158.306053030,360.74
158.329437105,360.74
158.352454711,360.74
158.375294107,360.74
158.398679717,360.74
158.422311922,357.92
158.445353752,357.92
158.468859267,357.92
158.492415248,357.92
158.515899451,357.68
158.539026466,357.68
158.562355756,357.68
158.585519667,357.68
158.608756924,358.22
158.632015077,358.22
158.654574821,358.22
158.678265651,358.22
158.701706302,358.22
158.725352651,351.65
158.748670356,351.65
158.771845084,351.65
158.795047108,351.65
158.818277613,351.64
158.841574102,351.64
158.864545819,351.64
158.887902693,351.64
158.910999852,355.83
158.934267285,355.83
158.957647839,355.83
158.980848743,355.83
159.004186737,355.30
159.029842357,355.30
159.053062493,355.30
159.075904609,355.30
159.099121929,355.30
159.122402098,355.36
159.145847261,355.36
159.169211559,355.36
159.192786483,355.36
159.216467457,355.08
159.239824203,355.08
159.263475064,355.08
159.286679520,355.08
159.310957300,354.52
159.334266814,354.52
159.357645384,354.52
159.381361622,354.52
159.404721567,354.52
159.428072649,358.46
159.451386963,358.46
159.474682588,358.46
159.498117959,358.46
159.521328559,357.64
159.544402325,357.64
159.567463804,357.64
159.590863462,357.64
159.614285521,354.52
159.637028788,354.52
159.660083514,354.52
159.683047455,354.52
159.706215655,354.52
159.729753171,359.53
159.752818169,359.53
159.775772159,359.53
159.798743204,359.53
159.821789066,358.30
159.845175157,358.30
159.868634528,358.30
159.891691398,358.30
159.914987119,358.83
159.938002485,358.83
159.961063804,358.83
159.984045217,358.83
160.007322250,358.83
160.030637460,358.85
160.053904796,358.85
160.076928675,358.85
160.100101034,358.85
160.123255058,357.68
160.146523867,357.68
160.169729955,357.68
160.193029420,357.68
160.217037789,359.46
160.239995202,359.46
160.263228747,359.46
160.286506004,359.46
160.309585531,359.46
160.332734466,357.46
160.355516773,357.46
160.378818735,357.46
160.401729427,357.46
160.425319232,359.00
160.448773675,359.00
160.472058836,359.00
160.495620896,359.00
160.519807763,358.25
160.543244318,358.25
160.566454854,358.25
160.589654670,358.25
160.612949015,358.25
160.636427267,361.89
160.659936366,361.89
160.683175575,361.89
160.707258857,361.89
160.730600498,362.32
160.753816123,362.32
160.777142532,362.32
160.800367085,362.32
160.823669462,360.30
160.846842750,360.30
160.869916772,360.30
160.893220909,360.30
160.916397173,360.30
160.939457564,363.67
160.962559331,363.67
160.985629289,363.67
161.008939154,363.67
161.032535615,362.88
161.055782504,362.88
161.079702168,362.88
161.102913440,362.88
161.126053511,357.31
161.149064237,357.31
161.173047550,357.31
161.197086192,357.31
161.221515590,357.31
161.246021757,364.71
161.270142031,364.71
161.293967007,364.71
161.317731405,364.71
161.341670014,400.19
161.365866289,400.19
161.389913571,400.19
161.414501370,400.19
161.438774927,441.95
161.462647550,441.95
161.486283692,441.95
161.510017178,441.95
161.535357850,475.16
161.559285866,475.16
161.583005848,475.16
161.606740679,475.16
161.630689463,514.73
161.654115138,514.73
161.677608749,514.73
161.701102329,514.73
161.725155370,514.73
161.748671542,549.10
161.779324755,549.10
161.825083644,549.10
161.850275578,585.73
161.873792134,585.73
161.897366674,585.73
161.921037856,585.73
161.944462410,615.33
161.968437339,615.33
161.991875622,615.33
162.015136111,615.33
162.039443683,651.60
162.062655212,651.60
162.086451162,651.60
162.109894469,651.60
162.134152953,691.04
162.158123018,691.04
162.181706263,691.04
162.205101601,691.04
162.228552652,691.04
162.251654611,719.61
162.275268096,719.61
162.298861580,719.61
162.322818109,719.61
162.346728301,719.38
162.370090487,719.38
162.393557154,719.38
162.417701557,719.38
162.441251361,719.74
162.464946670,719.74
162.488486426,719.74
162.512163368,719.74
162.535973687,719.81
162.559197759,719.81
162.582383303,719.81
162.605996500,719.81
162.629882020,719.81
162.653423568,719.76
162.677187806,719.76
162.701098286,719.76
162.724451192,719.76
162.747739393,720.61
162.771150924,720.61
162.794151217,720.61
162.822205969,720.61
162.846300323,718.98
162.870026577,718.98
162.893702846,718.98
162.916717348,718.98
162.940782006,720.85
162.964523588,720.85
162.988746520,720.85
163.012647304,720.85
163.036570616,720.85
163.060969262,718.58
163.084549723,718.58
163.107963621,718.58
163.131569586,718.58
163.154679801,720.35
163.178517896,720.35
163.202135029,720.35
163.225879587,720.35
163.250533180,718.42
163.273710179,718.42
163.296853835,718.42
163.320044627,718.42
163.343765697,718.64
163.367543279,718.64
163.391179260,718.64
163.415159789,718.64
163.438833499,718.64
163.462271718,720.20
163.485467886,720.20
163.509004441,720.20
163.532533573,720.20
163.556473846,718.08
163.580717066,718.08
163.604253398,718.08
163.628269511,718.08
163.651463727,720.85
163.675106076,720.85
163.698698025,720.85
163.721880272,720.85
163.745178138,720.85
163.768567268,714.65
163.791908493,714.65
163.815100853,714.65
163.838874436,714.65
163.862558193,699.55
163.886120574,699.55
163.909625129,699.55
163.932882354,699.55
163.957087909,663.06
163.980568753,663.06
164.003857242,663.06
164.029575838,663.06
164.052898856,629.66
164.075917262,629.66
164.099154838,629.66
164.122175804,629.66
164.145452613,629.66
164.168813039,596.12
164.192019543,596.12
164.215031773,596.12
164.238598953,596.12
164.261631504,557.56
164.284694486,557.56
164.307386328,557.56
164.330522176,557.56
164.353620647,524.62
164.376818095,524.62
164.400036183,524.62
164.423054621,524.62
164.446310245,524.62
164.469233194,486.89
164.492408914,486.89
164.515580890,486.89
164.538951140,486.89
164.562378158,458.22
164.585564342,458.22
164.608718558,458.22
164.632013511,458.22
164.655850806,422.45
164.678882684,422.45
164.701849890,422.45
164.725077642,422.45
164.748401108,422.45
164.771794846,385.09
164.794982918,385.09
164.818856342,385.09
164.842563235,385.09
164.866122192,365.80
164.889358744,365.80
164.912742306,365.80
164.936191725,365.80
164.959975132,365.55
164.983472359,365.55
165.006817873,365.55
165.033567041,365.55
165.056574279,363.20
165.079665198,363.20
165.102438801,363.20
165.125273525,363.20
165.148677375,363.20
165.171929800,361.81
165.195462676,361.81
165.218823358,361.81
165.242160199,361.81
165.265712019,363.12
165.289046973,363.12
165.312400199,363.12
165.335590479,363.12
165.359044058,362.06
165.382473380,362.06
165.405774926,362.06
165.429144759,362.06
165.452962119,362.06
165.476392113,363.37
165.499585081,363.37
165.523184454,363.37
165.546537520,363.37
165.569561302,362.97
165.593062881,362.97
165.616184776,362.97
165.639470161,362.97
165.663441858,361.59
165.686649354,361.59
165.709633424,361.59
165.733064987,361.59
165.756376260,361.59
165.779756430,363.02
165.802880117,363.02
165.826096637,363.02
165.849517256,363.02
165.872729168,362.02
165.895861143,362.02
165.918891005,362.02
165.942053381,362.02
165.968810326,363.62
165.992141311,363.62
166.016044208,363.62
166.039628316,363.62
166.062998118,363.62
166.086686260,364.77
166.109864891,364.77
166.133349479,364.77
166.156784465,364.77
166.180337566,364.50
166.203707271,364.50
166.226848271,364.50
166.250092087,364.50
166.274185034,364.59
166.297098830,364.59
166.320295766,364.59
166.343133914,364.59
166.366068607,364.10
166.389565067,364.10
166.412960885,364.10
166.436088156,364.10
166.459523943,364.10
166.482912657,364.03
166.505968888,364.03
166.529281153,364.03
166.552323175,364.03
166.575519791,363.84
166.598818136,363.84
166.621912703,363.84
166.645063207,363.84
166.668656467,363.73
166.692449762,363.73
166.715852780,363.73
166.739149622,363.73
166.762539392,363.73
166.786006443,363.92
166.809703161,363.92
166.833197508,363.92
166.856471949,363.92
166.879721077,363.26
166.903110368,363.26
166.926429961,363.26
166.949776723,363.26
166.973925254,363.02
166.997010188,363.02
167.030218310,363.02
167.054076694,363.02
167.077668802,362.86
167.101194606,362.86
167.124475255,362.86
167.147831265,362.86
167.171090442,362.86
167.194657878,363.47
167.217993407,363.47
167.241580012,363.47
167.265255577,363.47
167.289302315,363.01
167.312706453,363.01
167.336177440,363.01
167.360141713,363.01
167.383613628,362.89
167.406559010,362.89
167.429507591,362.89
167.452822064,362.89
167.477655659,356.22
167.501461914,356.22
167.525252872,356.22
167.549231609,356.22
167.572932711,356.22
167.596435411,392.70
167.620039359,392.70
167.644303987,392.70
167.668224644,392.70
167.692095539,428.03
167.716111333,428.03
167.739508623,428.03
167.762957050,428.03
167.786403269,462.74
167.810083986,462.74
167.833461884,462.74
167.856994728,462.74
167.881094650,494.74
167.904863337,494.74
167.928076849,494.74
167.951414235,494.74
167.974838533,494.74
167.997993133,530.12
168.021993822,530.12
168.045366120,530.12
168.070157410,530.12
168.094319125,562.50
168.120365533,562.50
168.143691751,562.50
168.167244243,562.50
168.191027202,599.25
168.214883409,599.25
168.238289340,599.25
168.262226476,599.25
168.286026555,629.64
168.309128546,629.64
168.332334154,629.64
168.355694580,629.64
168.379967720,629.64
168.403447923,668.78
168.427096064,668.78
168.450865711,668.78
168.474205785,668.78
168.497288703,710.42
168.520756298,710.42
168.543858737,710.42
168.567515807,710.42
168.591132459,708.91
168.614974043,708.91
168.637919232,708.91
168.661173320,708.91
168.684526994,711.71
168.707806779,711.71
168.730905954,711.71
168.754514703,711.71
168.777887897,711.71
168.801113697,706.59
168.824533772,706.59
168.847822293,706.59
168.871477538,706.59
168.895333137,681.86
168.918267318,681.86
168.941191387,681.86
168.964221089,681.86
168.987371913,649.21
169.010815828,649.21
169.036483640,649.21
169.059673024,649.21
169.083192876,649.21
169.106554709,617.62
169.129951808,617.62
169.153544908,617.62
169.177823264,617.62
169.201497550,585.01
169.225617984,585.01
169.249065611,585.01
169.272564695,585.01
169.295975201,550.97
169.319625838,550.97
169.342656884,550.97
169.365451544,550.97
169.388884835,550.97
169.412812275,502.90
169.436893157,502.90
169.460725460,502.90
169.484697157,502.90
169.508378899,504.95
169.531850654,504.95
169.555382762,504.95
169.579411451,504.95
169.603400940,501.72
169.627150106,501.72
169.650933577,501.72
169.674883034,501.72
169.698143618,501.65
169.721635310,501.65
169.745434909,501.65
169.769383725,501.65
169.793420799,504.28
169.817453360,504.28
169.841355584,504.28
169.864886604,504.28
169.888438424,504.28
169.911586143,528.96
169.934826056,528.96
169.958892186,528.96
169.984427452,528.96
170.008479214,562.70
170.032647969,562.70
170.056191949,562.70
170.079509399,562.70
170.102767295,598.08
170.126347404,598.08
170.149975961,598.08
170.175571068,598.08
170.199806384,626.90
170.223568862,626.90
170.246702629,626.90
170.269998191,626.90
170.293575899,626.90
170.317918352,662.53
170.341629054,662.53
170.365188682,662.53
170.389124602,662.53
170.412822376,705.30
170.435897935,705.30
170.459253368,705.30
170.482955814,705.30
170.506628852,709.31
170.530355010,709.31
170.554178609,709.31
170.577558779,709.31
170.601919792,710.58
170.625190137,710.58
170.648110430,710.58
170.671299654,710.58
170.695071636,710.58
170.718536063,708.16
170.741519333,708.16
170.764888847,708.16
170.788250585,708.16
170.811708964,693.88
170.835063246,693.88
170.858519800,693.88
170.881820290,693.88
170.905590544,656.32
170.928988794,656.32
170.952113634,656.32
170.975153224,656.32
170.999019959,656.32
171.022434402,625.20
171.045109444,625.20
171.067751366,625.20
171.090856109,625.20
171.114521882,576.45
171.138639564,576.45
171.162555261,576.45
171.187043635,576.45
171.210549279,578.53
171.264367587,578.53
171.288154930,578.53
171.311913505,578.53
171.335907602,581.93
171.359911587,581.93
171.383140875,581.93
171.406162961,581.93
171.429593596,581.93
171.453111719,584.81
171.476999735,584.81
171.500565828,584.81
171.524096879,584.81
171.547903934,580.77
171.571280840,580.77
171.594559825,580.77
171.617907323,580.77
171.641099043,581.17
171.664811729,581.17
171.688762753,581.17
171.713013333,581.17
171.737011622,585.36
171.760512786,585.36
171.783785435,585.36
171.807128292,585.36
171.830910195,585.36
171.854410719,603.43
171.878058540,603.43
171.901912731,603.43
171.925501992,603.43
171.948858417,645.20
171.972402493,645.20
171.996329870,645.20
172.021469388,645.20
172.045176410,681.93
172.069176171,681.93
172.093151068,681.93
172.117394576,681.93
172.140761338,712.66
172.164624457,712.66
172.188442936,712.66
172.212057029,712.66
172.236089014,709.14
172.260388459,709.14
172.284306779,709.14
172.310370788,709.14
172.333918576,709.14
172.357521436,711.09
172.381652271,711.09
172.405386685,711.09
172.429281901,711.09
172.453266718,707.71
172.476875339,707.71
172.500145716,707.71
172.523369692,707.71
172.546781478,711.48
172.570197329,711.48
172.593712604,711.48
172.617382442,711.48
172.641100696,712.62
172.664345408,712.62
172.687333222,712.62
172.710343052,712.62
172.734111706,712.62
172.757734791,711.77
172.781509718,711.77
172.805159395,711.77
172.828884177,711.77
172.852266907,715.02
172.875480163,715.02
172.898513641,715.02
172.923443781,715.02
172.946739886,712.78
172.970330715,712.78
172.994151946,712.78
173.017522100,712.78
173.040718300,717.42
173.064188007,717.42
173.087774835,717.42
173.112278250,717.42
173.136049273,717.42
173.159660357,713.78
173.183807192,713.78
173.207026080,713.78
173.231854875,713.78
173.255158532,718.28
173.278461357,718.28
173.302112730,718.28
173.326807892,718.28
173.355455706,715.19
173.379104487,715.19
173.402686035,715.19
173.427059337,715.19
173.450207728,716.21
173.474128352,716.21
173.497728493,716.21
173.521224280,716.21
173.544996967,715.61
173.568396753,715.61
173.591379159,715.61
173.614629343,715.61
173.637664101,715.61
173.661102000,712.47
173.684692796,712.47
173.708283753,712.47
173.731519730,712.47
173.754627160,713.39
173.777946722,713.39
173.801752881,713.39
173.825411294,713.39
173.849405071,694.04
173.872908539,694.04
173.896109347,694.04
173.919192585,694.04
173.942548659,694.04
173.966030782,660.28
173.989209062,660.28
174.012713458,660.28
174.037018214,660.28
174.060473329,623.38
174.084317056,623.38
174.107535177,623.38
174.130768849,623.38
174.154486431,592.09
174.178068427,592.09
174.201112658,592.09
174.223904981,592.09
174.247030300,592.09
174.270969869,546.65
174.295109471,546.65
174.319197170,546.65
174.343397637,546.65
174.367091603,544.21
174.391111716,544.21
174.415256535,544.21
174.438779459,544.21
174.462394927,544.36
174.486383424,544.36
174.510193839,544.36
174.533761915,544.36
174.557353800,545.47
174.580813011,545.47
174.604657602,545.47
174.628959959,545.47
174.652847271,545.47
174.676503892,548.53
174.700358979,548.53
174.723808846,548.53
174.747518332,548.53
174.770864102,550.89
174.794296016,550.89
174.818076959,550.89
174.841665260,550.89
174.865503291,563.54
174.889120904,563.54
174.912333808,563.54
174.935670361,563.54
174.959212741,595.83
174.982575439,595.83
175.005987450,595.83
175.030467536,595.83
175.053553367,595.83
175.076915265,631.46
175.100285931,631.46
175.123418162,631.46
175.147749607,631.46
175.171342547,662.15
175.194972000,662.15
175.218359819,662.15
175.241964919,662.15
175.265346881,675.22
175.288687787,675.22
175.311942100,675.22
175.335241693,675.22
175.358577830,675.22
175.381938416,638.42
175.405210041,638.42
175.429608911,638.42
175.453088282,638.42
175.476927785,608.20
175.501989094,608.20
175.524932427,608.20
175.547806672,608.20
175.570904823,555.40
175.594904648,555.40
175.618837912,555.40
175.644417691,555.40
175.668524878,552.70
175.692234939,552.70
175.715877289,552.70
175.739917082,552.70
175.764482450,549.24
175.788508643,549.24
175.812058255,549.24
175.836028864,549.24
175.859755598,549.24
175.883089623,552.24
175.906712260,552.24
175.930355569,552.24
175.954138912,552.24
175.978091697,552.24
176.002098018,552.24
176.026238709,552.24
176.049956611,552.24
176.073109418,553.51
176.096359475,553.51
176.119870910,553.51
176.143696365,553.51
176.167438139,562.53
176.191444941,562.53
176.215481406,562.53
176.239021386,562.53
176.262465237,562.53
176.285766750,597.64
176.309169384,597.64
176.332664500,597.64
176.357335981,597.64
176.381195772,626.25
176.404841481,626.25
176.428154675,626.25
176.451447260,626.25
176.475116585,662.96
176.499714177,662.96
176.522922697,662.96
176.546506293,662.96
176.570579431,710.72
176.594449431,710.72
176.617789025,710.72
176.641403725,710.72
176.664747319,710.72
176.688543622,708.77
176.712358165,708.77
176.735868737,708.77
176.760849181,708.77
176.784264327,711.73
176.807821075,711.73
176.831239422,711.73
176.855386097,711.73
176.878823995,709.84
176.902283942,709.84
176.925561967,709.84
176.948745879,709.84
176.972414500,699.31
176.995785614,699.31
177.018729812,699.31
177.041452342,699.31
177.064803712,699.31
177.088907282,651.74
177.113465898,651.74
177.137431194,651.74
177.161753295,651.74
177.185281339,652.26
177.209025769,652.26
177.232475380,652.26
177.255826462,652.26
177.279659821,650.97
177.304042466,650.97
177.327950355,650.97
177.351592992,650.97
177.375245101,654.65
177.399148413,654.65
177.422960972,654.65
177.447205664,654.65
177.471098160,654.65
177.494833118,654.75
177.518947184,654.75
177.542715391,654.75
177.567275222,654.75
177.591946031,657.94
177.615373658,657.94
177.638954278,657.94
177.662703828,657.94
177.686682981,657.51
177.710629654,657.51
177.733857662,657.51
177.757006277,657.51
177.780506449,657.88
177.804330144,657.88
177.827986061,657.88
177.851680443,657.88
177.875448201,657.88
177.899441370,655.85
177.923149608,655.85
177.946399921,655.85
177.971145738,655.85
177.994567477,665.40
178.018142753,665.40
178.042000977,665.40
178.066088099,665.40
178.089678191,713.74
178.113050649,713.74
178.136133952,713.74
178.159846670,713.74
178.183739646,710.51
178.207689006,710.51
178.231122681,710.51
178.254431810,710.51
178.277596106,710.51
178.300911315,712.57
178.324304637,712.57
178.347237282,712.57
178.370446570,712.57
178.393445552,708.53
178.416672025,708.53
178.439633854,708.53
178.462854822,708.53
178.486034862,682.43
178.509090004,682.43
178.532308860,682.43
178.555598118,682.43
178.578796718,682.43
178.606883341,645.61
178.630258263,645.61
178.653733474,645.61
178.676866762,645.61
178.699887184,611.16
178.723294778,611.16
178.746395201,611.16
178.770467795,611.16
178.794369923,577.87
178.818115889,577.87
178.841750782,577.87
178.865197417,577.87
178.888818390,546.96
178.912418114,546.96
178.935930190,546.96
178.959399481,546.96
178.983662157,546.96
179.007143160,510.17
179.030728229,510.17
179.054558964,510.17
179.078776903,510.17
179.101830030,473.09
179.124812115,473.09
179.147872602,473.09
179.171158051,473.09
179.194661326,442.83
179.218281979,442.83
179.241118559,442.83
179.263966563,442.83
179.287173227,442.83
179.311087579,394.36
179.335278542,394.36
179.359335808,394.36
179.383271825,394.36
179.407155712,399.90
179.431182674,399.90
179.454981665,399.90
179.478792848,399.90
179.502301211,426.80
179.526384845,426.80
179.550404287,426.80
179.575237689,426.80
179.598692228,463.45
179.622481011,463.45
179.647733362,463.45
179.671471968,463.45
179.696072632,496.14
179.719923272,496.14
179.743878648,496.14
179.767150209,496.14
179.790330377,496.14
179.813583154,531.05
179.836806938,531.05
179.860416167,531.05
179.884960094,531.05
179.908772365,563.60
179.932115350,563.60
179.955394623,563.60
179.979435313,563.60
180.002720090,600.35
180.026468424,600.35
180.049458062,600.35
180.072324242,600.35
180.095468665,600.35
180.118259389,638.02
180.141567558,638.02
180.165001617,638.02
180.188792607,638.02
180.212429484,662.81
180.236127290,662.81
180.259557029,662.81
180.283171314,662.81
180.306468891,680.13
180.329624770,680.13
180.352753609,680.13
180.376135539,680.13
180.399603903,643.94
180.422914408,643.94
180.446267154,643.94
180.469945919,643.94
180.493564684,643.94
180.516840597,612.66
180.540158430,612.66
180.563980141,612.66
180.587309175,612.66
180.610244380,571.65
180.634092363,571.65
180.658171261,571.65
180.681950092,571.65
180.705790875,554.27
180.729577034,554.27
180.753283703,554.27
180.777082822,554.27
180.801183832,554.27
180.824879750,546.29
180.848401522,546.29
180.872431907,546.29
180.896182290,546.29
180.919640861,551.68
180.943033831,551.68
180.966796533,551.68
180.990763238,551.68
181.014739383,545.09
181.038437188,545.09
181.062550647,545.09
181.087477459,545.09
181.110948862,552.61
181.134370440,552.61
181.157598480,552.61
181.181237278,552.61
181.205247951,552.61
181.228963421,558.55
181.252648618,558.55
181.275857330,558.55
181.299283741,558.55
181.322701031,591.36
181.346072529,591.36
181.369373467,591.36
181.392545186,591.36
181.415861196,625.42
181.439392663,625.42
181.462409853,625.42
181.485799143,625.42
181.509446677,655.17
181.532888063,655.17
181.556247081,655.17
181.579559282,655.17
181.603257984,655.17
181.627759415,663.94
181.650990335,663.94
181.674021285,663.94
181.697368655,663.94
181.721300351,635.65
181.758104162,635.65
181.782240981,635.65
181.808575105,635.65
181.832603122,638.90
181.856672868,638.90
181.880734966,638.90
181.905154284,638.90
181.929004891,638.50
181.952930731,638.50
181.977158591,638.50
182.001482612,638.50
182.025103809,640.87
182.048749390,640.87
182.072615869,640.87
182.097107188,640.87
182.120962116,636.61
182.145126167,636.61
182.168662210,636.61
182.192497938,636.61
182.216528323,640.29
182.240192912,640.29
182.264302403,640.29
182.288359989,640.29
182.312682569,640.29
182.336561721,634.81
182.360312871,634.81
182.383950068,634.81
182.407982374,634.81
182.432158201,638.02
182.456034537,638.02
182.479639573,638.02
182.503549445,638.02
182.527892218,637.04
182.551469415,637.04
182.574926642,637.04
182.598635039,637.04
182.622466063,666.80
182.646193565,666.80
182.670365008,666.80
182.693634392,666.80
182.717329094,666.80
182.741036788,711.73
182.764366365,711.73
182.791423537,711.73
182.814916925,711.73
182.838321607,711.08
182.862041269,711.08
182.885586177,711.08
182.909559474,711.08
182.932774426,711.44
182.956847180,711.44
182.980681787,711.44
183.004313000,711.44
183.034298461,708.85
183.057541862,708.85
183.080700653,708.85
183.104950177,708.85
183.128898034,709.11
183.152622368,709.11
183.176420942,709.11
183.199973435,709.11
183.224034764,708.03
183.247692442,708.03
183.271199301,708.03
183.294432845,708.03
183.318130683,708.03
183.341769928,708.64
183.365447222,708.64
183.389344742,708.64
183.413770652,708.64
183.437126277,707.78
183.461018453,707.78
183.484563457,707.78
183.508553682,707.78
183.532151295,706.25
183.555893677,706.25
183.579812765,706.25
183.603081670,706.25
183.626565617,709.69
183.649938491,709.69
183.673275493,709.69
183.696981330,709.69
183.721086949,709.69
183.744947380,706.32
183.768421855,706.32
183.792049868,706.32
183.816615844,706.32
183.841005369,710.23
183.868053901,710.23
183.891637881,710.23
183.915617642,710.23
183.939367577,702.64
183.962795491,702.64
183.986818421,702.64
184.011830609,702.64
184.041631268,697.59
184.065673174,697.59
184.089560198,697.59
184.113365941,697.59
184.136731167,697.22
184.160689039,697.22
184.184230395,697.22
184.208036298,697.22
184.231502613,697.22
184.254704669,698.87
184.277979622,698.87
184.301558258,698.87
184.326174666,698.87
184.349687158,699.16
184.373411908,699.16
184.397279828,699.16
184.422450450,699.16
184.445480504,699.94
184.468877858,699.94
184.492477743,699.94
184.516977958,699.94
184.540782325,703.57
184.564471266,703.57
184.588366642,703.57
184.611710460,703.57
184.635192775,704.42
184.658469968,704.42
184.682273951,704.42
184.706251504,704.42
184.729910365,704.42
184.753876750,703.65
184.777732093,703.65
184.801226760,703.65
184.825567421,703.65
184.849129161,703.77
184.872935352,703.77
184.896298786,703.77
184.920357396,703.77
184.944166115,709.35
184.967583789,709.35
184.990784213,709.35
185.014107231,709.35
185.041359413,714.48
185.065264741,714.48
185.089011027,714.48
185.112555519,714.48
185.135571941,714.48
185.158827566,715.92
185.182055254,715.92
185.205146301,715.92
185.228193027,715.92
185.251200393,712.30
185.274186959,712.30
185.297217269,712.30
185.320042296,712.30
185.343189984,696.00
185.366414056,696.00
185.389624912,696.00
185.412682455,696.00
185.435775773,696.00
185.458865700,659.04
185.482050508,659.04
185.505525463,659.04
185.530160239,659.04
185.553592890,628.39
185.576860739,628.39
185.600040107,628.39
185.624499681,628.39
185.647839819,588.78
185.671073107,588.78
185.694699648,588.78
185.718122282,588.78
185.741068527,588.78
185.764306808,554.76
185.787589185,554.76
185.810698376,554.76
185.833727758,554.76
185.856785300,514.36
185.880279040,514.36
185.903639497,514.36
185.927485753,514.36
185.951441993,481.13
185.974946005,481.13
185.999864208,481.13
186.023482237,481.13
186.046881191,442.76
186.070589493,442.76
186.094189698,442.76
186.117657677,442.76
186.141011031,442.76
186.163797882,402.14
186.187125379,402.14
186.210523662,402.14
186.235151590,402.14
186.258739250,368.76
186.282220509,368.76
186.306203406,368.76
186.330568452,368.76
186.353920973,356.87
186.377615195,356.87
186.400694210,356.87
186.423692423,356.87
186.446958640,356.87
186.470134328,354.67
186.493303616,354.67
186.516417735,354.67
186.539764912,354.67
186.563129210,354.04
186.586506340,354.04
186.610005008,354.04
186.633385850,354.04
186.656407520,355.11
186.679617032,355.11
186.702515980,355.11
186.725778421,355.11
186.749332321,355.11
186.772441672,356.35
186.795678800,356.35
186.818810584,356.35
186.842857129,356.35
186.866110066,359.36
186.889543709,359.36
186.912833158,359.36
186.936788438,359.36
186.960047903,355.87
186.982682848,355.87
187.005457764,355.87
187.036387267,355.87
187.059962000,356.54
187.083418523,356.54
187.107332075,356.54
187.130699029,356.54
187.154260801,392.55
187.177343240,392.55
187.200826835,392.55
187.224599745,392.55
187.248138157,392.55
187.271755578,431.25
187.295565929,431.25
187.318664176,431.25
187.342067834,431.25
187.365376227,467.48
187.388577163,467.48
187.412153880,467.48
187.436477388,467.48
187.460525214,498.55
187.484157355,498.55
187.507586613,498.55
187.530867646,498.55
187.554451435,498.55
187.578421372,529.69
187.602070729,529.69
187.625506867,529.69
187.649532133,529.69
187.672923407,569.20
187.696127959,569.20
187.719477729,569.20
187.742955308,569.20
187.766794107,597.50
187.790297287,597.50
187.813781586,597.50
187.837777667,597.50
187.861510641,632.47
187.884739257,632.47
187.908234789,632.47
187.931675951,632.47
187.955374077,632.47
187.978741991,676.77
188.002276051,676.77
188.025204056,676.77
188.051399746,676.77
188.074864525,711.20
188.098581019,711.20
188.121951685,711.20
188.145604178,711.20
188.168650072,707.50
188.191620029,707.50
188.215108713,707.50
188.238677909,707.50
188.262186592,707.50
188.285389128,682.42
188.308464559,682.42
188.331809593,682.42
188.355103138,682.42
188.378471596,648.29
188.401551314,648.29
188.424609177,648.29
188.447718880,648.29
188.470883239,614.69
188.493793484,614.69
188.516864498,614.69
188.540035674,614.69
188.563731624,614.69
188.587192211,577.09
188.610033815,577.09
188.632826746,577.09
188.657226640,577.09
188.681132640,536.49
188.705008495,536.49
188.728960480,536.49
188.752703566,536.49
188.776329691,539.27
188.800131562,539.27
188.824034714,539.27
188.847959050,539.27
188.871726649,537.43
188.895713225,537.43
188.919289686,537.43
188.942673312,537.43
188.966096970,537.43
188.989849721,542.74
189.013726696,542.74
189.041245346,542.74
189.064861966,542.74
189.088623485,539.46
189.112068391,539.46
189.135366001,539.46
189.159323137,539.46
189.182725611,541.35
189.206449561,541.35
189.230302825,541.35
189.254560445,541.35
189.278010088,572.18
189.301295153,572.18
189.324800540,572.18
189.348031813,572.18
189.371903700,605.31
189.395505473,605.31
189.419081357,605.31
189.442397814,605.31
189.465712000,605.31
189.489235243,635.66
189.512451219,635.66
189.535690684,635.66
189.558951237,635.66
189.582190157,672.13
189.605306292,672.13
189.628514044,672.13
189.651595587,672.13
189.674780747,692.24
189.698120148,692.24
189.721745121,692.24
189.745197388,692.24
189.769343839,692.24
189.792976620,657.49
189.816421718,657.49
189.840000227,657.49
189.864888734,657.49
189.888259784,626.68
189.911643698,626.68
189.935133629,626.68
189.959974488,626.68
189.983390498,587.67
190.006079109,587.67
190.034333126,587.67
190.057435853,587.67
190.081528255,548.03
190.105316494,548.03
190.129007483,548.03
190.154667903,548.03
190.178200843,550.76
190.201497588,550.76
190.224839166,550.76
190.248418890,550.76
190.272496796,550.76
190.296280875,551.60
190.320357917,551.60
190.343567717,551.60
190.366803853,551.60
190.390133655,554.18
190.414179016,554.18
190.438119417,554.18
190.463139126,554.18
190.486662689,550.03
190.510391887,550.03
190.533598583,550.03
190.556743679,550.03
190.580383756,551.52
190.604444542,551.52
190.628028522,551.52
190.651611798,551.52
190.675730473,551.52
190.699004786,562.47
190.722047384,562.47
190.745072830,562.47
190.769011150,562.47
190.792594235,593.86
190.816127814,593.86
190.839730451,593.86
190.863070972,593.86
190.886221060,632.01
190.909391148,632.01
190.932359569,632.01
190.955696474,632.01
190.979294439,632.01
191.003360601,675.49
191.027125479,675.49
191.050554642,675.49
191.074772485,675.49
191.098279505,705.79
191.121825725,705.79
191.145327592,705.79
191.170330181,705.79
191.195523876,704.18
191.219178481,704.18
191.245306170,704.18
191.270085268,704.18
191.293815458,702.27
191.317453583,702.27
191.341331039,702.27
191.364650984,702.27
191.387764879,702.27
191.410962647,701.39
191.434551491,701.39
191.458104655,701.39
191.481953919,701.39
191.505913263,703.16
191.529321850,703.16
191.552292831,703.16
191.575541448,703.16
191.598306891,701.08
191.621944728,701.08
191.645562597,701.08
191.669173201,701.08
191.692807806,702.64
191.716024262,702.64
191.739192654,702.64
191.762841531,702.64
191.786510600,702.64
191.809942035,702.82
191.833570336,702.82
191.857406831,702.82
191.882737807,702.82
191.906218203,703.43
191.929414818,703.43
191.953334067,703.43
191.977629447,703.43
192.001159571,703.54
192.024945890,703.54
192.048268843,703.54
192.071417106,703.54
192.094733372,703.90
192.118621579,703.90
192.142282809,703.90
192.166153544,703.90
192.189759925,703.90
192.213000893,702.29
192.236205829,702.29
192.259477614,702.29
192.283399134,702.29
192.307047052,701.37
192.330230547,701.37
192.353611165,701.37
192.376826150,701.37
192.399968461,695.86
192.423660955,695.86
192.447110629,695.86
192.470838035,695.86
192.494796964,695.86
192.517812618,695.34
192.541093203,695.34
192.564223706,695.34
192.588837554,695.34
192.612571680,691.86
192.636079660,691.86
192.659420693,691.86
192.683167267,691.86
192.706331307,694.98
192.729368657,694.98
192.752572665,694.98
192.776190854,694.98
192.799844083,694.98
192.823728067,693.17
192.847561202,693.17
192.870634457,693.17
192.894047267,693.17
192.917339532,693.22
192.941534207,693.22
192.965293198,693.22
192.989060220,693.22
193.012730090,693.56
193.041030092,693.56
193.064238804,693.56
193.087549341,693.56
193.110856678,694.04
193.134557844,694.04
193.158268386,694.04
193.181727181,694.04
193.205326137,696.35
193.228575618,696.35
193.251626120,696.35
193.275189812,696.35
193.298983907,696.35
193.322232555,697.23
193.345772311,697.23
193.368864062,697.23
193.392025829,697.23
193.415002347,704.84
193.438303444,704.84
193.461818368,704.84
193.484989095,704.84
193.508015565,695.76
193.531418392,695.76
193.554999140,695.76
193.578455855,695.76
193.601690711,695.76
193.624722045,664.18
193.647811972,664.18
193.670884011,664.18
193.694147443,664.18
193.716965143,635.05
193.740402402,635.05
193.763851820,635.05
193.787098997,635.05
193.810331901,597.34
193.833501669,597.34
193.856829390,597.34
193.880410075,597.34
193.903575394,597.34
193.926794475,561.34
193.950385175,561.34
193.974404872,561.34
193.997835731,561.34
194.021605025,532.74
194.044417957,532.74
194.066828612,532.74
194.089528358,532.74
194.113446070,486.04
194.137167108,486.04
194.160840050,486.04
194.184741794,486.04
194.208030091,486.04
194.231383476,485.67
194.254665501,485.67
194.278510733,485.67
194.303265350,485.67
194.326682065,488.49
194.364858211,488.49
194.388183053,488.49
194.411329684,488.49
194.434850048,486.90
194.458500269,486.90
194.482224283,486.90
194.506108330,486.90
194.529475892,486.90
194.552663196,500.79
194.575945541,500.79
194.599313167,500.79
194.623284128,500.79
194.646466376,531.62
194.669636623,531.62
194.692449683,531.62
194.715848637,531.62
194.739151910,556.43
194.762571217,556.43
194.785635703,556.43
194.808843935,556.43
194.832036647,556.43
194.855287344,558.83
194.878729946,558.83
194.901953443,558.83
194.925300844,558.83
194.948204529,562.21
194.971271671,562.21
194.994075579,562.21
195.017752904,562.21
195.041227763,566.60
195.064875873,566.60
195.088269515,566.60
195.112182107,566.60
195.136440911,564.29
195.159454997,564.29
195.182019638,564.29
195.205051452,564.29
195.228917099,564.29
195.252467735,530.22
195.276253094,530.22
195.300099765,530.22
195.323552864,530.22
195.346837417,532.48
195.370035825,532.48
195.394005858,532.48
195.418158388,532.48
195.441678240,529.75
195.465632529,529.75
195.488903033,529.75
195.512398309,529.75
195.535773327,528.73
195.559285338,528.73
195.582645668,528.73
195.606971257,528.73
195.630756104,528.73
195.654085233,528.32
195.677311961,528.32
195.700560770,528.32
195.724193871,528.32
195.748390050,534.91
195.772122544,534.91
195.796058752,534.91
195.820130386,534.91
195.843641150,568.28
195.867069320,568.28
195.890073134,568.28
195.913143797,568.28
195.936915843,597.16
195.960535632,597.16
195.984073500,597.16
196.007595816,597.16
196.034780957,597.16
196.058051558,637.43
196.081875317,637.43
196.105848966,637.43
196.129497491,637.43
196.152700027,663.39
196.176011012,663.39
196.199128683,663.39
196.222356883,663.39
196.245840126,708.98
196.269121735,708.98
196.292249039,708.98
196.315651545,708.98
196.339073955,703.55
196.362341164,703.55
196.385818135,703.55
196.408740252,703.55
196.431685633,665.23
196.461694679,665.23
196.485041632,665.23
196.508905264,665.23
196.532730751,665.23
196.556167178,631.42
196.579466451,631.42
196.602890077,631.42
196.626594731,631.42
196.649936405,600.01
196.673307358,600.01
196.696569159,600.01
196.720972509,600.01
196.744235557,564.65
196.767459758,564.65
196.790598005,564.65
196.813890910,564.65
196.836912516,529.41
196.860520721,529.41
196.883611735,529.41
196.906744191,529.41
196.930063496,529.41
196.953293456,495.58
196.976579513,495.58
196.999841218,495.58
197.023855539,495.58
197.047085275,458.35
197.070126434,458.35
197.093311178,458.35
197.116113133,458.35
197.138922576,421.17
197.162218426,421.17
197.185299136,421.17
197.208198341,421.17
197.231453805,421.17
197.254456371,390.98
197.277710780,390.98
197.301044581,390.98
197.324344078,390.98
197.347541302,359.61
197.370707710,359.61
197.394018695,359.61
197.417570067,359.61
197.440703514,357.85
197.463906274,357.85
197.486643301,357.85
197.510078992,357.85
197.533647388,357.85
197.559215903,357.11
197.582626313,357.11
197.605890802,357.11
197.629375645,357.11
197.653822131,356.64
197.676614807,356.64
197.699168759,356.64
197.722937702,356.64
197.746768725,346.47
197.770876359,346.47
197.794544980,346.47
197.818524101,346.47
197.842014961,381.08
197.865196728,381.08
197.888469377,381.08
197.911253092,381.08
197.934665839,381.08
197.957955768,414.30
197.981045471,414.30
198.004204838,414.30
198.027780754,414.30
198.051368479,449.58
198.074620775,449.58
198.097351946,449.58
198.120094797,449.58
198.142753807,449.58
198.165332047,455.07
198.188303349,455.07
198.211589374,455.07
198.235132074,455.07
198.258804151,461.56
198.282523205,461.56
198.305850318,461.56
198.329255545,461.56
198.352729860,505.41
198.375873707,505.41
198.399441559,505.41
198.423247622,505.41
198.446663121,534.36
198.470316798,534.36
198.493424165,534.36
198.516613485,534.36
198.539929238,534.36
198.565139637,571.12
198.588477982,571.12
198.612364334,571.12
198.636752260,571.12
198.660401297,608.92
198.683617721,608.92
198.706891170,608.92
198.731182166,608.92
198.754424318,642.25
198.777786632,642.25
198.801251027,642.25
198.824552028,642.25
198.847628195,642.25
198.871043949,642.19
198.894381783,642.19
198.917503230,642.19
198.940682630,642.19
198.963988751,640.37
198.987132086,640.37
199.010241789,640.37
199.035907105,640.37
199.059171370,610.84
199.082380050,610.84
199.105186870,610.84
199.128336477,610.84
199.151774472,610.84
199.175242195,617.64
199.198646781,617.64
199.221848037,617.64
199.245532499,617.64
199.269051038,602.48
199.292134117,602.48
199.315270700,602.48
199.338692151,602.48
199.361790045,566.51
199.384935205,566.51
199.408223822,566.51
199.431419414,566.51
199.454740447,566.51
199.478059272,531.21
199.501303985,531.21
199.524538457,531.21
199.547795810,531.21
199.570870376,497.42
199.594033328,497.42
199.617313529,497.42
199.640382079,497.42
199.663554471,467.17
199.686438123,467.17
199.709956375,467.17
199.733362849,467.17
199.756569929,467.17
199.780234519,435.84
199.803603104,435.84
199.826878153,435.84
199.850422005,435.84
199.873399675,401.00
199.896208926,401.00
199.919540392,401.00
199.942769712,401.00
199.965871959,358.75
199.989028254,358.75
200.011897570,358.75
200.042174043,358.75
200.065560069,350.90
200.089103793,350.90
200.113496903,350.90
200.136928209,350.90
200.160624703,355.74
200.183637061,355.74
200.206892973,355.74
200.230090933,355.74
200.253755106,355.74
200.276795497,356.48
200.299923184,356.48
200.322868341,356.48
200.346235391,356.48
200.369571688,355.69
200.392981907,355.69
200.415953624,355.69
200.439126912,355.69
200.462342024,355.69
200.485415374,356.39
200.508448628,356.39
200.531635548,356.39
200.554850212,356.39
200.578475473,353.16
200.601486103,353.16
200.624674591,353.16
200.647753221,353.16
200.671652117,351.63
200.695698375,351.63
200.719313012,351.63
200.742399514,351.63
200.765795877,352.73
200.789112526,352.73
200.812529144,352.73
200.835938531,352.73
200.859365453,352.73
200.882844984,352.01
200.906480389,352.01
200.929801359,352.01
200.952982582,352.01
200.976319488,358.64
200.999648585,358.64
201.022667119,358.64
201.045758390,358.64
201.068987166,358.64
201.091991620,358.56
201.115262765,358.56
201.138148561,358.56
201.161937920,358.56
201.185286602,358.54
201.208512594,358.54
201.231486039,358.54
201.254998851,358.54
201.277891495,358.67
201.301087759,358.67
201.324120629,358.67
201.347293213,358.67
201.370608966,358.67
201.393872335,357.90
201.417358618,357.90
201.440707812,357.90
201.464172239,357.90
201.487325526,358.08
201.510668800,358.08
201.533992393,358.08
201.557564053,358.08
201.580927167,361.55
201.604368906,361.55
201.627756564,361.55
201.651759269,361.55
201.675315889,362.85
201.698473081,362.85
201.722151878,362.85
201.745775155,362.85
201.768859706,362.85
201.791871551,361.72
201.815030439,361.72
201.837875051,361.72
201.862041630,361.72
201.884715040,358.48
201.908052105,358.48
201.931294898,358.48
201.954555931,358.48
201.978006789,357.28
202.001338031,357.28
202.024295252,357.28
202.047514204,357.28
202.070566563,357.28
202.093624681,356.49
202.116822449,356.49
202.139818646,356.49
202.164191084,356.49
202.187484437,357.98
202.210897919,357.98
202.234408651,357.98
202.258841281,357.98
202.282254763,356.84
202.305949113,356.84
202.329298402,356.84
202.352563211,356.84
202.376058582,356.84
202.399505121,356.94
202.422875467,356.94
202.445533069,356.94
202.468996312,356.94
202.492368418,352.25
202.515339047,352.25
202.538744498,352.25
202.561811800,352.25
202.585056705,352.53
202.608356106,352.53
202.631286543,352.53
202.654595576,352.53
202.678042595,352.53
202.701553550,353.21
202.724753654,353.21
202.750560892,353.21
202.773842277,353.21
202.797274767,352.56
202.820811291,352.56
202.844006595,352.56
202.867361261,352.56
202.890619189,357.62
202.913919998,357.62
202.937254248,357.62
202.960795508,357.62
202.984276383,357.29
203.007896428,357.29
203.034811230,357.29
203.058097479,357.29
203.081175437,357.29
203.104300564,358.07
203.127415195,358.07
203.150639332,358.07
203.174058574,358.07
203.197424760,357.05
203.220836770,357.05
203.244097003,357.05
203.267379956,357.05
203.290601020,356.80
203.313532833,356.80
203.336607176,356.80
203.359837712,356.80
203.383089241,356.80
203.406657061,358.26
203.430594997,358.26
203.453921374,358.26
203.477512075,358.26
203.500854420,361.86
203.524138397,361.86
203.547471495,361.86
203.570866065,361.86
203.594459262,362.61
203.617833448,362.61
203.641381843,362.61
203.664819166,362.61
203.688379370,361.67
203.711740948,361.67
203.734874779,361.67
203.757962050,361.67
203.781280651,361.67
203.804424211,357.37
203.827578074,357.37
203.850815906,357.37
203.874200076,357.37
203.897646679,358.16
203.920926848,358.16
203.944260138,358.16
203.967582963,358.16
203.990866716,357.01
204.014045700,357.01
204.041241177,357.01
204.064602851,357.01
204.088126190,357.01
204.111562297,358.23
204.134945795,358.23
204.158338957,358.23
204.181758584,358.23
204.205111266,357.54
204.228961393,357.54
204.252325211,357.54
204.275477378,357.54
204.298717387,357.87
204.321869554,357.87
204.345029690,357.87
204.367941086,357.87
204.391124006,357.87
204.414147500,357.48
204.437200050,357.48
204.460409114,357.48
204.483699011,357.48
204.506998188,356.33
204.530143860,356.33
204.552988344,356.33
204.576159295,356.33
204.599177221,358.09
204.622415886,358.09
204.645791064,358.09
204.668530618,358.09
204.691523072,358.09
204.714533030,357.10
204.737657389,357.10
204.761104152,357.10
204.784800293,357.10
204.807957421,358.34
204.830797969,358.34
204.854001305,358.34
204.878223852,358.34
204.901478037,356.06
204.924647132,356.06
204.947706307,356.06
204.971103245,356.06
204.994353237,356.06
205.018097572,356.61
205.041722160,356.61
205.065069946,356.61
205.088423364,356.61
205.111847758,356.47
205.135386714,356.47
205.158972486,356.47
205.182525714,356.47
205.206055166,357.02
205.229244006,357.02
205.252750129,357.02
205.276058939,357.02
205.298767357,354.26
205.321951205,354.26
205.345176525,354.26
205.368466358,354.26
205.391857056,354.26
205.415064456,353.18
205.438180239,353.18
205.461388823,353.18
205.484595487,353.18
205.507658182,353.79
205.530653675,353.79
205.554018197,353.79
205.577343327,353.79
205.600996492,353.18
205.624444535,353.18
205.647875745,353.18
205.671200523,353.18
205.694599733,353.18
205.717868414,352.98
205.741328808,352.98
205.765110455,352.98
205.788650659,352.98
205.812109966,353.11
205.835241301,353.11
205.858876898,353.11
205.882249356,353.11
205.905566261,352.94
205.928764381,352.94
205.952260712,352.94
205.976099256,352.94
205.999455553,352.94
206.022882892,352.91
206.046121492,352.91
206.069161499,352.91
206.092895913,352.91
206.116045168,352.92
206.139248824,352.92
206.162426944,352.92
206.186704788,352.92
206.209933948,351.79
206.233559977,351.79
206.256546574,351.79
206.279622933,351.79
206.302994399,351.79
206.326148774,349.89
206.349438607,349.89
206.372750009,349.89
206.396012353,349.89
206.419117960,349.64
206.442360561,349.64
206.465421303,349.64
206.489603850,349.64
206.512743953,350.64
206.536064187,350.64
206.559356388,350.64
206.582336585,350.64
206.605574610,350.64
206.628903131,349.00
206.651885249,349.00
206.675066664,349.00
206.698251984,349.00
206.721503097,350.58
206.745363592,350.58
206.768804947,350.58
206.792106716,350.58
206.815479430,350.01
206.838985297,350.01
206.862232986,350.01
206.885665829,350.01
206.908992910,354.33
206.932442297,354.33
206.956209127,354.33
206.981351525,354.33
207.004693391,354.33
207.027787094,354.50
207.050934045,354.50
207.073927907,354.50
207.096920296,354.50
207.119924014,353.28
207.142945076,353.28
207.166135740,353.28
207.189515014,353.28
207.212807375,355.10
207.236032631,355.10
207.259149662,355.10
207.282254853,355.10
207.305620271,355.10
207.328611668,360.38
207.351649338,360.38
207.374299196,360.38
207.397698822,360.38
207.421084368,360.36
207.444406010,360.36
207.468192808,360.36
207.491484753,360.36
207.514959228,359.25
207.538680074,359.25
207.561992532,359.25
207.585417310,359.25
207.608892713,359.25
207.632282483,361.07
207.655641373,361.07
207.678614883,361.07
207.702059725,361.07
207.725283861,356.26
207.748914466,356.26
207.772759378,356.26
207.796449311,356.26
207.820027307,363.90
207.843622712,363.90
207.867554408,363.90
207.891228982,363.90
207.915125861,363.90
207.939176343,389.29
207.963040295,389.29
208.002909804,389.29
208.026520217,425.83
208.053367690,425.83
208.077131481,425.83
208.102063892,425.83
208.125929060,458.78
208.149610129,458.78
208.173081404,458.78
208.196419814,458.78
208.219788176,492.48
208.243319707,492.48
208.267026249,492.48
208.290634230,492.48
208.313913023,492.48
208.337059110,529.01
208.360824660,529.01
208.384236895,529.01
208.408535667,529.01
208.432288482,562.26
208.455934607,562.26
208.479883327,562.26
208.504698009,562.26
208.528047395,599.81
208.551057193,599.81
208.574510548,599.81
208.598015039,599.81
208.621636844,599.81
208.645259481,626.53
208.669046631,626.53
208.692410321,626.53
208.715752667,626.53
208.739212742,665.78
208.763197654,665.78
208.787036038,665.78
208.810872693,665.78
208.834258687,696.21
208.857520040,696.21
208.880935986,696.21
208.904148826,696.21
208.927253633,708.09
208.950417097,708.09
208.973396878,708.09
208.996646199,708.09
209.020562375,708.09
209.044023954,698.95
209.067124152,698.95
209.090359201,698.95
209.114183408,698.95
209.137900126,664.75
209.161128774,664.75
209.184175372,664.75
209.207391188,664.75
209.230847967,631.59
209.254154920,631.59
209.277121806,631.59
209.300348758,631.59
209.323613023,631.59
209.346718406,594.88
209.369926350,594.88
209.392929043,594.88
209.416184796,594.88
209.439603750,563.20
209.462911504,563.20
209.486226457,563.20
209.509548450,563.20
209.532657225,527.04
209.555803184,527.04
209.579107578,527.04
209.602917384,527.04
209.626530133,527.04
209.650307780,490.01
209.674546775,490.01
209.697571805,490.01
209.720497986,490.01
209.743753291,445.78
209.767881437,445.78
209.791674060,445.78
209.815582876,445.78
209.839573165,434.70
209.863054456,434.70
209.886335393,434.70
209.909535977,434.70
209.933258103,437.91
209.956618401,437.91
209.980147212,437.91
210.003874554,437.91
210.027574088,437.91
210.051125428,448.03
210.074481406,448.03
210.098844083,448.03
210.124088562,448.03
210.149622773,481.57
210.173474916,481.57
210.197634167,481.57
210.221452966,481.57
210.244550861,517.63
210.267826549,517.63
210.291142751,517.63
210.314777836,517.63
210.338586748,552.47
210.362391214,552.47
210.385812828,552.47
210.409332811,552.47
210.432697713,552.47
210.456680480,587.72
210.480430380,587.72
210.504020342,587.72
210.527458014,587.72
210.551167882,620.23
210.574596946,620.23
210.597986969,620.23
210.621712709,620.23
210.645478545,647.48
210.669183133,647.48
210.692717126,647.48
210.716274064,647.48
210.739814233,692.00
210.763064351,692.00
210.786416422,692.00
210.809454473,692.00
210.833137268,692.00
210.856763326,708.11
210.879999780,708.11
210.903173769,708.11
210.926341806,708.11
210.949646676,707.52
210.972859129,707.52
210.995712282,707.52
211.018838942,707.52
211.041965026,704.43
211.065038534,704.43
211.088145034,704.43
211.111254670,704.43
211.134870072,704.43
211.158114814,685.39
211.181467557,685.39
211.205078287,685.39
211.228271700,685.39
211.252313156,649.15
211.275675051,649.15
211.298966449,649.15
211.322224695,649.15
211.345751488,613.28
211.368935909,613.28
211.392032009,613.28
211.415151565,613.28
211.438317074,613.28
211.461413045,581.42
211.484599642,581.42
211.507585437,581.42
211.530881891,581.42
211.554527789,542.64
211.577761811,542.64
211.600996088,542.64
211.623974779,542.64
211.647109215,509.39
211.670448550,509.39
211.693330567,509.39
211.716512076,509.39
211.739556079,509.39
211.762985079,474.70
211.786136923,474.70
211.809359616,474.70
211.832681223,474.70
211.855869804,441.33
211.879417685,441.33
211.902647995,441.33
211.925901664,441.33
211.949478986,399.74
211.973078740,399.74
211.996734463,399.74
212.020538732,399.74
212.044559355,399.74
212.067723648,371.41
212.090421151,371.41
212.113387425,371.41
212.137793813,371.41
212.161824132,362.80
212.185766355,362.80
212.209562624,362.80
212.233928723,362.80
212.257596734,398.22
212.281441515,398.22
212.305705246,398.22
212.329548075,398.22
212.353247126,398.22
212.377505641,432.25
212.401342902,432.25
212.424809662,432.25
212.448169381,432.25
212.471574925,468.52
212.495185463,468.52
212.518940291,468.52
212.542974387,468.52
212.566482300,502.01
212.589690817,502.01
212.612692771,502.01
212.636091179,502.01
212.659750966,536.38
212.683440897,536.38
212.707030795,536.38
212.731005145,536.38
212.754328448,536.38
212.777385347,566.73
212.800825003,566.73
212.824312916,566.73
212.848346947,566.73
212.872045807,603.34
212.895636184,603.34
212.919430693,603.34
212.943918778,603.34
212.967221633,632.92
212.990723977,632.92
213.014350420,632.92
213.041747310,632.92
213.065589723,664.74
213.089686795,664.74
213.113162996,664.74
213.136001140,664.74
213.159286138,664.74
213.182900388,705.80
213.206795442,705.80
213.230212826,705.80
213.253710947,705.80
213.277314573,701.33
213.300577363,701.33
213.323901785,701.33
213.348163852,701.33
213.371514706,699.65
213.394797528,699.65
213.418139007,699.65
213.441608072,699.65
213.464659883,699.65
213.487836399,684.21
213.511056309,684.21
213.534236025,684.21
213.557426430,684.21
213.580630307,650.61
213.603802024,650.61
213.627199023,650.61
213.651097661,650.61
213.675011435,618.28
213.698629941,618.28
213.721714777,618.28
213.744810684,618.28
213.768364742,584.76
213.791845294,584.76
213.815592154,584.76
213.839436807,584.76
213.863137362,584.76
213.886509401,552.94
213.909832096,552.94
213.933209991,552.94
213.956547694,552.94
213.979842580,513.10
214.003062649,513.10
214.026361887,513.10
214.049626181,513.10
214.073109390,481.86
214.096377683,481.86
214.119820923,481.86
214.143302724,481.86
214.166716908,481.86
214.189956753,449.99
214.213535707,449.99
214.236669119,449.99
214.260623469,449.99
214.284246008,415.53
214.307980003,415.53
214.333461381,415.53
214.356949838,415.53
214.380509623,383.05
214.404296387,383.05
214.428660055,383.05
214.452436355,383.05
214.475793834,362.47
214.499571414,362.47
214.523197793,362.47
214.546407270,362.47
214.569683371,362.47
214.593224661,348.25
214.617313861,348.25
214.641462774,348.25
214.665667591,348.25
214.689633174,379.39
214.713471203,379.39
214.736835818,379.39
214.760962426,379.39
214.784406146,412.52
214.808405617,412.52
214.832409696,412.52
214.856244877,412.52
214.879895096,449.17
214.903238846,449.17
214.926683270,449.17
214.951059450,449.17
214.974836486,449.17
214.998408720,480.84
215.022218364,480.84
215.045697669,480.84
215.068989131,480.84
215.092325458,519.56
215.115782394,519.56
215.139200225,519.56
215.162908173,519.56
215.186694809,549.03
215.210526566,549.03
215.233586345,549.03
215.256869167,549.03
215.280007123,584.34
215.303746975,584.34
215.327204359,584.34
215.350850161,584.34
215.374766111,584.34
215.398272136,624.51
215.421463405,624.51
215.444753491,624.51
215.467929655,624.51
215.491439872,652.75
215.515143883,652.75
215.538954040,652.75
215.562678435,652.75
215.586019786,698.18
215.609333040,698.18
215.632660119,698.18
215.656383522,698.18
215.680131054,698.18
215.703613494,713.04
215.727506308,713.04
215.750698185,713.04
215.774336563,713.04
215.797441879,714.78
215.820314615,714.78
215.844115684,714.78
215.868062802,714.78
215.891760317,711.39
215.915343111,711.39
215.938610924,711.39
215.961899635,711.39
215.985209145,712.13
216.009436586,712.13
216.035374514,712.13
216.058933755,712.13
216.082879242,712.13
216.106064366,711.28
216.129203890,711.28
216.152422967,711.28
216.176867724,711.28
216.200426101,712.70
216.223849021,712.70
216.247732202,712.70
216.271655896,712.70
216.294900126,712.66
216.318282725,712.66
216.342196787,712.66
216.366018399,712.66
216.392481326,712.21
216.416088567,712.21
216.439981957,712.21
216.463367724,712.21
216.486952950,712.21
216.510273500,714.25
216.534076520,714.25
216.557471248,714.25
216.581097210,714.25
216.604863398,710.28
216.628356974,710.28
216.651545363,710.28
216.674471508,710.28
216.697885340,711.35
216.721769257,711.35
216.745284274,711.35
216.769016381,711.35
216.792673768,711.11
216.816029679,711.11
216.839043569,711.11
216.862380728,711.11
216.886217253,711.11
216.909904176,712.89
216.933938783,712.89
216.957316422,712.89
216.980756430,712.89
217.003919314,714.03
217.027308537,714.03
217.050555007,714.03
217.073484864,714.03
217.096629508,711.92
217.119730376,711.92
217.143080590,711.92
217.166289619,711.92
217.189946558,711.92
217.213542247,698.15
217.237255763,698.15
217.260419991,698.15
217.284075362,698.15
217.306924194,648.64
217.330387562,648.64
217.353998772,648.64
217.377406940,648.64
217.401421835,645.30
217.424724433,645.30
217.468266006,645.30
217.492311269,645.30
217.516074225,645.30
217.539925182,643.13
217.563731499,643.13
217.587650072,643.13
217.611039808,643.13
217.634043010,645.98
217.657425545,645.98
217.681666715,645.98
217.705340166,645.98
217.728934927,644.10
217.752713243,644.10
217.776063522,644.10
217.799129349,644.10
217.822345034,644.33
217.845973012,644.33
217.869878722,644.33
217.893453771,644.33
217.916894643,644.33
217.940567870,642.40
217.963652769,642.40
217.986987207,642.40
218.010809556,642.40
218.035433451,637.80
218.058919731,637.80
218.082407003,637.80
218.106897360,637.80
218.130358136,642.11
218.153461244,642.11
218.176780098,642.11
218.200297003,642.11
218.224119799,658.55
218.247639456,658.55
218.271431084,658.55
218.295166904,658.55
218.318577343,658.55
218.341601474,704.06
218.364833895,704.06
218.388119693,704.06
218.411789623,704.06
218.435448226,703.23
218.458940042,703.23
218.482339890,703.23
218.508540220,703.23
218.531749889,704.42
218.555223017,704.42
218.578613840,704.42
218.601706099,704.42
218.624861752,704.42
218.647828185,696.10
218.671294017,696.10
218.694656168,696.10
218.718148720,696.10
218.741604504,664.44
218.764981151,664.44
218.788421959,664.44
218.811848591,664.44
218.834882641,631.36
218.857859635,631.36
218.881052952,631.36
218.904418974,631.36
218.927505314,631.36
218.950755975,599.93
218.974113390,599.93
218.997438228,599.93
219.021542148,599.93
219.044986700,568.12
219.068357651,568.12
219.091749562,568.12
219.115365060,568.12
219.138642249,527.48
219.162037648,527.48
219.185398167,527.48
219.209380454,527.48
219.232886862,502.18
219.256388055,502.18
219.280004257,502.18
219.303235238,502.18
219.326355913,502.18
219.349864210,466.40
219.372978326,466.40
219.396182170,466.40
219.419336958,466.40
219.442576324,434.78
219.465967339,434.78
219.489229168,434.78
219.512692152,434.78
219.535982942,395.38
219.558929791,395.38
219.581811392,395.38
219.607923881,395.38
219.631888151,395.38
219.655918375,365.18
219.679947318,365.18
219.704507211,365.18
219.728358104,365.18
219.752065027,400.41
219.776306837,400.41
219.800388389,400.41
219.824205393,400.41
219.847934141,431.59
219.871680136,431.59
219.895127856,431.59
219.918675801,431.59
219.942585702,469.14
219.966885209,469.14
219.990363457,469.14
220.014039756,469.14
220.041936300,499.58
220.065541717,499.58
220.088871164,499.58
220.112249283,499.58
220.139776446,533.83
220.163587594,533.83
220.187112723,533.83
220.210882431,533.83
220.234498281,533.83
220.257780110,571.94
220.281215030,571.94
220.304988610,571.94
220.328792014,571.94
220.352212213,605.72
220.375958657,605.72
220.399695244,605.72
220.423824573,605.72
220.447101442,641.59
220.471141521,641.59
220.495802792,641.59
220.519535316,641.59
220.542922907,677.24
220.566771847,677.24
220.590094541,677.24
220.613553013,677.24
220.636872251,677.24
220.660662247,709.57
220.684485364,709.57
220.707881435,709.57
220.731606566,709.57
220.754818283,706.04
220.778591767,706.04
220.801777179,706.04
220.825093985,706.04
220.848272901,705.27
220.871751853,705.27
220.895308215,705.27
220.918950785,705.27
220.942671532,705.27
220.966235829,689.37
220.989159350,689.37
221.011996918,689.37
221.041192070,689.37
221.065054515,652.22
221.088921088,652.22
221.113050193,652.22
221.136869853,652.22
221.160136930,655.46
221.183819725,655.46
221.206818127,655.46
221.231084609,655.46
221.254700395,652.44
221.278850428,652.44
221.302545190,652.44
221.326357171,652.44
221.349766650,655.66
221.373382788,655.66
221.397673046,655.66
221.421592484,655.66
221.445715348,655.66
221.469742915,652.06
221.493316364,652.06
221.517178681,652.06
221.540910276,652.06
221.565008372,653.03
221.588692735,653.03
221.613146739,653.03
221.637159042,653.03
221.662604099,652.52
221.686113323,652.52
221.709788758,652.52
221.734232906,652.52
221.758509308,651.81
221.782396969,651.81
221.806129780,651.81
221.830304037,651.81
221.854298644,654.72
221.877943358,654.72
221.901396422,654.72
221.925174193,654.72
221.949270593,654.72
221.972707081,668.77
221.996840345,668.77
222.020333537,668.77
222.044131821,668.77
222.067697815,707.38
222.092157867,707.38
222.116054424,707.38
222.140226313,707.38
222.164244664,705.95
222.188233894,705.95
222.211578733,705.95
222.234913139,705.95
222.258266393,708.39
222.282118918,708.39
222.305371339,708.39
222.329017782,708.39
222.352732193,708.39
222.376067495,707.52
222.399358221,707.52
222.422559217,707.52
222.446426814,707.52
222.470069320,708.45
222.493877492,708.45
222.517441981,708.45
222.541464076,708.45
222.564606768,711.60
222.588031639,711.60
222.611543776,711.60
222.635140361,711.60
222.658680786,710.74
222.682648736,710.74
222.709369073,710.74
222.732941242,710.74
222.756287744,710.74
222.779670151,715.02
222.803159599,715.02
222.826978876,715.02
222.851131628,715.02
222.874995577,712.41
222.898662883,712.41
222.922115883,712.41
222.945469713,712.41
222.968789751,713.38
222.992152766,713.38
223.015748295,713.38
223.041904145,713.38
223.065392377,711.83
223.088667007,711.83
223.111784770,711.83
223.135132040,711.83
223.159066998,711.83
223.182638431,711.34
223.206216713,711.34
223.229858387,711.34
223.254095108,711.34
223.277879472,711.64
223.301681756,711.64
223.324979490,711.64
223.348608492,711.64
223.371902225,708.07
223.394964308,708.07
223.418286970,708.07
223.441816195,708.07
223.465176777,708.07
223.488579600,712.18
223.511945719,712.18
223.535565024,712.18
223.558852870,712.18
223.582157612,692.33
223.605502258,692.33
223.629711427,692.33
223.653056521,692.33
223.676531441,657.50
223.699905112,657.50
223.723128189,657.50
223.746468771,657.50
223.769850025,657.50
223.793039822,622.43
223.816206802,622.43
223.839743162,622.43
223.863352196,622.43
223.886982510,588.12
223.910369749,588.12
223.933708155,588.12
223.956937568,588.12
223.980402599,554.17
224.003986385,554.17
224.026914802,554.17
224.050375929,554.17
224.074316775,554.17
224.097940497,519.10
224.121535482,519.10
224.145115492,519.10
224.168582251,519.10
224.191824688,487.45
224.215280920,487.45
224.238921986,487.45
224.262408874,487.45
224.285543502,446.96
224.308993269,446.96
224.332461981,446.96
224.355695266,446.96
224.378888838,421.29
224.402027722,421.29
224.425318767,421.29
224.448461139,421.29
224.471546038,421.29
224.494674969,378.98
224.517903806,378.98
224.541134723,378.98
224.564395560,378.98
224.587331593,363.34
224.610382668,363.34
224.633509039,363.34
224.656375311,363.34
224.679587604,362.71
224.702552117,362.71
224.725833371,362.71
224.748983998,362.71
224.772360933,362.71
224.796273874,363.06
224.819618809,363.06
224.842980351,363.06
224.866564136,363.06
224.889529994,365.52
224.913016562,365.52
224.936446297,365.52
224.959750303,365.52
224.983324392,363.68
225.007105971,363.68
225.035014291,363.68
225.058296408,363.68
225.081661311,365.67
225.104993637,365.67
225.128398828,365.67
225.151273516,365.67
225.174318447,365.67
225.197248880,364.01
225.220373299,364.01
225.243867963,364.01
225.267587142,364.01
225.291221904,363.15
225.314966747,363.15
225.338340450,363.15
225.361675592,363.15
225.385106447,363.11
225.408684696,363.11
225.432028542,363.11
225.455553159,363.11
225.478902925,363.11
225.502459830,362.12
225.526325763,362.12
225.549592168,362.12
225.573140657,362.12
225.596421078,363.51
225.619725115,363.51
225.642760254,363.51
225.666067907,363.51
225.689396809,361.84
225.712578413,361.84
225.735840083,361.84
225.758993206,361.84
225.782335068,361.84
225.805636194,362.77
225.828648516,362.77
225.851954122,362.77
225.875271823,362.77
225.900117769,361.58
225.923685905,361.58
225.947203418,361.58
225.970842788,361.58
225.994212266,361.24
226.017582641,361.24
226.041649568,361.24
226.064983334,361.24
226.088465070,361.83
226.111835732,361.83
226.135258395,361.83
226.158431615,361.83
226.181628708,361.83
226.204758215,360.91
226.227799081,360.91
226.251614197,360.91
226.274800794,360.91
226.297775323,363.11
226.321244323,363.11
226.345480212,363.11
226.368744537,363.11
226.391679034,352.96
226.414455129,352.96
226.437990594,352.96
226.461993264,352.96
226.486112064,352.96
226.509808587,371.31
226.533625751,371.31
226.557394946,371.31
226.581181326,371.31
226.604965337,399.35
226.628883175,399.35
226.652606066,399.35
226.676651328,399.35
226.700657519,436.83
226.724017813,436.83
226.747422780,436.83
226.771136295,436.83
226.795018868,468.61
226.818794527,468.61
226.842254311,468.61
226.866146132,468.61
226.889694204,468.61
226.913175524,503.98
226.936300776,503.98
226.959896529,503.98
226.984363685,503.98
227.008039631,539.39
227.035726412,539.39
227.059548440,539.39
227.083569639,539.39
227.107317138,571.72
227.131190655,571.72
227.156208730,571.72
227.180186024,571.72
227.203926099,604.77
227.228203365,604.77
227.251596844,604.77
227.274829872,604.77
227.298165078,636.02
227.322178053,636.02
227.346025681,636.02
227.369855230,636.02
227.393737066,636.02
227.417151985,683.91
227.440436567,683.91
227.463970527,683.91
227.488060335,683.91
227.511771257,699.86
227.535525028,699.86
227.559083053,699.86
227.582523764,699.86
227.605917467,700.25
227.630350127,700.25
227.654859588,700.25
227.678048328,700.25
227.701964469,702.43
227.725874178,702.43
227.749395594,702.43
227.772477165,702.43
227.796060918,702.43
227.819187385,705.53
227.842779683,705.53
227.866566894,705.53
227.890432699,705.53
227.914070245,703.51
227.937219560,703.51
227.960705936,703.51
227.984484923,703.51
228.009248691,705.18
228.035398845,705.18
228.058895877,705.18
228.082930996,705.18
228.106439132,703.97
228.129813122,703.97
228.152965830,703.97
228.176475790,703.97
228.200593470,703.97
228.224426154,705.78
228.248468377,705.78
228.272387430,705.78
228.295893550,705.78
228.319372054,709.35
228.342882814,709.35
228.366829932,709.35
228.390435989,709.35
228.413893148,709.46
228.437216994,709.46
228.461576181,709.46
228.484822362,709.46
228.508356738,712.00
228.531997036,712.00
228.555202896,712.00
228.578309939,712.00
228.601595672,712.00
228.624690715,697.96
228.648233987,697.96
228.672070800,697.96
228.695322965,697.96
228.718120980,657.43
228.741002708,657.43
228.764660126,657.43
228.789235955,657.43
228.813468548,638.02
228.837802135,638.02
228.861849478,638.02
228.885363854,638.02
228.909233690,638.02
228.932877636,637.86
228.956937651,637.86
228.980555101,637.86
229.007478128,639.62
229.036191225,639.62
229.060211784,639.62
229.083711696,639.62
229.107175767,639.62
229.130968291,637.90
229.154657069,637.90
229.178331383,637.90
229.202622121,637.90
229.226068753,640.53
229.249468631,640.53
229.272737020,640.53
229.297434323,640.53
229.321176510,635.61
229.344829544,635.61
229.368739413,635.61
229.392366143,635.61
229.416328365,639.80
229.440292346,639.80
229.463810019,639.80
229.487539181,639.80
229.511229720,639.80
229.534426332,636.16
229.557632000,636.16
229.581022951,636.16
229.604800562,636.16
229.628293338,651.13
229.651643744,651.13
229.674984646,651.13
229.699248599,651.13
229.722793152,687.31
229.746132837,687.31
229.769684526,687.31
229.793305431,687.31
229.817022818,673.02
229.841656792,673.02
229.864562233,673.02
229.887712700,673.02
229.911617545,673.02
229.935104689,638.55
229.958894204,638.55
229.982880907,638.55
230.006748343,638.55
230.062039759,633.76
230.085431318,633.76
230.108805660,633.76
230.131939903,635.29
230.155395527,635.29
230.178522346,635.29
230.201998258,635.29
230.226122017,635.29
230.249937517,632.65
230.273563959,632.65
230.297296930,632.65
230.321067213,632.65
230.344184112,636.59
230.367421941,636.59
230.390918140,636.59
230.414403652,636.59
230.437862891,631.34
230.461020143,631.34
230.484745114,631.34
230.508119904,631.34
230.531632136,636.98
230.555280050,636.98
230.578659032,636.98
230.601990718,636.98
230.625140353,636.98
230.648303077,624.19
230.671707819,624.19
230.694881679,624.19
230.718170164,624.19
230.741608347,594.34
230.764812127,594.34
230.788564907,594.34
230.811834127,594.34
230.835148405,594.16
230.858378105,594.16
230.881393595,594.16
230.904816290,594.16
230.928378507,594.16
230.951731889,586.66
230.975235257,586.66
230.998524286,586.66
231.021750114,586.66
231.044901702,558.02
231.067949864,558.02
231.091004234,558.02
231.116928016,558.02
231.140837885,520.10
231.164654857,520.10
231.188062128,520.10
231.211544184,520.10
231.235031711,489.40
231.258638984,489.40
231.282117264,489.40
231.306028221,489.40
231.330110604,489.40
231.353340433,452.27
231.376325298,452.27
231.399642456,452.27
231.423916585,452.27
231.448130682,413.40
231.472109096,413.40
231.496220151,413.40
231.519937346,413.40
231.543536971,412.68
231.567113332,412.68
231.591017793,412.68
231.615567158,412.68
231.639401090,423.81
231.663442192,423.81
231.686931320,423.81
231.710439776,423.81
231.734046825,460.45
231.757233485,460.45
231.780932791,460.45
231.804469983,460.45
231.828365356,460.45
231.852334618,492.15
231.875424540,492.15
231.898879780,492.15
231.922635215,492.15
231.946508859,528.43
231.972420737,528.43
231.996605170,528.43
232.020437630,528.43
232.044164872,565.73
232.067712433,565.73
232.091117271,565.73
232.114272059,565.73
232.138411115,595.09
232.163559751,595.09
232.187295954,595.09
232.211207519,595.09
232.234339266,595.09
232.258039981,636.11
232.281707478,636.11
232.306508911,636.11
232.330234393,636.11
232.353597823,671.41
232.377374059,671.41
232.401023604,671.41
232.424465659,671.41
232.447912834,708.53
232.470932548,708.53
232.494549869,708.53
232.518067189,708.53
232.541557821,706.02
232.564960451,706.02
232.588163175,706.02
232.611529966,706.02
232.634722257,706.02
232.658129720,708.93
232.681340956,708.93
232.704412735,708.93
232.727559586,708.93
232.750666405,687.60
232.774099788,687.60
232.797248303,687.60
232.820469203,687.60
232.844259934,652.14
232.867444482,652.14
232.890607206,652.14
232.913536646,652.14
232.936701578,652.14
232.960089808,616.66
232.983458070,616.66
233.006897565,616.66
233.035156577,616.66
233.058336165,584.19
233.081205284,584.19
233.104414857,584.19
233.129019326,584.19
233.153177614,547.71
233.177151100,547.71
233.203694986,547.71
233.227618007,547.71
233.251700646,542.40
233.275706644,542.40
233.299650626,542.40
233.323709168,542.40
233.348192133,544.43
233.372444310,544.43
233.395969918,544.43
233.419289571,544.43
233.442886988,544.43
233.467225470,542.15
233.490815623,542.15
233.515742465,542.15
233.539594093,542.15
233.562928051,546.67
233.586116086,546.67
233.610072868,546.67
233.633112678,546.67
233.656910225,545.06
233.680713085,545.06
233.704742827,545.06
233.728581847,545.06
233.752092383,569.02
233.775592423,569.02
233.799092174,569.02
233.822919482,569.02
233.846601508,569.02
233.870576530,599.45
233.894182779,599.45
233.918371691,599.45
233.941827474,599.45
233.965380155,636.96
233.989208199,636.96
234.014047551,636.96
234.042388292,636.96
234.066295440,679.59
234.089829945,679.59
234.113626788,679.59
234.137083275,679.59
234.161277404,704.86
234.184913733,704.86
234.208475182,704.86
234.232301945,704.86
234.257057841,707.00
234.280281141,707.00
234.305865335,707.00
234.329704643,707.00
234.353306668,705.61
234.376889205,705.61
234.400707584,705.61
234.424334474,705.61
234.447690671,705.61
234.471099574,703.87
234.494557149,703.87
234.518057061,703.87
234.541433995,703.87
234.564633263,704.97
234.587926772,704.97
234.611416091,704.97
234.634562718,704.97
234.658251913,703.47
234.681575278,703.47
234.704671952,703.47
234.728247801,703.47
234.751815170,703.47
234.775617837,677.38
234.799110357,677.38
234.822447194,677.38
234.846298886,677.38
234.869718925,643.64
234.893180884,643.64
234.916465593,643.64
234.940236932,643.64
234.964192241,608.27
234.987596312,608.27
235.010416503,608.27
235.035127566,608.27
235.059754756,566.40
235.083653424,566.40
235.107497948,566.40
235.131405961,566.40
235.154815696,566.40
235.177952595,567.96
235.201141750,567.96
235.224680863,567.96
235.249130898,567.96
235.272788028,566.66
235.296755017,566.66
235.320166320,566.66
235.343595959,566.66
235.366930460,572.75
235.390781512,572.75
235.414518803,572.75
235.438358655,572.75
235.461923239,568.55
235.485478991,568.55
235.508796213,568.55
235.532165563,568.55
235.555616290,568.55
235.578957863,567.87
235.602017609,567.87
235.625729908,567.87
235.649309404,567.87
235.672753891,567.68
235.696166506,567.68
235.719591056,567.68
235.743149817,567.68
235.767079526,563.13
235.790373227,563.13
235.813694608,563.13
235.837077526,563.13
235.861091044,563.13
235.884325928,558.99
235.907521964,558.99
235.930718736,558.99
235.954791039,558.99
235.977824545,559.63
236.000733121,559.63
236.024093286,559.63
236.047426412,559.63
236.070928180,567.15
236.094265785,567.15
236.117243450,567.15
236.140363293,567.15
236.163405919,567.15
236.186477121,530.86
236.209210367,530.86
236.232646470,530.86
236.256373168,530.86
236.279571764,496.25
236.302909146,496.25
236.326696741,496.25
236.353058096,496.25
236.377513060,459.00
236.402043705,459.00
236.425080026,459.00
236.448502817,459.00
236.472132490,419.57
236.495629682,419.57
236.519670016,419.57
236.543277993,419.57
236.566952851,419.57
236.590117942,425.95
236.613565629,425.95
236.637348712,425.95
236.661098579,425.95
236.685043040,424.87
236.708427526,424.87
236.731664778,424.87
236.754908846,424.87
236.778247540,453.90
236.801597786,453.90
236.825563783,453.90
236.849400883,453.90
236.872924379,488.10
236.896060158,488.10
236.919088991,488.10
236.942313667,488.10
236.965742570,488.10
236.989460820,523.05
237.013447650,523.05
237.042853396,523.05
237.066399804,523.05
237.089630208,554.66
237.113092551,554.66
237.137368248,554.66
237.160855168,554.66
237.184473929,586.29
237.207932176,586.29
237.231114419,586.29
237.254340376,586.29
237.277848223,627.72
237.301468328,627.72
237.324842894,627.72
237.348604409,627.72
237.372103809,627.72
237.398183081,656.74
237.421351180,656.74
237.445640765,656.74
237.469325287,656.74
237.492977873,699.67
237.516825244,699.67
237.540621960,699.67
237.563823019,699.67
237.586952878,701.57
237.610313940,701.57
237.633659449,701.57
237.657372036,701.57
237.681269136,700.87
237.705016731,700.87
237.728231295,700.87
237.751339361,700.87
237.775046859,700.87
237.798603508,702.62
237.822438495,702.62
237.846096329,702.62
237.869936245,702.62
237.892864917,702.62
237.916329212,702.62
237.939619649,702.62
237.963825041,702.62
237.987497627,702.40
238.011278502,702.40
238.035650872,702.40
238.058859740,702.40
238.081999903,703.25
238.105065313,703.25
238.128627369,703.25
238.151948495,703.25
238.175190963,703.25
238.198603705,699.92
238.221826109,699.92
238.245459815,699.92
238.268720715,699.92
238.291897870,700.08
238.315242068,700.08
238.338500888,700.08
238.361896927,700.08
238.385150211,670.79
238.408044035,670.79
238.431273831,670.79
238.469451335,670.79
238.493079344,670.79
238.516540855,630.22
238.539571192,630.22
238.562825533,630.22
238.585984576,630.22
238.609002337,593.81
238.632140356,593.81
238.655648300,593.81
238.679206516,593.81
238.702323575,551.68
238.725113269,551.68
238.749211076,551.68
238.773277459,551.68
238.797566116,551.68
238.821774356,536.42
238.845454462,536.42
238.869258953,536.42
238.893342712,536.42
238.917980942,531.97
238.941765049,531.97
238.966272653,531.97
238.990062136,531.97
239.013552287,536.97
239.042088134,536.97
239.066289462,536.97
239.090128674,536.97
239.113861165,530.46
239.137480598,530.46
239.161077566,530.46
239.184475588,530.46
239.207629735,539.86
239.230900652,539.86
239.254744376,539.86
239.278115102,539.86
239.301900457,539.86
239.325434640,544.65
239.348637524,544.65
239.371862296,544.65
239.395366336,544.65
239.419538128,573.75
239.443304122,573.75
239.466687744,573.75
239.490755759,573.75
239.516688917,607.59
239.539836408,607.59
239.563012539,607.59
239.586240063,607.59
239.610284269,639.86
239.633874870,639.86
239.657740450,639.86
239.681256649,639.86
239.704562030,639.86
239.727778898,682.06
239.751093463,682.06
239.774561342,682.06
239.798288072,682.06
239.822084884,698.26
239.845482522,698.26
239.868357369,698.26
239.891430747,698.26
239.914798209,698.11
239.938186119,698.11
239.961625390,698.11
239.985179638,698.11
240.008475355,697.14
240.035479598,697.14
240.058743922,697.14
240.082155417,697.14
240.105811746,697.14
240.129506060,697.57
240.153357656,697.57
240.176953920,697.57
240.200123140,697.57
240.223246918,697.14
240.246581548,697.14
240.270055283,697.14
240.293667195,697.14
240.317400646,697.54
240.340893997,697.54
240.363970159,697.54
240.387050161,697.54
240.410344950,697.54
240.434513606,696.06
240.457841419,696.06
240.481230129,696.06
240.505566307,696.06
240.529021994,696.00
240.552188141,696.00
240.575290703,696.00
240.601663803,696.00
240.625008832,697.85
240.648782987,697.85
240.672651991,697.85
240.695919259,697.85
240.719230080,697.67
240.742580966,697.67
240.765695528,697.67
240.789377266,697.67
240.813010939,697.67
240.836407649,696.89
240.859384834,696.89
240.882653638,696.89
240.905748040,696.89
240.928921995,699.73
240.952416275,699.73
240.975703383,699.73
240.998891547,699.73
241.022015741,698.72
241.045014302,698.72
241.068697224,698.72
241.092142063,698.72
241.115626774,698.72
241.138837434,680.73
241.162176159,680.73
241.185528100,680.73
241.209364560,680.73
241.232804087,645.79
241.256305214,645.79
241.279607779,645.79
241.302853287,645.79
241.326127532,613.40
241.349180781,613.40
241.372953848,613.40
241.395897464,613.40
241.418462676,613.40
241.440981263,564.32
241.464390101,564.32
241.488332194,564.32
241.512431953,564.32
241.536055802,544.34
241.559646562,544.34
241.583064392,544.34
241.607209880,544.34
241.631136292,545.56
241.656437474,545.56
241.679812520,545.56
241.703393360,545.56
241.727078906,546.31
241.750543969,546.31
241.773872230,546.31
241.797125578,546.31
241.820843412,546.31
241.844138713,544.43
241.867930180,544.43
241.891648398,544.43
241.914696976,544.43
241.938051541,545.72
241.961347866,545.72
241.984683071,545.72
242.008040388,545.72
242.035666496,545.55
242.058967172,545.55
242.081927077,545.55
242.105140201,545.55
242.128692401,566.25
242.153181924,566.25
242.176650891,566.25
242.200241332,566.25
242.224119744,566.25
242.247289475,599.77
242.270558375,599.77
242.293705386,599.77
242.317474773,599.77
242.341115870,642.09
242.364752551,642.09
242.388454097,642.09
242.411722933,642.09
242.435233884,693.55
242.458279614,693.55
242.481464673,693.55
242.505025129,693.55
242.528969910,693.55
242.552565599,701.83
242.575842307,701.83
242.598963014,701.83
242.622401676,701.83
242.645236235,700.10
242.668747282,700.10
242.692294458,700.10
242.716731725,700.10
242.740103187,700.75
242.763230133,700.75
242.786620955,700.75
242.810083266,700.75
242.834777112,699.95
242.858111421,699.95
242.881546500,699.95
242.905653747,699.95
242.929066329,699.95
242.952287197,699.88
242.975589793,699.88
242.998903974,699.88
243.022344973,699.88
243.045389038,699.05
243.068871413,699.05
243.092181402,699.05
243.115357917,699.05
243.138476096,700.37
243.161699652,700.37
243.184869927,700.37
243.207962633,700.37
243.230991562,700.37
243.254340815,674.05
243.277298832,674.05
243.300223728,674.05
243.323539893,674.05
243.346659767,638.13
243.369631032,638.13
243.392760539,638.13
243.415825244,638.13
243.439058112,607.03
243.462340325,607.03
243.485549160,607.03
243.508963694,607.03
243.531987471,607.03
243.555010065,570.66
243.577846351,570.66
243.600905841,570.66
243.624152917,570.66
243.647440378,539.12
243.671255621,539.12
243.694683755,539.12
243.718240435,539.12
243.742556388,507.24
243.765251874,507.24
243.788189890,507.24
243.811800330,507.24
243.835647958,507.24
243.859354336,478.92
243.883152427,478.92
243.906774387,478.92
243.930283483,478.92
243.954254376,474.75
243.977821808,474.75
244.001196149,474.75
244.024306840,474.75
244.047618621,480.76
244.071003874,480.76
244.094359720,480.76
244.118466166,480.76
244.142097727,480.76
244.165457157,472.45
244.189418290,472.45
244.213479872,472.45
244.236769349,472.45
244.259743813,498.28
244.282856936,498.28
244.306324110,498.28
244.330679008,498.28
244.354300617,541.42
244.377720143,541.42
244.400908498,541.42
244.424304376,541.42
244.447553052,570.99
244.471072484,570.99
244.494433257,570.99
244.518124659,570.99
244.541612090,570.99
244.564691707,606.55
244.587739453,606.55
244.611437415,606.55
244.635267058,606.55
244.658919835,642.42
244.682226080,642.42
244.705162656,642.42
244.728735208,642.42
244.752045677,682.20
244.775325937,682.20
244.799638338,682.20
244.823039240,682.20
244.846278316,682.20
244.869267629,692.36
244.892468112,692.36
244.915520210,692.36
244.938993113,692.36
244.962312957,659.79
244.985632994,659.79
245.008946087,659.79
245.036036571,659.79
245.058964955,623.48
245.082022653,623.48
245.105282881,623.48
245.128328482,623.48
245.151729256,623.48
245.175055309,591.44
245.198335986,591.44
245.222014587,591.44
245.245019804,591.44
245.267962716,558.57
245.290883516,558.57
245.313998718,558.57
245.337392964,558.57
245.360895499,522.92
245.384003342,522.92
245.407165168,522.92
245.430506358,522.92
245.453650360,522.92
245.477049822,483.85
245.500002430,483.85
245.523989195,483.85
245.547580468,483.85
245.571207676,454.34
245.595133641,454.34
245.618153290,454.34
245.640639108,454.34
245.663475043,403.84
245.687218509,403.84
245.710502866,403.84
245.734050233,403.84
245.758102119,399.58
245.781374699,399.58
245.808500992,399.58
245.832112969,399.58
245.856067766,399.58
245.879566781,405.16
245.903001059,405.16
245.927603256,405.16
245.950951997,405.16
245.974059679,440.47
245.997540870,440.47
246.021527955,440.47
246.045102267,440.47
246.068984615,472.53
246.092940980,472.53
246.116079127,472.53
246.139588190,472.53
246.163022020,507.59
246.186848623,507.59
246.210423895,507.59
246.233961983,507.59
246.257910060,507.59
246.281405651,539.13
246.304704151,539.13
246.327881338,539.13
246.351626564,539.13
246.375357294,577.33
246.398760628,577.33
246.422598720,577.33
246.446216296,577.33
246.469443756,613.48
246.492749712,613.48
246.516319192,613.48
246.540382470,613.48
246.563794828,641.92
246.587017488,641.92
246.610340501,641.92
246.633579608,641.92
246.656791804,641.92
246.679992639,688.88
246.703303524,688.88
246.727217264,688.88
246.750393267,688.88
246.773546678,684.44
246.797116702,684.44
246.820683334,684.44
246.843827528,684.44
246.866647271,684.44
246.890151918,646.12
246.913245040,646.12
246.936576693,646.12
246.960124028,646.12
246.983408609,610.23
247.007046121,610.23
247.034997960,610.23
247.058585617,610.23
247.082441500,578.39
247.105830978,578.39
247.128500990,578.39
247.151322941,578.39
247.174318078,533.57
247.198153353,533.57
247.221970388,533.57
247.245768703,533.57
247.269363751,534.45
247.292693356,534.45
247.315970448,534.45
247.339483671,534.45
247.363265698,534.45
247.386832298,531.72
247.410781782,531.72
247.434798948,531.72
247.458309163,531.72
247.481636368,531.55
247.505147575,531.55
247.528585021,531.55
247.552662476,531.55
247.576381525,537.98
247.600208832,537.98
247.623360195,537.98
247.646610567,537.98
247.670040333,537.98
247.693898456,530.60
247.717345599,530.60
247.740979591,530.60
247.764948468,530.60
247.788269177,548.62
247.811382363,548.62
247.834437853,548.62
247.858593836,548.62
247.882344790,577.45
247.905729916,577.45
247.929419237,577.45
247.953065902,577.45
247.976407347,621.65
247.999483413,621.65
248.022820729,621.65
248.046365601,621.65
248.069874888,621.65
248.093039531,649.17
248.116206286,649.17
248.139347952,649.17
248.162635957,649.17
248.185976058,697.47
248.209182941,697.47
248.232083868,697.47
248.255202751,697.47
248.278633925,688.52
248.301956585,688.52
248.325381712,688.52
248.348829878,688.52
248.372243804,688.52
248.396000998,655.61
248.419498605,655.61
248.442836178,655.61
248.466131830,655.61
248.489082422,620.82
248.512202488,620.82
248.535424188,620.82
248.558752225,620.82
248.581690881,586.47
248.604974149,586.47
248.627817444,586.47
248.651097480,586.47
248.674460589,586.47
248.697776498,552.91
248.720970997,552.91
248.744242105,552.91
248.767520413,552.91
248.791472714,518.88
248.814868911,518.88
248.838104467,518.88
248.861177620,518.88
248.884442328,489.92
248.907509274,489.92
248.930796190,489.92
248.954394214,489.92
248.977499944,489.92
249.000696524,455.78
249.023659660,455.78
249.047391350,455.78
249.070909789,455.78
249.094417092,424.54
249.117478245,424.54
249.140912299,424.54
249.164538388,424.54
249.187956826,389.13
249.211103228,389.13
249.234151902,389.13
249.257191071,389.13
249.280195072,389.13
249.303340034,365.33
249.326564518,365.33
249.349687304,365.33
249.372874283,365.33
249.396106894,362.95
249.419413107,362.95
249.442923482,362.95
249.466111037,362.95
249.489552899,363.64
249.512935656,363.64
249.536610482,363.64
249.560114553,363.64
249.583667904,363.64
249.606782594,362.27
249.629893124,362.27
249.653029607,362.27
249.676769392,362.27
249.700059541,364.26
249.723115926,364.26
249.746245464,364.26
249.769246617,364.26
249.792737664,361.88
249.816006468,361.88
249.839580556,361.88
249.862844048,361.88
249.886412280,361.88
249.909764957,364.52
249.933217667,364.52
249.956473863,364.52
249.979631913,364.52
250.002625450,362.77
250.025595274,362.77
250.049007440,362.77
250.072310996,362.77
250.095723034,364.32
250.118932638,364.32
250.142230850,364.32
250.165566503,364.32
250.189127886,364.32
250.212337874,363.31
250.235705175,363.31
250.258864090,363.31
250.282803078,363.31
250.306049770,362.36
250.329305389,362.36
250.352145644,362.36
250.375631891,362.36
250.398685492,362.98
250.422226908,362.98
250.445454751,362.98
250.468496736,362.98
250.491835589,362.98
250.514941031,360.86
250.538658736,360.86
250.562936833,360.86
250.586596554,360.86
250.609746796,363.58
250.633720377,363.58
250.657687814,363.58
250.680856489,363.58
250.704176557,360.94
250.727257327,360.94
250.750430545,360.94
250.773748918,360.94
250.797067931,363.13
250.820138588,363.13
250.843263134,363.13
250.866455553,363.13
250.889960840,363.13
250.913211148,361.47
250.936744339,361.47
250.960129688,361.47
250.983629311,361.47
251.006998885,357.11
251.034723712,357.11
251.057979012,357.11
251.083322946,357.11
251.106361539,354.65
251.129616359,354.65
251.152817098,354.65
251.176161135,354.65
251.199282673,355.46
251.222294834,355.46
251.245547638,355.46
251.268381300,355.46
251.291450166,355.46
251.314503991,355.71
251.337711994,355.71
251.362242734,355.71
251.385612787,355.71
251.408842966,354.79
251.432356125,354.79
251.455633153,354.79
251.479110344,354.79
251.502641711,354.77
251.526014356,354.77
251.549228920,354.77
251.572819359,354.77
251.596424744,354.77
251.619637515,353.86
251.642573227,353.86
251.665816078,353.86
251.688895952,353.86
251.711876656,353.15
251.735071507,353.15
251.758325015,353.15
251.781806909,353.15
251.805313124,352.46
251.828219459,352.46
251.851397958,352.46
251.874021218,352.46
251.897412327,352.46
251.920616778,351.68
251.943816206,351.68
251.967322836,351.68
251.990811867,351.68
252.014145408,355.26
252.041758650,355.26
252.065619590,355.26
252.089070188,355.26
252.112119629,357.18
252.137452299,357.18
252.160708174,357.18
252.184098612,357.18
252.207296567,354.75
252.230523930,354.75
252.253571771,354.75
252.276788415,354.75
252.299918913,354.75
252.323104580,356.20
252.346749772,356.20
252.370516630,356.20
252.394122751,356.20
252.417559044,355.29
252.440910249,355.29
252.464332559,355.29
252.487763573,355.29
252.511081210,357.11
252.534471359,357.11
252.558041191,357.11
252.581354123,357.11
252.604735568,357.11
252.627674000,355.86
252.650701969,355.86
252.673875667,355.86
252.696848884,355.86
252.720025078,356.25
252.743294938,356.25
252.766531774,356.25
252.789773473,356.25
252.812922339,356.49
252.836113510,356.49
252.859405290,356.49
252.882484716,356.49
252.906059796,356.49
252.929570042,357.03
252.953058369,357.03
252.976810315,357.03
253.000094511,357.03
253.023381555,358.32
253.046706296,358.32
253.070138174,358.32
253.093979177,358.32
253.118207704,357.14
253.141907746,357.14
253.164949507,357.14
253.188347240,357.14
253.211527723,357.14
253.234557036,358.57
253.257645325,358.57
253.280848592,358.57
253.304268022,358.57
253.327443257,356.19
253.350508474,356.19
253.373510971,356.19
253.397130467,356.19
253.420295942,357.74
253.443215429,357.74
253.466412872,357.74
253.489761741,357.74
253.513583511,357.74
253.537002973,355.05
253.560317729,355.05
253.583526308,355.05
253.607002667,355.05
253.630460081,357.08
253.653744021,357.08
253.677859395,357.08
253.700953157,357.08
253.724254249,355.30
253.747466476,355.30
253.770679887,355.30
253.793769137,355.30
253.817139254,355.30
253.840482171,356.55
253.863486459,356.55
253.887202853,356.55
253.910352903,356.55
253.933710892,351.98
253.957114802,351.98
253.981140831,351.98
254.004451875,351.98
254.027735239,351.35
254.050834121,351.35
254.073633479,351.35
254.096632679,351.35
254.119962188,345.42
254.142949292,345.42
254.166253744,345.42
254.189625269,345.42
254.212932314,345.42
254.236402496,345.16
254.259477409,345.16
254.282566947,345.16
254.305739205,345.16
254.329083370,345.71
254.352724499,345.71
254.376661887,345.71
254.399821249,345.71
254.422654016,336.65
254.445747777,336.65
254.469689069,336.65
254.493780763,336.65
254.517920330,336.65
254.542010136,356.53
254.565466334,356.53
254.589004485,356.53
254.612780592,356.53
254.636844221,389.40
254.660611143,389.40
254.684385393,389.40
254.708367102,389.40
254.731930053,424.20
254.755058632,424.20
254.778384524,424.20
254.802305048,424.20
254.826333093,460.75
254.849907149,460.75
254.873712535,460.75
254.896919258,460.75
254.920230527,460.75
254.943393185,500.43
254.966743334,500.43
254.990663954,500.43
255.014430972,500.43
255.042612029,535.27
255.066194789,535.27
255.089104868,535.27
255.112423112,535.27
255.135790445,574.10
255.159424982,574.10
255.183080030,574.10
255.206889705,574.10
255.230512209,604.60
255.253682323,604.60
255.277353340,604.60
255.300518079,604.60
255.324438283,604.60
255.348150388,643.15
255.371899742,643.15
255.395499302,643.15
255.418786154,643.15
255.442045389,680.68
255.465352945,680.68
255.489737699,680.68
255.513532141,680.68
255.536867026,692.52
255.560049237,692.52
255.583444122,692.52
255.606824767,692.52
255.630106467,692.52
255.653586729,695.71
255.677023023,695.71
255.700231026,695.71
255.723652152,695.71
255.746453173,681.83
255.769582295,681.83
255.792860987,681.83
255.816807495,681.83
255.840773300,648.35
255.864179673,648.35
255.887439005,648.35
255.911543499,648.35
255.934946896,611.30
255.958339350,611.30
255.981381495,611.30
256.004414775,611.30
256.028011423,611.30
256.051317475,583.49
256.074412741,583.49
256.098117838,583.49
256.121476627,583.49
256.144559444,547.66
256.167748183,547.66
256.191056443,547.66
256.214258942,547.66
256.237192317,511.22
256.260413889,511.22
256.308655517,511.22
256.331823520,511.22
256.355677035,511.22
256.378770124,472.96
256.401600875,472.96
256.424525194,472.96
256.448649528,472.96
256.472600261,427.35
256.496604497,427.35
256.520539485,427.35
256.544297255,427.35
256.568054993,432.84
256.591829691,432.84
256.615471619,432.84
256.639190925,432.84
256.663067672,433.25
256.687200358,433.25
256.710621164,433.25
256.734022737,433.25
256.757522808,451.18
256.781877833,451.18
256.805734132,451.18
256.829358876,451.18
256.852948676,451.18
256.876372202,483.46
256.899821904,483.46
256.922951185,483.46
256.945954034,483.46
256.969336055,518.00
256.993131297,518.00
257.016668456,518.00
257.042398443,518.00
257.065686607,547.73
257.088756272,547.73
257.113465925,547.73
257.137406578,547.73
257.161299965,579.37
257.184779875,579.37
257.208464940,579.37
257.231831249,579.37
257.254942323,579.37
257.278125461,615.72
257.301764158,615.72
257.325133699,615.72
257.349777815,615.72
257.373622370,657.64
257.397654896,657.64
257.420714257,657.64
257.444097238,657.64
257.467483899,693.94
257.491088227,693.94
257.514733259,693.94
257.537842413,693.94
257.561331603,694.12
257.584386964,694.12
257.607764089,694.12
257.631281375,694.12
257.654915080,694.12
257.678166155,693.39
257.701413006,693.39
257.724801748,693.39
257.748428892,693.39
257.771502813,671.28
257.794511869,671.28
257.818421193,671.28
257.842219123,671.28
257.865334453,633.61
257.888460150,633.61
257.911722266,633.61
257.934720602,633.61
257.957912797,633.61
257.981482404,600.63
258.004896042,600.63
258.028427825,600.63
258.051813110,600.63
258.075125690,567.14
258.098633600,567.14
258.122069478,567.14
258.145800240,567.14
258.169053267,533.31
258.192416600,533.31
258.215737436,533.31
258.238794749,533.31
258.261839678,501.27
258.285071905,501.27
258.308135170,501.27
258.331089762,501.27
258.354554504,501.27
258.377807083,467.07
258.401012430,467.07
258.424417171,467.07
258.447601718,467.07
258.470604726,430.00
258.493987035,430.00
258.517723844,430.00
258.540959656,430.00
258.564799314,402.43
258.588359673,402.43
258.611547164,402.43
258.634844512,402.43
258.658277702,402.43
258.681561801,369.27
258.705147153,369.27
258.728549942,369.27
258.752041277,369.27
258.775225183,352.14
258.798332065,352.14
258.821454626,352.14
258.844608132,352.14
258.867670053,354.98
258.890970345,354.98
258.914202476,354.98
258.937561777,354.98
258.961030455,356.24
258.983974839,356.24
259.006914422,356.24
259.030254267,356.24
259.053775585,356.24
259.076839522,352.06
259.099951588,352.06
259.123173831,352.06
259.146831407,352.06
259.170153684,352.08
259.193427127,352.08
259.216393911,352.08
259.239841693,352.08
259.263249794,351.95
259.286858346,351.95
259.310154030,351.95
259.333410609,351.95
259.356913752,351.95
259.380300029,352.52
259.403462783,352.52
259.426754243,352.52
259.451653595,352.52
259.475194530,350.21
259.498100001,350.21
259.520757948,350.21
259.543589595,350.21
259.566829950,328.43
259.590509126,328.43
259.614359057,328.43
259.638301469,328.43
259.662309194,328.43
259.685747759,361.47
259.709122932,361.47
259.733311907,361.47
259.757266832,361.47
259.780965528,394.21
259.804610529,394.21
259.828598221,394.21
259.852406775,394.21
259.876123009,430.63
259.899351428,430.63
259.922754985,430.63
259.946369841,430.63
259.970064185,466.00
259.994081094,466.00
260.017442763,466.00
260.041954334,466.00
260.065225026,466.00
260.089094541,505.69
260.112506546,505.69
260.136802530,505.69
260.160821871,505.69
260.184347254,541.61
260.207371927,541.61
260.231033535,541.61
260.255018347,541.61
260.278798613,567.90
260.302257115,567.90
260.325738945,567.90
260.349204519,567.90
260.372504875,603.22
260.395703662,603.22
260.419431735,603.22
260.443085952,603.22
260.467062476,603.22
260.492423562,647.82
260.516215540,647.82
260.542760224,647.82
260.566524074,647.82
260.590285555,692.30
260.614282336,692.30
260.638082090,692.30
260.661838804,692.30
260.685278361,693.14
260.708928226,693.14
260.732358791,693.14
260.756013935,693.14
260.779781273,692.57
260.803593059,692.57
260.827188171,692.57
260.850914932,692.57
260.874736830,693.04
260.898084803,693.04
260.921625482,693.04
260.945460692,693.04
260.969215998,693.04
260.992866086,697.50
261.016406189,697.50
261.041927789,697.50
261.065066063,697.50
261.088244049,699.93
261.111638742,699.93
261.135173661,699.93
261.158926246,699.93
261.182733552,697.05
261.205818514,697.05
261.229020436,697.05
261.252084725,697.05
261.275784382,697.05
261.299334885,699.78
261.322709834,699.78
261.346982266,699.78
261.370898662,699.78
261.394076552,699.74
261.417108680,699.74
261.440845554,699.74
261.464367992,699.74
261.487933023,698.83
261.511206563,698.83
261.534039041,698.83
261.557190787,698.83
261.580562087,700.85
261.604033133,700.85
261.627201264,700.85
261.650028141,700.85
261.672751370,700.85
261.695570408,696.82
261.718969549,696.82
261.742878968,696.82
261.766609250,696.82
261.790068519,670.79
261.814064852,670.79
261.837264086,670.79
261.860780477,670.79
261.884314692,636.55
261.907722345,636.55
261.931203279,636.55
261.954459346,636.55
261.977589268,636.55
262.001022905,599.58
262.024189787,599.58
262.047337501,599.58
262.070663937,599.58
262.093717058,567.01
262.116904197,567.01
262.139792419,567.01
262.163072231,567.01
262.186673518,530.64
262.210444376,530.64
262.233695419,530.64
262.256712892,530.64
262.279630171,530.64
262.303456933,485.20
262.327454418,485.20
262.351558463,485.20
262.375570732,485.20
262.399150515,480.44
262.422609881,480.44
262.446447620,480.44
262.470483409,480.44
262.494191130,482.15
262.517990564,482.15
262.542146962,482.15
262.565896860,482.15
262.589268704,486.58
262.612608132,486.58
262.638080899,486.58
262.661820141,486.58
262.685272178,486.58
262.709055868,488.00
262.732561218,488.00
262.755653860,488.00
262.779059721,488.00
262.802095337,515.89
262.825617264,515.89
262.849067637,515.89
262.873179299,515.89
262.896761707,553.83
262.920136111,553.83
262.943241841,553.83
262.966788759,553.83
262.990831461,583.55
263.014332555,583.55
263.041413534,583.55
263.064798947,583.55
263.088005221,583.55
263.111083814,623.73
263.134213000,623.73
263.157954641,623.73
263.181932254,623.73
263.205392963,651.15
263.229273614,651.15
263.252396848,651.15
263.275890070,651.15
263.299090041,698.25
263.322739073,698.25
263.346395273,698.25
263.369790446,698.25
263.392939536,698.25
263.416021457,698.94
263.439335765,698.94
263.463270752,698.94
263.486410722,698.94
263.509625925,697.39
263.533197132,697.39
263.557070167,697.39
263.580277625,697.39
263.603409243,683.80
263.626653566,683.80
263.649950210,683.80
263.673468744,683.80
263.696953486,649.83
263.719841037,649.83
263.742818220,649.83
263.766444276,649.83
263.790232094,649.83
263.813840646,617.20
263.837543886,617.20
263.861278263,617.20
263.884550971,617.20
263.907910463,618.01
263.931305764,618.01
263.955193263,618.01
263.978531443,618.01
264.002143739,617.43
264.025799171,617.43
264.048906789,617.43
264.072035462,617.43
264.095548908,617.43
264.119157076,615.63
264.142869565,615.63
264.166325571,615.63
264.190083788,615.63
264.213197006,618.20
264.236247054,618.20
264.259382544,618.20
264.284129702,618.20
264.307783342,614.69
264.331787962,614.69
264.355867848,614.69
264.379430415,614.69
264.403165976,618.58
264.426967554,618.58
264.450213765,618.58
264.474067632,618.58
264.498340543,618.58
264.522641680,616.58
264.546546427,616.58
264.569872543,616.58
264.593396773,616.58
264.617103470,624.74
264.640762550,624.74
264.664220988,624.74
264.689112019,624.74
264.713184833,664.43
264.736618150,664.43
264.759861673,664.43
264.783189133,664.43
264.807006775,694.34
264.830374940,694.34
264.853878946,694.34
264.877345480,694.34
264.900434985,694.34
264.923446377,695.01
264.946692620,695.01
264.970736313,695.01
264.994635844,695.01
265.018667633,693.99
265.042485115,693.99
265.066140483,693.99
265.090075471,693.99
265.113551477,694.83
265.137647266,694.83
265.161420236,694.83
265.185034163,694.83
265.209264483,694.48
265.232717864,694.48
265.255952075,694.48
265.279244303,694.48
265.302678484,694.48
265.326286364,696.07
265.349862851,696.07
265.373855503,696.07
265.397497463,696.07
265.420702393,695.03
265.444216448,695.03
265.467913256,695.03
265.491543280,695.03
265.515138359,697.21
265.539021922,697.21
265.562240325,697.21
265.585561257,697.21
265.608617385,697.21
265.632045806,697.80
265.655842712,697.80
265.679459360,697.80
265.703097832,697.80
265.729294704,697.59
265.752607923,697.59
265.775737045,697.59
265.798997944,697.59
265.822624800,701.36
265.846351657,701.36
265.870094834,701.36
265.893424054,701.36
265.916602552,701.22
265.939811866,701.22
265.963466211,701.22
265.987653393,701.22
266.011095959,701.22
266.036023599,702.10
266.059678583,702.10
266.082774264,702.10
266.105912185,702.10
266.128953434,704.68
266.152283486,704.68
266.175890789,704.68
266.199939762,704.68
266.223548506,704.34
266.246589114,704.34
266.269792125,704.34
266.292936702,704.34
266.316460485,704.34
266.339948491,705.16
266.363502353,705.16
266.387567583,705.16
266.410962115,705.16
266.434056292,705.27
266.457310343,705.27
266.481669432,705.27
266.505092189,705.27
266.528410369,705.44
266.551904007,705.44
266.575214667,705.44
266.598209451,705.44
266.621358540,705.68
266.644796146,705.68
266.668421209,705.68
266.691795774,705.68
266.714931167,705.68
266.738284035,705.56
266.761563111,705.56
266.785082541,705.56
266.808544819,705.56
266.831875415,701.95
266.855050201,701.95
266.877984344,701.95
266.901531262,701.95
266.924957795,681.91
266.948258567,681.91
266.971683212,681.91
266.995165106,681.91
267.018497238,681.91
267.042021308,648.15
267.065096317,648.15
267.089061897,648.15
267.112659344,648.15
267.135742385,614.36
267.159140310,614.36
267.182112533,614.36
267.205085429,614.36
267.228232887,579.62
267.251373656,579.62
267.274325815,579.62
267.297576986,579.62
267.320999680,579.62
267.344274403,542.80
267.367617575,542.80
267.390743112,542.80
267.413857610,542.80
267.436789577,499.88
267.460109100,499.88
267.483523569,499.88
267.506786548,499.88
267.530741344,465.68
267.553848321,465.68
267.577091716,465.68
267.600687979,465.68
267.623978927,465.68
267.647262418,431.04
267.670660311,431.04
267.694350175,431.04
267.717795908,431.04
267.740910598,395.89
267.764068583,395.89
267.787158568,395.89
267.810947634,395.89
267.833794928,371.92
267.856861104,371.92
267.880222709,371.92
267.904036351,371.92
267.927090143,371.92
267.949791867,351.60
267.972750490,351.60
267.996761191,351.60
268.020371886,351.60
268.043850132,363.02
268.067806304,363.02
268.090829280,363.02
268.113988258,363.02
268.137245733,397.90
268.161033582,397.90
268.184515284,397.90
268.208088859,397.90
268.232015078,397.90
268.255464748,432.09
268.278705390,432.09
268.302015858,432.09
268.324888976,432.09
268.348289013,463.83
268.372265729,463.83
268.396246029,463.83
268.420063063,463.83
268.443215961,499.42
268.466326330,499.42
268.489785567,499.42
268.513276229,499.42
268.537013550,533.81
268.560657526,533.81
268.584258589,533.81
268.607350366,533.81
268.630476255,533.81
268.653501375,564.60
268.677525964,564.60
268.701140755,564.60
268.725335426,564.60
268.749213741,602.22
268.772404591,602.22
268.795426735,602.22
268.818975413,602.22
268.842504156,634.22
268.866171396,634.22
268.890369971,634.22
268.916707292,634.22
268.940246307,665.73
268.963253762,665.73
268.986568870,665.73
269.009554118,665.73
269.035838830,665.73
269.059020432,699.57
269.082544279,699.57
269.105685048,699.57
269.128885402,699.57
269.152413473,700.24
269.175443361,700.24
269.198689220,700.24
269.222362380,700.24
269.245590926,683.94
269.269138869,683.94
269.293337348,683.94
269.316836842,683.94
269.340397584,651.30
269.364069400,651.30
269.387230234,651.30
269.410510014,651.30
269.433916546,651.30
269.457221926,617.25
269.480571178,617.25
269.504658199,617.25
269.527882554,617.25
269.551136316,581.20
269.574397631,581.20
269.597791716,581.20
269.620831908,581.20
269.644121095,548.41
269.667510732,548.41
269.690858480,548.41
269.714650074,548.41
269.737627993,548.41
269.760280020,513.93
269.782913680,513.93
269.807079390,513.93
269.830786918,513.93
269.854962997,484.36
269.878716766,484.36
269.901909952,484.36
269.965433722,484.36
269.988909664,480.06
270.012720554,480.06
270.036685622,480.06
270.060190844,480.06
270.083269788,486.85
270.106445342,486.85
270.129589696,486.85
270.153301608,486.85
270.176952592,482.45
270.200844763,482.45
270.224281216,482.45
270.247442850,482.45
270.270903367,482.45
270.294131594,514.25
270.317973620,514.25
270.341276439,514.25
270.365001120,514.25
270.388677640,541.74
270.412375665,541.74
270.435957432,541.74
270.459258299,541.74
270.482908675,579.64
270.506614443,579.64
270.530058000,579.64
270.553865146,579.64
270.577197566,614.86
270.600582498,614.86
270.623956167,614.86
270.646707811,614.86
270.670131624,614.86
270.693608046,648.39
270.717177045,648.39
270.740530745,648.39
270.764244129,648.39
270.787644742,683.13
270.811257325,683.13
270.834457775,683.13
270.858038390,683.13
270.881099191,674.16
270.904106518,674.16
270.927369049,674.16
270.950398489,674.16
270.973560187,674.16
270.997257219,638.64
271.020268259,638.64
271.043819498,638.64
271.067705460,638.64
271.091032216,603.40
271.114651007,603.40
271.138132837,603.40
271.161680587,603.40
271.185111888,569.47
271.208817977,569.47
271.232226942,569.47
271.255328479,569.47
271.278965478,533.37
271.302344619,533.37
271.325854321,533.37
271.349401335,533.37
271.372882237,533.37
271.396124735,509.67
271.420446480,509.67
271.443818100,509.67
271.467480476,509.67
271.491501800,503.21
271.514749515,503.21
271.538064686,503.21
271.561790839,503.21
271.585005497,507.28
271.609678286,507.28
271.632981553,507.28
271.656424022,507.28
271.680595364,508.02
271.703889704,508.02
271.726985224,508.02
271.750240971,508.02
271.773514702,508.02
271.797155382,500.94
271.820834142,500.94
271.844796746,500.94
271.868372592,500.94
271.891550034,524.60
271.915020600,524.60
271.938348987,524.60
271.961712255,524.60
271.985460200,559.05
272.008999503,559.05
272.035868895,559.05
272.060092814,559.05
272.083287952,598.34
272.106642708,598.34
272.130263163,598.34
272.153540670,598.34
272.177011876,598.34
272.199845025,625.79
272.223068995,625.79
272.246094947,625.79
272.269700139,625.79
272.292711786,663.66
272.315905324,663.66
272.338912492,663.66
272.361816714,663.66
272.385132526,673.34
272.408622996,673.34
272.431900855,673.34
272.455015736,673.34
272.478088888,673.34
272.501120664,652.19
272.524196440,652.19
272.547438043,652.19
272.570695838,652.19
272.593812159,614.15
272.617105090,614.15
272.640529319,614.15
272.663977132,614.15
272.687403825,578.61
272.710811093,578.61
272.734012440,578.61
272.757687648,578.61
272.781376104,578.61
272.804763660,545.90
272.828002895,545.90
272.851009934,545.90
272.874086799,545.90
272.897504435,508.35
272.920684053,508.35
272.943687797,508.35
272.966779190,508.35
272.989896183,474.04
273.013418557,474.04
273.036873602,474.04
273.060421992,474.04
273.084564662,474.04
273.107307890,441.41
273.129811052,441.41
273.152913549,441.41
273.176683190,441.41
273.200059610,410.65
273.223868292,410.65
273.247558060,410.65
273.270744750,410.65
273.294056625,415.49
273.318062109,415.49
273.341699429,415.49
273.365258123,415.49
273.388945427,415.49
273.412564795,428.87
273.435759549,428.87
273.458808765,428.87
273.482841513,428.87
273.506827637,460.57
273.530406748,460.57
273.554249062,460.57
273.577911437,460.57
273.601095599,496.49
273.624276433,496.49
273.647610357,496.49
273.670597588,496.49
273.693831319,496.49
273.716999864,527.62
273.739951799,527.62
273.763007639,527.62
273.786073592,527.62
273.809383867,555.06
273.832836800,555.06
273.856255045,555.06
273.879909644,555.06
273.902907884,559.30
273.926016461,559.30
273.949181134,559.30
273.972331600,559.30
273.995697812,559.30
274.018862997,559.71
274.041897525,559.71
274.065069463,559.71
274.089082019,559.71
274.112419943,562.31
274.135815627,562.31
274.159577908,562.31
274.183022361,562.31
274.206207611,555.58
274.229454718,555.58
274.252781377,555.58
274.276702220,555.58
274.299818413,522.94
274.323282195,522.94
274.346874265,522.94
274.370048763,522.94
274.393157820,522.94
274.416513056,493.97
274.439950053,493.97
274.463693582,493.97
274.486561803,493.97
274.509366984,445.99
274.533313748,445.99
274.556796825,445.99
274.580527330,445.99
274.604780017,433.76
274.628502553,433.76
274.651881310,433.76
274.675080095,433.76
274.698788072,433.76
274.722458704,439.23
274.746148088,439.23
274.770182212,439.23
274.793866348,439.23
274.817166479,444.63
274.840500371,444.63
274.863994969,444.63
274.887614336,444.63
274.911281831,471.76
274.935074641,471.76
274.958441845,471.76
274.981427124,471.76
275.004968698,507.97
275.028282206,507.97
275.051894661,507.97
275.075326954,507.97
275.099132467,507.97
275.122899548,544.08
275.146380290,544.08
275.169592388,544.08
275.194634013,544.08
275.218192259,581.97
275.243834468,581.97
275.266907204,581.97
275.290305320,581.97
275.313600204,619.08
275.336653996,619.08
275.359977519,619.08
275.383202513,619.08
275.406415636,619.08
275.429725239,631.81
275.452858520,631.81
275.476082554,631.81
275.499572672,631.81
275.522722273,649.66
275.545776897,649.66
275.568906722,649.66
275.592444328,649.66
275.615457896,621.12
275.638541736,621.12
275.661734026,621.12
275.685871832,621.12
275.708887703,621.12
275.731425489,575.25
275.754213454,575.25
275.778004823,575.25
275.801868417,575.25
275.825394151,554.98
275.849021710,554.98
275.872379346,554.98
275.895661781,554.98
275.918807222,556.37
275.942655104,556.37
275.966123782,556.37
275.989456009,556.37
276.013549014,555.86
276.045280547,555.86
276.068261154,555.86
276.091909609,555.86
276.115923030,555.86
276.139408443,550.04
276.163008514,550.04
276.186906093,550.04
276.210398642,550.04
276.233551699,554.45
276.257725793,554.45
276.280435741,554.45
276.303687648,554.45
276.327087684,551.96
276.350281734,551.96
276.373523272,551.96
276.396822028,551.96
276.420181744,551.96
276.443048301,568.67
276.466071213,568.67
276.489107725,568.67
276.512928086,568.67
276.536311962,569.62
276.560267974,569.62
276.583257989,569.62
276.606800523,569.62
276.630287089,571.64
276.653341937,571.64
276.675912523,571.64
276.698780520,571.64
276.722438352,571.64
276.745829108,571.45
276.769615517,571.45
276.793250917,571.45
276.816463271,571.45
276.839653608,593.09
276.862858922,593.09
276.886069932,593.09
276.909601234,593.09
276.933128952,590.15
276.957102308,590.15
276.980582121,590.15
277.003523016,590.15
277.026856459,595.15
277.050430738,595.15
277.074350109,595.15
277.097753633,595.15
277.121481161,595.15
277.144901550,595.60
277.168076944,595.60
277.191058287,595.60
277.214530740,595.60
277.238030554,595.43
277.261473727,595.43
277.284666464,595.43
277.307986372,595.43
277.333480610,595.29
277.356504674,595.29
277.379996647,595.29
277.403331115,595.29
277.426429771,592.11
277.449420875,592.11
277.473499223,592.11
277.496780090,592.11
277.520246879,592.11
277.543600867,585.92
277.567309163,585.92
277.590668911,585.92
277.614096852,585.92
277.637148468,590.47
277.660324117,590.47
277.683431606,590.47
277.706747001,590.47
277.730867718,593.98
277.754232042,593.98
277.777588590,593.98
277.800830416,593.98
277.824286581,593.98
277.847397206,561.03
277.870933116,561.03
277.894641316,561.03
277.918135786,561.03
277.941195946,527.53
277.964730832,527.53
277.988200149,527.53
278.011338678,527.53
278.035627398,476.24
278.059582257,476.24
278.083366138,476.24
278.107292741,476.24
278.131529972,473.08
278.154996665,473.08
278.178958980,473.08
278.202682828,473.08
278.225934351,473.08
278.249639223,473.07
278.274287307,473.07
278.298044948,473.07
278.321657435,474.57
278.365534943,474.57
278.388866498,474.57
278.412698604,474.57
278.436443156,478.68
278.460242366,478.68
278.483675810,478.68
278.506826628,478.68
278.530251944,478.68
278.553412585,509.67
278.577234003,509.67
278.600862906,509.67
278.624539490,509.67
278.648139784,541.84
278.671481580,541.84
278.694678574,541.84
278.717698445,541.84
278.741194003,580.18
278.764970044,580.18
278.788756133,580.18
278.812685712,580.18
278.836019027,616.69
278.859215541,616.69
278.882293461,616.69
278.905869244,616.69
278.929724037,616.69
278.953202475,649.74
278.976815762,649.74
279.000088308,649.74
279.023218357,649.74
279.046358870,697.46
279.069638105,697.46
279.093293664,697.46
279.116856871,697.46
279.140310892,701.57
279.163354220,701.57
279.187183733,701.57
279.210176564,701.57
279.233444855,701.57
279.256497431,700.91
279.279398229,700.91
279.302231922,700.91
279.325024367,700.91
279.347934285,690.42
279.371926073,690.42
279.395941156,690.42
279.419054309,690.42
279.441872770,650.42
279.465652747,650.42
279.490137181,650.42
279.513904486,650.42
279.537799184,650.42
279.561177364,640.23
279.584302357,640.23
279.607845211,640.23
279.631591619,640.23
279.655292619,640.15
279.679183414,640.15
279.703046304,640.15
279.726568229,640.15
279.750040843,639.97
279.773609009,639.97
279.797408122,639.97
279.821503431,639.97
279.845444946,639.42
279.869286748,639.42
279.892877570,639.42
279.915845441,639.42
279.939179140,639.42
279.962174276,643.39
279.986658677,643.39
280.010458783,643.39
280.035731610,643.39
280.058736761,639.80
280.081835546,639.80
280.105070556,639.80
280.128534849,639.80
280.151577025,638.18
280.174548032,638.18
280.197516543,638.18
280.220523966,638.18
280.243634303,638.18
280.266659454,636.65
280.289804351,636.65
280.312598140,636.65
280.335592155,636.65
280.358197589,601.92
280.381989246,601.92
280.405439139,601.92
280.428921192,601.92
280.453070518,629.00
280.476856031,629.00
280.502442174,629.00
280.525471294,629.00
280.549026372,637.87
280.572632203,637.87
280.596115888,637.87
280.619919033,637.87
280.643183260,637.87
280.666328861,638.84
280.689323196,638.84
280.712297115,638.84
280.735765568,638.84
280.759579721,637.23
280.783325905,637.23
280.806436018,637.23
280.829467506,637.23
280.852899734,639.60
280.876142360,639.60
280.900361831,639.60
280.923634569,639.60
280.946673225,639.60
280.969814698,635.43
280.992688104,635.43
281.015861385,635.43
281.042625943,635.43
281.066113436,634.24
281.089617602,634.24
281.113349578,634.24
281.136675693,634.24
281.160074001,600.41
281.183350996,600.41
281.206569046,600.41
281.229746967,600.41
281.252925817,600.41
281.276130875,573.17
281.299293116,573.17
281.322408508,573.17
281.345908834,573.17
281.369237509,580.49
281.392514952,580.49
281.416102926,580.49
281.439343152,580.49
281.462446769,560.37
281.485864405,560.37
281.509842208,560.37
281.533653610,560.37
281.556534151,525.11
281.578937439,525.11
281.601800444,525.11
281.625284994,525.11
281.648996106,525.11
281.672645489,500.28
281.696249560,500.28
281.719585115,500.28
281.742808253,500.28
281.765917309,497.48
281.789702310,497.48
281.813194540,497.48
281.836872851,497.48
281.860839774,494.16
281.884173314,494.16
281.907834057,494.16
281.931088139,494.16
281.955072695,494.16
281.978893984,494.71
282.002728970,494.71
282.026436754,494.71
282.049936087,494.71
282.073223962,500.11
282.096379355,500.11
282.119880928,500.11
282.143598600,500.11
282.167101230,530.13
282.191051385,530.13
282.214745632,530.13
282.237919362,530.13
282.261276165,563.60
282.284849708,563.60
282.308599508,563.60
282.331965528,563.60
282.355523326,563.60
282.378969283,596.47
282.402309894,596.47
282.425707178,596.47
282.448953548,596.47
282.472785942,633.21
282.496118841,633.21
282.519361371,633.21
282.542820992,633.21
282.566231300,663.80
282.591105115,663.80
282.614321116,663.80
282.637439645,663.80
282.660620542,663.80
282.683646526,693.95
282.707575016,693.95
282.730835691,693.95
282.753911883,693.95
282.777005739,660.57
282.800436496,660.57
282.823945909,660.57
282.847580156,660.57
282.871043297,625.83
282.894505382,625.83
282.917936298,625.83
282.941123340,625.83
282.964411502,625.83
282.987811250,597.51
283.011778685,597.51
283.036064397,597.51
283.059256686,597.51
283.082468848,557.96
283.105704562,557.96
283.128888467,557.96
283.152257751,557.96
283.175445464,526.30
283.198817084,526.30
283.221912284,526.30
283.244942780,526.30
283.268066429,526.30
283.291200221,491.59
283.314597889,491.59
283.337926821,491.59
283.361586924,491.59
283.385053745,457.91
283.408604215,457.91
283.431968858,457.91
283.455432671,457.91
283.478786819,423.79
283.502505227,423.79
283.525857326,423.79
283.549013135,423.79
283.572330866,395.49
283.595623733,395.49
283.618300272,395.49
283.641715124,395.49
283.665150232,395.49
283.688884001,364.97
283.712354182,364.97
283.735200963,364.97
283.758341347,364.97
283.782416464,348.72
283.806508349,348.72
283.830634090,348.72
283.855307710,348.72
283.879079494,381.90
283.902413194,381.90
283.926148498,381.90
283.949915386,381.90
283.973623842,381.90
283.997607406,415.96
284.021234388,415.96
284.044830683,415.96
284.068216831,415.96
284.091916199,448.24
284.115768176,448.24
284.139321014,448.24
284.162773723,448.24
284.186208703,465.86
284.209427873,465.86
284.232804357,465.86
284.256365611,465.86
284.279662926,495.60
284.302898320,495.60
284.326706937,495.60
284.349891194,495.60
284.373764388,495.60
284.397432427,530.57
284.421619673,530.57
284.445258752,530.57
284.468465282,530.57
284.491589186,563.06
284.514822980,563.06
284.538072934,563.06
284.561330057,563.06
284.584716076,600.89
284.607856525,600.89
284.630995182,600.89
284.654214800,600.89
284.677412145,600.89
284.700873974,630.60
284.724330619,630.60
284.747897185,630.60
284.771687209,630.60
284.795248847,668.46
284.818411601,668.46
284.842212697,668.46
284.865556861,668.46
284.888587196,670.37
284.911396377,670.37
284.934787645,670.37
284.957624730,670.37
284.980957309,670.37
285.004776966,669.41
285.028251083,669.41
285.052023700,669.41
285.075384215,669.41
285.098462743,671.34
285.121581560,671.34
285.144991708,671.34
285.168696611,671.34
285.192576621,684.53
285.215915249,684.53
285.239005969,684.53
285.262332916,684.53
285.285698871,692.08
285.308860760,692.08
285.332443007,692.08
285.355753794,692.08
285.379610827,692.08
285.403272594,689.66
285.426666198,689.66
285.450195676,689.66
285.473642624,689.66
285.496687840,686.77
285.519771680,686.77
285.543237285,686.77
285.566499943,686.77
285.590040461,688.04
285.614038296,688.04
285.637845601,688.04
285.661931694,688.04
285.685599957,688.04
285.708922232,690.72
285.734379893,690.72
285.757533846,690.72
285.781534850,690.72
285.804752003,695.68
285.828114535,695.68
285.852764634,695.68
285.876536867,695.68
285.899864646,694.18
285.923845265,694.18
285.947460216,694.18
285.970849116,694.18
285.994377665,693.09
286.017676516,693.09
286.043144930,693.09
286.066540358,693.09
286.089946506,693.09
286.113522096,691.89
286.138009761,691.89
286.161352964,691.89
286.184429028,691.89
286.207606405,692.98
286.230666533,692.98
286.254608496,692.98
286.278692764,692.98
286.302507302,691.32
286.326069516,691.32
286.349541552,691.32
286.372555279,691.32
286.395893075,691.32
286.419233046,693.20
286.442275445,693.20
286.465338933,693.20
286.488398997,693.20
286.511732024,695.97
286.534669206,695.97
286.557958104,695.97
286.581940291,695.97
286.605309607,693.04
286.629080207,693.04
286.652542484,693.04
286.675694517,693.04
286.699269051,694.18
286.722593918,694.18
286.745756063,694.18
286.768660509,694.18
286.792077793,694.18
286.815407172,695.80
286.838467203,695.80
286.861850471,695.80
286.885239307,695.80
286.908232010,692.49
286.930961925,692.49
286.953316252,692.49
286.975619858,692.49
286.999006774,692.49
287.022278680,646.04
287.045961440,646.04
287.069605319,646.04
287.092782024,646.04
287.116074250,646.43
287.139052873,646.43
287.162025032,646.43
287.186067731,646.43
287.209168916,643.07
287.232744826,643.07
287.255710584,643.07
287.278786808,643.07
287.302518432,643.07
287.325844675,647.20
287.349154822,647.20
287.372352167,647.20
287.395774443,647.20
287.419269297,615.91
287.442486898,615.91
287.465881494,615.91
287.489123384,615.91
287.512214296,580.52
287.535471802,580.52
287.558889630,580.52
287.582038463,580.52
287.605255296,580.52
287.628287935,551.68
287.651370335,551.68
287.674670018,551.68
287.697892804,551.68
287.720621983,501.93
287.743656798,501.93
287.766947361,501.93
287.792154075,501.93
287.815342076,467.64
287.838817889,467.64
287.861807744,467.64
287.885095074,467.64
287.908625064,445.17
287.932053004,445.17
287.955738740,445.17
287.979167480,445.17
288.003681385,445.17
288.026714249,454.50
288.049408196,454.50
288.072470019,454.50
288.096135531,454.50
288.119795474,426.90
288.143573050,426.90
288.167057695,426.90
288.190216672,426.90
288.213375329,425.14
288.236675587,425.14
288.260003078,425.14
288.283647693,425.14
288.307552759,425.14
288.331245407,424.41
288.354682211,424.41
288.378159656,424.41
288.401904368,424.41
288.426213535,458.48
288.449569827,458.48
288.473121640,458.48
288.497223189,458.48
288.520663609,491.10
288.543846906,491.10
288.567139133,491.10
288.590261853,491.10
288.613844771,521.57
288.638363925,521.57
288.663426254,521.57
288.686950707,521.57
288.710237941,521.57
288.733377942,557.31
288.757713861,557.31
288.781221962,557.31
288.805014291,557.31
288.831838242,597.53
288.855265190,597.53
288.878546536,597.53
288.902054893,597.53
288.925448721,631.14
288.949190969,631.14
288.972306425,631.14
288.995417722,631.14
289.018700156,670.28
289.042395811,670.28
289.066321966,670.28
289.089468430,670.28
289.113058773,670.28
289.136197461,695.45
289.159058802,695.45
289.182242707,695.45
289.205932155,695.45
289.229185725,669.93
289.251680629,669.93
289.274125613,669.93
289.297722451,669.93
289.321310714,635.15
289.344925216,635.15
289.369332720,635.15
289.392640787,635.15
289.415978614,635.15
289.439474395,634.62
289.464143599,634.62
289.487514962,634.62
289.511185177,634.62
289.535015458,633.52
289.558227012,633.52
289.581397317,633.52
289.605004363,633.52
289.628410383,635.07
289.652051126,635.07
289.675624987,635.07
289.699624487,635.07
289.723027467,635.18
289.746174411,635.18
289.769372556,635.18
289.792871825,635.18
289.816206804,635.18
289.839435638,635.79
289.862610871,635.79
289.887279210,635.79
289.910928081,635.79
289.934405110,634.99
289.957768729,634.99
289.981451777,634.99
290.004560161,634.99
290.027897156,617.56
290.051033444,617.56
290.074651563,617.56
290.097989422,617.56
290.121379377,617.56
290.145355836,588.07
290.169397192,588.07
290.192468232,588.07
290.216041198,588.07
290.240187003,574.13
290.264155366,574.13
290.287346567,574.13
290.310273381,574.13
290.333481670,561.67
290.357377808,561.67
290.380844756,561.67
290.404707838,561.67
290.428617800,559.23
290.451955403,559.23
290.474973098,559.23
290.498185803,559.23
290.521876531,559.23
290.545416120,560.51
290.569293026,560.51
290.592811591,560.51
290.616079657,560.51
290.639283082,563.59
290.662514636,563.59
290.686319189,563.59
290.709903739,563.59
290.733536833,559.71
290.757448908,559.71
290.781230260,559.71
290.804539703,559.71
290.827874841,559.71
290.850937113,556.72
290.875150951,556.72
290.898789517,556.72
290.922861338,556.72
290.947065127,559.51
290.971446935,559.51
290.994702041,559.51
291.018169214,559.51
291.042841201,580.83
291.066526393,580.83
291.089999197,580.83
291.113354752,580.83
291.136482081,611.02
291.159544000,611.02
291.183448554,611.02
291.206796461,611.02
291.230347507,611.02
291.253385138,646.34
291.277330045,646.34
291.300680256,646.34
291.323803648,646.34
291.346820927,698.97
291.370270179,698.97
291.393440452,698.97
291.416580324,698.97
291.439642340,673.77
291.462835109,673.77
291.486228489,673.77
291.509633644,673.77
291.532821901,673.77
291.556025199,640.98
291.580205660,640.98
291.603427901,640.98
291.628166066,640.98
291.651275122,601.62
291.674136495,601.62
291.697224207,601.62
291.721432604,601.62
291.745192805,574.34
291.769203920,574.34
291.792826806,574.34
291.816102456,574.34
291.839633086,575.37
291.862999489,575.37
291.886731529,575.37
291.910573106,575.37
291.934814528,575.37
291.958300805,572.09
291.983248572,572.09
292.006711040,572.09
292.031160209,572.09
292.055358399,573.20
292.079121447,573.20
292.103144818,573.20
292.126794489,573.20
292.149956858,571.43
292.173169627,571.43
292.196761089,571.43
292.220423016,571.43
292.244110383,568.86
292.268124315,568.86
292.292152358,568.86
292.315236614,568.86
292.338308933,568.86
292.361780778,570.43
292.385102477,570.43
292.408236845,570.43
292.431307629,570.43
292.453997159,592.53
292.477138888,592.53
292.500351209,592.53
292.523911439,592.53
292.547070255,615.44
292.570452691,615.44
292.593918615,615.44
292.616526961,615.44
292.639097994,615.44
292.662592463,604.46
292.686543514,604.46
292.710154432,604.46
292.734103242,604.46
292.757574031,634.15
292.781120692,634.15
292.804628889,634.15
292.828624612,634.15
292.852833618,635.16
292.876841981,635.16
292.900959594,635.16
292.924336461,635.16
292.947971252,635.16
292.971575514,637.72
292.995302914,637.72
293.023629827,637.72
293.047455915,637.72
293.071387190,636.62
293.094998524,636.62
293.118497313,636.62
293.142160744,636.62
293.165936144,634.22
293.189672120,634.22
293.213403488,634.22
293.237323210,634.22
293.260596748,637.02
293.283874862,637.02
293.307310002,637.02
293.330952121,637.02
293.354498814,637.67
293.378555274,637.67
293.402047087,637.67
293.425536691,637.67
293.448752085,637.67
293.472113176,637.86
293.496017250,637.86
293.519037024,637.86
293.542026431,637.86
293.565070750,650.83
293.588024636,650.83
293.611276094,650.83
293.634708226,650.83
293.658141702,684.47
293.681250246,684.47
293.704730218,684.47
293.728039309,684.47
293.751460465,684.47
293.775134872,682.89
293.799143939,682.89
293.822374372,682.89
293.846254286,682.89
293.869607729,684.13
293.892839698,684.13
293.917286051,684.13
293.940749799,684.13
293.964123147,681.84
293.987791761,681.84
294.010854321,681.84
294.036001834,681.84
294.059094282,682.65
294.082612111,682.65
294.106145044,682.65
294.129907772,682.65
294.153302400,682.65
294.176331391,684.82
294.199618529,684.82
294.222944612,684.82
294.246839053,684.82
294.270215857,682.89
294.293815191,682.89
294.317177658,682.89
294.340061239,682.89
294.363227992,684.27
294.386436665,684.27
294.410422820,684.27
294.433810023,684.27
294.457406157,684.27
294.480521037,682.72
294.504317078,682.72
294.527401941,682.72
294.551243966,682.72
294.574997734,682.22
294.598194919,682.22
294.621631947,682.22
294.645546261,682.22
294.668598196,685.89
294.691774005,685.89
294.714892213,685.89
294.738455611,685.89
294.761935807,685.89
294.785725608,696.34
294.809014858,696.34
294.832187594,696.34
294.855336139,696.34
294.878006757,697.10
294.901926639,697.10
294.925240402,697.10
294.949365822,697.10
294.972609472,696.78
294.995942659,696.78
295.019200516,696.78
295.042955596,696.78
295.066396016,697.36
295.090049335,697.36
295.113963521,697.36
295.137174562,697.36
295.160352835,697.36
295.183486339,698.67
295.207061769,698.67
295.230576110,698.67
295.253920305,698.67
295.277656312,698.65
295.301002267,698.65
295.324328894,698.65
295.347370621,698.65
295.370783681,695.78
295.394361350,695.78
295.419135067,695.78
295.443018245,695.78
295.466175909,695.78
295.489455495,697.42
295.513359217,697.42
295.536929750,697.42
295.560505180,697.42
295.584195395,696.06
295.607843818,696.06
295.631054859,696.06
295.654588368,696.06
295.677805201,697.68
295.701006386,697.68
295.724078258,697.68
295.747082992,697.68
295.770217456,697.68
295.793201967,694.74
295.816451024,694.74
295.839898132,694.74
295.863327000,694.74
295.886616634,681.88
295.910175488,681.88
295.933789734,681.88
295.957102216,681.88
295.980332234,646.35
296.003743053,646.35
296.027149169,646.35
296.059244129,646.35
296.082730373,646.35
296.105465473,599.93
296.128459359,599.93
296.152694573,599.93
296.179104246,599.93
296.202442809,581.77
296.225938909,581.77
296.248878395,581.77
296.272647939,581.77
296.296148296,582.97
296.319733870,582.97
296.343197042,582.97
296.366963386,582.97
296.390392318,585.50
296.413774465,585.50
296.437217029,585.50
296.460604840,585.50
296.483909035,585.50
296.507286926,581.55
296.531083542,581.55
296.554351416,581.55
296.577641594,581.55
296.600828123,585.63
296.624611907,585.63
296.648693679,585.63
296.672288757,585.63
296.695613048,580.82
296.718736279,580.82
296.741924216,580.82
296.765202394,580.82
296.788632478,580.82
296.812052930,582.60
296.834961279,582.60
296.857967902,582.60
296.881091070,582.60
296.904335039,579.78
296.927468159,579.78
296.950819138,579.78
296.974496329,579.78
296.997808267,583.22
297.021174830,583.22
297.051885005,583.22
297.074914572,583.22
297.098104557,583.22
297.121070475,581.00
297.144380173,581.00
297.167758672,581.00
297.191459703,581.00
297.214348340,550.63
297.269405922,550.63
297.293027336,550.63
297.317005363,550.63
297.340914525,539.53
297.364146814,539.53
297.387249182,539.53
297.410245276,539.53
297.433294075,539.53
297.456697183,537.87
297.480283652,537.87
297.504058156,537.87
297.527410607,537.87
297.550810067,545.16
297.573809009,545.16
297.597510936,545.16
297.621038589,545.16
297.644643235,544.48
297.668671406,544.48
297.692172691,544.48
297.715370580,544.48
297.738879001,544.48
297.761735253,546.01
297.784913942,546.01
297.808206744,546.01
297.831858847,546.01
297.854837949,542.77
297.877880092,542.77
297.900976603,542.77
297.924032538,542.77
297.947346621,552.88
297.970768352,552.88
297.993870144,552.88
298.016880895,552.88
298.042598239,552.88
298.066602090,553.09
298.089925612,553.09
298.113145261,553.09
298.136775956,553.09
298.160268824,551.40
298.183753501,551.40
298.206951166,551.40
298.231013897,551.40
298.254195914,566.69
298.277407595,566.69
298.300320008,566.69
298.323521193,566.69
298.346799243,536.40
298.369836714,536.40
298.392847305,536.40
298.415812647,536.40
298.439507150,536.40
298.463348086,503.42
298.486146578,503.42
298.508997679,503.42
298.532251920,503.42
298.556024440,463.67
298.579911618,463.67
298.603770411,463.67
298.627133710,463.67
298.650886230,463.55
298.674332986,463.55
298.698190979,463.55
298.721710599,463.55
298.745204492,463.55
298.768771953,466.35
298.792174133,466.35
298.815310933,466.35
298.839154686,466.35
298.862140924,469.97
298.885569760,469.97
298.909185862,469.97
298.932907309,469.97
298.956176271,487.32
298.980392732,487.32
299.003460795,487.32
299.027214883,487.32
299.051294351,487.32
299.075931234,512.77
299.099890092,512.77
299.123598835,512.77
299.147239386,512.77
299.170327609,550.86
299.193309719,550.86
299.216722939,550.86
299.240296992,550.86
299.263950823,584.39
299.287191592,584.39
299.310317512,584.39
299.333560778,584.39
299.357454835,612.56
299.381128634,612.56
299.405117253,612.56
299.428518088,612.56
299.451703913,612.56
299.474829736,652.63
299.498147307,652.63
299.521577358,652.63
299.544599053,652.63
299.567613036,681.28
299.590600234,681.28
299.613551943,681.28
299.636751560,681.28
299.660612881,665.58
299.683753713,665.58
299.706168905,665.58
299.728990149,665.58
299.752374888,665.58
299.775649386,630.02
299.799234383,630.02
299.822780788,630.02
299.845935444,630.02
299.869145909,633.73
299.892971070,633.73
299.917034858,633.73
299.940465293,633.73
299.964094739,630.06
299.988687398,630.06
300.011728804,630.06
300.036309399,630.06
300.059875772,632.68
300.083697828,632.68
300.107136072,632.68
300.130531115,632.68
300.153941007,632.68
300.176893709,632.55
300.200038189,632.55
300.223798101,632.55
300.247813824,632.55
300.271359301,633.76
300.295281135,633.76
300.318923669,633.76
300.342354169,633.76
300.365728572,635.40
300.389221024,635.40
300.412888679,635.40
300.436687663,635.40
300.460468055,635.40
300.483836474,635.52
300.506911577,635.52
300.530067417,635.52
300.553567806,635.52
300.577253957,640.46
300.600776809,640.46
300.624179981,640.46
300.647789171,640.46
300.670820113,653.46
300.694669498,653.46
300.718149950,653.46
300.742399660,653.46
300.766131380,693.92
300.790258304,693.92
300.813740996,693.92
300.837260617,693.92
300.860525515,693.92
300.883670091,693.30
300.907011501,693.30
300.930387920,693.30
300.954346810,693.30
300.977800798,697.95
301.001249186,697.95
301.024324385,697.95
301.047242431,697.95
301.070957126,700.16
301.094441354,700.16
301.118295891,700.16
301.141534484,700.16
301.164859479,700.16
301.188197881,701.70
301.211463931,701.70
301.234980256,701.70
301.258653894,701.70
301.282354317,702.65
301.305394508,702.65
301.328372778,702.65
301.352219827,702.65
301.376408320,700.47
301.400032934,700.47
301.423832526,700.47
301.447791224,700.47
301.471095194,700.47
301.494478525,701.50
301.518074723,701.50
301.541047073,701.50
301.564481765,701.50
301.587926280,701.57
301.611569327,701.57
301.634965426,701.57
301.658204563,701.57
301.681481909,701.63
301.704828887,701.63
301.728651136,701.63
301.752409864,701.63
301.776478131,702.97
301.800019512,702.97
301.823300698,702.97
301.846422586,702.97
301.869879358,702.97
301.893260256,700.99
301.916913063,700.99
301.940349899,700.99
301.964430774,700.99
301.987800377,700.31
302.011154748,700.31
302.036823259,700.31
302.060794822,700.31
302.084629102,697.25
302.108370102,697.25
302.131705752,697.25
302.154862232,697.25
302.178309916,697.17
302.201651231,697.17
302.225351206,697.17
302.248902571,697.17
302.272827892,697.17
302.295970004,697.80
302.319092500,697.80
302.342142547,697.80
302.366122077,697.80
302.389363775,694.80
302.412640160,694.80
302.436031491,694.80
302.459257989,694.80
302.482388036,696.69
302.505687942,696.69
302.528685252,696.69
302.554181250,696.69
302.577553700,696.69
302.602568636,679.62
302.626747657,679.62
302.650813428,679.62
302.673889779,679.62
302.696553805,636.41
302.719865327,636.41
302.743099504,636.41
302.766484339,636.41
302.790318876,622.24
302.813619646,622.24
302.837068834,622.24
302.860112513,622.24
302.884292141,622.53
302.907808946,622.53
302.931121108,622.53
302.955183264,622.53
302.978554466,622.53
303.001717155,621.70
303.025078981,621.70
303.048617930,621.70
303.072545492,621.70
303.096535230,624.76
303.120479144,624.76
303.143835691,624.76
303.167210286,624.76
303.190552976,623.74
303.214204663,623.74
303.237648570,623.74
303.260973149,623.74
303.284744261,618.15
303.308619278,618.15
303.331878799,618.15
303.355251282,618.15
303.379498496,618.15
303.403681357,618.29
303.427916186,618.29
303.451982277,618.29
303.476166066,618.29
303.499818393,619.55
303.523860548,619.55
303.547663372,619.55
303.571547925,619.55
303.597842204,636.30
303.621533699,636.30
303.644755588,636.30
303.668026021,636.30
303.692403989,675.14
303.716399039,675.14
303.740182055,675.14
303.764303251,675.14
303.787790775,675.14
303.812437290,691.21
303.835600394,691.21
303.859013390,691.21
303.882649236,691.21
303.905947030,692.23
303.929993985,692.23
303.953303491,692.23
303.976679878,692.23
303.999782053,692.82
304.023447659,692.82
304.047100274,692.82
304.070617366,692.82
304.094694498,695.68
304.117774305,695.68
304.141183908,695.68
304.164204547,695.68
304.187814056,695.68
304.211077194,698.24
304.234610255,698.24
304.258162804,698.24
304.281329332,698.24
304.304525045,699.52
304.328074138,699.52
304.351992099,699.52
304.376480948,699.52
304.400298684,700.40
304.423936546,700.40
304.446979073,700.40
304.470254786,700.40
304.493664806,700.40
304.517866675,698.68
304.541064371,698.68
304.564551255,698.68
304.587961787,698.68
304.610965593,700.48
304.633987287,700.48
304.657545020,700.48
304.681352484,700.48
304.704765224,699.78
304.728770066,699.78
304.752314199,699.78
304.775372470,699.78
304.798986716,701.04
304.821989466,701.04
304.845350781,701.04
304.868696191,701.04
304.892323621,701.04
304.915771977,698.01
304.938903592,698.01
304.962048552,698.01
304.985213128,698.01
305.009054289,695.49
305.032515157,695.49
305.056409534,695.49
305.079935235,695.49
305.103216644,695.60
305.126538950,695.60
305.149473540,695.60
305.172889543,695.60
305.196461420,695.60
305.220250292,694.21
305.243246290,694.21
305.266382738,694.21
305.290189146,694.21
305.313743295,693.91
305.337051009,693.91
305.360663079,693.91
305.384944341,693.91
305.408039092,693.80
305.431985470,693.80
305.455390305,693.80
305.478309630,693.80
305.501555616,693.80
305.525714092,691.70
305.549239089,691.70
305.572324624,691.70
305.595373934,691.70
305.618461870,694.22
305.641854384,694.22
305.665381717,694.22
305.689360351,694.22
305.712519615,690.96
305.735799073,690.96
305.758640189,690.96
305.782052096,690.96
305.805754247,689.39
305.829280108,689.39
305.852057415,689.39
305.875124518,689.39
305.898667019,689.39
305.922106990,671.90
305.945613843,671.90
305.968996117,671.90
305.992386648,671.90
306.015392695,639.13
306.055735276,639.13
306.078984109,639.13
306.102476786,639.13
306.126052823,604.90
306.149778366,604.90
306.172603194,604.90
306.195771642,604.90
306.219600003,565.51
306.242917220,565.51
306.266514346,565.51
306.290229489,565.51
306.313527027,562.08
306.336632690,562.08
306.359712849,562.08
306.382995251,562.08
306.406500343,562.08
306.430186878,560.24
306.453869092,560.24
306.477345928,560.24
306.500541353,560.24
306.523837098,562.84
306.547825013,562.84
306.571362937,562.84
306.594723932,562.84
306.618893096,560.23
306.642604335,560.23
306.665837232,560.23
306.689020753,560.23
306.712626870,560.23
306.736453246,564.97
306.760110693,564.97
306.783794731,564.97
306.806958443,564.97
306.830012490,568.57
306.853345612,568.57
306.877101332,568.57
306.900720665,568.57
306.924183421,584.00
306.947890180,584.00
306.970918978,584.00
306.994263653,584.00
307.017359812,619.77
307.043679819,619.77
307.067327825,619.77
307.091030840,619.77
307.115024066,619.77
307.139035021,652.54
307.162404272,652.54
307.185666769,652.54
307.209068148,652.54
307.232334293,692.48
307.256365952,692.48
307.279674786,692.48
307.302879139,692.48
307.325769215,693.63
307.348974944,693.63
307.372884585,693.63
307.396183755,693.63
307.419685647,690.16
307.442984369,690.16
307.466426452,690.16
307.489677205,690.16
307.512961335,690.16
307.536286265,689.50
307.559558362,689.50
307.582347094,689.50
307.605113937,689.50
307.628016558,667.72
307.651025196,667.72
307.674281805,667.72
307.697205642,667.72
307.720550188,634.35
307.745872135,634.35
307.768674339,634.35
307.792191943,634.35
307.815074179,634.35
307.838071841,596.06
307.861763464,596.06
307.885344941,596.06
307.908578766,596.06
307.932035154,564.94
307.955091409,564.94
307.978263729,564.94
308.001449201,564.94
308.025083799,528.39
308.048945408,528.39
308.071694170,528.39
308.094766553,528.39
308.118717635,528.39
308.142414762,491.12
308.166447861,491.12
308.190411870,491.12
308.214091109,491.12
308.237212805,491.46
308.260362788,491.46
308.283397379,491.46
308.307687025,491.46
308.331207861,488.13
308.355631333,488.13
308.379154185,488.13
308.402207816,488.13
308.425539946,488.13
308.450106108,489.52
308.473519359,489.52
308.496990754,489.52
308.520859691,489.52
308.544167277,494.19
308.567297005,494.19
308.590222474,494.19
308.613566508,494.19
308.636638571,520.65
308.660201232,520.65
308.684126713,520.65
308.707388314,520.65
308.730674460,552.22
308.754053118,552.22
308.776997628,552.22
308.800775075,552.22
308.824135334,552.22
308.848072271,587.13
308.871552883,587.13
308.894547313,587.13
308.917730161,587.13
308.940477324,617.64
308.963810318,617.64
308.987114832,617.64
309.010212431,617.64
309.036250675,658.80
309.059267153,658.80
309.082330896,658.80
309.105355278,658.80
309.128641647,658.80
309.152001010,683.82
309.175422453,683.82
309.198710295,683.82
309.222047417,683.82
309.245411163,649.17
309.269388933,649.17
309.292526629,649.17
309.315541891,649.17
309.338565825,617.47
309.361815042,617.47
309.384778624,617.47
309.407916223,617.47
309.431324994,617.47
309.454732645,584.63
309.478056967,584.63
309.501051397,584.63
309.524554793,584.63
309.548103598,553.11
309.570937930,553.11
309.593395073,553.11
309.616229917,553.11
309.640004484,513.16
309.663919310,513.16
309.687896504,513.16
309.711632223,513.16
309.734913408,513.16
309.758328995,512.46
309.782410447,512.46
309.806088597,512.46
309.829590649,512.46
309.853198431,512.19
309.876565729,512.19
309.899837730,512.19
309.923038851,512.19
309.947015245,514.00
309.970907734,514.00
309.994401178,514.00
310.017956031,514.00
310.043028342,515.42
310.066093493,515.42
310.089320310,515.42
310.112751513,515.42
310.136331390,515.42
310.160217799,520.82
310.184329043,520.82
310.208055066,520.82
310.231331419,520.82
310.254458682,557.96
310.277703259,557.96
310.301339201,557.96
310.324897862,557.96
310.348768367,589.10
310.372352820,589.10
310.395573556,589.10
310.418585394,589.10
310.441865780,589.10
310.466281219,623.28
310.489682982,623.28
310.513306956,623.28
310.537082227,623.28
310.560341460,657.50
310.583866809,657.50
310.607224763,657.50
310.630865569,657.50
310.654220931,693.64
310.677689511,693.64
310.700923656,693.64
310.723903429,693.64
310.747307112,694.86
310.770569833,694.86
310.794074125,694.86
310.817786964,694.86
310.841715261,694.86
310.865377508,694.94
310.889337901,694.94
310.912439212,694.94
310.936478967,694.94
310.960262175,695.64
310.983983302,695.64
311.007816622,695.64
311.031518612,695.64
311.054903959,695.00
311.078186808,695.00
311.101083317,695.00
311.124579641,695.00
311.148225311,694.95
311.172820817,694.95
311.196172051,694.95
311.219466164,694.95
311.242963480,694.95
311.267004515,692.60
311.290720458,692.60
311.314149677,692.60
311.337911572,692.60
311.360854002,694.45
311.384138515,694.45
311.407405972,694.45
311.431158875,694.45
311.454763489,695.18
311.478645033,695.18
311.502242639,695.18
311.525733459,695.18
311.549188278,695.18
311.572974590,694.71
311.596697604,694.71
311.619849092,694.71
311.643073797,694.71
311.666273157,696.82
311.689769225,696.82
311.713151724,696.82
311.736517518,696.82
311.760209940,694.25
311.784183454,694.25
311.807803428,694.25
311.831637260,694.25
311.855238705,697.30
311.878712437,697.30
311.901875541,697.30
311.926363109,697.30
311.949828713,697.30
311.973271148,697.67
311.997267062,697.67
312.020616664,697.67
312.044035803,697.67
312.067474271,699.82
312.091022051,699.82
312.114689705,699.82
312.138536882,699.82
312.162697694,700.28
312.187311600,700.28
312.210526384,700.28
312.233774001,700.28
312.256925137,700.28
312.281364449,701.14
312.304739107,701.14
312.327824354,701.14
312.350881601,701.14
312.374173762,704.34
312.397567749,704.34
312.420874374,704.34
312.443969477,704.34
312.466446685,676.19
312.489476539,676.19
312.512833917,676.19
312.535676569,676.19
312.558758808,676.19
312.581990360,652.69
312.605076279,652.69
312.628149782,652.69
312.651365046,652.69
312.674781849,643.58
312.698124795,643.58
312.721351196,643.58
312.745279973,643.58
312.768628935,610.06
312.792245357,610.06
312.815692592,610.06
312.839951517,610.06
312.863541890,573.29
312.886535648,573.29
312.909739328,573.29
312.932771007,573.29
312.956070592,573.29
312.979076606,544.28
313.002240062,544.28
313.025801890,544.28
313.049089124,544.28
313.072354917,498.56
313.095455076,498.56
313.118640772,498.56
313.141865765,498.56
313.165239751,498.56
313.189885529,468.21
313.212869847,468.21
313.235396719,468.21
313.258290731,468.21
313.282287285,422.11
313.306182430,422.11
313.329950470,422.11
313.353971280,422.11
313.377224177,420.17
313.400167438,420.17
313.423459983,420.17
313.447043572,420.17
313.470612601,453.67
313.494062396,453.67
313.517823780,453.67
313.541048708,453.67
313.563919520,453.67
313.587280675,477.46
313.611456911,477.46
313.635223638,477.46
313.658949949,477.46
313.682593923,485.74
313.706029734,485.74
313.729424232,485.74
313.752873196,485.74
313.776115436,521.13
313.800506107,521.13
313.824041728,521.13
313.847797063,521.13
313.870988615,556.96
313.894590764,556.96
313.917748972,556.96
313.941306225,556.96
313.965073432,556.96
313.988104118,591.19
314.011230901,591.19
314.036892116,591.19
314.060468825,591.19
314.084496771,622.37
314.107715428,622.37
314.131210024,622.37
314.154416232,622.37
314.178229904,644.73
314.201774228,644.73
314.225101590,644.73
314.248927934,644.73
314.272661221,644.73
314.295800548,688.97
314.318886499,688.97
314.342098020,688.97
314.365560487,688.97
314.388763047,691.33
314.412184330,691.33
314.435505452,691.33
314.458865486,691.33
314.482192784,692.55
314.505944631,692.55
314.529071478,692.55
314.552620411,692.55
314.576401698,687.26
314.600657263,687.26
314.624113203,687.26
314.647316819,687.26
314.671102522,687.26
314.694361947,683.29
314.717906144,683.29
314.740870941,683.29
314.763958492,683.29
314.787197436,684.44
314.810672096,684.44
314.834010690,684.44
314.857974572,684.44
314.881625169,680.23
314.905119029,680.23
314.928597977,680.23
314.951708664,680.23
314.975644033,680.23
314.998806017,674.89
315.022209956,674.89
315.045404772,674.89
315.068726597,674.89
315.092062919,675.46
315.115088197,675.46
315.138837868,675.46
315.162499570,675.46
315.185970006,680.05
315.209332536,680.05
315.232643001,680.05
315.255941467,680.05
315.279388382,680.05
315.302456413,678.77
315.325884064,678.77
315.349050783,678.77
315.372670501,678.77
315.395875749,679.39
315.419353161,679.39
315.442409735,679.39
315.466601875,679.39
315.489922069,674.61
315.514499078,674.61
315.538082411,674.61
315.561562607,674.61
315.585297270,673.01
315.608751321,673.01
315.631884088,673.01
315.655071000,673.01
315.678296633,673.01
315.701312502,680.97
315.724870267,680.97
315.748418815,680.97
315.772344233,680.97
315.795940462,672.57
315.819843158,672.57
315.843535325,672.57
315.867080065,672.57
315.890994378,674.73
315.914212458,674.73
315.937329514,674.73
315.960500265,674.73
315.983860011,674.73
316.006826793,681.23
316.030080873,681.23
316.053400747,681.23
316.077375893,681.23
316.100632022,677.28
316.124705089,677.28
316.148418727,677.28
316.173230651,677.28
316.196982146,680.79
316.220171010,680.79
316.243313186,680.79
316.266389056,680.79
316.289664577,680.79
316.313657675,686.06
316.336874924,686.06
316.360255150,686.06
316.383974101,686.06
316.407515129,681.51
316.431044669,681.51
316.454698019,681.51
316.477745281,681.51
316.500605533,684.83
316.523249302,684.83
316.546091538,684.83
316.569054511,684.83
316.592418033,684.83
316.616357274,688.33
316.639471609,688.33
316.662462839,688.33
316.685404148,688.33
316.708023597,675.26
316.730372962,675.26
316.752801113,675.26
316.775960280,675.26
316.799147224,643.69
316.822120853,643.69
316.845013938,643.69
316.868294867,643.69
316.891478675,643.69
316.914502673,650.20
316.937946868,650.20
316.960927377,650.20
316.983526186,650.20
317.006093506,610.82
317.029358883,610.82
317.059466553,610.82
317.082724793,610.82
317.106332351,610.82
317.129328348,598.59
317.152180600,598.59
317.176431685,598.59
317.200125483,598.59
317.224199286,601.52
317.247620665,601.52
317.271260575,601.52
317.294639105,601.52
317.317733696,599.67
317.340851039,599.67
317.364306146,599.67
317.387681444,599.67
317.411007526,603.12
317.434820238,603.12
317.457896652,603.12
317.480881481,603.12
317.503992136,603.12
317.527347658,605.35
317.551259059,605.35
317.575005690,605.35
317.599109925,605.35
317.622311365,603.80
317.645327235,603.80
317.668622692,603.80
317.692194793,603.80
317.715521707,621.74
317.738594569,621.74
317.761788617,621.74
317.784839431,621.74
317.807830437,621.74
317.830867171,642.04
317.853871360,642.04
317.877016416,642.04
317.900296257,642.04
317.923653187,609.25
317.947326665,609.25
317.970698795,609.25
317.994563731,609.25
318.017978198,612.58
318.043138382,612.58
318.066553329,612.58
318.089466573,612.58
318.112883600,591.44
318.136300563,591.44
318.159903672,591.44
318.183446044,591.44
318.206328440,591.44
318.230919242,549.51
318.254924948,549.51
318.278571481,549.51
318.302581411,549.51
318.326442316,532.30
318.349786222,532.30
318.372841548,532.30
318.396160429,532.30
318.419225996,534.03
318.442679887,534.03
318.466479190,534.03
318.490230845,534.03
318.513817890,534.08
318.537511016,534.08
318.560428132,534.08
318.583901928,534.08
318.607701551,534.08
318.631763354,534.37
318.655396351,534.37
318.678976932,534.37
318.702367271,534.37
318.725396420,540.31
318.748561316,540.31
318.772086632,540.31
318.795837519,540.31
318.819536981,545.55
318.842998968,545.55
318.866152088,545.55
318.889309271,545.55
318.912249588,577.31
318.935739704,577.31
318.959431294,577.31
318.983088003,577.31
319.006659720,577.31
319.029657765,608.51
319.052953799,608.51
319.076211751,608.51
319.099850605,608.51
319.123194991,641.55
319.146763891,641.55
319.170286487,641.55
319.193546392,641.55
319.216812633,692.81
319.240546271,692.81
319.264523785,692.81
319.288238864,692.81
319.312636798,692.81
319.336670569,705.34
319.359898249,705.34
319.382904743,705.34
319.406814255,705.34
319.430430197,706.65
319.454101050,706.65
319.477845025,706.65
319.501441350,706.65
319.524658598,706.51
319.548156138,706.51
319.571592877,706.51
319.595875002,706.51
319.619426366,707.50
319.643140965,707.50
319.667216912,707.50
319.690268206,707.50
319.713624848,707.50
319.736854224,708.74
319.760454485,708.74
319.783945688,708.74
319.807771776,708.74
319.831632616,707.92
319.854695399,707.92
319.877926055,707.92
319.901080710,707.92
319.925038352,706.89
319.948449938,706.89
319.971832340,706.89
319.995662940,706.89
320.019180224,706.89
320.043563503,708.28
320.066821680,708.28
320.090455989,708.28
320.114008825,708.28
320.137743520,708.18
320.161811978,708.18
320.185322606,708.18
320.208819826,708.18
320.231967761,708.41
320.255150865,708.41
320.278794455,708.41
320.302338203,708.41
320.331770152,706.56
320.355082665,706.56
320.378253193,706.56
320.401313703,706.56
320.425115535,706.78
320.449667903,706.78
320.473597256,706.78
320.497140525,706.78
320.520401325,706.78
320.543765423,707.12
320.567231410,707.12
320.590793687,707.12
320.614224954,707.12
320.637259991,705.73
320.660232020,705.73
320.683413588,705.73
320.707015033,705.73
320.730103608,693.35
320.753411385,693.35
320.776747802,693.35
320.799867513,693.35
320.822635060,693.35
320.845239725,649.34
320.868280746,649.34
320.891621932,649.34
320.915181104,649.34
320.939224603,638.53
320.962669758,638.53
320.985775421,638.53
321.008939676,638.53
321.033239434,637.67
321.057181427,637.67
321.080750487,637.67
321.104313884,637.67
321.127811871,637.67
321.151157569,641.39
321.174230495,641.39
321.197114747,641.39
321.221205894,641.39
321.244618505,638.39
321.268304687,638.39
321.291890676,638.39
321.315738651,638.39
321.338740889,640.22
321.362726243,640.22
321.386593899,640.22
321.410024142,640.22
321.433958903,636.65
321.457891552,636.65
321.481114496,636.65
321.504177182,636.65
321.527740834,636.65
321.551312295,635.89
321.575084366,635.89
321.598523217,635.89
321.622406777,635.89
321.645576600,637.78
321.668816249,637.78
321.692089786,637.78
321.716555049,637.78
321.740448434,645.72
321.764188344,645.72
321.787431993,645.72
321.810480055,645.72
321.833925754,645.72
321.857252475,692.61
321.880498907,692.61
321.903458648,692.61
321.926755769,692.61
321.949661878,694.65
321.972750996,694.65
321.995796658,694.65
322.019424919,694.65
322.043537091,672.14
322.066812099,672.14
322.090032963,672.14
322.113143586,672.14
322.137244461,672.14
322.160125961,635.91
322.183373578,635.91
322.206585130,635.91
322.230006188,635.91
322.253033706,620.38
322.276426444,620.38
322.299752494,620.38
322.322399751,620.38
322.345760937,585.06
322.369028681,585.06
322.392077383,585.06
322.425200066,585.06
322.448681286,576.18
322.472921042,576.18
322.496506423,576.18
322.520224765,576.18
322.543961188,538.82
322.567613321,538.82
322.591313199,538.82
322.614750930,538.82
322.637433739,538.82
322.660058596,501.60
322.683794379,501.60
322.707329007,501.60
322.730984596,501.60
322.754736827,482.33
322.777966267,482.33
322.801081978,482.33
322.824232601,482.33
322.847914399,478.87
322.871636101,478.87
322.895393868,478.87
322.919108754,478.87
322.942612982,478.87
322.965820982,487.10
322.989254232,487.10
323.012389335,487.10
323.037624976,487.10
323.061132084,512.72
323.084850746,512.72
323.108256253,512.72
323.131509981,512.72
323.154782654,548.32
323.178229633,548.32
323.201758629,548.32
323.225770319,548.32
323.249859418,567.66
323.273264476,567.66
323.296219513,567.66
323.319529722,567.66
323.342861819,567.66
323.366327998,595.91
323.390153638,595.91
323.413907021,595.91
323.437483057,595.91
323.460941620,616.50
323.484266486,616.50
323.507673976,616.50
323.531671234,616.50
323.555587882,643.72
323.580552352,643.72
323.604422280,643.72
323.627841899,643.72
323.651048874,684.81
323.675292983,684.81
323.698969821,684.81
323.722399072,684.81
323.745939108,684.81
323.769664586,699.96
323.792933131,699.96
323.816170923,699.96
323.839426795,699.96
323.863012912,700.12
323.886678101,700.12
323.909846581,700.12
323.932920179,700.12
323.956320629,700.11
323.979473653,700.11
324.002636692,700.11
324.025876212,700.11
324.049515833,700.11
324.072781882,694.72
324.095518548,694.72
324.118665683,694.72
324.141865971,694.72
324.165255861,660.50
324.188385428,660.50
324.211659157,660.50
324.235035895,660.50
324.258252247,628.85
324.282115039,628.85
324.304809944,628.85
324.327405873,628.85
324.350415694,628.85
324.374423032,585.37
324.397936603,585.37
324.421279741,585.37
324.445068132,585.37
324.468508455,584.25
324.491925257,584.25
324.515053320,584.25
324.566335748,584.25
324.590105515,584.25
324.613900498,581.58
324.637036529,581.58
324.660086351,581.58
324.684105113,581.58
324.707792447,583.93
324.731722663,583.93
324.755470638,583.93
324.779859901,583.93
324.803652164,582.05
324.826623041,582.05
324.849884289,582.05
324.873516582,582.05
324.897038890,584.59
324.920629966,584.59
324.944348405,584.59
324.967701142,584.59
324.991530686,584.59
325.014635452,582.09
325.038114112,582.09
325.061585923,582.09
325.085789679,582.09
325.109726232,598.69
325.133351325,598.69
325.156482076,598.69
325.179877950,598.69
325.203371201,633.61
325.227028327,633.61
325.250538826,633.61
325.274122319,633.61
325.297786996,669.53
325.321183127,669.53
325.344450071,669.53
325.367726072,669.53
325.391797218,669.53
325.415097987,698.36
325.439017804,698.36
325.462560816,698.36
325.486023475,698.36
325.509226451,699.78
325.532419538,699.78
325.556047799,699.78
325.579500666,699.78
325.606008227,701.90
325.629634632,701.90
325.652887848,701.90
325.675929894,701.90
325.700119826,700.56
325.724146556,700.56
325.747765601,700.56
325.771347013,700.56
325.795065387,700.56
325.818403117,699.77
325.841685582,699.77
325.864778220,699.77
325.888396849,699.77
325.911927701,700.90
325.935446392,700.90
325.959401057,700.90
325.982704194,700.90
326.006058052,701.93
326.029220035,701.93
326.052670566,701.93
326.075989639,701.93
326.100279732,698.21
326.123603126,698.21
326.146792885,698.21
326.170023413,698.21
326.194330531,698.21
326.217975496,700.73
326.241537484,700.73
326.264595850,700.73
326.287864331,700.73
326.311051754,675.25
326.334883186,675.25
326.358229619,675.25
326.381708790,675.25
326.405197274,642.01
326.428577916,642.01
326.451780443,642.01
326.475111901,642.01
326.498434526,606.54
326.522155076,606.54
326.545195778,606.54
326.568653444,606.54
326.592181256,606.54
326.615318183,571.10
326.638323332,571.10
326.663655231,571.10
326.687029056,571.10
326.710201088,537.51
326.733328318,537.51
326.756399036,537.51
326.779348665,537.51
326.802613785,504.25
326.826399904,504.25
326.849477854,504.25
326.872348826,504.25
326.895395448,504.25
326.919253856,458.83
326.943290634,458.83
326.967311252,458.83
326.991389342,458.83
327.014933474,455.96
327.038317956,455.96
327.061437859,455.96
327.084904934,455.96
327.108408553,464.11
327.132038670,464.11
327.155578482,464.11
327.178614960,464.11
327.202060210,463.91
327.225381140,463.91
327.249307804,463.91
327.272997698,463.91
327.296560582,463.91
327.320399470,480.10
327.343815792,480.10
327.366954223,480.10
327.390315185,480.10
327.413612401,515.29
327.437108181,515.29
327.460664729,515.29
327.484334718,515.29
327.507642463,547.17
327.530739581,547.17
327.553898781,547.17
327.577328543,547.17
327.601080422,547.17
327.624396871,582.11
327.647986731,582.11
327.671077385,582.11
327.695135636,582.11
327.718297747,623.95
327.741629716,623.95
327.765273113,623.95
327.789414724,623.95
327.813017097,658.10
327.836288330,658.10
327.859318503,658.10
327.882605064,658.10
327.906429807,658.10
327.930449145,704.15
327.954083198,704.15
327.977674498,704.15
328.000907874,704.15
328.023951296,705.21
328.047249761,705.21
328.070121853,705.21
328.093874403,705.21
328.118716023,706.52
328.142496094,706.52
328.165843359,706.52
328.188920893,706.52
328.212951975,706.26
328.236089478,706.26
328.260024463,706.26
328.283784757,706.26
328.307585020,706.26
328.330927006,707.24
328.353876730,707.24
328.377258716,707.24
328.400889025,707.24
328.424372676,707.54
328.448074666,707.54
328.471861265,707.54
328.495671672,707.54
328.518821911,707.19
328.542115032,707.19
328.566189858,707.19
328.590135051,707.19
328.613919826,704.91
328.637720377,704.91
328.661332638,704.91
328.684205529,704.91
328.707324760,704.91
328.730797275,705.36
328.755870609,705.36
328.779596216,705.36
328.803121979,705.36
328.827070980,704.19
328.850252707,704.19
328.873280385,704.19
328.896285534,704.19
328.921093298,701.20
328.944950137,701.20
328.968473501,701.20
328.991543739,701.20
329.015056510,701.20
329.038903878,701.62
329.062431082,701.62
329.085854732,701.62
329.109429680,701.62
329.132589711,695.75
329.156132467,695.75
329.179681335,695.75
329.203108281,695.75
329.227417863,689.20
329.251275630,689.20
329.274427373,689.20
329.297680910,689.20
329.321547382,691.20
329.345481118,691.20
329.368961889,691.20
329.392328163,691.20
329.416496974,691.20
329.439948017,692.17
329.463045103,692.17
329.486183438,692.17
329.509392494,692.17
329.532664078,689.53
329.556342964,689.53
329.580028537,689.53
329.603505340,689.53
329.626669211,692.59
329.649992508,692.59
329.673715394,692.59
329.697564714,692.59
329.721223279,692.59
329.744931509,689.45
329.768242646,689.45
329.791466070,689.45
329.815031194,689.45
329.838401436,691.89
329.862032480,691.89
329.885603077,691.89
329.909224297,691.89
329.932990512,692.86
329.955972749,692.86
329.979254765,692.86
330.002559502,692.86
330.027955017,691.25
330.051790992,691.25
330.075621720,691.25
330.099199260,691.25
330.122278458,691.25
330.145405657,697.98
330.168869851,697.98
330.192338142,697.98
330.215900674,697.98
330.239499815,701.98
330.263080331,701.98
330.286161097,701.98
330.309378377,701.98
330.332692874,700.61
330.356422288,700.61
330.379986644,700.61
330.403574456,700.61
330.426979354,701.16
330.450481374,701.16
330.473866079,701.16
330.497055391,701.16
330.521055080,701.16
330.544543019,698.37
330.567927661,698.37
330.590978443,698.37
330.614208971,698.37
330.638380854,680.47
330.661678679,680.47
330.684589715,680.47
330.707775346,680.47
330.732304770,682.32
330.755535074,682.32
330.778413789,682.32
330.800946677,682.32
330.823511276,637.92
330.863501372,637.92
330.887123041,637.92
330.913249572,637.92
330.936739399,637.92
330.959824421,634.77
330.983133414,634.77
331.006610153,634.77
331.030411440,634.77
331.054191671,636.82
331.077915997,636.82
331.101596738,636.82
331.124653152,636.82
331.147904608,634.12
331.171078623,634.12
331.194575587,634.12
331.218000709,634.12
331.242563221,633.58
331.266374652,633.58
331.289422970,633.58
331.312724059,633.58
331.336555746,633.58
331.360084070,634.46
331.383775531,634.46
331.407136653,634.46
331.431191895,634.46
331.454475351,633.26
331.477763096,633.26
331.500843798,633.26
331.524319769,633.26
331.547947357,635.20
331.571812549,635.20
331.595606732,635.20
331.619278481,635.20
331.642737684,654.71
331.666027668,654.71
331.689236628,654.71
331.712789272,654.71
331.736595199,654.71
331.760517831,651.81
331.784274574,651.81
331.807059528,651.81
331.830161926,651.81
331.853506759,688.87
331.876937514,688.87
331.900426509,688.87
331.923947504,688.87
331.948415487,698.75
331.971596991,698.75
331.994902495,698.75
332.018180064,698.75
332.044463653,698.71
332.067949352,698.71
332.091808464,698.71
332.115140177,698.71
332.138411602,698.71
332.161512144,699.55
332.185008083,699.55
332.208550743,699.55
332.231852503,699.55
332.255297562,702.21
332.278744636,702.21
332.302015517,702.21
332.325100923,702.21
332.348191929,703.65
332.371761437,703.65
332.394898875,703.65
332.417967321,703.65
332.441400636,703.65
332.464795293,705.60
332.487812955,705.60
332.511021402,705.60
332.533901174,705.60
332.556510510,692.72
332.578953124,692.72
332.601763678,692.72
332.625038719,692.72
332.648740932,655.14
332.672218983,655.14
332.695883628,655.14
332.718947594,655.14
332.742216554,655.14
332.765458282,658.07
332.789431123,658.07
332.813639167,658.07
332.837920172,658.07
332.862248153,656.02
332.885997472,656.02
332.909561187,656.02
332.933256201,656.02
332.958740805,656.08
332.982245544,656.08
333.006022319,656.08
333.030425949,656.08
333.053952736,657.47
333.077529572,657.47
333.100851205,657.47
333.124559083,657.47
333.148136719,657.47
333.171682291,650.23
333.195794493,650.23
333.219370178,650.23
333.242902501,650.23
333.266736492,644.33
333.290352529,644.33
333.313481391,644.33
333.336738544,644.33
333.359773517,644.55
333.383073230,644.55
333.406928373,644.55
333.430466489,644.55
333.454406817,643.19
333.477498879,643.19
333.500828640,643.19
333.524020160,643.19
333.547241215,643.19
333.570694210,656.96
333.594273350,656.96
333.617537158,656.96
333.641094570,656.96
333.664390538,682.62
333.687364519,682.62
333.710750985,682.62
333.734199819,682.62
333.757783727,680.59
333.781123312,680.59
333.804141101,680.59
333.827355949,680.59
333.851272565,680.59
333.874916154,682.12
333.898396285,682.12
333.921678077,682.12
333.944967774,682.12
333.968189917,684.95
333.991553567,684.95
334.014941249,684.95
334.039009707,684.95
334.062486253,678.50
334.085941840,678.50
334.109474003,678.50
334.132509329,678.50
334.156254135,677.76
334.180043870,677.76
334.203062235,677.76
334.226034967,677.76
334.249478458,677.76
334.272577624,686.31
334.295694390,686.31
334.319402012,686.31
334.342885023,686.31
334.367215308,684.52
334.391153173,684.52
334.414410069,684.52
334.437422770,684.52
334.461774879,686.43
334.485138305,686.43
334.508140510,686.43
334.531236892,686.43
334.554569693,686.43
334.577436312,686.31
334.600533430,686.31
334.623862487,686.31
334.646672465,686.31
334.669509164,678.69
334.692043587,678.69
334.714833405,678.69
334.739092138,678.69
334.763697275,647.85
334.787203614,647.85
334.811021861,647.85
334.834087811,647.85
334.857396995,647.85
334.880832069,649.53
334.904386249,649.53
334.927779307,649.53
334.951821845,649.53
334.975768445,648.60
334.998966780,648.60
335.021888440,648.60
335.045887906,648.60
335.069971276,653.36
335.093678673,653.36
335.117318326,653.36
335.140876218,653.36
335.163987576,653.36
335.187341306,661.28
335.210626138,661.28
335.233871514,661.28
335.257627680,661.28
335.281089251,657.00
335.304682119,657.00
335.327886438,657.00
335.351067045,657.00
335.374676362,658.46
335.398199085,658.46
335.421738193,658.46
335.445060337,658.46
335.469753763,658.30
335.492969571,658.30
335.516197378,658.30
335.539317665,658.30
335.562875940,658.30
335.586632651,655.13
335.610242639,655.13
335.633995925,655.13
335.658087871,655.13
335.681346111,673.45
335.704602047,673.45
335.727673149,673.45
335.751916329,673.45
335.775473517,703.53
335.799669049,703.53
335.823237692,703.53
335.846376219,703.53
335.869463385,703.53
335.893150302,703.67
335.916913284,703.67
335.940522089,703.67
335.964398321,703.67
335.988023893,703.36
336.011732763,703.36
336.037908031,703.36
336.061819207,703.36
336.085574093,704.11
336.111367212,704.11
336.134957905,704.11
336.158632150,704.11
336.182900514,705.15
336.206463942,705.15
336.230084299,705.15
336.253054535,705.15
336.276345831,675.93
336.299035392,675.93
336.322514979,675.93
336.346225993,675.93
336.370011791,675.93
336.394064121,657.05
336.417793279,657.05
336.441101952,657.05
336.464568066,657.05
336.488509227,655.03
336.512328561,655.03
336.535600146,655.03
336.559745821,655.03
336.583422690,658.13
336.606532416,658.13
336.629699295,658.13
336.652629627,658.13
336.676296960,658.13
336.699852835,657.34
336.723423175,657.34
336.746575590,657.34
336.770261515,657.34
336.793477227,661.67
336.816883404,661.67
336.840824917,661.67
336.864582811,661.67
336.888799303,655.82
336.912530349,655.82
336.935643883,655.82
336.958821866,655.82
336.983043222,658.46
337.007035007,658.46
337.030767269,658.46
337.054551115,658.46
337.078321681,658.46
337.101714003,656.07
337.125020884,656.07
337.151877728,656.07
337.176693747,656.07
337.200744445,649.12
337.224324897,649.12
337.248065287,649.12
337.271121701,649.12
337.294257987,672.10
337.317664837,672.10
337.340966917,672.10
337.365129233,672.10
337.388571379,699.27
337.412738206,699.27
337.436092191,699.27
337.459125916,699.27
337.482095193,699.27
337.505879231,700.02
337.529072318,700.02
337.552539265,700.02
337.575792737,700.02
337.599305796,700.90
337.622419138,700.90
337.645557568,700.90
337.668458364,700.90
337.691092852,688.50
337.714618199,688.50
337.737942200,688.50
337.761003797,688.50
337.783887825,688.50
337.807056592,667.96
337.829985035,667.96
337.853158314,667.96
337.876323209,667.96
337.899845388,640.04
337.923462545,640.04
337.946598639,640.04
337.970279060,640.04
337.993734263,598.67
338.017821921,598.67
338.044028229,598.67
338.067388422,598.67
338.091139468,566.01
338.114423597,566.01
338.137330312,566.01
338.160663209,566.01
338.184329518,566.01
338.208544858,547.89
338.232330176,547.89
338.256419115,547.89
338.280465716,547.89
338.304017752,507.25
338.327506715,507.25
338.351751591,507.25
338.374898597,507.25
338.397475165,466.58
338.420168758,466.58
338.443949820,466.58
338.467730915,466.58
338.491727660,455.06
338.515946967,455.06
338.539602908,455.06
338.563272097,455.06
338.586937606,455.06
338.611603255,451.05
338.635343293,451.05
338.659071203,451.05
338.682828457,451.05
338.705975496,469.18
338.729369609,469.18
338.752584200,469.18
338.776629138,469.18
338.800052788,486.12
338.823662424,486.12
338.847337853,486.12
338.870454907,486.12
338.893507737,486.12
338.917072636,516.88
338.941284968,516.88
338.964840876,516.88
338.988606514,516.88
339.012538266,552.60
339.038317977,552.60
339.061404471,552.60
339.085367968,552.60
339.109056197,584.32
339.132546408,584.32
339.156216237,584.32
339.180163861,584.32
339.203566327,604.30
339.226535027,604.30
339.249711666,604.30
339.273234773,604.30
339.298649328,641.43
339.322127442,641.43
339.345921145,641.43
339.369238585,641.43
339.392679100,641.43
339.415972764,674.21
339.439584160,674.21
339.463141124,674.21
339.486698087,674.21
339.510556718,698.72
339.533961360,698.72
339.557052718,698.72
339.580562033,698.72
339.603950194,696.76
339.627597239,696.76
339.650996249,696.76
339.674117815,696.76
339.697371127,696.76
339.720817497,696.53
339.744353308,696.53
339.767666300,696.53
339.791245568,696.53
339.814364094,693.26
339.837510589,693.26
339.861360516,693.26
339.885045673,693.26
339.908124999,656.92
339.931344710,656.92
339.954594886,656.92
339.977865734,656.92
340.001142790,656.92
340.024140163,626.98
340.047392802,626.98
340.070836133,626.98
340.094476105,626.98
340.118014316,591.80
340.141407694,591.80
340.164804816,591.80
340.188256338,591.80
340.211539538,556.94
340.234117609,556.94
340.256641312,556.94
340.280284069,556.94
340.309484174,525.29
340.333336501,525.29
340.357012922,525.29
340.380285242,525.29
340.403797405,525.29
340.427424354,520.08
340.452295286,520.08
340.475697303,520.08
340.499630527,520.08
340.523420422,518.58
340.546444355,518.58
340.569391391,518.58
340.592932706,518.58
340.616988364,519.11
340.640409837,519.11
340.664184724,519.11
340.687761431,519.11
340.711214778,519.15
340.734413433,519.15
340.757351829,519.15
340.780853015,519.15
340.804382779,519.15
340.827781052,532.81
340.851696196,532.81
340.875003428,532.81
340.899162415,532.81
340.922083179,564.29
340.945958546,564.29
340.969720473,564.29
340.993826051,564.29
341.017627625,596.91
341.040984650,596.91
341.064055528,596.91
341.087397257,596.91
341.110396261,596.91
341.134280269,627.28
341.157958546,627.28
341.181885722,627.28
341.205468638,627.28
341.228569468,662.71
341.251862748,662.71
341.275620194,662.71
341.299734956,662.71
341.323417169,697.81
341.350582945,697.81
341.374192710,697.81
341.397929131,697.81
341.421346349,699.01
341.445171764,699.01
341.468741368,699.01
341.492571006,699.01
341.517318225,699.61
341.540552112,699.61
341.563595885,699.61
341.586702987,699.61
341.609552038,699.61
341.632785381,700.43
341.656167750,700.43
341.679360485,700.43
341.702463811,700.43
341.726372779,701.12
341.749699884,701.12
341.772882347,701.12
341.795514499,701.12
341.818018521,674.71
341.840609201,674.71
341.864341846,674.71
341.887992987,674.71
341.911407517,674.71
341.935240227,654.30
341.958626149,654.30
341.982068647,654.30
342.005313958,654.30
342.029079948,653.21
342.052447086,653.21
342.075924144,653.21
342.099746039,653.21
342.123423036,654.62
342.146685020,654.62
342.169779129,654.62
342.193127802,654.62
342.217124003,654.62
342.240581925,650.13
342.264299275,650.13
342.287837646,650.13
342.310998765,650.13
342.334049866,653.19
342.357481516,653.19
342.380982318,653.19
342.405637216,653.19
342.429528231,650.99
342.453096939,650.99
342.476273769,650.99
342.499414536,650.99
342.522930347,654.80
342.547597116,654.80
342.571070494,654.80
342.594475936,654.80
342.618012195,654.80
342.641108833,653.05
342.664516802,653.05
342.687818018,653.05
342.711375398,653.05
342.734913225,651.62
342.758259978,651.62
342.781309095,651.62
342.804457957,651.62
342.828528623,678.65
342.851733742,678.65
342.875140400,678.65
342.898236877,678.65
342.921039912,678.65
342.943913731,684.92
342.967208067,684.92
342.990538371,684.92
343.014602509,684.92
343.038834201,652.11
343.062274683,652.11
343.085562427,652.11
343.109007645,652.11
343.132446527,618.83
343.155384155,618.83
343.178802780,618.83
343.202232734,618.83
343.226048709,618.83
343.249238180,589.30
343.272816967,589.30
343.296293514,589.30
343.319959119,589.30
343.343431025,557.37
343.366975156,557.37
343.390453911,557.37
343.414609538,557.37
343.437536605,524.49
343.459929042,524.49
343.482813293,524.49
343.506731221,524.49
343.530338681,524.49
343.554309698,502.20
343.578060103,502.20
343.601520170,502.20
343.625075053,502.20
343.648389933,500.37
343.672077362,500.37
343.695719287,500.37
343.719303802,500.37
343.743080065,500.04
343.766375201,500.04
343.789281052,500.04
343.812349657,500.04
343.836517476,500.91
343.860252554,500.91
343.883819149,500.91
343.907036077,500.91
343.930309644,500.91
343.953361994,509.12
343.976755787,509.12
343.999985450,509.12
344.023113736,509.12
344.046087044,531.27
344.069071393,531.27
344.092025149,531.27
344.115442814,531.27
344.139470376,541.53
344.162900105,541.53
344.186176617,541.53
344.209240967,541.53
344.232583207,541.53
344.256218284,544.83
344.279745999,544.83
344.303502357,544.83
344.327746144,544.83
344.351647304,540.23
344.375438350,540.23
344.398266921,540.23
344.421415847,540.23
344.444955530,530.41
344.469044372,530.41
344.492763737,530.41
344.516579040,530.41
344.542924710,555.20
344.566152069,555.20
344.589269795,555.20
344.613471566,555.20
344.637378998,555.20
344.660972250,555.53
344.684728544,555.53
344.707837949,555.53
344.731053597,555.53
344.754361245,557.84
344.778120579,557.84
344.801822120,557.84
344.826066868,557.84
344.850217214,555.96
344.873504158,555.96
344.896612252,555.96
344.920038494,555.96
344.944562637,556.48
344.968479797,556.48
344.992090137,556.48
345.015639452,556.48
345.038720442,556.48
345.061951737,567.53
345.085029270,567.53
345.108455864,567.53
345.131788473,567.53
345.155187546,584.86
345.179020577,584.86
345.202199487,584.86
345.225451775,584.86
345.249345062,630.27
345.273227790,630.27
345.296897427,630.27
345.320352693,630.27
345.344194940,630.27
345.367641502,663.07
345.390875549,663.07
345.414111676,663.07
345.437409084,663.07
345.461000736,697.63
345.484711045,697.63
345.508574604,697.63
345.531910637,697.63
345.555668883,697.68
345.579652283,697.68
345.603470178,697.68
345.627227880,697.68
345.652389055,701.04
345.676080100,701.04
345.699422212,701.04
345.723023112,701.04
345.746587820,701.04
345.770310097,701.69
345.793716338,701.69
345.817117076,701.69
345.840594134,701.69
345.863661139,701.80
345.886706288,701.80
345.910214707,701.80
345.934355518,701.80
345.957724510,703.10
345.981677255,703.10
346.004989639,703.10
346.028340744,703.10
346.051630376,703.10
346.075229580,702.59
346.098609517,702.59
346.122307954,702.59
346.145733747,702.59
346.168927218,701.78
346.192258291,701.78
346.215540211,701.78
346.239123894,701.78
346.263458787,698.59
346.286803460,698.59
346.310450824,698.59
346.334304015,698.59
346.358792990,696.23
346.382712710,696.23
346.406297353,696.23
346.429592041,696.23
346.452876681,696.23
346.475745796,700.53
346.498931299,700.53
346.522208611,700.53
346.546928276,700.53
346.570838940,700.12
346.594684515,700.12
346.618355207,700.12
346.641483301,700.12
346.664675524,699.80
346.688017317,699.80
346.711289124,699.80
346.735003754,699.80
346.758438955,699.80
346.782870233,696.55
346.806618399,696.55
346.830233603,696.55
346.854071210,696.55
346.877202440,693.88
346.900357030,693.88
346.923303170,693.88
346.946394655,693.88
346.970296935,695.67
346.993692296,695.67
347.016777285,695.67
347.039890243,695.67
347.064188144,691.99
347.087164428,691.99
347.110070951,691.99
347.132972002,691.99
347.156060384,691.99
347.178800569,693.12
347.201346831,693.12
347.223588835,693.12
347.246217818,693.12
347.270185059,648.82
347.293861735,648.82
347.317334666,648.82
347.340727819,648.82
347.363904297,648.82
347.387020839,651.34
347.410330919,651.34
347.433854410,651.34
347.457254635,651.34
347.480678285,646.31
347.504864696,646.31
347.528349850,646.31
347.551678811,646.31
347.575703716,646.21
347.599160678,646.21
347.622268067,646.21
347.645525347,646.21
347.670005138,645.26
347.693381587,645.26
347.716652626,645.26
347.740060052,645.26
347.763382836,645.26
347.787211963,645.17
347.810844031,645.17
347.834096958,645.17
347.857348990,645.17
347.880758335,646.53
347.904172160,646.53
347.927227901,646.53
347.950355291,646.53
347.973776829,644.81
347.997252543,644.81
348.020449918,644.81
348.045200752,644.81
348.068089931,644.81
348.091727727,633.50
348.114536969,633.50
348.136891005,633.50
348.159702455,633.50
348.183518270,594.75
348.206737789,594.75
348.230284256,594.75
348.254321673,594.75
348.277429959,635.39
348.300652710,635.39
348.324064711,635.39
348.348273875,635.39
348.371913463,635.39
348.395661468,636.04
348.419002813,636.04
348.442546400,636.04
348.466171684,636.04
348.489395171,642.03
348.512660643,642.03
348.536015811,642.03
348.559462245,642.03
348.583500398,638.48
348.606901871,638.48
348.630162607,638.48
348.653280333,638.48
348.677755451,612.08
348.701401152,612.08
348.725630891,612.08
348.749002636,612.08
348.772515759,612.08
348.796593976,581.08
348.819446003,581.08
348.841871880,581.08
348.864514080,581.08
348.888371239,535.87
348.912050059,535.87
348.935623151,535.87
348.959960828,535.87
348.983248923,535.01
349.006405082,535.01
349.029773914,535.01
349.060582679,535.01
349.084209403,535.01
349.107777375,545.38
349.131283649,545.38
349.154361918,545.38
349.177561245,545.38
349.200783548,587.17
349.224558370,587.17
349.248039972,587.17
349.271415749,587.17
349.295015913,586.87
349.318158791,586.87
349.341478087,586.87
349.365352398,586.87
349.390463109,586.87
349.413780389,585.35
349.437685772,585.35
349.461201455,585.35
349.485275129,585.35
349.508513528,583.67
349.531736311,583.67
349.555427388,583.67
349.578999551,583.67
349.602758245,585.81
349.626557259,585.81
349.649797194,585.81
349.673510159,585.81
349.696759214,612.21
349.721539329,612.21
349.745093988,612.21
349.768565638,612.21
349.793209846,652.72
349.816356116,652.72
349.839465586,652.72
349.862838035,652.72
349.887850792,652.72
349.911508332,689.80
349.935274514,689.80
349.958972759,689.80
349.982332792,689.80
350.005450613,693.59
350.029044441,693.59
350.052797919,693.59
350.075923196,693.59
350.099197916,693.61
350.122376890,693.61
350.145598714,693.61
350.168735159,693.61
350.192064088,693.53
350.215523322,693.53
350.238778521,693.53
350.261965464,693.53
350.285347065,693.53
350.308615288,669.54
350.331947353,669.54
350.355067990,669.54
350.378059602,669.54
350.401187792,638.57
350.424580241,638.57
350.448217557,638.57
350.471599894,638.57
350.495350460,603.92
350.518944575,603.92
350.542150430,603.92
350.565603744,603.92
350.589608777,603.92
350.612418851,570.45
350.634951129,570.45
350.657523216,570.45
350.681703643,570.45
350.705120476,536.19
350.728538013,536.19
350.752295267,536.19
350.804388519,536.19
350.827848073,538.02
350.852289783,538.02
350.876167806,538.02
350.899925187,538.02
350.923705289,535.61
350.946880584,535.61
350.969977989,535.61
350.993124611,535.61
351.016899305,535.61
351.040730191,529.37
351.064677879,529.37
351.088381212,529.37
351.111823678,529.37
351.134817082,535.65
351.158046361,535.65
351.181471450,535.65
351.205921897,535.65
351.229409675,532.68
351.252685130,532.68
351.275827880,532.68
351.299168745,532.68
351.322734988,562.51
351.346149261,562.51
351.369553167,562.51
351.392921807,562.51
351.416461778,562.51
351.439957589,593.87
351.463333365,593.87
351.487088123,593.87
351.510931137,593.87
351.534728839,627.48
351.558689904,627.48
351.582461621,627.48
351.605987736,627.48
351.629411577,658.52
351.652710809,658.52
351.676199067,658.52
351.699827199,658.52
351.723549156,692.66
351.747059335,692.66
351.770449320,692.66
351.793763688,692.66
351.817446893,692.66
351.841301651,689.89
351.865060377,689.89
351.888435898,689.89
351.911564471,689.89
351.934470098,693.03
351.957472303,693.03
351.980582508,693.03
352.003874540,693.03
352.027183980,692.70
352.050422539,692.70
352.073377703,692.70
352.096641606,692.70
352.119879909,692.70
352.142862657,679.62
352.166031840,679.62
352.189470145,679.62
352.213643916,679.62
352.236871435,649.26
352.259786854,649.26
352.282973348,649.26
352.306173251,649.26
352.329527364,616.05
352.352617921,616.05
352.375717598,616.05
352.399031550,616.05
352.422694371,586.17
352.446176965,586.17
352.470417840,586.17
352.493662767,586.17
352.516421353,586.17
352.539504614,540.17
352.562974824,540.17
352.586282472,540.17
352.610537299,540.17
352.633995765,533.12
352.657524504,533.12
352.680857400,533.12
352.704607261,533.12
352.728645990,527.43
352.752479213,527.43
352.776138865,527.43
352.799445233,527.43
352.823191414,530.95
352.846486326,530.95
352.869561203,530.95
352.892916596,530.95
352.916429110,530.95
352.940223932,529.60
352.963562108,529.60
352.986995166,529.60
353.010840036,529.60
353.034330983,533.19
353.057981451,533.19
353.081293579,533.19
353.105745529,533.19
353.129404317,537.54
353.152761470,537.54
353.175857019,537.54
353.199511935,537.54
353.223024290,569.97
353.246588133,569.97
353.270092135,569.97
353.293250725,569.97
353.316572613,569.97
353.339737924,609.29
353.363705004,609.29
353.386911562,609.29
353.409961223,609.29
353.433714349,640.90
353.456842378,640.90
353.479824006,640.90
353.502950756,640.90
353.526236419,674.40
353.549579940,674.40
353.572926884,674.40
353.596516583,674.40
353.619674438,674.40
353.643033830,694.50
353.666590825,694.50
353.690615282,694.50
353.714046515,694.50
353.737429556,695.82
353.761265114,695.82
353.784444473,695.82
353.807609943,695.82
353.831344476,696.39
353.854962624,696.39
353.878507011,696.39
353.902433514,696.39
353.926144687,698.28
353.949330093,698.28
353.972518476,698.28
353.996114575,698.28
354.019635634,698.28
354.045821109,696.19
354.069658748,696.19
354.092803258,696.19
354.116074425,696.19
354.139220567,699.16
354.162717913,699.16
354.186120186,699.16
354.209826559,699.16
354.234266957,700.02
354.257404075,700.02
354.280520392,700.02
354.303950410,700.02
354.328800189,696.56
354.352506081,696.56
354.375810465,696.56
354.399712297,696.56
354.423044009,696.56
354.446251207,698.57
354.469572327,698.57
354.492909000,698.57
354.516658285,698.57
354.540204272,698.32
354.563654737,698.32
354.587018674,698.32
354.610454355,698.32
354.634101047,697.84
354.657903709,697.84
354.681337631,697.84
354.705415496,697.84
354.728855210,699.55
354.751972263,699.55
354.775144997,699.55
354.798445669,699.55
354.821941063,699.55
354.845533995,698.98
354.869120334,698.98
354.892550223,698.98
354.915948048,698.98
354.939667829,698.74
354.963392602,698.74
354.986921725,698.74
355.010309086,698.74
355.033759231,697.00
355.057148224,697.00
355.080295134,697.00
355.103652191,697.00
355.126894238,697.00
355.150068156,694.40
355.172973143,694.40
355.195959667,694.40
355.218967759,694.40
355.241983563,666.81
355.265404588,666.81
355.288486793,666.81
355.311642503,666.81
355.335520558,636.01
355.358918479,636.01
355.382127406,636.01
355.405064457,636.01
355.428317000,636.01
355.451402789,602.58
355.474707077,602.58
355.498364489,602.58
355.521837131,602.58
355.545246796,566.27
355.568420714,566.27
355.591768875,566.27
355.614950761,566.27
355.638893873,528.93
355.662108271,528.93
355.685045738,528.93
355.708158120,528.93
355.731694539,528.93
355.754996330,498.46
355.778297994,498.46
355.801410599,498.46
355.825313807,498.46
355.848983059,461.73
355.872479413,461.73
355.895997687,461.73
355.920022144,461.73
355.942767481,420.70
355.965384432,420.70
355.989085525,420.70
356.012919547,420.70
356.038764730,398.87
356.063089319,398.87
356.088736228,398.87
356.112065604,398.87
356.135417764,398.87
356.159181353,401.40
356.183058864,401.40
356.206700180,401.40
356.230909023,401.40
356.254390625,429.50
356.277767202,429.50
356.301130562,429.50
356.325285517,429.50
356.348997841,458.85
356.372515924,458.85
356.396277369,458.85
356.419675802,458.85
356.444311498,496.32
356.467632618,496.32
356.491027723,496.32
356.514525709,496.32
356.538303763,496.32
356.562089241,529.62
356.585079028,529.62
356.608374932,529.62
356.632048088,529.62
356.655706300,562.34
356.679350720,562.34
356.702625888,562.34
356.726749482,562.34
356.749991465,602.87
356.773727182,602.87
356.797157807,602.87
356.820758706,602.87
356.844305749,602.87
356.868223644,632.28
356.891960385,632.28
356.915148064,632.28
356.938569473,632.28
356.962231269,673.67
356.985675718,673.67
357.009239241,673.67
357.032798252,673.67
357.056761588,695.80
357.079915858,695.80
357.103199570,695.80
357.126477105,695.80
357.150768285,695.36
357.174032924,695.36
357.197504094,695.36
357.220661276,695.36
357.243909531,695.36
357.267057305,697.10
357.290330456,697.10
357.313745177,697.10
357.337093113,697.10
357.360454650,684.70
357.383677305,684.70
357.406734805,684.70
357.430014389,684.70
357.453938300,648.07
357.477524191,648.07
357.501633801,648.07
357.525370094,648.07
357.549472407,648.07
357.572338418,615.06
357.594940297,615.06
357.617847268,615.06
357.641702986,615.06
357.665466255,584.09
357.689221781,584.09
357.712970586,584.09
357.736416059,584.09
357.759429847,582.79
357.783129884,582.79
357.807132132,582.79
357.830530885,582.79
357.854319627,584.77
357.877757740,584.77
357.900805513,584.77
357.924156937,584.77
357.947832781,584.77
357.971276655,581.06
357.994440813,581.06
358.017933999,581.06
358.041142797,581.06
358.065236791,582.29
358.088478326,582.29
358.112155162,582.29
358.138021273,582.29
358.161364281,574.25
358.184876572,574.25
358.208194364,574.25
358.231659549,574.25
358.255037118,574.25
358.278228092,562.38
358.301265400,562.38
358.324610329,562.38
358.348177052,562.38
358.371622941,573.38
358.395226945,573.38
358.418358302,573.38
358.442156004,573.38
358.465604261,591.87
358.488851684,591.87
358.512112515,591.87
358.535843848,591.87
358.559291178,629.39
358.582921005,629.39
358.606224141,629.39
358.629735343,629.39
358.653598902,629.39
358.677199385,659.58
358.700516473,659.58
358.723784568,659.58
358.747298234,659.58
358.770738716,661.43
358.793948186,661.43
358.817356315,661.43
358.840698619,661.43
358.864536258,651.74
358.887838081,651.74
358.910988319,651.74
358.934219390,651.74
358.957647071,651.74
358.980589786,640.26
359.003616214,640.26
359.026917718,640.26
359.050443736,640.26
359.073728760,634.68
359.096912438,634.68
359.120091348,634.68
359.143213777,634.68
359.167347131,644.87
359.191836906,644.87
359.215518126,644.87
359.239249939,644.87
359.262715508,644.87
359.286022164,641.11
359.309514422,641.11
359.332845046,641.11
359.355954899,641.11
359.379162450,637.48
359.402265135,637.48
359.425575791,637.48
359.449204050,637.48
359.472680724,655.78
359.496098197,655.78
359.519057552,655.78
359.542215054,655.78
359.565151561,655.78
359.588628075,657.56
359.612208910,657.56
359.635446413,657.56
359.659092241,657.56
359.682572210,647.73
359.705849522,647.73
359.729365460,647.73
359.752915383,647.73
359.776044820,642.80
359.799046864,642.80
359.822129581,642.80
359.845061000,642.80
359.868596682,642.80
359.892749460,654.86
359.916665084,654.86
359.939882938,654.86
359.963056248,654.86
359.986167061,671.82
360.009408756,671.82
360.032523442,671.82
360.056193654,671.82
360.079413492,671.30
360.103068216,671.30
360.126383160,671.30
360.149434196,671.30
360.173172921,668.99
360.196577242,668.99
360.219713016,668.99
360.242981687,668.99
360.266096692,668.99
360.289749848,680.14
360.313360252,680.14
360.336950527,680.14
360.360181853,680.14
360.384234982,681.52
360.407549926,681.52
360.431009864,681.52
360.454222086,681.52
360.478177422,682.79
360.501640239,682.79
360.525362228,682.79
360.549123481,682.79
360.572538842,682.79
360.595516022,681.03
360.618421008,681.03
360.640975687,681.03
360.663989891,681.03
360.686877373,690.11
360.709981882,690.11
360.732988566,690.11
360.756239445,690.11
360.779982202,695.40
360.802953333,695.40
360.825666510,695.40
360.848336837,695.40
360.871093854,695.40
360.894352797,651.02
360.917648317,651.02
360.940838779,651.02
360.964642753,651.02
360.988913676,648.58
361.011871015,648.58
361.034781282,648.58
361.057775774,648.58
361.081003421,652.33
361.104533279,652.33
361.127848799,652.33
361.151068061,652.33
361.174275196,652.33
361.197242071,657.47
361.220088465,657.47
361.242984075,657.47
361.266230186,657.47
361.289502346,632.09
361.312563334,632.09
361.335739972,632.09
361.358607390,632.09
361.382137569,632.09
361.406025223,606.65
361.429402760,606.65
361.452536773,606.65
361.476142665,606.65
361.499647435,570.02
361.523193101,570.02
361.546586990,570.02
361.570120432,570.02
361.594456124,537.99
361.617676571,537.99
361.640219217,537.99
361.662926793,537.99
361.687672891,492.17
361.711257534,492.17
361.734626974,492.17
361.758304802,492.17
361.781440704,492.17
361.804699486,494.51
361.828035550,494.51
361.851702210,494.51
361.875015938,494.51
361.898535940,536.14
361.922130471,536.14
361.945180868,536.14
361.968407170,536.14
361.991517344,536.88
362.014626781,536.88
362.039643505,536.88
362.063101299,536.88
362.086446355,536.88
362.109584368,538.07
362.132746606,538.07
362.155796362,538.07
362.179807411,538.07
362.203415414,538.72
362.227338109,538.72
362.250984929,538.72
362.274441346,538.72
362.297667809,560.41
362.320856127,560.41
362.344215743,560.41
362.368067366,560.41
362.391987661,584.24
362.415916596,584.24
362.439218995,584.24
362.462370801,584.24
362.485724241,584.24
362.509305876,621.31
362.532652532,621.31
362.556216535,621.31
362.580152414,621.31
362.603298300,656.77
362.626658236,656.77
362.649878938,656.77
362.673312059,656.77
362.697835146,691.11
362.721569455,691.11
362.745105937,691.11
362.768274063,691.11
362.791919827,691.11
362.815581783,693.41
362.839393692,693.41
362.862629275,693.41
362.885882810,693.41
362.908870165,690.86
362.931852625,690.86
362.954736619,690.86
362.978785812,690.86
363.002138772,689.20
363.025294002,689.20
363.048270509,689.20
363.071596365,689.20
363.095075791,689.20
363.118352942,673.95
363.141821103,673.95
363.165295537,673.95
363.188923540,673.95
363.212551576,644.19
363.236395582,644.19
363.259899680,644.19
363.283328097,644.19
363.307127943,610.59
363.330915308,610.59
363.354452910,610.59
363.378248692,610.59
363.402765859,576.89
363.426335333,576.89
363.449833543,576.89
363.473709454,576.89
363.497423986,576.89
363.520963381,546.15
363.544524151,546.15
363.568551904,546.15
363.592062434,546.15
363.614849915,512.11
363.637362480,512.11
363.661114261,512.11
363.684523382,512.11
363.708110585,482.60
363.732056608,482.60
363.755581155,482.60
363.778976355,482.60
363.802726664,479.23
363.827338264,479.23
363.851012188,479.23
363.874810881,479.23
363.898634791,479.23
363.921706116,484.58
363.944936226,484.58
363.968101536,484.58
363.991829477,484.58
364.015643339,480.98
364.039697267,480.98
364.063093268,480.98
364.086920698,480.98
364.110065239,496.58
364.133531897,496.58
364.157555169,496.58
364.181397415,496.58
364.205496880,528.31
364.229178741,528.31
364.252442804,528.31
364.275536592,528.31
364.299139635,528.31
364.322968473,560.75
364.346443899,560.75
364.369907676,560.75
364.393104411,560.75
364.416649181,603.83
364.439865051,603.83
364.463409214,603.83
364.486908639,603.83
364.511336941,629.87
364.534767534,629.87
364.558154446,629.87
364.581268715,629.87
364.604481034,629.87
364.627985676,662.96
364.651633135,662.96
364.675190450,662.96
364.698855958,662.96
364.722073204,690.02
364.745132368,690.02
364.769189657,690.02
364.793097120,690.02
364.816218333,689.86
364.840316870,689.86
364.863272705,689.86
364.886372958,689.86
364.909620637,689.86
364.933234720,688.94
364.956361533,688.94
364.979680509,688.94
365.002850107,688.94
365.026040601,690.92
365.049288024,690.92
365.073052797,690.92
365.096870562,690.92
365.120733289,687.62
365.144316524,687.62
365.167713356,687.62
365.190883178,687.62
365.214075496,687.59
365.237474857,687.59
365.261006667,687.59
365.284541005,687.59
365.307932206,687.59
365.331048747,688.63
365.354255017,688.63
365.377594249,688.63
365.402245689,688.63
365.425576217,685.40
365.448923480,685.40
365.473779691,685.40
365.497165803,685.40
365.520625869,686.41
365.543885323,686.41
365.567314636,686.41
365.590481642,686.41
365.614475314,686.41
365.638032821,681.56
365.661210866,681.56
365.684404272,681.56
365.707607918,681.56
365.730808205,678.74
365.754183053,678.74
365.777259209,678.74
365.800750603,678.74
365.823945609,680.33
365.847279305,680.33
365.870751786,680.33
365.894210156,680.33
365.917573452,680.33
365.940896747,677.31
365.964123338,677.31
365.986960867,677.31
366.009612059,677.31
366.032456245,636.79
366.060717521,636.79
366.084456598,636.79
366.107762677,636.79
366.130839122,636.79
366.153904078,631.47
366.177100716,631.47
366.200329291,631.47
366.224755416,631.47
366.248116408,630.07
366.272223169,630.07
366.295666434,630.07
366.319009570,630.07
366.342681286,623.79
366.365994054,623.79
366.389107363,623.79
366.412266368,623.79
366.435539103,627.08
366.458717725,627.08
366.481724953,627.08
366.505602719,627.08
366.531790146,627.78
366.555383717,627.78
366.578909543,627.78
366.602089893,627.78
366.625648263,627.78
366.648794693,635.09
366.672728268,635.09
366.696348623,635.09
366.720418712,635.09
366.744175133,632.21
366.767608510,632.21
366.791571205,632.21
366.815329034,632.21
366.838300197,632.54
366.861417282,632.54
366.884664033,632.54
366.908025601,632.54
366.931613060,632.54
366.954881795,635.64
366.978375620,635.64
367.001832742,635.64
367.025015779,635.64
367.048040447,674.82
367.071020539,674.82
367.094001622,674.82
367.118483108,674.82
367.142109543,677.64
367.165455495,677.64
367.188929129,677.64
367.212263336,677.64
367.236381074,678.81
367.259742930,678.81
367.283123026,678.81
367.306527315,678.81
367.329745009,678.81
367.353060560,683.21
367.376285007,683.21
367.399709071,683.21
367.423283634,683.21
367.446553041,682.33
367.470146324,682.33
367.493425779,682.33
367.516413550,682.33
367.540282517,683.70
367.563677205,683.70
367.586730449,683.70
367.610010544,683.70
367.633341744,682.46
367.656783313,682.46
367.680084880,682.46
367.703339503,682.46
367.726343114,682.46
367.749013538,671.89
367.771331381,671.89
367.794264208,671.89
367.818029493,671.89
367.841735801,645.54
367.865485022,645.54
367.888800637,645.54
367.911715576,645.54
367.934896822,646.35
367.957981394,646.35
367.981296370,646.35
368.004556848,646.35
368.028289909,646.35
368.051328049,646.90
368.074504399,646.90
368.097603947,646.90
368.121381521,646.90
368.144777873,650.97
368.168522774,650.97
368.192216826,650.97
368.215404344,650.97
368.238412980,650.97
368.261539953,653.75
368.284698414,653.75
368.308027406,653.75
368.331409358,653.75
368.354617132,653.50
368.377586439,653.50
368.400572259,653.50
368.423961667,653.50
368.447199585,653.66
368.470501441,653.66
368.493915233,653.66
368.517076735,653.66
368.540397310,653.66
368.563798623,655.00
368.587096670,655.00
368.610135642,655.00
368.632728304,655.00
368.655275942,624.38
368.678550949,624.38
368.701931045,624.38
368.725305958,624.38
368.748462115,623.29
368.772226376,623.29
368.795476359,623.29
368.818662596,623.29
368.841870562,623.29
368.864970175,648.62
368.888278303,648.62
368.911447484,648.62
368.934468344,648.62
368.957889817,621.28
368.981758623,621.28
369.006071915,621.28
369.029483019,621.28
369.053437938,596.52
369.076750098,596.52
369.099956176,596.52
369.123530610,596.52
369.147727421,568.57
369.171092253,568.57
369.194597374,568.57
369.218792297,568.57
369.241604162,568.57
369.264117207,529.16
369.287461175,529.16
369.310868376,529.16
369.334112182,529.16
369.357778682,505.71
369.381192635,505.71
369.404322264,505.71
369.427379892,505.71
369.451659807,507.43
369.475220450,507.43
369.498504001,507.43
369.521922945,507.43
369.545255233,507.43
369.568252892,503.46
369.591202007,503.46
369.614845786,503.46
369.639338536,503.46
369.662992332,544.30
369.686465837,544.30
369.709365287,544.30
369.732832649,544.30
369.756182344,549.57
369.780442099,549.57
369.804194936,549.57
369.827569560,549.57
369.851340029,552.64
369.874588188,552.64
369.897721881,552.64
369.920762677,552.64
369.945075233,552.64
369.968646371,577.08
369.992250118,577.08
370.015513285,577.08
370.039650702,577.08
370.062563785,604.55
370.085844520,604.55
370.109177671,604.55
370.132974668,604.55
370.157559547,629.56
370.180907259,629.56
370.203834326,629.56
370.226815953,629.56
370.249927822,629.56
370.273790484,668.51
370.297723867,668.51
370.321547521,668.51
370.345050402,668.51
370.368105502,691.64
370.391311261,691.64
370.414694621,691.64
370.438842918,691.64
370.462063364,694.92
370.485271778,694.92
370.508291006,694.92
370.531605373,694.92
370.555183488,694.92
370.578254588,694.88
370.601263928,694.88
370.623974800,694.88
370.647516658,694.88
370.670830257,672.91
370.694212177,672.91
370.723458554,672.91
370.746929147,672.91
370.770736864,638.26
370.794001855,638.26
370.817507425,638.26
370.841572137,638.26
370.865241869,604.53
370.888933521,604.53
370.912060878,604.53
370.935452494,604.53
370.959033297,604.53
370.982770325,573.28
371.005453613,573.28
371.028079748,573.28
371.051230529,573.28
371.074666050,530.71
371.097994209,530.71
371.121760774,530.71
371.145651149,530.71
371.169051501,530.72
371.192291627,530.72
371.216307507,530.72
371.239703892,530.72
371.263284982,530.05
371.287442912,530.05
371.310800800,530.05
371.334165728,530.05
371.357635329,530.05
371.381101890,529.34
371.404472866,529.34
371.428039141,529.34
371.451783273,529.34
371.475167977,524.32
371.498498921,524.32
371.522030507,524.32
371.546440952,524.32
371.569868792,521.03
371.593529116,521.03
371.617173119,521.03
371.640353405,521.03
371.663623739,521.03
371.686927899,543.27
371.710347515,543.27
371.733595738,543.27
371.757206557,543.27
371.780580861,580.36
371.803630425,580.36
371.826706549,580.36
371.849903731,580.36
371.873890746,619.96
371.897620095,619.96
371.921307203,619.96
371.944904005,619.96
371.968153988,647.50
371.991344834,647.50
372.015265544,647.50
372.040153179,647.50
372.063475226,647.50
372.087296384,688.06
372.110625983,688.06
372.133711964,688.06
372.156789752,688.06
372.180354267,687.52
372.203840540,687.52
372.227233820,687.52
372.250567548,687.52
372.273785690,691.24
372.296824566,691.24
372.320323991,691.24
372.343858937,691.24
372.367022871,691.24
372.390237365,690.22
372.413539924,690.22
372.436809459,690.22
372.460682169,690.22
372.484102649,661.29
372.507350104,661.29
372.530633590,661.29
372.554324826,661.29
372.577945469,631.67
372.601708898,631.67
372.625713354,631.67
372.649322253,631.67
372.671974596,631.67
372.694867518,592.04
372.718785765,592.04
372.742498889,592.04
372.766095755,592.04
372.789986642,583.15
372.813175727,583.15
372.870449937,583.15
372.894050164,583.15
372.917893530,583.40
372.941347451,583.40
372.964799131,583.40
372.988555232,583.40
373.011664477,582.74
373.035530947,582.74
373.059050629,582.74
373.083080269,582.74
373.106249642,579.75
373.129317350,579.75
373.152439427,579.75
373.176349802,579.75
373.200033326,581.96
373.223614384,581.96
373.247611288,581.96
373.270819990,581.96
373.293941427,581.96
373.317014415,578.39
373.340364430,578.39
373.363594637,578.39
373.387721430,578.39
373.411121910,581.82
373.434346676,581.82
373.457616211,581.82
373.482325699,581.82
373.506275914,615.71
373.529468168,615.71
373.553053451,615.71
373.576338570,615.71
373.599588712,615.71
373.623025257,648.03
373.646902991,648.03
373.670335247,648.03
373.693783344,648.03
373.717663958,680.16
373.740750067,680.16
373.764069938,680.16
373.787002509,680.16
373.810636176,689.69
373.834226162,689.69
373.857649331,689.69
373.881258966,689.69
373.904653590,689.73
373.927998997,689.73
373.953973653,689.73
373.977515895,689.73
374.001506655,689.73
374.025558887,688.98
374.048728069,688.98
374.071856674,688.98
374.095204449,688.98
374.118415423,690.50
374.142148899,690.50
374.165383074,690.50
374.189223751,690.50
374.212454246,688.67
374.235780165,688.67
374.258886626,688.67
374.282750312,688.67
374.306434219,686.87
374.330102351,686.87
374.353281580,686.87
374.376164518,686.87
374.399167746,686.87
374.422346591,686.95
374.445763295,686.95
374.469231553,686.95
374.492676161,686.95
374.515746526,688.91
374.538825818,688.91
374.561988407,688.91
374.585126004,688.91
374.608592213,686.72
374.632482363,686.72
374.656053758,686.72
374.679546527,686.72
374.702467737,686.72
374.725620759,685.94
374.749278874,685.94
374.772780379,685.94
374.796576481,685.94
374.819927328,687.13
374.843039997,687.13
374.866154841,687.13
374.889263446,687.13
374.913177725,685.87
374.936904929,685.87
374.960198912,685.87
374.983356797,685.87
375.008835319,685.87
375.032328920,688.26
375.056315712,688.26
375.079965379,688.26
375.103530789,688.26
375.126940422,685.16
375.150006882,685.16
375.173265344,685.16
375.197049349,685.16
375.220460101,685.20
375.244199402,685.20
375.267588586,685.20
375.290433027,685.20
375.313519296,685.20
375.336773374,687.98
375.360680772,687.98
375.383853410,687.98
375.407607974,687.98
375.430702755,687.32
375.453752159,687.32
375.476783994,687.32
375.500088697,687.32
375.523608923,686.25
375.546984379,686.25
375.570647454,686.25
375.593991038,686.25
375.617200604,686.85
375.640520827,686.85
375.664469026,686.85
375.688084677,686.85
375.711745192,686.85
375.735287242,689.39
375.758535080,689.39
375.781618341,689.39
375.805004005,689.39
375.828073377,689.47
375.851207934,689.47
375.874290394,689.47
375.897860316,689.47
375.921007289,690.23
375.944178070,690.23
375.967193746,690.23
375.989998571,690.23
376.012409631,690.23
376.034994165,653.95
376.059084062,653.95
376.082463134,653.95
376.106076416,653.95
376.129473632,641.86
376.152757663,641.86
376.175812507,641.86
376.199018873,641.86
376.222359992,643.51
376.245466901,643.51
376.268628978,643.51
376.291927281,643.51
376.315157423,643.51
376.338403309,643.51
376.361678796,643.51
376.384738568,643.51
376.407267070,643.51
376.429832371,612.91
376.453446550,612.91
376.476833974,612.91
376.500141365,612.91
376.523387091,597.22
376.546864341,597.22
376.570343638,597.22
376.593531539,597.22
376.616765009,597.22
376.640048720,596.93
376.663293838,596.93
376.686695054,596.93
376.710347634,596.93
376.733884371,568.12
376.757239411,568.12
376.780484401,568.12
376.803835185,568.12
376.827254065,533.44
376.851090711,533.44
376.874980605,533.44
376.897876567,533.44
376.920701392,533.44
376.944169617,496.84
376.967643570,496.84
376.991530168,496.84
377.016564684,520.53
377.063768722,520.53
377.087345556,520.53
377.111607327,520.53
377.135214209,532.86
377.159046279,532.86
377.182511240,532.86
377.205440066,532.86
377.228471550,532.86
377.251803453,537.80
377.275558721,537.80
377.298995938,537.80
377.322665093,537.80
377.345985573,536.08
377.369251779,536.08
377.392195038,536.08
377.415356731,536.08
377.438922013,566.10
377.462475359,566.10
377.486016225,566.10
377.509354592,566.10
377.532588478,581.18
377.555643066,581.18
377.578968633,581.18
377.602756542,581.18
377.626516675,581.18
377.650341288,582.15
377.673717224,582.15
377.696939398,582.15
377.721349362,582.15
377.744826419,611.90
377.768426934,611.90
377.791855958,611.90
377.816624519,611.90
377.839624130,643.75
377.862914625,643.75
377.885953981,643.75
377.909320285,643.75
377.933244483,643.75
377.957262443,678.97
377.981257554,678.97
378.004507665,678.97
378.027787887,678.97
378.051057134,688.17
378.074655504,688.17
378.098001744,688.17
378.121538481,688.17
378.144961170,688.19
378.168334674,688.19
378.191562735,688.19
378.214925679,688.19
378.238516402,683.12
378.261788976,683.12
378.284731019,683.12
378.307289088,683.12
378.330544703,683.12
378.354284387,653.20
378.377893158,653.20
378.401526697,653.20
378.424940201,653.20
378.448357737,623.51
378.471640616,623.51
378.494123581,623.51
378.516669330,623.51
378.540843132,580.14
378.564225948,580.14
378.587757469,580.14
378.611223678,580.14
378.634478748,580.14
378.657801788,582.87
378.680978009,582.87
378.705565799,582.87
378.730288696,582.87
378.753630583,582.45
378.776916022,582.45
378.800065779,582.45
378.824496000,582.45
378.847514555,584.92
378.871383201,584.92
378.894789633,584.92
378.918557350,584.92
378.942190696,585.48
378.965633577,585.48
378.988760166,585.48
379.011977380,585.48
379.035811177,585.48
379.059703567,582.52
379.083400659,582.52
379.106899604,582.52
379.130390965,582.52
379.153474257,585.33
379.177177877,585.33
379.202981619,585.33
379.227445280,585.33
379.251337062,588.35
379.274777095,588.35
379.298161671,588.35
379.321350436,588.35
379.345588430,612.65
379.369139344,612.65
379.392574257,612.65
379.416349781,612.65
379.439564499,612.65
379.462505870,652.01
379.485755596,652.01
379.509312206,652.01
379.532907696,652.01
379.556223695,692.06
379.579540910,692.06
379.602735820,692.06
379.625986506,692.06
379.649335721,689.90
379.673228623,689.90
379.696657904,689.90
379.719954158,689.90
379.743169036,689.90
379.766301097,691.84
379.789444998,691.84
379.812693796,691.84
379.836205605,691.84
379.859481060,683.27
379.882865348,683.27
379.906300228,683.27
379.929728805,683.27
379.953441736,649.01
379.976822152,649.01
380.000387882,649.01
380.023862923,649.01
380.046933895,649.01
380.070215398,617.34
380.093308834,617.34
380.115806551,617.34
380.138529263,617.34
380.162617943,573.87
380.186274362,573.87
380.212658399,573.87
380.236334498,573.87
380.259722050,575.49
380.282783038,575.49
380.306085181,575.49
380.330002307,575.49
380.353399203,576.39
380.377475756,576.39
380.400949581,576.39
380.424448462,576.39
380.447793805,576.39
380.470899338,571.02
380.494464268,571.02
380.517677769,571.02
380.540872903,571.02
380.563793857,573.08
380.587181953,573.08
380.610857540,573.08
380.634105410,573.08
380.657810854,573.73
380.681283463,573.73
380.704125920,573.73
380.727004442,573.73
380.750398841,573.73
380.773968892,576.04
380.797543550,576.04
380.821132640,576.04
380.844446367,576.04
380.867664189,581.78
380.890740281,581.78
380.914211930,581.78
380.937847708,581.78
380.961542400,609.43
380.985396486,609.43
381.008868551,609.43
381.032150789,609.43
381.055541893,609.43
381.079161000,644.83
381.102711881,644.83
381.126464526,644.83
381.150538998,644.83
381.173726867,690.61
381.196898577,690.61
381.220095758,690.61
381.244636028,690.61
381.268376160,688.03
381.291895874,688.03
381.316010027,688.03
381.339468043,688.03
381.363031181,691.03
381.386425133,691.03
381.410026768,691.03
381.433418543,691.03
381.457118483,691.03
381.481097018,691.87
381.504403353,691.87
381.528002459,691.87
381.551725439,691.87
381.575348450,688.42
381.598809379,688.42
381.622064833,688.42
381.645249630,688.42
381.668325370,689.59
381.691772283,689.59
381.714987480,689.59
381.738596667,689.59
381.762259582,689.59
381.785000534,683.60
381.808512759,683.60
381.831534866,683.60
381.855736092,683.60
381.879001467,645.29
381.902862272,645.29
381.926131391,645.29
381.950439338,645.29
381.973481989,608.09
381.996630530,608.09
382.019762687,608.09
382.045391386,608.09
382.068564119,576.20
382.091683828,576.20
382.115342231,576.20
382.138689430,576.20
382.162387706,576.20
382.185600055,539.13
382.208679123,539.13
382.232022003,539.13
382.255203152,539.13
382.278414734,508.86
382.302259603,508.86
382.325541394,508.86
382.349251413,508.86
382.372418994,479.08
382.395439054,479.08
382.418282791,479.08
382.441639846,479.08
382.464950885,479.08
382.488278884,441.43
382.511448929,441.43
382.535268102,441.43
382.558740071,441.43
382.582030373,415.04
382.605557127,415.04
382.629189962,415.04
382.651959490,415.04
382.674876572,366.07
382.698587424,366.07
382.722232707,366.07
382.745902406,366.07
382.769273221,366.07
382.792838439,378.09
382.815939043,378.09
382.839034592,378.09
382.863725903,378.09
382.887672822,411.79
382.911110774,411.79
382.934378389,411.79
382.957637171,411.79
382.981003666,445.40
383.005160508,445.40
383.028506651,445.40
383.052017532,445.40
383.076215398,476.40
383.099423235,476.40
383.122589344,476.40
383.145778782,476.40
383.169150941,476.40
383.192466204,507.25
383.215796219,507.25
383.238598036,507.25
383.261888658,507.25
383.284925358,540.86
383.308285965,540.86
383.331641965,540.86
383.356991109,540.86
383.380714632,574.28
383.404316171,574.28
383.427357670,574.28
383.450632101,574.28
383.474228583,574.28
383.497913866,601.96
383.521478124,601.96
383.544726506,601.96
383.568384269,601.96
383.591459561,643.20
383.614800744,643.20
383.638252841,643.20
383.662745270,643.20
383.686233495,672.95
383.709365396,672.95
383.732599057,672.95
383.755743886,672.95
383.779096589,672.95
383.802275627,680.90
383.825538793,680.90
383.848709926,680.90
383.872007653,680.90
383.895418789,683.01
383.918877541,683.01
383.942215268,683.01
383.965667653,683.01
383.988906115,671.99
384.012185025,671.99
384.035791171,671.99
384.058830239,671.99
384.081717176,671.99
384.104852149,668.94
384.127962865,668.94
384.151138318,668.94
384.174371084,668.94
384.197501129,667.81
384.220512964,667.81
384.243640768,667.81
384.268097997,667.81
384.291202890,668.45
384.314152868,668.45
384.337319809,668.45
384.360757281,668.45
384.384254402,668.45
384.407877669,664.69
384.431606857,664.69
384.455021577,664.69
384.478167590,664.69
384.501111200,659.12
384.523977465,659.12
384.546884627,659.12
384.570917722,659.12
384.594098264,656.90
384.617137235,656.90
384.640131630,656.90
384.663180585,656.90
384.686346886,656.90
384.709438754,661.75
384.733089573,661.75
384.756463077,661.75
384.780623758,661.75
384.803838444,656.61
384.827038441,656.61
384.850738124,656.61
384.874226509,656.61
384.897405482,653.13
384.920486886,653.13
384.943250398,653.13
384.966213945,653.13
384.989982429,653.13
385.013537695,661.16
385.039862595,661.16
385.063125281,661.16
385.086228349,661.16
385.109081526,667.96
385.132203923,667.96
385.155215438,667.96
385.178911761,667.96
385.202425042,666.87
385.225835602,666.87
385.249072784,666.87
385.272705267,666.87
385.296542136,662.05
385.319421426,662.05
385.342442253,662.05
385.365790316,662.05
385.389045450,662.05
385.411934756,666.94
385.435386436,666.94
385.458762467,666.94
385.482210628,666.94
385.505526179,672.49
385.528471005,672.49
385.551327062,672.49
385.574392562,672.49
385.597788337,673.52
385.620591402,673.52
385.643732070,673.52
385.666694017,673.52
385.689996351,673.52
385.713067995,670.74
385.736302233,670.74
385.759318356,670.74
385.781976171,670.74
385.804700450,638.18
385.828076290,638.18
385.851651012,638.18
385.875290374,638.18
385.898608965,638.47
385.921691361,638.47
385.945420613,638.47
385.968537985,638.47
385.991729759,638.47
386.015274816,641.42
386.040277012,641.42
386.063128077,641.42
386.086300554,641.42
386.109425222,641.43
386.132715012,641.43
386.155703295,641.43
386.178243988,641.43
386.200872683,601.32
386.224836369,601.32
386.248097136,601.32
386.271218540,601.32
386.294627916,601.32
386.317471461,601.43
386.340587233,601.43
386.364066562,601.43
386.387111165,601.43
386.410079800,599.58
386.433116819,599.58
386.456114318,599.58
386.479005255,599.58
386.509292028,573.27
386.532368472,573.27
386.556124220,573.27
386.579634237,573.27
386.603007196,573.27
386.626584894,540.85
386.649846364,540.85
386.672551860,540.85
386.695835570,540.85
386.718962094,510.61
386.741968489,510.61
386.765401577,510.61
386.788561798,510.61
386.811865829,508.11
386.835019842,508.11
386.858423745,508.11
386.881432028,508.11
386.904654714,508.11
386.928214012,486.33
386.951769661,486.33
386.975013339,486.33
386.999014754,486.33
387.022414466,452.38
387.046743117,452.38
387.069976683,452.38
387.092414303,452.38
387.115047349,405.60
387.138904859,405.60
387.162110264,405.60
387.185707802,405.60
387.209407390,440.76
387.232661916,440.76
387.255894233,440.76
387.279360698,440.76
387.303509027,440.76
387.326951075,441.97
387.350507813,441.97
387.373913829,441.97
387.397104642,441.97
387.420152957,446.78
387.443454172,446.78
387.466910524,446.78
387.490751873,446.78
387.514820585,474.32
387.538251017,474.32
387.561577992,474.32
387.584641412,474.32
387.607714431,474.32
387.631457187,508.18
387.655099718,508.18
387.678942923,508.18
387.702633935,508.18
387.725963725,541.05
387.749558287,541.05
387.773180178,541.05
387.796915318,541.05
387.820448855,568.38
387.844167323,568.38
387.867459289,568.38
387.890837849,568.38
387.914146071,604.01
387.937538967,604.01
387.961301339,604.01
387.985013055,604.01
388.009104263,604.01
388.032287172,642.10
388.055632259,642.10
388.079235845,642.10
388.102881096,642.10
388.126255719,677.20
388.150114957,677.20
388.173805904,677.20
388.196983693,677.20
388.220477486,689.40
388.243890190,689.40
388.267614161,689.40
388.290873520,689.40
388.314075917,689.40
388.337212457,691.32
388.360408742,691.32
388.383486306,691.32
388.407397096,691.32
388.430740231,688.39
388.454004741,688.39
388.476976320,688.39
388.501205770,688.39
388.524376262,662.68
388.548170219,662.68
388.571717196,662.68
388.604631425,662.68
388.627721437,631.96
388.651858790,631.96
388.676025103,631.96
388.698949193,631.96
388.721910211,598.15
388.745728360,598.15
388.769558509,598.15
388.793295217,598.15
388.816882995,598.15
388.840007439,589.41
388.863436943,589.41
388.887883387,589.41
388.911530110,589.41
388.935483301,587.89
388.959011846,587.89
388.982322597,587.89
389.006047720,587.89
389.029444520,584.90
389.052872808,584.90
389.076360681,584.90
389.099650791,584.90
389.122961510,584.90
389.146097826,585.34
389.169109245,585.34
389.193174789,585.34
389.216712070,585.34
389.240763502,582.34
389.263946379,582.34
389.287240201,582.34
389.310437766,582.34
389.333551747,584.36
389.357443208,584.36
389.380859688,584.36
389.404894704,584.36
389.428275023,580.99
389.451683567,580.99
389.474897996,580.99
389.498445550,580.99
389.522336435,580.99
389.546074583,603.58
389.569343349,603.58
389.592444785,603.58
389.616806525,603.58
389.639806039,642.97
389.663330457,642.97
389.686768921,642.97
389.711318855,642.97
389.734356674,681.19
389.758196199,681.19
389.781531846,681.19
389.805299114,681.19
389.828748714,681.19
389.852725169,679.82
389.875919118,679.82
389.899234445,679.82
389.922389193,679.82
389.945992875,680.83
389.969460108,680.83
389.993432659,680.83
390.016969588,680.83
390.040457525,683.19
390.063746067,683.19
390.087031089,683.19
390.110898935,683.19
390.134467544,681.99
390.158156699,681.99
390.181301752,681.99
390.204246994,681.99
390.227667026,681.99
390.251187283,681.68
390.274439281,681.68
390.298076883,681.68
390.322837956,681.68
390.345799294,683.05
390.369056636,683.05
390.392537085,683.05
390.417154667,683.05
390.440979120,682.53
390.464457713,682.53
390.487774671,682.53
390.510894475,682.53
390.534175818,682.53
390.557590025,682.42
390.581024585,682.42
390.604457737,682.42
390.627628646,682.42
390.650883652,681.23
390.673918431,681.23
390.699665020,681.23
390.723261150,681.23
390.747557800,679.56
390.771801810,679.56
390.794914958,679.56
390.818186860,679.56
390.841568652,681.20
390.865395953,681.20
390.888949330,681.20
390.912486579,681.20
390.935702641,681.20
390.958901806,683.04
390.982207916,683.04
391.006172691,683.04
391.029950551,683.04
391.053459896,681.26
391.076845784,681.26
391.100010644,681.26
391.123782712,681.26
391.147264025,681.74
391.170837947,681.74
391.194652831,681.74
391.218175137,681.74
391.241735810,681.93
391.264579259,681.93
391.288016219,681.93
391.312133572,681.93
391.335669445,681.93
391.359239238,681.16
391.382756167,681.16
391.405773634,681.16
391.428820094,681.16
391.451956314,685.18
391.475326265,685.18
391.498598519,685.18
391.522381884,685.18
391.545567320,684.54
391.568714645,684.54
391.591820945,684.54
391.615591669,684.54
391.639577340,684.54
391.663008188,681.95
391.686777376,681.95
391.709860763,681.95
391.734419945,681.95
391.757879882,683.72
391.781184328,683.72
391.805092718,683.72
391.829840446,683.72
391.852953018,684.86
391.875908884,684.86
391.899185202,684.86
391.922926646,684.86
391.946941373,684.59
391.970609600,684.59
391.993975135,684.59
392.017121724,684.59
392.040497467,684.59
392.063526038,683.46
392.087323226,683.46
392.110708442,683.46
392.134443005,683.46
392.157908766,683.65
392.181269661,683.65
392.204350425,683.65
392.228116829,683.65
392.251434811,684.08
392.274370485,684.08
392.297502577,684.08
392.320452299,684.08
392.343726249,684.08
392.366881286,687.82
392.390079075,687.82
392.413459586,687.82
392.436554974,687.82
392.459684698,675.28
392.483039993,675.28
392.506394296,675.28
392.529608566,675.28
392.553007989,642.35
392.576365364,642.35
392.599757812,642.35
392.623162547,642.35
392.646431665,642.35
392.670188949,614.52
392.693659061,614.52
392.717718429,614.52
392.740428116,614.52
392.763057866,570.59
392.786875535,570.59
392.810617651,570.59
392.834040211,570.59
392.858328989,570.59
392.881454457,561.19
392.904594037,561.19
392.927777170,561.19
392.951778361,561.19
392.975536893,562.55
392.999529700,562.55
393.023272520,562.55
393.047566322,562.55
393.070517068,563.86
393.093500999,563.86
393.116975367,563.86
393.141097680,563.86
393.164877236,564.91
393.188240467,564.91
393.211405424,564.91
393.234383946,564.91
393.258383377,564.91
393.281696367,565.07
393.305202416,565.07
393.328794514,565.07
393.352032880,565.07
393.375128779,564.69
393.398403209,564.69
393.422130349,564.69
393.445663534,564.69
393.468987149,565.92
393.492880466,565.92
393.516085487,565.92
393.539045289,565.92
393.562830606,598.99
393.586521681,598.99
393.610056274,598.99
393.633808150,598.99
393.657132500,598.99
393.680195600,637.66
393.703401005,637.66
393.726540105,637.66
393.750615697,637.66
393.773985456,669.09
393.798018903,669.09
393.821459223,669.09
393.844672628,669.09
393.868001011,688.37
393.892026874,688.37
393.915748606,688.37
393.939540514,688.37
393.962837152,688.37
393.986054269,690.85
394.009183898,690.85
394.032410743,690.85
394.056237276,690.85
394.079636731,689.35
394.103398463,689.35
394.126752574,689.35
394.150836614,689.35
394.173907298,690.16
394.197811943,690.16
394.221522539,690.16
394.245310479,690.16
394.268813008,691.60
394.292000524,691.60
394.315364395,691.60
394.338588329,691.60
394.362083913,691.60
394.385453513,689.23
394.409287726,689.23
394.432657837,689.23
394.455856490,689.23
394.478925125,691.82
394.502073985,691.82
394.525864102,691.82
394.549537000,691.82
394.573234188,690.88
394.596230598,690.88
394.619130335,690.88
394.642132026,690.88
394.665736892,690.88
394.689002106,689.00
394.712433850,689.00
394.735871514,689.00
394.759042134,689.00
394.781970448,692.18
394.805254830,692.18
394.829144371,692.18
394.852401649,692.18
394.875932690,691.51
394.899606933,691.51
394.922642352,691.51
394.945913646,691.51
394.969098667,691.51
394.992527851,688.78
395.016085484,688.78
395.040971550,688.78
395.064511455,688.78
395.087726588,689.78
395.110876056,689.78
395.135249252,689.78
395.158949351,689.78
395.182467144,691.28
395.205835655,691.28
395.228914786,691.28
395.252084287,691.28
395.275572064,691.28
395.299103233,691.28
395.322417983,691.28
395.346277604,691.28
395.369669028,691.28
395.392652734,692.40
395.415733305,692.40
395.439074040,692.40
395.462718875,692.40
395.486127674,691.33
395.509800029,691.33
395.532822232,691.33
395.555768850,691.33
395.579135313,692.06
395.602431919,692.06
395.625811438,692.06
395.649422576,692.06
395.672747118,692.06
395.695718825,693.89
395.718793796,693.89
395.741987649,693.89
395.765821670,693.89
395.789020323,691.29
395.812667045,691.29
395.836058148,691.29
395.859175840,691.29
395.882591456,692.33
395.905764957,692.33
395.928849912,692.33
395.954292945,692.33
395.977630095,692.33
396.001289042,693.36
396.024695249,693.36
396.048195410,693.36
396.071542161,693.36
396.093881347,678.93
396.116210934,678.93
396.138977933,678.93
396.162332332,678.93
396.185469736,650.11
396.208691461,650.11
396.231814946,650.11
396.255063711,650.11
396.278317981,650.11
396.301236502,649.73
396.324282225,649.73
396.346698981,649.73
396.369359227,649.73
396.392902908,603.29
396.416551039,603.29
396.440110752,603.29
396.464051942,603.29
396.487700617,600.29
396.510878309,600.29
396.534120323,600.29
396.557366016,600.29
396.580793024,600.29
396.603828251,599.22
396.627110777,599.22
396.650077747,599.22
396.673268976,599.22
396.696572718,601.17
396.719591337,601.17
396.742767877,601.17
396.765915553,601.17
396.789522723,578.00
396.813052452,578.00
396.836433444,578.00
396.859981061,578.00
396.882992639,578.00
396.906019770,544.37
396.929196343,544.37
396.952350643,544.37
396.975635217,544.37
397.009123981,509.25
397.032305865,509.25
397.055784010,509.25
397.079629774,509.25
397.102596936,495.14
397.126014088,495.14
397.149137284,495.14
397.173541040,495.14
397.196834862,490.64
397.219967210,490.64
397.243372137,490.64
397.266585959,490.64
397.290424619,490.64
397.313753706,458.97
397.337580142,458.97
397.360695530,458.97
397.384108714,458.97
397.406625951,465.81
397.429558200,465.81
397.452800629,465.81
397.476671931,465.81
397.500325085,454.75
397.523810493,454.75
397.546765943,454.75
397.569825875,454.75
397.593310803,448.55
397.616988662,448.55
397.640887899,448.55
397.665078212,448.55
397.688858952,448.55
397.711999460,452.11
397.735098336,452.11
397.758698178,452.11
397.782775114,452.11
397.806575726,467.91
397.830202224,467.91
397.853262603,467.91
397.876401959,467.91
397.899885928,497.73
397.923781613,497.73
397.947561361,497.73
397.971424118,497.73
397.994823766,497.73
398.018014418,534.96
398.041045453,534.96
398.064598094,534.96
398.088335570,534.96
398.112051349,566.60
398.135821721,566.60
398.158998646,566.60
398.182250707,566.60
398.205430288,600.80
398.228526859,600.80
398.252117933,600.80
398.275631534,600.80
398.299667221,632.55
398.323047700,632.55
398.346138448,632.55
398.369239147,632.55
398.393093744,632.55
398.416679730,660.43
398.440369525,660.43
398.464121689,660.43
398.487481207,660.43
398.510734869,687.41
398.534092948,687.41
398.557797495,687.41
398.581654748,687.41
398.605547137,687.90
398.628855839,687.90
398.652363616,687.90
398.675557405,687.90
398.698947836,687.90
398.722649791,690.16
398.746409443,690.16
398.769212763,690.16
398.793485349,690.16
398.816791075,667.19
398.840033504,667.19
398.863392447,667.19
398.887975949,667.19
398.910977191,668.49
398.934177124,668.49
398.956982012,668.49
398.979414576,668.49
399.002068422,668.49
399.025881962,629.21
399.049308266,629.21
399.073035949,629.21
399.103332961,629.21
399.126686624,628.09
399.150527493,628.09
399.173593792,628.09
399.197387236,628.09
399.220750243,626.31
399.244118946,626.31
399.267649475,626.31
399.291756459,626.31
399.315267467,626.79
399.339344371,626.79
399.363273305,626.79
399.386970556,626.79
399.410638718,627.39
399.434120478,627.39
399.457445565,627.39
399.480948029,627.39
399.504642880,627.39
399.528390564,626.59
399.552504908,626.59
399.575959372,626.59
399.600732444,626.59
399.624295581,626.97
399.647864031,626.97
399.671669699,626.97
399.695836044,626.97
399.719554447,629.23
399.742935214,629.23
399.766057226,629.23
399.789154213,629.23
399.813001706,650.30
399.836328808,650.30
399.859702087,650.30
399.883349802,650.30
399.906605607,650.30
399.929686275,650.38
399.952960192,650.38
399.976757860,650.38
400.000318790,650.38
400.024337709,689.34
400.047543785,689.34
400.070780327,689.34
400.093963939,689.34
400.117759432,692.84
400.141273320,692.84
400.164730088,692.84
400.188159688,692.84
400.211349189,692.84
400.234382143,694.23
400.258012865,694.23
400.282069865,694.23
400.305707179,694.23
400.329302637,695.00
400.352792461,695.00
400.375926761,695.00
400.400072305,695.00
400.423571218,694.96
400.447461655,694.96
400.470881719,694.96
400.494260086,694.96
400.517858935,695.86
400.541053780,695.86
400.564168688,695.86
400.587671856,695.86
400.611342387,695.86
400.634969205,694.62
400.658590583,694.62
400.681700723,694.62
400.704882479,694.62
400.727903530,695.87
400.751327913,695.87
400.774676776,695.87
400.798462988,695.87
400.822080686,694.87
400.845131721,694.87
400.868003266,694.87
400.891162334,694.87
400.915169029,694.87
400.938651365,694.82
400.962570890,694.82
400.985746855,694.82
401.009873327,694.82
401.032927306,696.09
401.055666593,696.09
401.079100193,696.09
401.102420767,696.09
401.125987424,695.36
401.149476609,695.36
401.172618237,695.36
401.197745233,695.36
401.221412500,695.36
401.244945493,694.74
401.268132049,694.74
401.291307694,694.74
401.314483658,694.74
401.337674055,696.02
401.361000325,696.02
401.384029056,696.02
401.407335870,696.02
401.430354393,678.14
401.453525429,678.14
401.476724178,678.14
401.500003215,678.14
401.523366094,678.14
401.546383049,644.41
401.569555205,644.41
401.592566975,644.41
401.615741404,644.41
401.639507744,612.00
401.663030080,612.00
401.686428640,612.00
401.709942432,612.00
401.733359264,578.12
401.756521020,578.12
401.779709144,578.12
401.803116088,578.12
401.826657241,553.17
401.849953175,553.17
401.873319509,553.17
401.897136698,553.17
401.920120852,553.17
401.942624360,515.19
401.965624418,515.19
401.989080578,515.19
402.012657540,515.19
402.036375367,495.89
402.059707493,495.89
402.082823873,495.89
402.105889308,495.89
402.129962371,494.60
402.153745479,494.60
402.177179559,494.60
402.200747112,494.60
402.224012966,494.60
402.247185090,491.55
402.270295198,491.55
402.294114850,491.55
402.317809733,491.55
402.341375846,487.32
402.365019049,487.32
402.388085444,487.32
402.411184927,487.32
402.434424828,510.69
402.457852188,510.69
402.481346652,510.69
402.504848349,510.69
402.528353309,510.69
402.551650171,541.81
402.574753783,541.81
402.597952179,541.81
402.622615298,541.81
402.645904288,576.63
402.669469889,576.63
402.692973633,576.63
402.717179402,576.63
402.740460680,610.80
402.763873735,610.80
402.787483497,610.80
402.810921257,610.80
402.834520778,632.74
402.857975146,632.74
402.881522475,632.74
402.904748616,632.74
402.928033702,632.74
402.951381061,662.41
402.974717571,662.41
402.998219555,662.41
403.021544994,662.41
403.047232829,685.22
403.070414073,685.22
403.093959450,685.22
403.117542908,685.22
403.141289887,684.34
403.165328390,684.34
403.188680293,684.34
403.211765696,684.34
403.235366466,684.34
403.259238823,683.04
403.283014762,683.04
403.306404650,683.04
403.330240814,683.04
403.353686734,685.58
403.377021292,685.58
403.400134216,685.58
403.422957888,685.58
403.445570709,663.90
403.468083690,663.90
403.490861345,663.90
403.514529412,663.90
403.538201894,663.90
403.561555333,640.00
403.584566847,640.00
403.607577209,640.00
403.630934616,640.00
403.654463225,645.14
403.677463219,645.14
403.701082933,645.14
403.725672514,645.14
403.748915648,639.26
403.771980667,639.26
403.794898516,639.26
403.818302547,639.26
403.842175096,639.26
403.865339636,642.05
403.888286670,642.05
403.911354409,642.05
403.934973131,642.05
403.958510955,643.70
403.981742793,643.70
404.005333322,643.70
404.029104110,643.70
404.052262826,640.78
404.075454470,640.78
404.098651299,640.78
404.122377190,640.78
404.146261291,640.10
404.169617706,640.10
404.192605508,640.10
404.215682943,640.10
404.239065918,640.10
404.262756257,642.30
404.286064159,642.30
404.309757026,642.30
404.333454084,642.30
404.356572704,639.18
404.379897918,639.18
404.403088155,639.18
404.426949952,639.18
404.450877445,658.75
404.474186499,658.75
404.497070748,658.75
404.520070934,658.75
404.543462101,658.75
404.567155576,682.83
404.590564151,682.83
404.614165049,682.83
404.639409358,682.83
404.662842062,680.97
404.685740551,680.97
404.709163366,680.97
404.733654675,680.97
404.757371670,682.52
404.781048664,682.52
404.804384374,682.52
404.827772085,682.52
404.851188373,683.10
404.874497331,683.10
404.897865009,683.10
404.921680150,683.10
404.945663548,683.10
404.968718871,679.28
404.992056085,679.28
405.015535573,679.28
405.041127759,679.28
405.064648912,682.11
405.087835884,682.11
405.110782086,682.11
405.133864673,682.11
405.157033437,684.66
405.180161081,684.66
405.203484311,684.66
405.226828661,684.66
405.250730651,684.66
405.273761237,680.99
405.296943890,680.99
405.320340593,680.99
405.344670651,680.99
405.367947065,683.31
405.391126709,683.31
405.414167856,683.31
405.439405861,683.31
405.462628834,686.38
405.486041922,686.38
405.509702948,686.38
405.532940065,686.38
405.556480962,684.70
405.580037315,684.70
405.603176607,684.70
405.626358203,684.70
405.649515031,684.70
405.672765524,685.13
405.695809807,685.13
405.718934091,685.13
405.742122631,685.13
405.765521798,687.42
405.788622050,687.42
405.811307512,687.42
405.834308434,687.42
405.857628272,687.42
405.880387015,665.46
405.903381889,665.46
405.926866113,665.46
405.950204384,665.46
405.973297691,634.89
405.997044446,634.89
406.020638016,634.89
406.045794005,634.89
406.068226088,593.79
406.091773129,593.79
406.115436619,593.79
406.138897803,593.79
406.162415403,579.04
406.185776298,579.04
406.208825893,579.04
406.231986017,579.04
406.255831813,579.04
406.279214244,580.53
406.302701316,580.53
406.326343302,580.53
406.349432193,580.53
406.372285722,581.81
406.395343829,581.81
406.418942934,581.81
406.443800871,581.81
406.467575755,578.41
406.491056075,578.41
406.514149126,578.41
406.537173568,578.41
406.560593984,578.41
406.584426180,581.94
406.608158791,581.94
406.631589862,581.94
406.655154152,581.94
406.678270435,584.07
406.701449855,584.07
406.724927839,584.07
406.750019443,584.07
406.773664245,578.29
406.797332312,578.29
406.820651381,578.29
406.843919571,578.29
406.867006062,578.29
406.889948007,607.52
406.913320166,607.52
406.936939656,607.52
406.960590570,607.52
406.983890696,641.98
407.007108709,641.98
407.030310273,641.98
407.054010564,641.98
407.077305730,675.62
407.101151302,675.62
407.124912106,675.62
407.148065894,675.62
407.171277442,690.34
407.194399422,690.34
407.217830237,690.34
407.241591233,690.34
407.265070657,690.34
407.288927653,690.48
407.312257828,690.48
407.335359871,690.48
407.358611068,690.48
407.382151677,689.04
407.405891584,689.04
407.429994504,689.04
407.454730807,689.04
407.477783698,692.47
407.500853709,692.47
407.523699909,692.47
407.547390632,692.47
407.570740614,692.47
407.594455785,691.59
407.618186508,691.59
407.641210566,691.59
407.664478564,691.59
407.688144006,690.56
407.711944330,690.56
407.735476874,690.56
407.759078284,690.56
407.782088422,693.22
407.805224930,693.22
407.828660513,693.22
407.852050880,693.22
407.875702050,691.36
407.899086177,691.36
407.922400543,691.36
407.945759773,691.36
407.969378495,691.36
407.992932512,693.02
408.015993819,693.02
408.054370065,693.02
408.077347915,693.02
408.100993805,648.79
408.124525678,648.79
408.148262225,648.79
408.171813970,648.79
408.195359827,646.60
408.218778034,646.60
408.242607926,646.60
408.266130071,646.60
408.289740760,646.60
408.313213496,646.81
408.336546870,646.81
408.359786963,646.81
408.383181298,646.81
408.406119628,646.53
408.429433609,646.53
408.452764616,646.53
408.476421482,646.53
408.499562373,645.02
408.522458270,645.02
408.545324727,645.02
408.568759542,645.02
408.592595642,645.67
408.615779223,645.67
408.638699312,645.67
408.661527240,645.67
408.684776293,645.67
408.708035234,647.91
408.731185118,647.91
408.754279225,647.91
408.777384852,647.91
408.800588113,626.96
408.824362964,626.96
408.847604145,626.96
408.870800238,626.96
408.893859593,596.21
408.917363049,596.21
408.940023711,596.21
408.963185691,596.21
408.986535129,596.21
409.009918072,567.23
409.033013395,567.23
409.056387442,567.23
409.079835441,567.23
409.103106415,573.76
409.126376364,573.76
409.149475015,573.76
409.172792005,573.76
409.195999778,539.68
409.219087581,539.68
409.242026294,539.68
409.265257843,539.68
409.288429775,539.68
409.311504074,511.34
409.334952938,511.34
409.358145702,511.34
409.381863049,511.34
409.404923396,476.38
409.428533509,476.38
409.451570240,476.38
409.475582214,476.38
409.498819939,443.24
409.522373156,443.24
409.545339038,443.24
409.568697340,443.24
409.591911161,443.24
409.615505530,411.30
409.638995482,411.30
409.662531419,411.30
409.685804600,411.30
409.709379673,369.59
409.732245649,369.59
409.754608996,369.59
409.778407495,369.59
409.801761318,354.39
409.825060771,354.39
409.849079114,354.39
409.873270451,354.39
409.896284685,384.81
409.919506505,384.81
409.943606961,384.81
409.967639480,384.81
409.991505692,384.81
410.014991292,415.42
410.040871770,415.42
410.064271641,415.42
410.087477333,415.42
410.111154743,445.59
410.135087741,445.59
410.158756287,445.59
410.182603811,445.59
410.206339207,476.48
410.229995976,476.48
410.254000847,476.48
410.277634705,476.48
410.301249266,506.44
410.325046774,506.44
410.348365300,506.44
410.371361038,506.44
410.394408264,506.44
410.417945513,543.41
410.441672780,543.41
410.465366382,543.41
410.488660620,543.41
410.511796648,573.53
410.535184294,573.53
410.558646886,573.53
410.582374825,573.53
410.605898761,607.41
410.630400438,607.41
410.653290766,607.41
410.676480619,607.41
410.699731208,644.48
410.723153447,644.48
410.746863530,644.48
410.770671341,644.48
410.794146093,644.48
410.817468939,679.60
410.841016076,679.60
410.864794191,679.60
410.888889783,679.60
410.912304502,679.44
410.935765622,679.44
410.959135508,679.44
410.983358749,679.44
411.006562970,681.19
411.030249820,681.19
411.053422936,681.19
411.077365214,681.19
411.100707260,681.45
411.124021274,681.45
411.146866002,681.45
411.169616841,681.45
411.192835621,681.45
411.215859359,678.89
411.238790937,678.89
411.261838899,678.89
411.285725784,678.89
411.309103159,682.29
411.331858126,682.29
411.354430594,682.29
411.376960855,682.29
411.400196243,682.29
411.423302639,640.33
411.446706350,640.33
411.470635987,640.33
411.494217780,640.33
411.517177389,639.01
411.540063814,639.01
411.564474609,639.01
411.588373686,639.01
411.611931863,637.71
411.635247541,637.71
411.658309712,637.71
411.683922538,637.71
411.706787714,635.76
411.730422788,635.76
411.754276904,635.76
411.778027659,635.76
411.801278344,635.76
411.824252354,638.50
411.847614496,638.50
411.871765800,638.50
411.896407350,638.50
411.919942327,637.64
411.943678746,637.64
411.966789237,637.64
411.991256769,637.64
412.014311132,636.09
412.040813728,636.09
412.064214751,636.09
412.088101732,636.09
412.111318209,638.01
412.134287130,638.01
412.157210963,638.01
412.180693939,638.01
412.204005393,638.01
412.226909386,639.19
412.250044453,639.19
412.273450596,639.19
412.296620288,639.19
412.319663003,644.01
412.342769718,644.01
412.365670383,644.01
412.388572615,644.01
412.412010951,656.40
412.435318340,656.40
412.458373823,656.40
412.481819774,656.40
412.504983578,656.40
412.528074805,623.49
412.551952474,623.49
412.575169911,623.49
412.598624342,623.49
412.621884403,591.69
412.645592150,591.69
412.668400461,591.69
412.690891553,591.69
412.714259967,554.78
412.771459933,554.78
412.795260608,554.78
412.818341947,554.78
412.842068702,552.87
412.866178245,552.87
412.889540228,552.87
412.913234150,552.87
412.936644261,552.87
412.959705728,555.96
412.983064798,555.96
413.006328603,555.96
413.030055934,555.96
413.053361820,555.38
413.076845820,555.38
413.100551742,555.38
413.123760059,555.38
413.146761845,555.39
413.170347126,555.39
413.193661363,555.39
413.217016242,555.39
413.240979511,550.16
413.264354390,550.16
413.287370736,550.16
413.310450923,550.16
413.333929995,550.16
413.357445067,552.99
413.381054988,552.99
413.404319881,552.99
413.427434021,552.99
413.450411710,577.22
413.473657659,577.22
413.497101530,577.22
413.520709820,577.22
413.544780643,608.86
413.567933759,608.86
413.590865944,608.86
413.614042868,608.86
413.637050766,608.86
413.660436396,641.27
413.684206480,641.27
413.707826289,641.27
413.731229264,641.27
413.754347979,679.78
413.777945676,679.78
413.801269578,679.78
413.825185359,679.78
413.848062056,678.39
413.871133602,678.39
413.894056699,678.39
413.917024789,678.39
413.940195281,678.39
413.963405389,678.13
413.986449448,678.13
414.009836870,678.13
414.033416711,678.13
414.056568579,650.16
414.079635870,650.16
414.102702744,650.16
414.127202501,650.16
414.150143038,617.96
414.173720479,617.96
414.196897531,617.96
414.220328986,617.96
414.243591607,617.96
414.266984758,590.41
414.290739545,590.41
414.314758015,590.41
414.337995516,590.41
414.360851540,559.23
414.384466774,559.23
414.407351726,559.23
414.430716428,559.23
414.453998218,523.19
414.477353704,523.19
414.500636389,523.19
414.523606271,523.19
414.546872636,523.19
414.570113208,482.45
414.593312981,482.45
414.617515133,482.45
414.640756122,482.45
414.664127001,453.10
414.687022513,453.10
414.710198861,453.10
414.733281064,453.10
414.756667942,413.88
414.779927396,413.88
414.803314690,413.88
414.826717857,413.88
414.850000350,390.76
414.873235579,390.76
414.896555993,390.76
414.919950327,390.76
414.943202868,390.76
414.966485489,357.57
414.989519532,357.57
415.013453585,357.57
415.036532268,357.57
415.060427697,358.52
415.083728718,358.52
415.107689492,358.52
415.130849680,358.52
415.154025036,358.80
415.177311305,358.80
415.200409348,358.80
415.223735458,358.80
415.247132545,358.80
415.270264988,359.62
415.293346327,359.62
415.316853335,359.62
415.340306742,359.62
415.363327792,366.24
415.386428427,366.24
415.409976300,366.24
415.433986642,366.24
415.456922987,372.76
415.479436223,372.76
415.503078145,372.76
415.526407103,372.76
415.549816733,372.76
415.573402814,388.29
415.597123777,388.29
415.620354494,388.29
415.643790205,388.29
415.668120583,423.12
415.691672712,423.12
415.715172327,423.12
415.739465425,423.12
415.763150771,456.88
415.786734260,456.88
415.810753403,456.88
415.834323099,456.88
415.858240544,486.40
415.882275783,486.40
415.906399118,486.40
415.929951279,486.40
415.954007894,486.40
415.977771225,514.55
416.001914785,514.55
416.025546434,514.55
416.048612509,514.55
416.071820249,549.32
416.095404858,549.32
416.118864858,549.32
416.142991041,549.32
416.166481441,578.95
416.190330821,578.95
416.213312959,578.95
416.236498683,578.95
416.259929658,578.95
416.283820383,604.92
416.307271742,604.92
416.330936608,604.92
416.354264510,604.92
416.377269016,633.62
416.400372531,633.62
416.424530011,633.62
416.447854296,633.62
416.471691965,652.56
416.494760119,652.56
416.517877490,652.56
416.540888940,652.56
416.564297067,678.61
416.587703146,678.61
416.611225482,678.61
416.634853707,678.61
416.658263690,678.61
416.681455110,679.61
416.704798116,679.61
416.728834411,679.61
416.752414860,679.61
416.776039853,678.26
416.799427052,678.26
416.822240227,678.26
416.845513920,678.26
416.869224035,680.16
416.892658082,680.16
416.916634503,680.16
416.939927973,680.16
416.962962847,680.16
416.985901816,681.54
417.009454905,681.54
417.032896632,681.54
417.057229186,681.54
417.080481279,678.44
417.103790620,678.44
417.126728085,678.44
417.150951614,678.44
417.174926660,679.67
417.198150304,679.67
417.221768354,679.67
417.244861180,679.67
417.268265243,679.67
417.291482328,679.89
417.314991576,679.89
417.339000862,679.89
417.362659616,679.89
417.385985213,678.26
417.409275227,678.26
417.433255744,678.26
417.456990659,678.26
417.480371874,680.63
417.504248966,680.63
417.527370273,680.63
417.550630782,680.63
417.573788442,681.42
417.597142328,681.42
417.620693240,681.42
417.644061239,681.42
417.667952795,681.42
417.690887796,678.84
417.714145905,678.84
417.737222540,678.84
417.761830265,678.84
417.785249080,678.87
417.808794169,678.87
417.831937396,678.87
417.855203121,678.87
417.878801970,681.18
417.901904685,681.18
417.925552911,681.18
417.948861324,681.18
417.972387596,681.18
417.995571272,679.31
418.018880390,679.31
418.042561128,679.31
418.066289771,679.31
418.089867659,679.14
418.113321579,679.14
418.136744170,679.14
418.159789476,679.14
418.183318436,680.25
418.206751139,680.25
418.230511174,680.25
418.254264393,680.25
418.277704936,681.41
418.300618849,681.41
418.323524826,681.41
418.347283069,681.41
418.370416280,681.41
418.393503155,681.15
418.416847569,681.15
418.440597108,681.15
418.463662670,681.15
418.486836362,682.14
418.510078791,682.14
418.532756764,682.14
418.555188687,682.14
418.578424364,682.14
418.601564903,641.32
418.624548737,641.32
418.647368216,641.32
418.670540692,641.32
418.693829905,641.48
418.717071534,641.48
418.739884005,641.48
418.762522523,641.48
418.785105871,613.00
418.808849362,613.00
418.832631541,613.00
418.855968371,613.00
418.879546580,613.00
418.902685455,601.06
418.926052109,601.06
418.949139816,601.06
418.972869003,601.06
418.996273034,602.17
419.019638760,602.17
419.043283081,602.17
419.066942699,602.17
419.090403466,603.81
419.113648679,603.81
419.137224872,603.81
419.160386820,603.81
419.183844323,603.81
419.207233089,603.05
419.230155482,603.05
419.254081599,603.05
419.276891318,603.05
419.299837232,600.35
419.322644743,600.35
419.345695073,600.35
419.369208833,600.35
419.392186267,570.59
419.415649946,570.59
419.438927063,570.59
419.462179156,570.59
419.485276271,570.59
419.508698893,539.77
419.531835401,539.77
419.555867439,539.77
419.579586610,539.77
419.602664108,544.13
419.625743399,544.13
419.648894946,544.13
419.671883548,544.13
419.695699200,503.24
419.719058078,503.24
419.742892706,503.24
419.765696057,503.24
419.789009814,503.59
419.812013808,503.59
419.835403374,503.59
419.858747340,503.59
419.882268748,503.59
419.905332071,480.48
419.928537059,480.48
419.951669118,480.48
419.975019004,480.48
419.998332794,448.94
420.021515510,448.94
420.047391955,448.94
420.070413548,448.94
420.093442598,408.79
420.117451981,408.79
420.141426066,408.79
420.164210825,408.79
420.187511142,408.79
420.210377183,376.46
420.233744445,376.46
420.257157499,376.46
420.280476761,376.46
420.303775638,352.68
420.327132340,352.68
420.350732565,352.68
420.374280502,352.68
420.397736917,350.85
420.421029490,350.85
420.443681576,350.85
420.466483071,350.85
420.490037631,350.85
420.513269564,350.54
420.536739099,350.54
420.560346268,350.54
420.584004670,350.54
420.607215898,383.74
420.631007229,383.74
420.654669503,383.74
420.678703397,383.74
420.702406536,418.05
420.725780998,418.05
420.748749759,418.05
420.771922683,418.05
420.795322361,418.05
420.818931354,448.71
420.842853215,448.71
420.866530977,448.71
420.889817790,448.71
420.913017435,485.54
420.937251299,485.54
420.961486092,485.54
420.984897099,485.54
421.008958929,518.21
421.032321039,518.21
421.055328425,518.21
421.078378083,518.21
421.101985572,547.17
421.125543333,547.17
421.151891559,547.17
421.175150308,547.17
421.198401729,547.17
421.221718239,580.39
421.244725880,580.39
421.268184887,580.39
421.292035772,580.39
421.315902272,616.06
421.339003611,616.06
421.361965556,616.06
421.385100879,616.06
421.408816626,642.28
421.432595733,642.28
421.456208950,642.28
421.479558196,642.28
421.502865489,682.23
421.526063117,682.23
421.549264777,682.23
421.572617767,682.23
421.595962885,682.23
421.618938686,681.40
421.642031033,681.40
421.664968274,681.40
421.688066060,681.40
421.711647053,681.81
421.734989707,681.81
421.758060261,681.81
421.781162240,681.81
421.804768833,656.71
421.828106847,656.71
421.851184090,656.71
421.874785787,656.71
421.897998679,656.71
421.921049265,621.69
421.943936969,621.69
421.967205446,621.69
421.990438467,621.69
422.013500029,592.59
422.036794746,592.59
422.060037911,592.59
422.082768205,592.59
422.106349198,592.59
422.129544842,561.24
422.152669029,561.24
422.176516041,561.24
422.200788146,561.24
422.223925453,534.58
422.247686992,534.58
422.271220016,534.58
422.294438381,534.58
422.318157551,518.65
422.341636398,518.65
422.365134638,518.65
422.388803952,518.65
422.412386257,494.72
422.435821167,494.72
422.459152877,494.72
422.482618124,494.72
422.506021419,494.72
422.529434633,477.76
422.552583877,477.76
422.575672384,477.76
422.599122847,477.76
422.622700799,454.49
422.646151870,454.49
422.669836768,454.49
422.693466338,454.49
422.717229412,438.60
422.741196266,438.60
422.764465095,438.60
422.787835109,438.60
422.811415941,438.60
422.835316618,445.93
422.858841962,445.93
422.882311977,445.93
422.905555462,445.93
422.928836867,454.90
422.951909789,454.90
422.974615763,454.90
422.998859452,454.90
423.022249274,458.88
423.048232729,458.88
423.071522102,458.88
423.094827795,458.88
423.118070159,488.88
423.141749841,488.88
423.164990990,488.88
423.188609263,488.88
423.212501268,488.88
423.235378860,510.33
423.258476134,510.33
423.283312278,510.33
423.307081241,510.33
423.330434743,529.85
423.354015000,529.85
423.377217940,529.85
423.400739572,529.85
423.423698125,550.27
423.447105995,550.27
423.470408585,550.27
423.493958601,550.27
423.517421832,568.88
423.541048041,568.88
423.563939906,568.88
423.587399681,568.88
423.610846048,568.88
423.634634787,588.33
423.658287364,588.33
423.682008007,588.33
423.705236707,588.33
423.728505568,612.11
423.752231554,612.11
423.775655713,612.11
423.799024671,612.11
423.823260136,631.53
423.846253601,631.53
423.869008952,631.53
423.892194899,631.53
423.915676595,631.53
423.939410261,647.45
423.963325082,647.45
423.986603383,647.45
424.009470127,647.45
424.032405544,680.38
424.055537123,680.38
424.078822016,680.38
424.101868826,680.38
424.125157847,681.57
424.148106512,681.57
424.171050505,681.57
424.194021986,681.57
424.217153373,681.57
424.240382201,678.57
424.263226993,678.57
424.289415730,678.57
424.312250217,678.57
424.335315171,658.33
424.358437566,658.33
424.381445144,658.33
424.404255759,658.33
424.427071655,636.73
424.450094624,636.73
424.473056409,636.73
424.496120020,636.73
424.519255375,636.73
424.542256168,617.11
424.565170049,617.11
424.588141914,617.11
424.611326838,617.11
424.634737748,596.36
424.658166995,596.36
424.681346671,596.36
424.704512362,596.36
424.728304045,571.86
424.751400904,571.86
424.774401345,571.86
424.797959938,571.86
424.821152606,571.86
424.844216696,551.70
424.867601174,551.70
424.891406361,551.70
424.914532949,551.70
424.937745649,535.27
424.960746826,535.27
424.983788228,535.27
425.006985312,535.27
425.030048570,535.27
425.053043188,513.91
425.076557748,513.91
425.100052371,513.91
425.123221583,513.91
425.146115143,494.81
425.168991359,494.81
425.191547411,494.81
425.214822384,494.81
425.237710632,477.45
425.260462014,477.45
425.283427927,477.45
425.306367184,477.45
425.329335273,477.45
425.352524101,479.86
425.376144166,479.86
425.399501988,479.86
425.422866594,479.86
425.445995869,480.41
425.469383131,480.41
425.492404213,480.41
425.515652113,480.41
425.538963247,479.83
425.562915988,479.83
425.586089583,479.83
425.609088905,479.83
425.632387558,479.83
425.655404448,479.57
425.678237943,479.57
425.701359186,479.57
425.724758288,479.57
425.747762890,480.16
425.771372523,480.16
425.794406661,480.16
425.817502271,480.16
425.840726971,479.63
425.863713173,479.63
425.886440875,479.63
425.909624487,479.63
425.932738209,479.63
425.955665114,479.70
425.978869270,479.70
426.002132627,479.70
426.025218765,479.70
426.048247911,480.53
426.071545828,480.53
426.094907522,480.53
426.118235455,480.53
426.141629054,478.90
426.165170622,478.90
426.188470843,478.90
426.211657111,478.90
426.235244375,478.90
426.259458400,478.79
426.282246486,478.79
426.304922604,478.79
426.329307510,478.79
426.352573747,466.92
426.376192372,466.92
426.400017048,466.92
426.426507836,466.92
426.449689943,488.81
426.473552380,488.81
426.497121916,488.81
426.520861342,488.81
426.544469119,507.98
426.567589402,507.98
426.590641012,507.98
426.613812304,507.98
426.637585651,507.98
426.661181843,527.80
426.684693139,527.80
426.707910799,527.80
426.730958409,527.80
426.754346247,548.70
426.777614852,548.70
426.801346598,548.70
426.824718436,548.70
426.848773483,566.81
426.872192553,566.81
426.895363269,566.81
426.918430783,566.81
426.942113601,566.81
426.965956677,589.51
426.989516069,589.51
427.012834498,589.51
427.035956701,589.51
427.059127225,608.04
427.082600024,608.04
427.106133336,608.04
427.130061277,608.04
427.153934017,627.61
427.177339967,627.61
427.200373977,627.61
427.223439155,627.61
427.246622703,646.71
427.270263440,646.71
427.293978642,646.71
427.317457297,646.71
427.340658125,646.71
427.363787400,683.26
427.387149990,683.26
427.411428879,683.26
427.437226123,683.26
427.460526984,682.71
427.483439744,682.71
427.506304088,682.71
427.529130287,682.71
427.552775377,682.00
427.576291376,682.00
427.599451628,682.00
427.622433381,682.00
427.645616320,682.00
427.669323874,659.77
427.692405469,659.77
427.715541624,659.77
427.739082424,659.77
427.762618104,638.07
427.786267769,638.07
427.809693080,638.07
427.833232600,638.07
427.856777144,617.57
427.880055733,617.57
427.903365426,617.57
427.927061364,617.57
427.950696725,617.57
427.974114355,599.48
427.997403120,599.48
428.020980241,599.48
428.044291214,599.48
428.067799694,579.06
428.091177772,579.06
428.114119204,579.06
428.137397697,579.06
428.160880128,561.18
428.184069788,561.18
428.207113430,561.18
428.230177008,561.18
428.253539822,561.18
428.276782026,542.16
428.299951014,542.16
428.323407173,542.16
428.347467019,542.16
428.370836617,522.34
428.394149254,522.34
428.418803700,522.34
428.442759129,522.34
428.466099703,494.52
428.488930510,494.52
428.512230347,494.52
428.536331474,494.52
428.560100468,475.67
428.583634676,475.67
428.607093267,475.67
428.630203982,475.67
428.654253428,475.67
428.678108376,497.54
428.701930491,497.54
428.725570493,497.54
428.748827769,497.54
428.772005173,519.64
428.795442195,519.64
428.818793873,519.64
428.842303953,519.64
428.866442200,538.50
428.889448241,538.50
428.912340681,538.50
428.935282850,538.50
428.958620191,538.50
428.982453411,558.92
429.006008195,558.92
429.029461954,558.92
429.052647806,558.92
429.076024220,579.77
429.099336057,579.77
429.122393107,579.77
429.145527950,579.77
429.169016045,600.20
429.193016083,600.20
429.215958892,600.20
429.239038054,600.20
429.262359651,600.20
429.286208423,617.26
429.309734983,617.26
429.333227302,617.26
429.356269792,617.26
429.379344474,639.94
429.402705400,639.94
429.425745938,639.94
429.449641430,639.94
429.473130773,664.54
429.496841719,664.54
429.520057555,664.54
429.542981068,664.54
429.566683502,686.62
429.590353519,686.62
429.613582571,686.62
429.636971721,686.62
429.660051972,686.62
429.682961628,688.87
429.706102167,688.87
429.729217074,688.87
429.752341805,688.87
429.775511272,671.86
429.798423776,671.86
429.821393081,671.86
429.844675830,671.86
429.867768176,671.86
429.890823178,652.96
429.914030310,652.96
429.937188482,652.96
429.960341949,652.96
429.983437495,632.90
430.006614163,632.90
430.029828111,632.90
430.053208653,632.90
430.076054884,612.46
430.099438274,612.46
430.122695487,612.46
430.145745753,612.46
430.168937716,612.46
430.192123024,588.82
430.215227402,588.82
430.238364773,588.82
430.261730435,588.82
430.284841342,568.92
430.307863895,568.92
430.330841489,568.92
430.353869898,568.92
430.377324713,549.03
430.400649318,549.03
430.424159078,549.03
430.447621957,549.03
430.471126084,549.03
430.494967560,527.73
430.518670090,527.73
430.541556546,527.73
430.564617820,527.73
430.611040371,487.07
430.634765654,487.07
430.658729819,487.07
430.682517342,487.07
430.705888219,486.15
430.729891873,486.15
430.753510690,486.15
430.777004097,486.15
430.800856645,505.37
430.824099585,505.37
430.847438303,505.37
430.870833917,505.37
430.894585727,505.37
430.918048670,526.26
430.941627423,526.26
430.965151902,526.26
430.988724383,526.26
431.012091804,547.43
431.035371961,547.43
431.058941209,547.43
431.083215554,547.43
431.106638817,565.86
431.130011166,565.86
431.153207130,565.86
431.176426230,565.86
431.199731507,565.86
431.223256435,585.89
431.247175607,585.89
431.270448724,585.89
431.293389485,585.89
431.316265412,610.11
431.339767172,610.11
431.363385381,610.11
431.386728450,610.11
431.410417220,631.54
431.433770977,631.54
431.457193888,631.54
431.480273306,631.54
431.504240991,650.03
431.528141059,650.03
431.551667395,650.03
431.574976064,650.03
431.598371678,650.03
431.621391832,687.89
431.644359281,687.89
431.667284393,687.89
431.690877226,687.89
431.714325832,687.23
431.737427971,687.23
431.760484253,687.23
431.783439477,687.23
431.806587728,685.53
431.829712107,685.53
431.852852070,685.53
431.876104067,685.53
431.899457888,685.53
431.922499098,662.49
431.945775959,662.49
431.968941618,662.49
431.991994732,662.49
432.015018213,637.39
432.038211233,637.39
432.061334332,637.39
432.084408022,637.39
432.107298254,637.39
432.130877422,614.65
432.153977800,614.65
432.177057731,614.65
432.200366784,614.65
432.223481306,595.30
432.246765399,595.30
432.269763888,595.30
432.293268720,595.30
432.316403979,575.61
432.339426756,575.61
432.362574463,575.61
432.385729531,575.61
432.409005591,575.61
432.431921391,552.72
432.454828711,552.72
432.477863105,552.72
432.501126590,552.72
432.524104854,535.52
432.547347027,535.52
432.570626639,535.52
432.594167791,535.52
432.617266698,510.35
432.640364836,510.35
432.663945956,510.35
432.687075039,510.35
432.710125049,510.35
432.733266068,493.78
432.756661842,493.78
432.779730092,493.78
432.802746725,493.78
432.825748543,476.04
432.849136861,476.04
432.872256023,476.04
432.895306449,476.04
432.918051495,479.95
432.941192706,479.95
432.964209564,479.95
432.986957266,479.95
433.010425073,479.95
433.033450346,478.91
433.056463812,478.91
433.079362588,478.91
433.102753242,478.91
433.125845524,480.12
433.149028239,480.12
433.172231691,480.12
433.195334502,480.12
433.218428608,478.11
433.241446490,478.11
433.264534932,478.11
433.287456844,478.11
433.310706408,478.11
433.333604896,478.50
433.356701435,478.50
433.379914871,478.50
433.403214515,478.50
433.426185900,478.26
433.449155077,478.26
433.472506723,478.26
433.496740011,478.26
433.520225994,477.73
433.543692841,477.73
433.567321066,477.73
433.590655687,477.73
433.614144422,477.73
433.637409923,476.99
433.660996259,476.99
433.684218015,476.99
433.707566044,476.99
433.731057308,487.57
433.754514138,487.57
433.777732310,487.57
433.800896369,487.57
433.824192142,508.04
433.847438154,508.04
433.871224845,508.04
433.894135013,508.04
433.917297824,508.04
433.940515324,527.13
433.964831270,527.13
433.987891200,527.13
434.011774627,527.13
434.035203106,543.79
434.058642624,543.79
434.082186912,543.79
434.105274331,543.79
434.128739065,555.71
434.152176056,555.71
434.175451796,555.71
434.198414893,555.71
434.221471527,555.71
434.244416960,579.07
434.268202338,579.07
434.291684738,579.07
434.315128928,579.07
434.338662976,593.68
434.361995997,593.68
434.384894517,593.68
434.408439349,593.68
434.431993269,609.75
434.455180688,609.75
434.478325419,609.75
434.501322148,609.75
434.524507200,609.75
434.547951486,631.53
434.571629152,631.53
434.594854364,631.53
434.618369371,631.53
434.641537686,646.38
434.664701650,646.38
434.688037743,646.38
434.711572366,646.38
434.734713609,655.28
434.757907461,655.28
434.781001535,655.28
434.804517215,655.28
434.828542020,655.28
434.851889826,654.39
434.875202239,654.39
434.898770367,654.39
434.922335711,654.39
434.945729917,650.09
434.968611125,650.09
434.991590349,650.09
435.014788585,650.09
435.038074310,657.48
435.061406883,657.48
435.084534206,657.48
435.108504739,657.48
435.132082595,663.38
435.155479329,663.38
435.178988768,663.38
435.202557664,663.38
435.226714504,663.38
435.250005412,661.91
435.273036734,661.91
435.295967190,661.91
435.318935823,661.91
435.342207211,668.68
435.365438631,668.68
435.388506657,668.68
435.411873503,668.68
435.435731715,671.51
435.459406788,671.51
435.483310504,671.51
435.506577637,671.51
435.529602526,671.51
435.552706808,673.43
435.575771026,673.43
435.598641578,673.43
435.621895142,673.43
435.645195043,679.30
435.668947845,679.30
435.692099264,679.30
435.714737077,679.30
435.737242216,652.94
435.759798300,652.94
435.782924182,652.94
435.805870127,652.94
435.828816807,652.94
435.851945314,641.10
435.875459521,641.10
435.898725598,641.10
435.921722551,641.10
435.944656527,636.88
435.967879627,636.88
435.991125927,636.88
436.014514309,636.88
436.037810626,636.88
436.061369314,614.85
436.084784832,614.85
436.108111965,614.85
436.131230552,614.85
436.153749771,587.82
436.176537665,587.82
436.199967520,587.82
436.223519328,587.82
436.247334307,572.12
436.270829570,572.12
436.293892828,572.12
436.316828788,572.12
436.340953723,570.66
436.364345497,570.66
436.387776343,570.66
436.411138293,570.66
436.434708757,570.66
436.457879440,574.56
436.481228813,574.56
436.504761677,574.56
436.528637713,574.56
436.552211281,572.82
436.575330187,572.82
436.598484518,572.82
436.621707106,572.82
436.645414436,569.56
436.668886851,569.56
436.693793555,569.56
436.717009551,569.56
436.740160330,569.56
436.762988641,598.72
436.786110523,598.72
436.809725212,598.72
436.833148282,598.72
436.856921245,612.87
436.880151289,612.87
436.903368181,612.87
436.926263340,612.87
436.949548489,614.38
436.973209514,614.38
436.997066638,614.38
437.020438443,614.38
437.043537190,614.38
437.066628896,646.74
437.090764391,646.74
437.114130116,646.74
437.138240843,646.74
437.162033102,670.80
437.185060871,670.80
437.207994047,670.80
437.230705749,670.80
437.253646925,686.58
437.276678983,686.58
437.300022308,686.58
437.323154879,686.58
437.346196632,686.58
437.369195281,687.71
437.392771986,687.71
437.416010574,687.71
437.439155112,687.71
437.462548678,673.19
437.485565888,673.19
437.508384918,673.19
437.531257678,673.19
437.555106289,653.04
437.578355309,653.04
437.601352422,653.04
437.624497889,653.04
437.647892639,653.04
437.670603733,633.37
437.693548493,633.37
437.716848586,633.37
437.740395114,633.37
437.764001642,611.94
437.787077092,611.94
437.810273599,611.94
437.833632189,611.94
437.857278206,587.76
437.880638651,587.76
437.903845943,587.76
437.927255541,587.76
437.950593490,587.76
437.973705165,572.37
437.998270329,572.37
438.021408851,572.37
438.047925848,572.37
438.071219412,573.58
438.094558353,573.58
438.117799501,573.58
438.141569232,573.58
438.164962670,572.92
438.188692432,572.92
438.212670069,572.92
438.236114451,572.92
438.259632979,572.27
438.283455062,572.27
438.307671294,572.27
438.331632258,572.27
438.355120033,572.27
438.378777986,569.67
438.402599206,569.67
438.426314311,569.67
438.450090570,569.67
438.473576393,580.59
438.497747152,580.59
438.521167790,580.59
438.544408874,580.59
438.568026475,604.68
438.591626091,604.68
438.615456654,604.68
438.639067631,604.68
438.662439916,624.35
438.685749001,624.35
438.709707310,624.35
438.732955946,624.35
438.756590475,624.35
438.780123690,645.40
438.804158352,645.40
438.827224746,645.40
438.850294916,645.40
438.873345245,670.97
438.896645786,670.97
438.920048120,670.97
438.943066353,670.97
438.966221708,684.76
438.990482421,684.76
439.013712464,684.76
439.036556295,684.76
439.059766083,684.76
439.082979071,677.27
439.106739777,677.27
439.129742682,677.27
439.152783028,677.27
439.175950383,658.27
439.199248779,658.27
439.222391398,658.27
439.245661442,658.27
439.268932991,635.50
439.292101658,635.50
439.315566488,635.50
439.338642995,635.50
439.361980336,635.50
439.385086570,615.49
439.407989346,615.49
439.431074780,615.49
439.454394169,615.49
439.477771990,592.51
439.500730639,592.51
439.523891114,592.51
439.547020612,592.51
439.570172735,566.33
439.593262329,566.33
439.616557078,566.33
439.639908595,566.33
439.663178031,566.33
439.686474412,540.47
439.709609479,540.47
439.732705281,540.47
439.756070270,540.47
439.779497564,521.94
439.802399892,521.94
439.825649328,521.94
439.848646889,521.94
439.871737891,495.23
439.894636539,495.23
439.918234555,495.23
439.941211348,495.23
439.964501009,495.23
439.987620811,471.08
440.010762534,471.08
440.033950913,471.08
440.057129692,471.08
440.081980620,459.24
440.105109766,459.24
440.128240321,459.24
440.151384700,459.24
440.174498038,457.23
440.197565264,457.23
440.220827532,457.23
440.244182985,457.23
440.267412325,457.23
440.290151035,454.03
440.313358871,454.03
440.336394480,454.03
440.359693133,454.03
440.382910280,452.77
440.406294118,452.77
440.429512578,452.77
440.452668445,452.77
440.475773495,451.43
440.498982578,451.43
440.522098477,451.43
440.545532747,451.43
440.568949929,451.43
440.592240389,451.02
440.615586851,451.02
440.638824383,451.02
440.662073530,451.02
440.685163861,451.49
440.708898391,451.49
440.732208147,451.49
440.755436847,451.49
440.778453576,451.63
440.801847238,451.63
440.825211427,451.63
440.848828388,451.63
440.872128192,451.63
440.896242663,451.58
440.918806107,451.58
440.941681234,451.58
440.965556054,451.58
440.989143798,441.18
441.013148315,441.18
441.036457944,441.18
441.059576530,441.18
441.111854225,469.16
441.135329456,469.16
441.158808654,469.16
441.182994166,469.16
441.206027279,492.65
441.230384601,492.65
441.253434866,492.65
441.276931345,492.65
441.300401424,492.65
441.324428853,516.73
441.347662513,516.73
441.371093296,516.73
441.394428429,516.73
441.417994092,538.87
441.441399658,538.87
441.465138028,538.87
441.488703244,538.87
441.511881735,550.83
441.535055138,550.83
441.558120124,550.83
441.581230230,550.83
441.604816854,573.19
441.628086802,573.19
441.651261742,573.19
441.674835565,573.19
441.698261420,573.19
441.721290821,591.04
441.744811492,591.04
441.767832029,591.04
441.790757493,591.04
441.813597388,604.49
441.836979562,604.49
441.860071044,604.49
441.883261023,604.49
441.906458971,628.08
441.929998106,628.08
441.953421944,628.08
441.976763989,628.08
442.000519223,628.08
442.023664946,652.92
442.048960295,652.92
442.072051841,652.92
442.095362910,652.92
442.118523097,650.99
442.141621171,650.99
442.165223379,650.99
442.188666993,650.99
442.212356051,648.20
442.235725456,648.20
442.259312016,648.20
442.282668910,648.20
442.306184781,648.20
442.329583595,641.83
442.353038281,641.83
442.376171972,641.83
442.399405439,641.83
442.422888222,644.04
442.446028025,644.04
442.469915581,644.04
442.493917826,644.04
442.517235038,650.75
442.540876863,650.75
442.564457119,650.75
442.587981150,650.75
442.611377852,648.56
442.634692697,648.56
442.657821459,648.56
442.680925550,648.56
442.704059592,648.56
442.727721129,655.71
442.752001682,655.71
442.775363151,655.71
442.799186130,655.71
442.822291436,658.47
442.845728554,658.47
442.868704259,658.47
442.891716604,658.47
442.914838390,658.66
442.938563160,658.66
442.961831220,658.66
442.985078256,658.66
443.008215819,658.66
443.031417542,668.67
443.054143484,668.67
443.076706415,668.67
443.099434725,668.67
443.122777698,630.87
443.146047582,630.87
443.169138136,630.87
443.192096528,630.87
443.215234923,630.87
443.238823051,633.78
443.262073255,633.78
443.284919742,633.78
443.308467741,633.78
443.331782138,620.34
443.355299577,620.34
443.378464052,620.34
443.402026740,620.34
443.424853931,597.69
443.448049958,597.69
443.471629894,597.69
443.494560062,597.69
443.517616152,597.69
443.541170871,581.60
443.564616021,581.60
443.587905042,581.60
443.610827018,581.60
443.633830403,562.86
443.657144095,562.86
443.680527581,562.86
443.703779417,562.86
443.726686641,544.39
443.749694057,544.39
443.773346410,544.39
443.796537381,544.39
443.819833890,544.39
443.843621572,525.35
443.867020738,525.35
443.889939642,525.35
443.913068820,525.35
443.936139086,501.58
443.959178343,501.58
443.982380227,501.58
444.005551422,501.58
444.028596567,483.71
444.051954932,483.71
444.075090959,483.71
444.098085096,483.71
444.121092385,483.71
444.144108698,499.79
444.167576792,499.79
444.190326222,499.79
444.213368071,499.79
444.236472962,476.15
444.259987329,476.15
444.283093371,476.15
444.306802140,476.15
444.329719156,475.32
444.353728825,475.32
444.377079287,475.32
444.400094640,475.32
444.423372076,475.32
444.446819946,476.18
444.470267816,476.18
444.493445731,476.18
444.516752608,476.18
444.539819578,476.91
444.563340665,476.91
444.586455923,476.91
444.610005203,476.91
444.633228910,477.14
444.656939312,477.14
444.680066186,477.14
444.702907745,477.14
444.725894618,477.14
444.748911123,477.50
444.771976236,477.50
444.794926628,477.50
444.818009566,477.50
444.840923798,477.48
444.864210194,477.48
444.887451662,477.48
444.910486631,477.48
444.933569729,477.43
444.957160481,477.43
444.980401917,477.43
445.003341845,477.43
445.026217100,477.43
445.049346951,476.83
445.072786597,476.83
445.095984672,476.83
445.119596001,476.83
445.142486968,476.86
445.165853749,476.86
445.188988528,476.86
445.212022153,476.86
445.234954593,476.79
445.257862009,476.79
445.281595675,476.79
445.305975108,476.79
445.329034718,476.79
445.352213081,476.17
445.375694903,476.17
445.399032148,476.17
445.422264368,476.17
445.445400107,476.14
445.468984042,476.14
445.492189094,476.14
445.515684325,476.14
445.538753086,476.25
445.563057575,476.25
445.586194657,476.25
445.609350716,476.25
445.632539639,476.25
445.655701042,475.52
445.678911085,475.52
445.702002375,475.52
445.725036416,475.52
445.748073466,474.42
445.771180212,474.42
445.794311726,474.42
445.817436840,474.42
445.840505762,473.12
445.863780990,473.12
445.886638613,473.12
445.909630318,473.12
445.933246190,473.12
445.956108229,472.20
445.979240864,472.20
446.002211832,472.20
446.025347283,472.20
446.049254263,472.46
446.072290224,472.46
446.095348841,472.46
446.118485444,472.46
446.141793920,471.04
446.165452385,471.04
446.188290328,471.04
446.211508883,471.04
446.234742095,471.04
446.257897642,469.97
446.281550123,469.97
446.304527299,469.97
446.327686846,469.97
446.353338551,470.12
446.376790133,470.12
446.400279252,470.12
446.423820563,470.12
446.447456116,467.28
446.471215350,467.28
446.494090957,467.28
446.516542559,467.28
446.539460119,467.28
446.563608478,451.82
446.587002459,451.82
446.610681500,451.82
446.633724662,451.82
446.656629677,471.89
446.680042891,471.89
446.704097009,471.89
446.728207959,471.89
446.751830359,492.97
446.775630938,492.97
446.798918998,492.97
446.821914511,492.97
446.845216395,513.76
446.868713802,513.76
446.892103816,513.76
446.916003947,513.76
446.939216199,513.76
446.962196351,536.63
446.985692062,536.63
447.009335231,536.63
447.032658619,536.63
447.056809858,557.83
447.080059774,557.83
447.103036502,557.83
447.126058288,557.83
447.149611471,579.41
447.172846859,579.41
447.196771759,579.41
447.220117036,579.41
447.243016195,579.41
447.266106045,601.56
447.290188195,601.56
447.313955557,601.56
447.337545413,601.56
447.361071812,622.55
447.384446306,622.55
447.407613564,622.55
447.430990010,622.55
447.454210677,646.00
447.477954935,646.00
447.501231219,646.00
447.524886516,646.00
447.548187568,646.00
447.571977843,683.12
447.595038028,683.12
447.618308136,683.12
447.641591556,683.12
447.664586877,683.30
447.687455860,683.30
447.710611087,683.30
447.733517286,683.30
447.757054758,682.54
447.780485732,682.54
447.803981058,682.54
447.827260318,682.54
447.850242679,682.54
447.874220572,674.87
447.896995346,674.87
447.920055979,674.87
447.942969827,674.87
447.965936859,675.28
447.989520059,675.28
448.012621813,675.28
448.035798896,675.28
448.058276194,648.93
448.080674451,648.93
448.104563351,648.93
448.127852851,648.93
448.151817816,648.93
448.175072884,634.48
448.197836425,634.48
448.220897699,634.48
448.244037629,634.48
448.267275417,633.70
448.290753976,633.70
448.314586394,633.70
448.337915127,633.70
448.361044241,634.91
448.385516700,634.91
448.409747172,634.91
448.433234115,634.91
448.456701825,635.53
448.480296897,635.53
448.503682270,635.53
448.526831641,635.53
448.550368312,635.53
448.573761174,633.70
448.597345909,633.70
448.620865012,633.70
448.644108688,633.70
448.667154377,636.14
448.690676008,636.14
448.714407754,636.14
448.737682950,636.14
448.761743180,634.94
448.784943271,634.94
448.807993344,634.94
448.830970265,634.94
448.854426615,634.94
448.877623602,644.32
448.900512457,644.32
448.923450113,644.32
448.946977888,644.32
448.970118555,645.93
448.993067955,645.93
449.016112908,645.93
449.041820358,645.93
449.064756286,643.60
449.087571092,643.60
449.110514924,643.60
449.133438660,643.60
449.156374140,643.60
449.179221779,648.87
449.202269420,648.87
449.225334245,648.87
449.248499968,648.87
449.271765980,628.73
449.295170650,628.73
449.318031409,628.73
449.341189419,628.73
449.364048866,607.25
449.387409375,607.25
449.410947039,607.25
449.434325820,607.25
449.457407798,607.25
449.480473775,586.77
449.503516008,586.77
449.527508109,586.77
449.551050476,586.77
449.574013700,563.05
449.596971933,563.05
449.619722290,563.05
449.643295986,563.05
449.666766128,540.43
449.690117869,540.43
449.712966564,540.43
449.735839195,540.43
449.759352314,540.43
449.782579318,515.00
449.805416492,515.00
449.828363556,515.00
449.851373245,515.00
449.874731994,492.69
449.898019766,492.69
449.921391155,492.69
449.944876722,492.69
449.968414897,470.67
449.992934556,470.67
450.016369370,470.67
450.042046644,470.67
450.065573587,470.67
450.089182291,470.30
450.113275705,470.30
450.136704855,470.30
450.160126837,470.30
450.183366448,469.37
450.206757166,469.37
450.230268012,469.37
450.254131760,469.37
450.277355531,468.59
450.300948075,468.59
450.324291208,468.59
450.347481603,468.59
450.370596925,468.59
450.394617762,468.62
450.417839453,468.62
450.441145306,468.62
450.464686969,468.62
450.487936053,468.08
450.510928685,468.08
450.536413764,468.08
450.559067673,468.08
450.582557271,468.58
450.605750450,468.58
450.628981614,468.58
450.652023047,468.58
450.675272770,468.74
450.699044356,468.74
450.722183071,468.74
450.745388634,468.74
450.768696726,468.74
450.791902577,467.54
450.815277455,467.54
450.838289159,467.54
450.861552099,467.54
450.884820095,467.05
450.907986906,467.05
450.931291286,467.05
450.954114765,467.05
450.977348328,466.16
451.000595940,466.16
451.023651453,466.16
451.049288854,466.16
451.072600658,466.16
451.095816077,466.42
451.119048233,466.42
451.141809055,466.42
451.164867416,466.42
451.187959090,466.33
451.211285134,466.33
451.234418121,466.33
451.257320512,466.33
451.280937696,465.99
451.304432863,465.99
451.327841660,465.99
451.351058424,465.99
451.374379508,465.99
451.397333068,464.77
451.420579720,464.77
451.444261321,464.77
451.467706055,464.77
451.490823713,463.35
451.514219966,463.35
451.537203287,463.35
451.560466867,463.35
451.585558885,462.39
451.608941346,462.39
451.632353440,462.39
451.655601563,462.39
451.678760310,462.39
451.701787183,461.04
451.725308142,461.04
451.748463592,461.04
451.772277963,461.04
451.795484742,460.26
451.818880259,460.26
451.842465891,460.26
451.866365223,460.26
451.889781220,460.81
451.913418117,460.81
451.936769793,460.81
451.960099070,460.81
451.983550492,464.02
452.007746499,464.02
452.031254402,464.02
452.054570367,464.02
452.078017949,464.02
452.101453339,466.91
452.124925497,466.91
452.148204277,466.91
452.171556754,466.91
452.194866702,470.99
452.218262796,470.99
452.241325733,470.99
452.264101595,470.99
452.286981426,474.16
452.310077900,474.16
452.333089348,474.16
452.356191646,474.16
452.379754142,474.16
452.403386462,477.84
452.426892285,477.84
452.450367067,477.84
452.473834393,477.84
452.497119990,484.16
452.520336433,484.16
452.543885328,484.16
452.567307598,484.16
452.590698027,488.57
452.614053288,488.57
452.639760322,488.57
452.663227616,488.57
452.686528572,488.57
452.709737175,494.02
452.732788336,494.02
452.756050188,494.02
452.779044325,494.02
452.802079229,498.31
452.825006773,498.31
452.847880332,498.31
452.870996838,498.31
452.894233122,502.01
452.917409532,502.01
452.940587767,502.01
452.963613872,502.01
452.986411270,502.01
453.009237404,501.88
453.032230357,501.88
453.055393935,501.88
453.078603979,501.88
453.101449441,501.94
453.124654972,501.94
453.147749494,501.94
453.171155700,501.94
453.194381327,501.92
453.217342599,501.92
453.240157053,501.92
453.263174902,501.92
453.285969004,501.92
453.308954821,502.19
453.332090143,502.19
453.355185497,502.19
453.378167473,502.19
453.401310571,502.47
453.424811562,502.47
453.448048549,502.47
453.470849531,502.47
453.493742611,502.47
453.517593909,502.19
453.540410444,502.19
453.563304227,502.19
453.586435773,502.19
453.609390517,501.41
453.632509391,501.41
453.655615433,501.41
453.681606182,501.41
453.704897250,500.98
453.728431297,500.98
453.751279736,500.98
453.774218095,500.98
453.797401226,500.52
453.820695142,500.52
453.843682111,500.52
453.866617015,500.52
453.889618575,500.52
453.912785514,500.79
453.935962372,500.79
453.959655397,500.79
453.982804384,500.79
454.005801720,500.72
454.028841809,500.72
454.051804553,500.72
454.074757409,500.72
454.097750970,500.72
454.120774514,500.64
454.143958893,500.64
454.166945446,500.64
454.190172993,500.64
454.213942915,500.60
454.237160030,500.60
454.260048469,500.60
454.283714582,500.60
454.306740047,500.70
454.330708083,500.70
454.353808781,500.70
454.376867206,500.70
454.399997408,500.70
454.423014297,500.84
454.446110067,500.84
454.469425647,500.84
454.492854861,500.84
454.515978631,500.90
454.539196930,500.90
454.562335324,500.90
454.585922972,500.90
454.608904212,501.74
454.632867544,501.74
454.655963378,501.74
454.679089484,501.74
454.702130341,501.74
454.729010701,502.63
454.752164423,502.63
454.775144575,502.63
454.798263833,502.63
454.821053391,502.56
454.844024935,502.56
454.867154785,502.56
454.890354172,502.56
454.913449590,502.08
454.936610160,502.08
454.959607145,502.08
454.982806788,502.08
455.006068672,502.46
455.029780065,502.46
455.052896539,502.46
455.075893011,502.46
455.098846219,502.46
455.121824259,502.26
455.144930557,502.26
455.167836404,502.26
455.191113840,502.26
455.214243754,502.31
455.237408709,502.31
455.260620512,502.31
455.283739642,502.31
455.306984341,502.31
455.331059707,501.94
455.354041651,501.94
455.376913770,501.94
455.400125989,501.94
455.423108126,501.77
455.446382681,501.77
455.469343665,501.77
455.492697486,501.77
455.516296494,502.22
455.539713483,502.22
455.562777157,502.22
455.585431769,502.22
455.608314320,502.22
455.631238760,501.54
455.654374178,501.54
455.677392954,501.54
455.700948090,501.54
455.724000595,501.49
455.747087372,501.49
455.770696428,501.49
455.793738597,501.49
455.817175299,501.53
455.840287517,501.53
455.863319318,501.53
455.886387215,501.53
455.909613482,501.53
455.932795525,501.47
455.955752637,501.47
455.978817942,501.47
456.001833487,501.47
456.024948041,500.83
456.049255313,500.83
456.072338602,500.83
456.095104480,500.83
456.118289147,500.74
456.141393492,500.74
456.164319180,500.74
456.187193891,500.74
456.210288701,500.74
456.233460887,500.85
456.256635602,500.85
456.279497193,500.85
456.302713604,500.85
456.325795165,500.99
456.348742101,500.99
456.371503787,500.99
456.394421282,500.99
456.417403674,500.81
456.440627957,500.81
456.463526893,500.81
456.486632838,500.81
456.509701120,500.81
456.532916539,500.23
456.556052533,500.23
456.579045709,500.23
456.602060326,500.23
456.625054526,499.93
456.648182904,499.93
456.671172368,499.93
456.694377803,499.93
456.717664039,499.93
456.741879118,500.06
456.765027401,500.06
456.788069730,500.06
456.811455679,500.06
456.834626169,499.60
456.857576049,499.60
456.880826925,499.60
456.903801317,499.60
456.926977791,499.55
456.950051961,499.55
456.973139346,499.55
456.996104298,499.55
457.019331621,499.55
457.043689486,499.74
457.067094252,499.74
457.090274694,499.74
457.113384320,499.74
457.136363832,500.98
457.159413201,500.98
457.182402154,500.98
457.205709958,500.98
457.228824256,500.90
457.252323390,500.90
457.275351575,500.90
457.298392144,500.90
457.321603691,500.90
457.344753957,500.73
457.367810526,500.73
457.390915032,500.73
457.414082419,500.73
457.437054155,501.27
457.460231397,501.27
457.483335903,501.27
457.506433016,501.27
457.529402064,501.88
457.552484842,501.88
457.575849543,501.88
457.599043777,501.88
457.622185500,501.88
457.645151988,501.86
457.668144044,501.86
457.691100772,501.86
457.714195069,501.86
457.737220822,501.30
457.760357616,501.30
457.783343336,501.30
457.806309888,501.30
457.829847007,502.07
457.853080827,502.07
457.877229025,502.07
457.900528445,502.07
457.923725208,502.07
457.946754001,502.31
457.969827018,502.31
457.992860771,502.31
458.016067358,502.31
458.039184471,502.03
458.062272049,502.03
458.085395211,502.03
458.108565733,502.03
458.131803297,501.16
458.154694744,501.16
458.177639311,501.16
458.200731145,501.16
458.223850531,501.16
458.246747994,501.43
458.269907572,501.43
458.293097327,501.43
458.316288266,501.43
458.338958334,492.85
458.361226926,492.85
458.383382844,492.85
458.405664651,492.85
458.427995484,492.85
458.450232459,457.24
458.472461050,457.24
458.494698793,457.24
458.516919255,457.24
458.539079206,421.70
458.561327381,421.70
458.583530276,421.70
458.605671377,421.70
458.628003138,421.70
458.649946669,384.22
458.672222397,384.22
458.694524844,384.22
458.716736923,384.22
458.738970026,348.08
458.761682783,348.08
458.784041616,348.08
458.806388608,348.08
458.829001972,348.08
458.851694184,315.28
458.874364637,315.28
458.896816814,315.28
458.925835952,315.28
458.948407267,279.84
458.970948886,279.84
458.993231622,279.84
459.015852121,279.84
459.038437869,244.34
459.060924447,244.34
459.083348112,244.34
459.105718241,244.34
459.128284788,244.34
459.150614948,209.26
459.172893812,209.26
459.195407750,209.26
459.218214588,209.26
459.240750127,166.73
459.262980670,166.73
