timestamp,gpu_power
.000689096,129.85
.023204013,129.86
.045577392,129.86
.067811538,129.86
.090223126,129.86
.112520025,129.90
.134711386,129.90
.156932316,129.90
.179217150,129.90
.201606338,129.90
.224029510,129.85
.246476554,129.85
.268733740,129.85
.291128368,129.85
.313457459,129.87
.335836278,129.87
.359331719,129.87
.402974817,129.78
.443971644,129.78
.466751236,129.78
.489482828,129.78
.512124147,129.73
.534577623,129.73
.557085660,129.73
.579341534,129.73
.602343689,129.73
.625133009,129.59
.659293853,129.59
.697763643,129.59
.726138148,129.57
.748861996,129.57
.776963538,129.57
.805493117,129.60
.831248327,129.60
.854285746,129.60
.894998379,129.60
.927299841,129.62
.949963016,129.62
.972703024,129.62
.995735995,129.62
1.018892679,129.73
1.041934067,129.73
1.064569849,129.73
1.089122966,129.73
1.111682395,129.70
1.134292322,129.70
1.156805671,129.70
1.179563375,129.70
1.202316214,129.70
1.225122655,129.73
1.247869159,129.73
1.270450701,129.73
1.293149236,129.73
1.316140126,129.74
1.338550658,129.74
1.368399964,129.74
1.403856984,129.77
1.436899863,129.77
1.459159385,129.77
1.481725887,129.77
1.504279620,129.77
1.526842058,129.83
1.549757652,129.83
1.572611517,129.83
1.595699368,129.83
1.618614738,129.84
1.641234520,129.84
1.679187152,129.84
1.710502396,129.93
1.733335588,129.93
1.756101740,129.93
1.778900181,129.93
1.801715197,129.93
1.824829225,130.05
1.847674514,130.05
1.870101398,130.05
1.892503322,130.05
1.915165729,130.13
1.937993930,130.13
1.960878803,130.13
1.983721692,130.13
2.006543493,130.13
2.029374957,130.03
2.052305847,130.03
2.075053663,130.03
2.097601541,130.03
2.120807666,130.04
2.144298978,130.04
2.167271181,130.04
2.190379097,130.04
2.213151393,130.04
2.235812295,130.11
2.258333869,130.11
2.280965171,130.11
2.303760987,130.11
2.326211392,130.12
2.348710213,130.12
2.371469069,130.12
2.394556664,130.12
2.417629572,130.23
2.440759984,130.23
2.464397634,130.23
2.487819826,130.23
2.511401219,130.23
2.535101206,153.26
2.558873162,153.26
2.582366298,153.26
2.605795626,153.26
2.629546301,187.74
2.653346353,187.74
2.677113765,187.74
2.700521108,187.74
2.723725890,219.10
2.747245234,219.10
2.770672610,219.10
2.794237555,219.10
2.817811653,254.99
2.841542968,254.99
2.865068713,254.99
2.888480728,254.99
2.912043433,254.99
2.935454297,289.16
2.958911945,289.16
2.982240375,289.16
3.005584454,289.16
3.028781715,319.22
3.052007777,319.22
3.075253582,319.22
3.098612029,319.22
3.122393649,352.76
3.145858465,352.76
3.169581684,352.76
3.192921955,352.76
3.216304274,352.76
3.239683649,392.79
3.263025168,392.79
3.286321342,392.79
3.309984336,392.79
3.333305055,425.99
3.356723630,425.99
3.380164382,425.99
3.403817744,425.99
3.427258272,466.01
3.450625551,466.01
3.473634682,466.01
3.496574596,466.01
3.519826546,466.01
3.542809276,470.01
3.566067210,470.01
3.588933395,470.01
3.612070559,470.01
3.635248620,470.34
3.658592763,470.34
3.681866793,470.34
3.705368377,470.34
3.728611463,471.22
3.751609457,471.22
3.774773406,471.22
3.798066700,471.22
3.821152376,471.22
3.844147011,470.90
3.867136589,470.90
3.890165304,470.90
3.913720073,470.90
3.936726068,471.53
3.959723455,471.53
3.982574920,471.53
4.005316304,471.53
4.028270202,471.36
4.051118595,471.36
4.073922763,471.36
4.096864693,471.36
4.120105475,471.36
4.142978252,471.26
4.165592882,471.26
4.188144600,471.26
4.211125346,471.26
4.237117488,471.06
4.259927000,471.06
4.282783841,471.06
4.305399240,471.06
4.328399346,471.89
4.351132346,471.89
4.373795649,471.89
4.396646122,471.89
4.419532403,471.89
4.442759841,473.19
4.465724363,473.19
4.488244272,473.19
4.511230299,473.19
4.533989251,474.35
4.556990989,474.35
4.579844854,474.35
4.602549854,474.35
4.625533512,474.35
4.648239983,475.22
4.671007735,475.22
4.693749087,475.22
4.716744554,475.22
4.739346800,475.27
4.761920182,475.27
4.784637277,475.27
4.807293444,475.27
4.830236270,475.27
4.853009238,476.04
4.875678941,476.04
4.898443077,476.04
4.921626034,476.04
4.944746846,476.04
4.967374116,476.04
4.990105516,476.04
5.012839380,476.04
5.035886015,476.31
5.058757992,476.31
5.081476047,476.31
5.104332345,476.31
5.127246722,476.31
5.150044395,477.24
5.172864019,477.24
5.195667388,477.24
5.218356035,477.24
5.241284845,480.64
5.264250551,480.64
5.287379875,480.64
5.310824435,480.64
5.334567046,481.51
5.357690035,481.51
5.380210360,481.51
5.403068225,481.51
5.426112524,481.51
5.449106775,482.23
5.471832158,482.23
5.494591558,482.23
5.517736243,482.23
5.540832702,482.86
5.563947147,482.86
5.586727347,482.86
5.609551899,482.86
5.632404292,482.86
5.655245133,483.68
5.678386810,483.68
5.701619751,483.68
5.724647346,483.68
5.747360313,484.77
5.770262115,484.77
5.793164045,484.77
5.816232824,484.77
5.840078893,484.53
5.862797364,484.53
5.885419579,484.53
5.908110242,484.53
5.930809353,484.53
5.953573489,486.82
5.976283256,486.82
5.998978303,486.82
6.022171596,486.82
6.045168887,491.37
6.068229410,491.37
6.090954186,491.37
6.113649297,491.37
6.136537659,491.37
6.159205889,494.71
6.182002314,494.71
6.205155094,494.71
6.228422084,494.71
6.251454351,494.24
6.274323512,494.24
6.297071520,494.24
6.319895721,494.24
6.344895211,495.97
6.367689075,495.97
6.390765855,495.97
6.413629480,495.97
6.436481937,495.97
6.459117655,497.61
6.481903296,497.61
6.504902634,497.61
6.528228889,497.61
6.551799274,497.83
6.574430705,497.83
6.597173176,497.83
6.619971297,497.83
6.642981900,497.83
6.666163000,499.56
6.689017857,499.56
6.711866635,499.56
6.734775828,499.56
6.757538332,502.79
6.780697417,502.79
6.803879029,502.79
6.827468551,502.79
6.850419185,506.29
6.873116024,506.29
6.895894401,506.29
6.918858795,506.29
6.941885302,506.29
6.964519996,507.81
6.987454374,507.81
7.010328016,507.81
7.033169977,507.81
7.056107170,506.68
7.079225455,506.68
7.101986487,506.68
7.124609469,506.68
7.147444134,508.86
7.170507153,508.86
7.193074423,508.86
7.216155170,508.86
7.239533554,508.86
7.262929921,511.07
7.285890955,511.07
7.308766676,511.07
7.331632670,511.07
7.354613352,512.50
7.377593043,512.50
7.400520733,512.50
7.423426022,512.50
7.446372912,512.50
7.469220185,514.23
7.492080066,514.23
7.514914539,514.23
7.537862229,514.23
7.560847584,518.42
7.583767594,518.42
7.606690451,518.42
7.629607741,518.42
7.653225871,514.57
7.676260442,514.57
7.699142692,514.57
7.722008493,514.57
7.745359323,514.57
7.768456199,506.86
7.791137038,506.86
7.814288219,506.86
7.837551785,506.86
7.860885463,502.01
7.884051268,502.01
7.906812268,502.01
7.929680757,502.01
7.952600479,502.01
7.975828972,497.43
7.998448467,497.43
8.021489086,497.43
8.044340199,497.43
8.067207248,492.22
8.090002040,492.22
8.112915682,492.22
8.136228976,492.22
8.159364733,486.81
8.182283718,486.81
8.205202256,486.81
8.228100314,486.81
8.251216870,486.81
8.274301329,479.38
8.297328380,479.38
8.320412680,479.38
8.343553109,479.38
8.366465054,474.30
8.389479977,474.30
8.412472532,474.30
8.441975210,474.30
8.466236387,467.97
8.489689075,467.97
8.512551484,467.97
8.535303268,467.97
8.558331439,461.50
8.581446427,461.50
8.604374437,461.50
8.627421808,461.50
8.650199353,461.50
8.673178563,461.06
8.696095021,461.06
8.719017303,461.06
8.742072738,461.06
8.765037036,461.34
8.788030551,461.34
8.811022850,461.34
8.833869195,461.34
8.856860853,461.34
8.879854240,462.74
8.902836458,462.74
8.925434096,462.74
8.948486492,462.74
8.971450502,462.32
8.994466417,462.32
9.017392283,462.32
9.040192579,462.32
9.063838101,463.60
9.086791456,463.60
9.109577576,463.60
9.132491378,463.60
9.155555261,463.60
9.178606440,462.80
9.201512498,462.80
9.224403963,462.80
9.247337189,462.80
9.270227823,464.52
9.293232474,464.52
9.316082051,464.52
9.338745289,464.52
9.361782101,464.52
9.384689918,463.57
9.407638856,463.57
9.430637587,463.57
9.453611293,463.57
9.476382150,466.05
9.499430705,466.05
9.522366651,466.05
9.545355845,466.05
9.568235951,463.92
9.591436252,463.92
9.614212708,463.92
9.637052685,463.92
9.659952790,463.92
9.683002178,464.92
9.705861291,464.92
9.729296378,464.92
9.752212004,464.92
9.775852854,464.38
9.798823489,464.38
9.821832652,464.38
9.844625844,464.38
9.867531741,464.73
9.890472168,464.73
9.913326929,464.73
9.936397532,464.73
9.959429191,464.73
9.982308433,464.47
10.005213210,464.47
10.028143652,464.47
10.051501715,464.47
10.074288859,463.84
10.097153540,463.84
10.120112847,463.84
10.142912439,463.84
10.166025699,463.84
10.189238864,464.52
10.212250683,464.52
10.235278662,464.52
10.258576468,464.52
10.281248251,463.68
10.304420328,463.68
10.327404723,463.68
10.350305852,463.68
10.374000463,466.01
10.397107899,466.01
10.420048517,466.01
10.442933294,466.01
10.465968505,466.01
10.489117798,464.04
10.512105168,464.04
10.537158227,464.04
10.560134269,464.04
10.583202761,464.58
10.605837775,464.58
10.628675864,464.58
10.651446528,464.58
10.675391030,465.53
10.698387489,465.53
10.721360619,465.53
10.744228980,465.53
10.767264127,465.53
10.790238794,466.23
10.813189844,466.23
10.835998876,466.23
10.859213450,466.23
10.882210292,466.07
10.905239327,466.07
10.928234826,466.07
10.951159316,466.07
10.974128766,466.07
10.997024872,466.83
11.020039987,466.83
11.042855131,466.83
11.066008456,466.83
11.088933394,466.83
11.111773083,466.83
11.134609539,466.83
11.157586382,466.83
11.180674970,467.21
11.203575715,467.21
11.226337163,467.21
11.249188148,467.21
11.272165343,467.21
11.295219178,468.12
11.318149332,468.12
11.341061662,468.12
11.364428685,468.12
11.387502200,466.88
11.410151871,466.88
11.433009064,466.88
11.455939986,466.88
11.478935516,466.88
11.501973576,468.03
11.524848049,468.03
11.550111798,468.03
11.573213954,468.03
11.596315118,467.00
11.619302648,467.00
11.642744392,467.00
11.665656082,467.00
11.688747102,466.74
11.711510405,466.74
11.734529520,466.74
11.757361113,466.74
11.780426821,466.74
11.803342094,466.11
11.826467163,466.11
11.849509030,466.11
11.872637362,466.11
11.895670845,466.95
11.918671880,466.95
11.941733843,466.95
11.964489819,466.95
11.987654696,466.90
12.010786388,466.90
12.033878816,466.90
12.056631304,466.90
12.079837013,466.90
12.102774111,466.58
12.125726697,466.58
12.148790036,466.58
12.172060418,466.58
12.194966508,466.52
12.218015671,466.52
12.240864000,466.52
12.263987980,466.52
12.287944994,466.66
12.311219856,466.66
12.334084089,466.66
12.356997987,466.66
12.379859052,466.66
12.402878391,467.14
12.425970243,467.14
12.448984110,467.14
12.472015897,467.14
12.495827085,466.81
12.518751991,466.81
12.541783266,466.81
12.564648971,466.81
12.587647542,466.81
12.610764546,468.77
12.639298957,468.77
12.662210454,468.77
12.685284418,468.77
12.708247116,467.90
12.731246775,467.90
12.754272898,467.90
12.777723474,467.90
12.800738653,469.87
12.823536869,469.87
12.846584945,469.87
12.869431257,469.87
12.893055563,469.87
12.916007638,469.89
12.938840286,469.89
12.961923178,469.89
12.985310169,469.89
13.008179331,469.79
13.031249358,469.79
13.054179576,469.79
13.077056417,469.79
13.100821525,470.31
13.123883296,470.31
13.147004204,470.31
13.170142009,470.31
13.193321189,470.31
13.215995949,470.44
13.239079544,470.44
13.261995938,470.44
13.285466610,470.44
13.308205914,469.42
13.331084995,469.42
13.353940908,469.42
13.376935511,469.42
13.399975074,469.21
13.422917900,469.21
13.445834102,469.21
13.468616606,469.21
13.491577768,469.21
13.514600627,468.81
13.537468412,468.81
13.560640489,468.81
13.583632436,468.81
13.606534621,467.83
13.629514184,467.83
13.652602260,467.83
13.675724288,467.83
13.699159504,468.04
13.722335740,468.04
13.745170501,468.04
13.768167760,468.04
13.791092410,468.04
13.814127269,466.80
13.836939597,466.80
13.859990777,466.80
13.883130213,466.80
13.906800792,465.92
13.929667233,465.92
13.952819469,465.92
13.975853208,465.92
13.998752258,465.52
14.021753837,465.52
14.044742999,465.52
14.067817603,465.52
14.091056560,465.52
14.114072283,465.39
14.136942916,465.39
14.159792653,465.39
14.182987482,465.39
14.205932676,465.58
14.228998960,465.58
14.252008379,465.58
14.275080582,465.58
14.298285139,465.58
14.321335935,465.68
14.344462123,465.68
14.367128402,465.68
14.390170845,465.68
14.413162568,465.58
14.436243507,465.58
14.459227294,465.58
14.482184648,465.58
14.505277140,465.94
14.528273567,465.94
14.551361066,465.94
14.574352789,465.94
14.597428288,465.94
14.620281737,466.46
14.643120978,466.46
14.666014652,466.46
14.689117384,466.46
14.712572856,466.14
14.737069140,466.14
14.760049598,466.14
14.782857063,466.14
14.806736796,467.83
14.829630885,467.83
14.852586480,467.83
14.875641915,467.83
14.898800327,467.83
14.921585424,467.62
14.944616123,467.62
14.967230145,467.62
14.990516207,467.62
15.013236150,467.98
15.036341858,467.98
15.059202252,467.98
15.082186358,467.98
15.105260098,467.98
15.128335565,468.70
15.151621563,468.70
15.174530117,468.70
15.197636529,468.70
15.220818622,469.57
15.243942442,469.57
15.266791891,469.57
15.290371588,469.57
15.313510577,468.78
15.336680029,468.78
15.359707496,468.78
15.382931702,468.78
15.405844351,468.78
15.428831082,468.72
15.451978934,468.72
15.475035362,468.72
15.498534802,468.72
15.521845153,468.69
15.544948845,468.69
15.567854806,468.69
15.590754400,468.69
15.614037198,467.91
15.637154394,467.91
15.659936194,467.91
15.683025198,467.91
15.706037561,467.91
15.729156133,468.78
15.752147119,468.78
15.775227035,468.78
15.798414280,468.78
15.821312785,466.95
15.844463518,466.95
15.867256006,466.95
15.890436307,466.95
15.914452042,467.65
15.937403668,467.65
15.960239165,467.65
15.983361193,467.65
16.006565942,467.65
16.029497248,467.06
16.052490250,467.06
16.075575734,467.06
16.098696034,467.06
16.122564791,467.03
16.145543809,467.03
16.168513676,467.03
16.191596920,467.03
16.214534657,465.98
16.237871184,465.98
16.260971452,465.98
16.284200777,465.98
16.307090547,465.98
16.330284480,466.69
16.353481869,466.69
16.376471543,466.69
16.399679269,466.69
16.422900306,466.43
16.445779771,466.43
16.468563555,466.43
16.491635247,466.43
16.514840828,466.43
16.537962024,465.18
16.561167573,465.18
16.584044799,465.18
16.606923112,465.18
16.629925939,466.88
16.653074367,466.88
16.676037577,466.88
16.698869234,466.88
16.721836253,466.12
16.744893960,466.12
16.768057589,466.12
16.791089824,466.12
16.814245388,468.53
16.845116338,468.53
16.868033532,468.53
16.891366923,468.53
16.914426358,468.53
16.937511906,467.17
16.960626638,467.17
16.983811323,467.17
17.006669508,467.17
17.029646638,468.58
17.052528855,468.58
17.075758405,468.58
17.098989266,468.58
17.122162175,468.32
17.145105961,468.32
17.167742832,468.32
17.190727482,468.32
17.213841990,468.32
17.237148084,469.29
17.260250912,469.29
17.283251499,469.29
17.306128276,469.29
17.329225056,469.16
17.352228427,469.16
17.375406072,469.16
17.398340482,469.16
17.421256043,469.16
17.444253078,469.97
17.467239969,469.97
17.490218123,469.97
17.513347863,469.97
17.536480612,470.45
17.559402189,470.45
17.582096117,470.45
17.605233089,470.45
17.628569520,470.17
17.651390616,470.17
17.674237601,470.17
17.697195499,470.17
17.720284311,470.17
17.743252290,471.66
17.766312205,471.66
17.789323672,471.66
17.812428196,471.66
17.835381422,470.42
17.858436121,470.42
17.881403780,470.42
17.904867572,470.42
17.929101517,471.17
17.952002550,471.17
17.974879264,471.17
17.997848970,471.17
18.020893109,471.17
18.043897536,470.24
18.066845930,470.24
18.089809524,470.24
18.112693438,470.24
18.135956748,470.99
18.158737012,470.99
18.181498908,470.99
18.204553351,470.99
18.227765268,470.99
18.250884608,469.21
18.274032557,469.21
18.296986519,469.21
18.320030466,469.21
18.343269008,470.41
18.366625727,470.41
18.389734475,470.41
18.412989144,470.41
18.435882754,468.84
18.458973998,468.84
18.482092314,468.84
18.505116549,468.84
18.528194672,468.84
18.551012953,468.44
18.574238854,468.44
18.597095439,468.44
18.620686145,468.44
18.643766541,468.74
18.666640118,468.74
18.689644737,468.74
18.712370120,468.74
18.735854584,468.70
18.759048485,468.70
18.781903790,468.70
18.804696439,468.70
18.827890852,468.70
18.850975407,468.91
18.873964698,468.91
18.896905156,468.91
18.919979856,468.91
18.945208948,468.50
18.968120606,468.50
18.991281995,468.50
19.014170644,468.50
19.037854311,468.72
19.060802289,468.72
19.083811004,468.72
19.106816358,468.72
19.129920434,468.72
19.152824924,467.51
19.175721797,467.51
19.198728560,467.51
19.221975838,467.51
19.245798354,467.85
19.268990431,467.85
19.291754375,467.85
19.314628784,467.85
19.337805469,467.40
19.360966378,467.40
19.383996661,467.40
19.406987903,467.40
19.430189036,467.40
19.453009141,468.79
19.476273251,468.79
19.499524305,468.79
19.522603388,468.79
19.545745545,468.35
19.568597777,468.35
19.591624701,468.35
19.614628167,468.35
19.637799508,468.35
19.660654205,468.51
19.683436421,468.51
19.706387503,468.51
19.729478971,468.51
19.752437509,468.03
19.775451664,468.03
19.798067223,468.03
19.821052961,468.03
19.844287407,467.08
19.867319866,467.08
19.890229859,467.08
19.913229486,467.08
19.936414235,467.08
19.959646216,466.66
19.985448436,466.66
20.008369309,466.66
20.031527018,466.66
20.054233777,466.64
20.077293693,466.64
20.100258695,466.64
20.123387379,466.64
20.146372030,466.49
20.169190566,466.49
20.192290866,466.49
20.215129403,466.49
20.238171462,466.49
20.261303763,468.07
20.284242461,468.07
20.307224519,468.07
20.330290035,468.07
20.354085223,468.13
20.376957200,468.13
20.399806553,468.13
20.422565633,468.13
20.445685901,469.38
20.468782233,469.38
20.491982950,469.38
20.515029809,469.38
20.538235838,469.38
20.561242473,468.93
20.584500599,468.93
20.607511233,468.93
20.630486956,468.93
20.653566488,469.88
20.676513762,469.88
20.699420619,469.88
20.722463639,469.88
20.745442657,469.88
20.768247625,470.98
20.791132211,470.98
20.814134110,470.98
20.837344907,470.98
20.860672121,471.71
20.883848006,471.71
20.906898993,471.71
20.929753658,471.71
20.953803953,472.34
20.976963166,472.34
21.000093962,472.34
21.023034196,472.34
21.045997374,472.34
21.068879208,471.91
21.092016596,471.91
21.115002719,471.91
21.137982249,471.91
21.161590363,472.63
21.184509093,472.63
21.207518384,472.63
21.230513946,472.63
21.253402660,472.63
21.276629137,472.42
21.299559547,472.42
21.322601830,472.42
21.345761267,472.42
21.368634492,473.27
21.391655751,473.27
21.414539408,473.27
21.438106498,473.27
21.461090316,472.50
21.484485051,472.50
21.507382469,472.50
21.530063820,472.50
21.553280377,472.50
21.576435494,472.28
21.599250030,472.28
21.622196408,472.28
21.645708265,472.28
21.668559538,472.04
21.691471324,472.04
21.714471207,472.04
21.737435537,472.04
21.760454940,470.55
21.783520647,470.55
21.806489106,470.55
21.829616734,470.55
21.852885260,470.55
21.876088857,470.79
21.899047043,470.79
21.922216976,470.79
21.945333980,470.79
21.968385959,469.27
21.991462611,469.27
22.014087577,469.27
22.036781536,469.27
22.059908204,471.54
22.085547702,471.54
22.108176604,471.54
22.131233672,471.54
22.154216722,471.54
22.177188829,469.87
22.200246344,469.87
22.223082321,469.87
22.246177213,469.87
22.270281300,469.80
22.293436673,469.80
22.316743599,469.80
22.339448022,469.80
22.362577538,468.90
22.385622382,468.90
22.408612600,468.90
22.431585667,468.90
22.454843120,468.90
22.477852059,469.48
22.500740741,469.48
22.523818672,469.48
22.546948829,469.48
22.570020744,469.02
22.592996307,469.02
22.615933309,469.02
22.639029672,469.02
22.662130964,469.02
22.685243520,467.79
22.708239435,467.79
22.730917234,467.79
22.754074687,467.79
22.777178986,467.77
22.799948114,467.77
22.822996798,467.77
22.846195915,467.77
22.869270838,466.75
22.892401123,466.75
22.915413742,466.75
22.938452601,466.75
22.961425347,466.75
22.984359021,468.90
23.007391928,468.90
23.030188897,468.90
23.053453742,468.90
23.076560954,466.61
23.099645062,466.61
23.122740274,466.61
23.145845342,466.61
23.169853204,468.35
23.193115618,468.35
23.216284079,468.35
23.239441275,468.35
23.262675017,468.35
23.285804053,467.82
23.308898817,467.82
23.332095598,467.82
23.355146137,467.82
23.378701066,467.75
23.401788054,467.75
23.424448637,467.75
23.447307782,467.75
23.470431922,467.58
23.493509822,467.58
23.516220261,467.58
23.539123727,467.58
23.562263067,467.58
23.585143972,467.41
23.608253040,467.41
23.631189242,467.41
23.654145124,467.41
23.677100847,468.45
23.700385149,468.45
23.723382055,468.45
23.746241744,468.45
23.768985304,468.45
23.791911970,468.27
23.814960013,468.27
23.838063641,468.27
23.861433224,468.27
23.884238993,470.37
23.907071386,470.37
23.930003011,470.37
23.952945454,470.37
23.976895363,468.87
24.000008591,468.87
24.023194972,468.87
24.046301160,468.87
24.069767640,468.87
24.092548128,469.72
24.115505099,469.72
24.138532406,469.72
24.161667266,469.72
24.185491830,468.75
24.208378144,468.75
24.231279689,468.75
24.254387061,468.75
24.278209897,469.12
24.301369366,469.12
24.324174879,469.12
24.346968359,469.12
24.370303477,469.12
24.393395457,468.91
24.416393228,468.91
24.439236341,468.91
24.462233408,468.91
24.486172277,469.72
24.509089759,469.72
24.532086986,469.72
24.557093004,469.72
24.580804095,470.54
24.603912907,470.54
24.627216121,470.54
24.650290500,470.54
24.673587795,470.54
24.696880193,471.47
24.720176271,471.47
24.743467677,471.47
24.766711787,471.47
24.789842839,471.77
24.812852802,471.77
24.835734123,471.77
24.858793206,471.77
24.881511838,478.31
24.904619530,478.31
24.927432530,478.31
24.950411645,478.31
24.973391847,478.31
24.996248080,486.27
25.019246075,486.27
25.042054724,486.27
25.065002318,486.27
25.087904951,494.75
25.111088868,494.75
25.134114255,494.75
25.157086458,494.75
25.180273702,494.75
25.203108303,495.21
25.226023609,495.21
25.249028228,495.21
25.272528468,495.21
25.295586912,495.75
25.318506346,495.75
25.341293426,495.75
25.364357821,495.75
25.387251847,495.92
25.410237361,495.92
25.433217084,495.92
25.456145990,495.92
25.479055951,495.92
25.502062810,496.49
25.525008484,496.49
25.550722478,496.49
25.573472694,496.49
25.596277439,495.92
25.619235625,495.92
25.642193875,495.92
25.665391744,495.92
25.688983922,495.63
25.711680697,495.63
25.734620739,495.63
25.757644750,495.63
25.780814459,495.63
25.803876422,495.43
25.827015955,495.43
25.850207808,495.43
25.873318636,495.43
25.897207521,489.92
25.920295660,489.92
25.943125077,489.92
25.965805884,489.92
25.989056938,482.45
26.012126325,482.45
26.035090528,482.45
26.058376270,482.45
26.081302231,482.45
26.104260994,476.59
26.127192044,476.59
26.150296760,476.59
26.173415844,476.59
26.196375982,475.13
26.219257367,475.13
26.242474181,475.13
26.265758323,475.13
26.291518269,475.50
26.314670570,475.50
26.338318076,475.50
26.361093796,475.50
26.384409235,475.50
26.407621568,473.84
26.430500393,473.84
26.453249073,473.84
26.476417662,473.84
26.499441800,480.08
26.522394771,480.08
26.545528543,480.08
26.568838989,480.08
26.591936345,480.08
26.615099750,486.99
26.637767917,486.99
26.660505364,486.99
26.683467263,486.99
26.706383656,493.18
26.729285746,493.18
26.752266716,493.18
26.775037797,493.18
26.798129616,499.15
26.821035290,499.15
26.843816738,499.15
26.866750668,499.15
26.889777399,499.15
26.912641984,503.34
26.935690444,503.34
26.959279933,503.34
26.982486762,503.34
27.005752600,502.43
27.029270633,502.43
27.051981776,502.43
27.075299967,502.43
27.099390038,499.85
27.122397793,499.85
27.145133576,499.85
27.167915441,499.85
27.191044189,499.85
27.214127881,506.21
27.237293461,506.21
27.260603972,506.21
27.283760432,506.21
27.307049982,511.54
27.336782551,511.54
27.359706593,511.54
27.382675979,511.54
27.405797431,522.08
27.428889987,522.08
27.451914830,522.08
27.474898073,522.08
27.497946756,522.08
27.520705100,521.77
27.543798264,521.77
27.566959268,521.77
27.590197746,521.77
27.613437919,517.27
27.636594828,517.27
27.659668599,517.27
27.683170888,517.27
27.706528919,509.37
27.729698147,509.37
27.752549004,509.37
27.775576536,509.37
27.798807397,509.37
27.822037746,502.44
27.845266944,502.44
27.868003943,502.44
27.891170068,502.44
27.914085342,499.44
27.937175145,499.44
27.960178100,499.44
27.983143327,499.44
28.006019848,499.86
28.029267701,499.86
28.052291840,499.86
28.075580079,499.86
28.098799484,499.86
28.122110186,501.33
28.145473593,501.33
28.168537861,501.33
28.192091670,501.33
28.215296579,491.19
28.238365646,491.19
28.261071094,491.19
28.283794877,491.19
28.307473008,491.83
28.330520475,491.83
28.353706312,491.83
28.377077175,491.83
28.400375365,491.83
28.423209710,490.21
28.446277721,490.21
28.469118018,490.21
28.492166158,490.21
28.515787584,490.44
28.538743306,490.44
28.561549778,490.44
28.584593566,490.44
28.607304613,490.44
28.630212494,494.53
28.653085016,494.53
28.676248068,494.53
28.699276879,494.53
28.722023991,498.67
28.745221668,498.67
28.768375537,498.67
28.792027811,498.67
28.815127439,497.78
28.838501086,497.78
28.861456552,497.78
28.884412658,497.78
28.907808610,497.78
28.930813068,498.99
28.953982137,498.99
28.977096069,498.99
29.000238962,498.99
29.023162427,498.02
29.045961892,498.02
29.069081936,498.02
29.092112155,498.02
29.115448490,498.07
29.138919354,498.07
29.162018566,498.07
29.185230835,498.07
29.208583106,498.07
29.231640557,500.90
29.254512182,500.90
29.277345599,500.90
29.300391658,500.90
29.323489558,494.87
29.346501569,494.87
29.369306506,494.87
29.392145746,494.87
29.415905638,496.58
29.446129412,496.58
29.468988334,496.58
29.492094489,496.58
29.516057583,496.47
29.538997753,496.47
29.561952196,496.47
29.584787404,496.47
29.608091547,496.47
29.631337864,496.81
29.654462964,496.81
29.677437215,496.81
29.700889231,496.81
29.724507841,491.08
29.747474187,491.08
29.770597527,491.08
29.793705539,491.08
29.817258324,491.91
29.840370432,491.91
29.863233514,491.91
29.886163827,491.91
29.909281024,491.91
29.932236810,491.46
29.955326261,491.46
29.978602883,491.46
30.001884273,491.46
30.024908028,492.00
30.047962216,492.00
30.071007059,492.00
30.093967773,492.00
30.117017417,492.00
30.139983667,491.52
30.162954173,491.52
30.186040009,491.52
30.209090164,491.52
30.231966302,493.24
30.255009641,493.24
30.277984435,493.24
30.300895261,493.24
30.323860135,492.25
30.346590735,492.25
30.369741883,492.25
30.392611365,492.25
30.415873426,492.25
30.438967038,483.78
30.462069866,483.78
30.486688616,483.78
30.510364954,483.78
30.533812234,477.99
30.557455132,477.99
30.580571944,477.99
30.604079929,477.99
30.627119620,471.54
30.650219056,471.54
30.673211195,471.54
30.696223813,471.54
30.719028270,471.54
30.741904119,472.17
30.764850529,472.17
30.787994574,472.17
30.811169435,472.17
30.833957219,471.46
30.856644778,471.46
30.879714549,471.46
30.902708256,471.46
30.926564981,472.26
30.949704065,472.26
30.972507497,472.26
30.995448724,472.26
31.018586496,472.26
31.041741356,472.71
31.064824632,472.71
31.087818851,472.71
31.110779565,472.71
31.134421599,473.60
31.157472330,473.60
31.180486677,473.60
31.203317822,473.60
31.226297769,473.60
31.249256979,473.64
31.272388799,473.64
31.295214632,473.64
31.318295732,473.64
31.341296638,473.80
31.364299401,473.80
31.387564919,473.80
31.410887045,473.80
31.433906768,473.67
31.457384673,473.67
31.480381035,473.67
31.503462711,473.67
31.526852742,473.67
31.551465251,473.40
31.574369005,473.40
31.597247510,473.40
31.620378851,473.40
31.643402734,473.70
31.666549114,473.70
31.689525733,473.70
31.713029557,473.70
31.736125537,472.91
31.759542001,472.91
31.782508251,472.91
31.805475365,472.91
31.828643314,472.91
31.851783166,473.70
31.874944235,473.70
31.898084631,473.70
31.921068322,473.70
31.944171694,472.68
31.967043063,472.68
31.990131971,472.68
32.013094061,472.68
32.036219193,473.16
32.059244676,473.16
32.082105325,473.16
32.105182105,473.16
32.128430374,473.16
32.151488050,472.16
32.174547133,472.16
32.197716650,472.16
32.220811958,472.16
32.244049347,472.64
32.267048718,472.64
32.290238491,472.64
32.313094340,472.64
32.337145179,473.06
32.360126277,473.06
32.383177457,473.06
32.406019642,473.06
32.429139782,473.06
32.452352403,472.58
32.475471487,472.58
32.498446409,472.58
32.521939578,472.58
32.545283273,473.23
32.568268115,473.23
32.592537389,473.23
32.615686937,473.23
32.639516109,473.34
32.662573017,473.34
32.685570339,473.34
32.708684975,473.34
32.731542585,473.34
32.754768870,473.92
32.777531950,473.92
32.800558009,473.92
32.823691141,473.92
32.847496281,474.18
32.870532964,474.18
32.893477583,474.18
32.916747932,474.18
32.939653190,475.30
32.962764978,475.30
32.985740892,475.30
33.008857353,475.30
33.031993781,475.30
33.055283427,474.78
33.078474160,474.78
33.101494395,474.78
33.124518758,474.78
33.147563409,475.83
33.170868063,475.83
33.193565639,475.83
33.216763636,475.83
33.239984257,475.83
33.263113229,475.18
33.286275930,475.18
33.309362565,475.18
33.332759317,475.18
33.355577085,476.05
33.378820267,476.05
33.401669396,476.05
33.424978946,476.05
33.448084142,475.88
33.471294779,475.88
33.494284454,475.88
33.517175791,475.88
33.540468798,475.88
33.563422632,475.20
33.586310993,475.20
33.609186714,475.20
33.638722065,475.20
33.661901118,475.52
33.685556208,475.52
33.708366649,475.52
33.731522245,475.52
33.754585041,475.78
33.777532987,475.78
33.800649959,475.78
33.823844756,475.78
33.846937536,475.25
33.870133709,475.25
33.893350074,475.25
33.916540775,475.25
33.939784020,475.25
33.962882528,475.14
33.985958476,475.14
34.009124696,475.14
34.032307109,475.14
34.055263951,474.61
34.078455452,474.61
34.101426535,474.61
34.124444722,474.61
34.147691807,474.61
34.171091535,475.83
34.194270235,475.83
34.217448424,475.83
34.240690134,475.83
34.263828706,474.84
34.286834253,474.84
34.309521940,474.84
34.332941220,474.84
34.356054224,475.39
34.379392766,475.39
34.402558731,475.39
34.425441748,475.39
34.448461919,475.39
34.471696301,475.50
34.494643831,475.50
34.517654434,475.50
34.541188595,475.50
34.564273470,475.95
34.587246473,475.95
34.610352821,475.95
34.634136009,475.95
34.657207572,475.53
34.680559395,475.53
34.703802512,475.53
34.729595836,475.53
34.752553222,475.53
34.775556081,476.15
34.798362297,476.15
34.821525830,476.15
34.844644114,476.15
34.867766334,476.30
34.890830153,476.30
34.913889365,476.30
34.936999521,476.30
34.960075756,477.59
34.983192728,477.59
35.006232132,477.59
35.029293327,477.59
35.052569149,477.59
35.075579304,478.04
35.098606099,478.04
35.121279738,478.04
35.144814539,478.04
35.167850390,477.49
35.190972706,477.49
35.213917804,477.49
35.236723893,477.49
35.259971522,477.83
35.282991885,477.83
35.306047961,477.83
35.329155332,477.83
35.352360594,477.83
35.375184026,476.64
35.398275334,476.64
35.421407794,476.64
35.444583487,476.64
35.467634826,475.40
35.490806615,475.40
35.513948739,475.40
35.537200209,475.40
35.561434218,476.13
35.584960955,476.13
35.608269001,476.13
35.631138387,476.13
35.654113213,476.13
35.677384619,477.27
35.700813179,477.27
35.724043528,477.27
35.747387799,477.27
35.770853543,476.70
35.794149589,476.70
35.817015582,476.70
35.839810150,476.70
35.863824797,477.62
35.887014730,477.62
35.909916851,477.62
35.933047968,477.62
35.956447055,477.62
35.979750013,476.59
36.003041931,476.59
36.026186648,476.59
36.049523430,476.59
36.073053495,474.30
36.096341189,474.30
36.119736821,474.30
36.142638942,474.30
36.166388658,473.23
36.189183834,473.23
36.211928994,473.23
36.234817707,473.23
36.257916151,473.23
36.281107748,480.37
36.304190256,480.37
36.327141370,480.37
36.350221286,480.37
36.374136635,487.80
36.397065637,487.80
36.420077456,487.80
36.442965433,487.80
36.466027365,495.75
36.489297426,495.75
36.512401886,495.75
36.535477418,495.75
36.558447316,495.75
36.581540928,496.27
36.604649740,496.27
36.627843705,496.27
36.651223880,496.27
36.674241459,495.73
36.697244670,495.73
36.720172360,495.73
36.743268884,495.73
36.766426528,494.94
36.792179435,494.94
36.815274935,494.94
36.838315234,494.94
36.861561167,494.94
36.884514970,495.79
36.907639526,495.79
36.930733650,495.79
36.954090624,495.79
36.976949258,496.32
36.999966741,496.32
37.022863966,496.32
37.045968650,496.32
37.069301785,496.32
37.092604455,498.84
37.115672178,498.84
37.138524283,498.84
37.161689160,498.84
37.184651058,499.21
37.207696318,499.21
37.230926571,499.21
37.254053687,499.21
37.277301125,492.05
37.300412561,492.05
37.323362267,492.05
37.346440103,492.05
37.369619379,492.05
37.392459196,484.66
37.415251460,484.66
37.438112942,484.66
37.461564926,484.66
37.484625833,478.77
37.507644116,478.77
37.530751200,478.77
37.553909836,478.77
37.577215931,477.91
37.600396680,477.91
37.623291089,477.91
37.645978680,477.91
37.669014691,477.91
37.692413299,477.17
37.715409469,477.17
37.738230438,477.17
37.761109199,477.17
37.784194299,477.53
37.807122117,477.53
37.830001166,477.53
37.852911608,477.53
37.876073509,477.88
37.899175408,477.88
37.922132379,477.88
37.944982340,477.88
37.968098832,477.88
37.991050906,477.73
38.013855682,477.73
38.036777292,477.73
38.060081434,477.73
38.083071589,475.30
38.106028271,475.30
38.129098043,475.30
38.151892995,475.30
38.175033008,475.30
38.198201852,471.81
38.221288904,471.81
38.244305971,471.81
38.267563105,471.81
38.290614956,469.63
38.313649335,469.63
38.336561153,469.63
38.359524843,469.63
38.382515798,468.12
38.405481920,468.12
38.428377962,468.12
38.451350228,468.12
38.474266110,468.12
38.497464939,464.45
38.520455925,464.45
38.543278750,464.45
38.566293961,464.45
38.589786905,461.08
38.612793508,461.08
38.635818543,461.08
38.658897403,461.08
38.681992135,458.76
38.705018930,458.76
38.727953788,458.76
38.751139433,458.76
38.774247892,458.76
38.797166142,455.51
38.820133801,455.51
38.842870736,455.51
38.865880507,455.51
38.891747239,451.77
38.914639313,451.77
38.937709148,451.77
38.960677990,451.77
38.983519119,451.77
39.006395033,447.30
39.029154273,447.30
39.051904968,447.30
39.074826930,447.30
39.097763356,448.26
39.120671750,448.26
39.143525135,448.26
39.166869758,448.26
39.189922985,449.29
39.212843731,449.29
39.235961439,449.29
39.258933641,449.29
39.281856883,449.29
39.304940319,449.40
39.327751015,449.40
39.350755538,449.40
39.373655292,449.40
39.396535301,449.49
39.419340398,449.49
39.442069173,449.49
39.464885150,449.49
39.487953993,450.52
39.511004565,450.52
39.533925022,450.52
39.557841748,450.52
39.580849726,450.52
39.603740520,450.96
39.626831156,450.96
39.649777598,450.96
39.672613831,450.96
39.695407535,450.50
39.718383897,450.50
39.741065024,450.50
39.763991658,450.50
39.786952021,450.50
39.809701500,451.29
39.832705831,451.29
39.855483727,451.29
39.878710333,451.29
39.901668007,452.44
39.924712562,452.44
39.947656572,452.44
39.970567302,452.44
39.993629169,452.44
40.016619388,452.17
40.039545318,452.17
40.062410703,452.17
40.085328633,452.17
40.108396484,452.64
40.131266574,452.64
40.154175479,452.64
40.177586983,452.64
40.200769844,452.88
40.223826623,452.88
40.246776969,452.88
40.269877557,452.88
40.293006465,452.88
40.316374928,452.97
40.339270138,452.97
40.362128451,452.97
40.385262575,452.97
40.408077432,452.69
40.430874848,452.69
40.453871755,452.69
40.477266458,452.69
40.500458439,453.47
40.523671444,453.47
40.546693791,453.47
40.569717578,453.47
40.592906455,453.47
40.615812737,454.17
40.638654378,454.17
40.661541299,454.17
40.684628351,454.17
40.707573161,454.21
40.730500499,454.21
40.753508766,454.21
40.776471784,454.21
40.799608212,454.57
40.822640383,454.57
40.845352295,454.57
40.868159599,454.57
40.891061017,454.57
40.913920546,454.39
40.937039342,454.39
40.960130106,454.39
40.985953797,454.39
41.008627820,454.58
41.031626711,454.58
41.054571553,454.58
41.077301513,454.58
41.101051900,453.97
41.124108231,453.97
41.146922160,453.97
41.169727096,453.97
41.192855621,453.97
41.215861231,454.75
41.238851066,454.75
41.261701635,454.75
41.284613837,454.75
41.308360512,455.58
41.331294154,455.58
41.354081458,455.58
41.377024444,455.58
41.399852933,455.58
41.422545356,454.24
41.445371349,454.24
41.468249374,454.24
41.491162152,454.24
41.514098930,454.54
41.537012860,454.54
41.560102759,454.54
41.583452150,454.54
41.606462849,454.72
41.629373803,454.72
41.652280884,454.72
41.675142782,454.72
41.698094792,454.72
41.721093650,455.01
41.744285599,455.01
41.767054727,455.01
41.790119763,455.01
41.813210463,454.64
41.836035239,454.64
41.859005490,454.64
41.881738873,454.64
41.905554414,454.45
41.928611513,454.45
41.951641828,454.45
41.974633167,454.45
41.997760539,454.45
42.020826502,455.11
42.045279458,455.11
42.068220972,455.11
42.091451161,455.11
42.114196481,455.12
42.137267021,455.12
42.160187863,455.12
42.183212258,455.12
42.206057259,454.18
42.229152694,454.18
42.252088864,454.18
42.275144460,454.18
42.298185015,454.18
42.321158465,455.02
42.344104011,455.02
42.366931636,455.02
42.390122785,455.02
42.413203213,455.67
42.436400986,455.67
42.459484357,455.67
42.482522929,455.67
42.505296377,455.67
42.528387460,454.85
42.551867541,454.85
42.574871392,454.85
42.598625331,454.85
42.621592061,455.75
42.644484423,455.75
42.667394993,455.75
42.690467612,455.75
42.713630761,456.45
42.736617395,456.45
42.759415708,456.45
42.782313413,456.45
42.805399889,456.45
42.828492381,457.06
42.851776683,457.06
42.875129242,457.06
42.898384263,457.06
42.921425650,455.64
42.944416029,455.64
42.967300134,455.64
42.990183152,455.64
43.014322088,454.34
43.037317298,454.34
43.060241756,454.34
43.085687331,454.34
43.108814480,454.34
43.132477698,455.00
43.155437580,455.00
43.178394198,455.00
43.201488290,455.00
43.224541198,454.00
43.247703386,454.00
43.270727301,454.00
43.293690960,454.00
43.317077151,454.37
43.340270764,454.37
43.363283639,454.37
43.386593349,454.37
43.409617552,454.37
43.432692988,455.43
43.455679686,455.43
43.478365485,455.43
43.501094773,455.43
43.524093024,454.89
43.547055882,454.89
43.570021844,454.89
43.592948990,454.89
43.616096010,455.42
43.639510426,455.42
43.662381219,455.42
43.685550864,455.42
43.708594747,455.42
43.731577446,453.10
43.754714898,453.10
43.777845694,453.10
43.800690279,453.10
43.823910260,452.15
43.846952576,452.15
43.869927722,452.15
43.892907029,452.15
43.916041537,452.15
43.939278158,454.74
43.962407099,454.74
43.985333252,454.74
44.008427088,454.74
44.031469275,456.35
44.054419270,456.35
44.077325423,456.35
44.100798336,456.35
44.123948076,455.07
44.146954167,455.07
44.169896865,455.07
44.192913036,455.07
44.216036376,455.07
44.239140932,457.22
44.262123790,457.22
44.285148985,457.22
44.308436743,457.22
44.331439954,457.19
44.354525534,457.19
44.377462856,457.19
44.400602388,457.19
44.424057124,456.42
44.447111280,456.42
44.470028729,456.42
44.492747745,456.42
44.515629546,456.42
44.538689526,455.50
44.561544959,455.50
44.584425288,455.50
44.607538612,455.50
44.631383529,454.50
44.654274866,454.50
44.677331997,454.50
44.700253671,454.50
44.723269042,456.19
44.746385150,456.19
44.769609931,456.19
44.792558230,456.19
44.815778435,456.19
44.839056433,456.30
44.861968347,456.30
44.885002918,456.30
44.908171122,456.30
44.931159421,454.76
44.954223592,454.76
44.977345429,454.76
45.000134141,454.76
45.023243721,454.76
45.046219635,453.96
45.069158173,453.96
45.091866597,453.96
45.114765326,453.96
45.137567863,455.39
45.160421856,455.39
45.184746938,455.39
45.207702852,455.39
45.230614318,454.23
45.253505143,454.23
45.276563875,454.23
45.299444140,454.23
45.322509687,454.23
45.345431617,453.35
45.368325003,453.35
45.391112467,453.35
45.413806394,453.35
45.437065704,452.64
45.459804144,452.64
45.482753626,452.64
45.505681124,452.64
45.528649710,454.74
45.552084638,454.74
45.575118473,454.74
45.598226709,454.74
45.621020701,454.74
45.643967783,453.69
45.667030771,453.69
45.690029853,453.69
45.713556974,453.69
45.736729243,454.98
45.760083978,454.98
45.783081205,454.98
45.806127840,454.98
45.829194795,454.98
45.852260727,453.56
45.875268578,453.56
45.898251244,453.56
45.921405625,453.56
45.944256866,454.07
45.967405454,454.07
45.990468954,454.07
46.013234050,454.07
46.036268749,454.18
46.059232599,454.18
46.082122721,454.18
46.105089291,454.18
46.127767058,454.18
46.150547354,453.14
46.173464356,453.14
46.196309869,453.14
46.219486138,453.14
46.244545212,452.84
46.267508134,452.84
46.290544754,452.84
46.313576573,452.84
46.336465126,454.66
46.359311951,454.66
46.382312602,454.66
46.405130434,454.66
46.428173710,454.66
46.450997366,453.85
46.473787071,453.85
46.496716168,453.85
46.519826197,453.85
46.542856096,453.24
46.566064461,453.24
46.588893365,453.24
46.611749567,453.24
46.634743849,453.24
46.657738196,453.32
46.680670718,453.32
46.703429734,453.32
46.726817877,453.32
46.749732607,452.28
46.772526663,452.28
46.795543826,452.28
46.818237849,452.28
46.842054573,454.06
46.865070072,454.06
46.888245509,454.06
46.911102926,454.06
46.933858006,454.06
46.956702495,454.02
46.979667817,454.02
47.002802037,454.02
47.025754912,454.02
47.049526963,454.08
47.072535166,454.08
47.095400519,454.08
47.118362706,454.08
47.141251579,454.75
47.164128676,454.75
47.186934701,454.75
47.209794678,454.75
47.232800353,454.75
47.255683818,453.94
47.278777302,453.94
47.301710400,453.94
47.327833807,453.94
47.351705220,453.84
47.374604717,453.84
47.397427190,453.84
47.420342976,453.84
47.443442540,453.84
47.466266900,454.37
47.489316832,454.37
47.512247337,454.37
47.535189396,454.37
47.558265631,454.64
47.581214281,454.64
47.604084434,454.64
47.627273567,454.64
47.650360779,454.72
47.673216148,454.72
47.696249663,454.72
47.719095656,454.72
47.742240693,454.72
47.765244639,456.36
47.788234858,456.36
47.811070931,456.36
47.834527395,456.36
47.857495661,456.23
47.880541241,456.23
47.903583300,456.23
47.926431405,456.23
47.949920125,456.19
47.972860999,456.19
47.995602959,456.19
48.018581337,456.19
48.041541796,456.19
48.064173642,456.39
48.087140564,456.39
48.110325697,456.39
48.133134890,456.39
48.156075060,455.95
48.179002270,455.95
48.201859463,455.95
48.224637391,455.95
48.247560537,455.95
48.270556259,456.07
48.293535726,456.07
48.316390455,456.07
48.343959063,456.07
48.366882112,455.77
48.389989741,455.77
48.413174425,455.77
48.436226693,455.77
48.459781974,455.97
48.482995939,455.97
48.505825548,455.97
48.528754198,455.97
48.552127077,455.97
48.575264657,454.59
48.598279484,454.59
48.621171941,454.59
48.644340434,454.59
48.667431806,455.42
48.690362664,455.42
48.713254065,455.42
48.736528767,455.42
48.759167942,454.62
48.781964526,454.62
48.804728278,454.62
48.827724449,454.62
48.850640011,454.62
48.873851416,454.50
48.896984452,454.50
48.919779404,454.50
48.942993818,454.50
48.965831266,454.02
48.988809069,454.02
49.011747991,454.02
49.034780354,454.02
49.057932495,453.56
49.081050619,453.56
49.104066726,453.56
49.127048944,453.56
49.150180252,453.56
49.173439274,453.95
49.196478261,453.95
49.219469184,453.95
49.242743182,453.95
49.265768889,454.67
49.289057735,454.67
49.312078354,454.67
49.335031484,454.67
49.358055271,455.59
49.383834002,455.59
49.406803260,455.59
49.430169803,455.59
49.453399289,455.59
49.476709799,455.37
49.499870228,455.37
49.522768189,455.37
49.545605094,455.37
49.568667345,455.83
49.591694428,455.83
49.614533989,455.83
49.637575057,455.83
49.661440453,454.97
49.684547569,454.97
49.707392474,454.97
49.730254211,454.97
49.753282606,454.97
49.776698878,456.23
49.799741673,456.23
49.822794421,456.23
49.845866848,456.23
49.869403665,456.65
49.892259962,456.65
49.915177860,456.65
49.938156814,456.65
49.961200730,456.65
49.984144804,457.46
50.007315568,457.46
50.030254202,457.46
50.053479240,457.46
50.076809750,456.72
50.099756384,456.72
50.122790316,456.72
50.145908184,456.72
50.168834658,457.45
50.192050447,457.45
50.214877880,457.45
50.237584863,457.45
50.260723467,457.45
50.283698006,457.46
50.306528062,457.46
50.329239782,457.46
50.352604821,457.46
50.375502910,457.54
50.398234822,457.54
50.421035438,457.54
50.445030693,457.54
50.468007439,459.23
50.491207740,459.23
50.514232871,459.23
50.537116592,459.23
50.560053498,459.23
50.583036037,459.75
50.606046768,459.75
50.628973210,459.75
50.652054053,459.75
50.675419636,459.46
50.698446303,459.46
50.721571148,459.46
50.744273427,459.46
50.767445696,460.26
50.790441610,460.26
50.813520438,460.26
50.836559233,460.26
50.859781262,460.26
50.882649911,460.58
50.905593858,460.58
50.928415274,460.58
50.951213075,460.58
50.974178813,460.52
50.997191080,460.52
51.020226707,460.52
51.043229086,460.52
51.066203816,460.52
51.089026065,461.19
51.111810233,461.19
51.134888677,461.19
51.158327988,461.19
51.181200318,461.04
51.204184520,461.04
51.227156755,461.04
51.250055292,461.04
51.273551309,460.73
51.296566904,460.73
51.319166046,460.73
51.342015367,460.73
51.364989841,460.73
51.387917371,460.90
51.410933638,460.90
51.433994385,460.90
51.457018268,460.90
51.480594606,460.58
51.503705978,460.58
51.529024703,460.58
51.552210956,460.58
51.575874143,461.44
51.598800233,461.44
51.621389007,461.44
51.644107734,461.44
51.667099361,461.44
51.690057227,462.50
51.713040533,462.50
51.735922815,462.50
51.758624870,462.50
51.781426798,462.45
51.804271479,462.45
51.827179169,462.45
51.850032906,462.45
51.873091605,462.45
51.895964351,462.24
51.919067115,462.24
51.942090486,462.24
51.965153697,462.24
51.988165036,461.39
52.011033269,461.39
52.033765981,461.39
52.056607078,461.39
52.079401166,461.54
52.102106293,461.54
52.124585498,461.54
52.147582181,461.54
52.170647152,461.54
52.193694716,460.68
52.216560421,460.68
52.239421486,460.68
52.262556762,460.68
52.286228141,460.67
52.309025845,460.67
52.331876414,460.67
52.355050091,460.67
52.378244792,459.62
52.401498437,459.62
52.424075947,459.62
52.446906484,459.62
52.470079489,459.62
52.492810568,458.64
52.515699026,458.64
52.545279977,458.64
52.568823834,458.64
52.591843973,459.01
52.614881648,459.01
52.637854906,459.01
52.660911142,459.01
52.683954673,457.89
52.706964156,457.89
52.729966375,457.89
52.752883376,457.89
52.776255135,457.89
52.799339723,456.90
52.822246357,456.90
52.845064413,456.90
52.868163369,456.90
52.891070579,456.74
52.914143518,456.74
52.937165353,456.74
52.960055379,456.74
52.983128382,457.52
53.006205642,457.52
53.029125300,457.52
53.052051390,457.52
53.075111305,457.52
53.098049971,457.98
53.121077022,457.98
53.144079849,457.98
53.166788880,457.98
53.189722490,458.36
53.212796422,458.36
53.235717072,458.36
53.258799707,458.36
53.281821030,458.36
53.304908978,460.06
53.327864636,460.06
53.350816391,460.06
53.374407672,460.06
53.397394339,461.31
53.420257996,461.31
53.443136725,461.31
53.466040415,461.31
53.489137899,460.89
53.511945107,460.89
53.534774844,460.89
53.558388622,460.89
53.583820949,460.89
53.606787967,458.86
53.629904875,458.86
53.652917206,458.86
53.676480615,458.86
53.699494994,457.84
53.722468028,457.84
53.745363430,457.84
53.768298608,457.84
53.791284347,457.16
53.814218021,457.16
53.837345137,457.16
53.860109081,457.16
53.882820096,457.16
53.905940940,459.92
53.928776981,459.92
53.951699679,459.92
53.974700010,459.92
53.998235675,458.89
54.021072547,458.89
54.043937869,458.89
54.066930103,458.89
54.089988995,458.89
54.112766795,458.34
54.135628820,458.34
54.158673791,458.34
54.181767723,458.34
54.204872759,457.89
54.227864322,457.89
54.250725515,457.89
54.273817238,457.89
54.296624767,457.80
54.319836972,457.80
54.342880951,457.80
54.366093413,457.80
54.389369747,457.80
54.412322429,456.68
54.435239046,456.68
54.458081967,456.68
54.481533247,456.68
54.504245447,461.47
54.527243825,461.47
54.552217363,461.47
54.575080572,461.47
54.598110983,467.86
54.621008433,467.86
54.645619406,467.86
54.668548984,467.86
54.691355393,467.86
54.714361963,469.68
54.737351990,469.68
54.760440994,469.68
54.783800113,469.68
54.806767579,469.33
54.829610532,469.33
54.852255019,469.33
54.875250101,469.33
54.898650885,467.80
54.921499950,467.80
54.944545593,467.80
54.967498819,467.80
54.990343916,467.80
55.013323702,468.15
55.036425346,468.15
55.059432141,468.15
55.082410200,468.15
55.106104746,467.68
55.129024116,467.68
55.151876605,467.68
55.174965929,467.68
55.197937747,467.68
55.221146561,470.12
55.244047082,470.12
55.266935380,470.12
55.289948094,470.12
55.313203084,469.26
55.336238775,469.26
55.358999423,469.26
55.382475983,469.26
55.405388889,470.89
55.428085376,470.89
55.451015242,470.89
55.473854035,470.89
55.496986687,470.89
55.520217453,466.91
55.543231416,466.91
55.566204066,466.91
55.589488816,466.91
55.612362073,461.89
55.634984608,461.89
55.657901097,461.89
55.680538384,461.89
55.704249315,460.98
55.729600457,460.98
55.752467922,460.98
55.775431900,460.98
55.798254757,460.98
55.821401458,462.31
55.844619647,462.31
55.867547785,462.31
55.890562932,462.31
55.913540254,461.06
55.936483624,461.06
55.959245264,461.06
55.982117049,461.06
56.005856621,460.63
56.028839127,460.63
56.051941539,460.63
56.075161872,460.63
56.098343069,460.63
56.121578411,462.45
56.144775352,462.45
56.167645985,462.45
56.190933039,462.45
56.214384127,464.70
56.237261032,464.70
56.260243859,464.70
56.283679811,464.70
56.306837871,469.86
56.329894074,469.86
56.352797636,469.86
56.375710094,469.86
56.398984508,469.86
56.421799908,474.80
56.444667438,474.80
56.467592151,474.80
56.490805797,474.80
56.513721230,479.10
56.536670904,479.10
56.559505121,479.10
56.582148200,479.10
56.604970929,479.10
56.628063260,484.38
56.651094759,484.38
56.674095026,484.38
56.697299295,484.38
56.720346219,484.56
56.745401677,484.56
56.768222934,484.56
56.791338690,484.56
56.814394253,484.77
56.837352279,484.77
56.860274657,484.77
56.883260652,484.77
56.906512218,484.77
56.929684806,486.68
56.952704721,486.68
56.975758877,486.68
56.999033930,486.68
57.022239128,487.20
57.045243234,487.20
57.068186956,487.20
57.091114166,487.20
57.114452709,487.20
57.137234957,487.93
57.160240568,487.93
57.183212162,487.93
57.206184941,487.93
57.229183127,490.46
57.252131490,490.46
57.275148781,490.46
57.298297593,490.46
57.321959147,491.88
57.344976214,491.88
57.368004897,491.88
57.391027468,491.88
57.414116792,491.88
57.437276453,486.66
57.460262607,486.66
57.483226810,486.66
57.506341702,486.66
57.529408881,481.24
57.552433596,481.24
57.575684490,481.24
57.598757269,481.24
57.621691391,476.41
57.644678058,476.41
57.667543315,476.41
57.690516574,476.41
57.713622185,476.41
57.736718037,476.43
57.759807873,476.43
57.785381258,476.43
57.808429589,476.43
57.831549121,476.77
57.854764782,476.77
57.877713240,476.77
57.900775204,476.77
57.923970609,476.75
57.946686584,476.75
57.969764292,476.75
57.992835279,476.75
58.015676920,476.75
58.038760964,477.42
58.061556844,477.42
58.084728377,477.42
58.107891302,477.42
58.131012786,476.04
58.154070909,476.04
58.177001671,476.04
58.199974706,476.04
58.223270784,471.21
58.246167881,471.21
58.269059987,471.21
58.292185183,471.21
58.315023080,471.21
58.338018675,464.95
58.361122238,464.95
58.384317515,464.95
58.407274422,464.95
58.430151167,465.05
58.453167882,465.05
58.476243254,465.05
58.499081726,465.05
58.522104841,465.29
58.545187221,465.29
58.568153247,465.29
58.591061833,465.29
58.613934098,465.29
58.636720027,466.36
58.659611108,466.36
58.682765104,466.36
58.705996318,466.36
58.728987689,467.40
58.752132469,467.40
58.774992158,467.40
58.798092554,467.40
58.820999092,467.40
58.845143212,468.08
58.868001237,468.08
58.891187906,468.08
58.913963242,468.08
58.936952308,468.95
58.959936479,468.95
58.982804744,468.95
59.005568080,468.95
59.028872734,469.98
59.051885993,469.98
59.074905332,469.98
59.097974240,469.98
59.121057003,469.98
59.144074806,470.30
59.167004512,470.30
59.190111372,470.30
59.213317145,470.30
59.236088513,470.64
59.259113900,470.64
59.282058326,470.64
59.305173123,470.64
59.329241018,469.41
59.352467015,469.41
59.375356592,469.41
59.398585918,469.41
59.421537832,469.41
59.444451794,470.07
59.467374044,470.07
59.490341318,470.07
59.513340721,470.07
59.536188986,470.77
59.559273221,470.77
59.582255664,470.77
59.605341051,470.77
59.628526536,470.77
59.651236112,469.63
59.674270651,469.63
59.697042691,469.63
59.719961485,469.63
59.743239739,469.03
59.766364071,469.03
59.789248688,469.03
59.812985028,469.03
59.836128720,468.17
59.859072122,468.17
59.883148753,468.17
59.906356382,468.17
59.929447786,468.17
59.952463797,467.22
59.975538657,467.22
59.998638509,467.22
60.021896474,467.22
60.045060999,465.44
60.068224692,465.44
60.091385760,465.44
60.114842128,465.44
60.137752058,464.18
60.161017416,464.18
60.183838992,464.18
60.206812795,464.18
60.229769861,464.18
60.252781520,463.60
60.275754010,463.60
60.298764197,463.60
60.321830865,463.60
60.344962493,463.65
60.367900103,463.65
60.390756144,463.65
60.413725082,463.65
60.437569519,462.90
60.460522137,462.90
60.483730982,462.90
60.506782833,462.90
60.529849277,462.90
60.552881256,463.37
60.575817106,463.37
60.598934942,463.37
60.621754087,463.37
60.645508826,462.98
60.668562950,462.98
60.691464783,462.98
60.714493274,462.98
60.737522021,462.35
60.760859508,462.35
60.783851423,462.35
60.806739208,462.35
60.829895573,462.35
60.852807198,462.34
60.875926410,462.34
60.899079351,462.34
60.922232579,462.34
60.945282095,463.36
60.968361434,463.36
60.991574216,463.36
61.014313871,463.36
61.037467100,463.36
61.060573256,462.97
61.083383376,462.97
61.106268986,462.97
61.129292549,462.97
61.152357904,463.64
61.175435996,463.64
61.198759562,463.64
61.221881366,463.64
61.245089540,463.18
61.268301393,463.18
61.291228379,463.18
61.314411303,463.18
61.338077146,463.18
61.361226918,464.77
61.384482228,464.77
61.407419294,464.77
61.430922575,464.77
61.453930521,465.79
61.476978053,465.79
61.499886606,465.79
61.522612150,465.79
61.546340073,471.09
61.569406645,471.09
61.592571425,471.09
61.615574732,471.09
61.638606423,471.09
61.662101064,477.46
61.684892944,477.46
61.707815706,477.46
61.730846021,477.46
61.753996049,477.79
61.777112125,477.79
61.800240746,477.79
61.823313621,477.79
61.846494658,478.97
61.869439276,478.97
61.892331958,478.97
61.915368993,478.97
61.938475597,478.97
61.961374422,478.68
61.985325964,478.68
62.008390232,478.68
62.031582756,478.68
62.054742129,479.69
62.077765596,479.69
62.100713510,479.69
62.123525487,479.69
62.146347287,479.69
62.169150144,479.14
62.192240652,479.14
62.215139957,479.14
62.238040607,479.14
62.261232684,480.97
62.284297335,480.97
62.307190241,480.97
62.330156907,480.97
62.353077493,479.17
62.375957086,479.17
62.398955657,479.17
62.422092789,479.17
62.445144448,479.17
62.468130987,479.11
62.491066997,479.11
62.513788317,479.11
62.536690950,479.11
62.560098486,473.25
62.583113888,473.25
62.606184876,473.25
62.629185143,473.25
62.652156225,467.77
62.675338382,467.77
62.698187127,467.77
62.720952159,467.77
62.743887401,467.77
62.766731826,467.64
62.789778877,467.64
62.812882441,467.64
62.836073910,467.64
62.859050273,466.49
62.882442576,466.49
62.905091606,466.49
62.927891263,466.49
62.950902058,466.49
62.974009878,467.21
62.996983968,467.21
63.019768840,467.21
63.045674453,467.21
63.068765345,466.39
63.091813100,466.39
63.114898744,466.39
63.138024676,466.39
63.160940302,467.59
63.183962360,467.59
63.206981059,467.59
63.229868525,467.59
63.252927672,467.59
63.276073573,466.73
63.299137936,466.73
63.322304541,466.73
63.345564939,466.73
63.368601238,467.18
63.391518271,467.18
63.414486666,467.18
63.437418900,467.18
63.460342910,466.37
63.483136838,466.37
63.505965519,466.37
63.528644950,466.37
63.552653324,466.37
63.575529365,467.44
63.598599425,467.44
63.621573611,467.44
63.644656247,467.44
63.667951269,468.58
63.690943120,468.58
63.713931962,468.58
63.737035238,468.58
63.760329141,467.49
63.783349728,467.49
63.806242825,467.49
63.829554999,467.49
63.852651331,467.49
63.875457420,468.58
63.898587928,468.58
63.921644739,468.58
63.944730127,468.58
63.967978205,469.00
63.990900647,469.00
64.013726895,469.00
64.036835419,469.00
64.059929991,470.94
64.086165815,470.94
64.109230627,470.94
64.132407056,470.94
64.155477115,470.94
64.178544807,470.77
64.201477361,470.77
64.224521116,470.77
64.247824426,470.77
64.271572317,471.25
64.294478567,471.25
64.317516722,471.25
64.340405980,471.25
64.363484967,471.25
64.386531635,472.29
64.409418556,472.29
64.432191332,472.29
64.455189423,472.29
64.478140345,473.48
64.501176036,473.48
64.524293584,473.48
64.547618943,473.48
64.570676426,473.73
64.594049049,473.73
64.616881506,473.73
64.639650954,473.73
64.662846167,473.73
64.686001284,474.27
64.708834092,474.27
64.731929944,474.27
64.755520394,474.27
64.778424499,475.86
64.801353181,475.86
64.824225671,475.86
64.847012847,475.86
64.870554720,476.37
64.893623851,476.37
64.916213777,476.37
64.939360638,476.37
64.962783021,476.37
64.986063259,476.57
65.009418666,476.57
65.032696664,476.57
65.055882757,476.57
65.078787791,476.41
65.101481078,476.41
65.124291454,476.41
65.147253737,476.41
65.170030417,476.41
65.193279838,476.18
65.216135079,476.18
65.239314036,476.18
65.262785732,476.18
65.285552237,475.92
65.308592408,475.92
65.331554370,475.92
65.354671598,475.92
65.377800282,474.26
65.400759813,474.26
65.423860528,474.26
65.446639449,474.26
65.470062952,474.26
65.493093043,472.90
65.516144735,472.90
65.539181898,472.90
65.562800860,472.90
65.585748358,472.30
65.608811697,472.30
65.631738683,472.30
65.654644933,472.30
65.677651888,471.89
65.700493913,471.89
65.723303041,471.89
65.746372077,471.89
65.769456760,471.89
65.792321921,470.97
65.815224011,470.97
65.838210966,470.97
65.861226881,470.97
65.884291852,469.44
65.907284727,469.44
65.930187904,469.44
65.953061994,469.44
65.976216374,469.37
65.999135136,469.37
66.022143211,469.37
66.045202934,469.37
66.068245089,469.37
66.091376398,468.20
66.114481689,468.20
66.137510981,468.20
66.160475215,468.20
66.184709736,467.43
66.207222157,467.43
66.230184247,467.43
66.253204418,467.43
66.276583761,467.43
66.299862303,468.03
66.322890666,468.03
66.345748820,468.03
66.368807935,468.03
66.391692136,467.98
66.414505393,467.98
66.437300185,467.98
66.460849386,467.98
66.484002775,468.99
66.507056930,468.99
66.529944780,468.99
66.552686643,468.99
66.575460603,468.99
66.598566023,468.68
66.621500273,468.68
66.644458748,468.68
66.667493799,468.68
66.690582419,466.73
66.713378587,466.73
66.736441190,466.73
66.759013644,466.73
66.781903830,467.42
66.805183716,467.42
66.828088013,467.42
66.851042391,467.42
66.874194436,467.42
66.896802698,468.36
66.919781429,468.36
66.942511228,468.36
66.965507847,468.36
66.988452561,467.40
67.011698463,467.40
67.034602024,467.40
67.057623507,467.40
67.080561373,467.40
67.103449639,467.16
67.126263855,467.16
67.149353211,467.16
67.172810539,467.16
67.196138169,467.93
67.219381031,467.93
67.245437749,467.93
67.268490112,467.93
67.291578636,467.76
67.314609623,467.76
67.337234686,467.76
67.360158088,467.76
67.383065777,467.76
67.406019323,469.11
67.429199176,469.11
67.452117586,469.11
67.474959803,469.11
67.498076935,467.75
67.521095858,467.75
67.543938267,467.75
67.566914597,467.75
67.589968657,468.34
67.612818106,468.34
67.635907237,468.34
67.658859664,468.34
67.681967932,468.34
67.704858757,469.70
67.727859568,469.70
67.750554711,469.70
67.773574722,469.70
67.797149939,469.20
67.820156798,469.20
67.843084840,469.20
67.866241205,469.20
67.888990012,468.77
67.912090856,468.77
67.935066067,468.77
67.958106910,468.77
67.981332939,468.77
68.004429559,469.08
68.027198847,469.08
68.050274891,469.08
68.073333302,469.08
68.096283840,468.53
68.119512974,468.53
68.142363287,468.53
68.165398306,468.53
68.188497038,468.53
68.211317750,468.25
68.234165503,468.25
68.256676324,468.25
68.280026163,468.25
68.302858428,467.42
68.325976776,467.42
68.349144821,467.42
68.371928989,467.42
68.395354253,466.08
68.418144501,466.08
68.440860412,466.08
68.463795558,466.08
68.486851378,466.08
68.509837564,467.08
68.532977577,467.08
68.558400368,467.08
68.581243960,467.08
68.604511014,466.18
68.627724020,466.18
68.650449051,466.18
68.673532167,466.18
68.697744831,465.68
68.720770027,465.68
68.743689684,465.68
68.766881793,465.68
68.789901932,465.68
68.813106841,464.91
68.835977859,464.91
68.858837420,464.91
68.881845591,464.91
68.905172709,465.23
68.928097743,465.23
68.951111162,465.23
68.973997219,465.23
68.997246705,464.83
69.020003353,464.83
69.042925475,464.83
69.065958414,464.83
69.088930008,464.83
69.112106597,465.08
69.135166192,465.08
69.157968057,465.08
69.180811938,465.08
69.203999087,463.44
69.227326941,463.44
69.250171526,463.44
69.273244402,463.44
69.296137339,463.44
69.319061989,464.16
69.344330314,464.16
69.367284884,464.16
69.390267103,464.16
69.413366378,463.28
69.436301269,463.28
69.459376096,463.28
69.482384075,463.28
69.505399990,463.62
69.528227295,463.62
69.552832764,463.62
69.575402658,463.62
69.598425261,463.62
69.621497816,463.24
69.644564196,463.24
69.667653359,463.24
69.690872893,463.24
69.713862087,464.55
69.737038900,464.55
69.759845181,464.55
69.782873640,464.55
69.805934259,463.37
69.829069983,463.37
69.852009737,463.37
69.875018420,463.37
69.898042975,463.37
69.921111851,463.84
69.943947156,463.84
69.967176321,463.84
69.990118795,463.84
70.013026005,464.90
70.036222754,464.90
70.059246061,464.90
70.082120182,464.90
70.105224002,465.76
70.128173420,465.76
70.151067958,465.76
70.174365988,465.76
70.197447888,465.76
70.220560892,467.50
70.243839658,467.50
70.266633010,467.50
70.290100226,467.50
70.313096013,467.88
70.336154584,467.88
70.359124482,467.88
70.384829837,467.88
70.408805699,468.64
70.432208274,468.64
70.455228317,468.64
70.478365353,468.64
70.501522262,468.64
70.524482880,468.76
70.547324329,468.76
70.570182738,468.76
70.593404767,468.76
70.617212275,468.87
70.640072285,468.87
70.663347691,468.87
70.686232372,468.87
70.709455617,468.87
70.732429036,468.62
70.755257300,468.62
70.778305472,468.62
70.801468044,468.62
70.824364342,469.01
70.847412449,469.01
70.870157289,469.01
70.893313941,469.01
70.916305600,468.57
70.939607886,468.57
70.962764027,468.57
70.985924391,468.57
71.009228502,468.57
71.032223072,467.81
71.055320364,467.81
71.078396824,467.81
71.101492036,467.81
71.124566415,466.61
71.147770172,466.61
71.170886760,466.61
71.194191063,466.61
71.217070304,466.65
71.240426063,466.65
71.263145846,466.65
71.286189826,466.65
71.309378958,466.65
71.332265464,466.91
71.355202274,466.91
71.378128460,466.91
71.400968533,466.91
71.424123201,466.53
71.447130796,466.53
71.470102806,466.53
71.493233827,466.53
71.517089943,465.87
71.540049922,465.87
71.563202734,465.87
71.586173752,465.87
71.609202980,465.87
71.632154542,466.68
71.655142264,466.68
71.678102755,466.68
71.701235983,466.68
71.725302022,465.33
71.748246480,465.33
71.771380444,465.33
71.794137156,465.33
71.817227760,464.92
71.840373564,464.92
71.863279238,464.92
71.886321105,464.92
71.909543263,464.92
71.932394632,465.70
71.955471955,465.70
71.978384157,465.70
72.001291623,465.70
72.024253201,466.19
72.047431518,466.19
72.070536522,466.19
72.093427827,466.19
72.116444958,466.19
72.139460201,466.15
72.162438355,466.15
72.185427998,466.15
72.208579083,466.15
72.231601653,465.23
72.254519167,465.23
72.277238887,465.23
72.300223985,465.23
72.323091514,466.36
72.346283655,466.36
72.369416468,466.36
72.392561312,466.36
72.415764877,466.36
72.438928378,466.09
72.461849604,466.09
72.484881391,466.09
72.507825209,466.09
72.530969125,466.15
72.554098673,466.15
72.577272414,466.15
72.600284169,466.15
72.623227219,466.00
72.646415680,466.00
72.669318762,466.00
72.692209139,466.00
72.715678915,466.00
72.738862640,467.78
72.762111806,467.78
72.785337451,467.78
72.808238933,467.78
72.831436994,467.21
72.854342443,467.21
72.877302550,467.21
72.900254400,467.21
72.923424332,467.21
72.946687162,467.05
72.969750758,467.05
72.992748240,467.05
73.016009950,467.05
73.038955080,466.89
73.061975283,466.89
73.084589306,466.89
73.107898056,466.89
73.130987252,467.70
73.153938974,467.70
73.177153131,467.70
73.200307256,467.70
73.223433828,467.70
73.246306541,466.59
73.269157238,466.59
73.292363171,466.59
73.315839155,466.59
73.338831870,467.23
73.361868489,467.23
73.384538128,467.23
73.407656220,467.23
73.431246222,467.44
73.454121463,467.44
73.477425253,467.44
73.500415280,467.44
73.523504060,467.44
73.546453478,468.59
73.569179725,468.59
73.592137624,468.59
73.615085954,468.59
73.638402384,468.32
73.661234265,468.32
73.684233252,468.32
73.707237486,468.32
73.730252889,468.32
73.753033410,468.70
73.776100333,468.70
73.799086552,468.70
73.822313317,468.70
73.845210254,466.37
73.868276506,466.37
73.891298021,466.37
73.914288944,466.37
73.937265018,467.65
73.960286597,467.65
73.983458578,467.65
74.006371291,467.65
74.029425159,467.65
74.052330512,467.82
74.075523869,467.82
74.098603401,467.82
74.121644788,467.82
74.144673503,468.64
74.167698602,468.64
74.190391186,468.64
74.213337308,468.64
74.236120580,468.64
74.259354929,469.35
74.282293179,469.35
74.305000067,469.35
74.328951256,469.35
74.351979779,468.58
74.374776908,468.58
74.397602772,468.58
74.420485086,468.58
74.443582090,469.41
74.466760503,469.41
74.489959620,469.41
74.513028975,469.41
74.536055226,469.41
74.559227463,467.74
74.581972559,467.74
74.605034202,467.74
74.629765849,467.74
74.652781220,468.24
74.675537420,468.24
74.698680952,468.24
74.721599682,468.24
74.745406934,467.49
74.768462177,467.49
74.791193353,467.49
74.814219732,467.49
74.837448193,467.49
74.860609166,470.41
74.883396086,470.41
74.906692004,470.41
74.929938834,470.41
74.953440643,469.17
74.976669968,469.17
74.999873085,469.17
75.023101386,469.17
75.047222818,469.77
75.070212237,469.77
75.093207895,469.77
75.116208706,469.77
75.139366255,469.77
75.162428634,468.86
75.185546278,468.86
75.208421968,468.86
75.231141879,468.86
75.254170626,468.62
75.277175181,468.62
75.300199320,468.62
75.323380101,468.62
75.346569586,468.62
75.369567100,467.99
75.392423781,467.99
75.415638579,467.99
75.438612989,467.99
75.461730793,467.93
75.484786645,467.93
75.507672286,467.93
75.531181839,467.93
75.554037048,468.13
75.577045635,468.13
75.599946252,468.13
75.623063000,468.13
75.646245925,468.13
75.669345009,468.27
75.692761696,468.27
75.715690314,468.27
75.738802710,468.27
75.761819393,466.54
75.784901613,466.54
75.807991321,466.54
75.831008708,466.54
75.854876985,467.07
75.877918180,467.07
75.900911278,467.07
75.924029978,467.07
75.946977381,467.07
75.970092209,467.22
75.993111420,467.22
76.016156295,467.22
76.039454581,467.22
76.062939237,467.42
76.085967312,467.42
76.109376864,467.42
76.132635918,467.42
76.155962780,469.54
76.179052936,469.54
76.202157588,469.54
76.224938780,469.54
76.247871398,469.54
76.270634222,469.85
76.293515383,469.85
76.316353600,469.85
76.339605710,469.85
76.362692314,476.80
76.385805062,476.80
76.408757264,476.80
76.431725114,476.80
76.455048009,476.80
76.478307126,482.57
76.501579268,482.57
76.524844562,482.57
76.548042367,482.57
76.570795239,484.10
76.594034901,484.10
76.616843709,484.10
76.639827240,484.10
76.663049621,483.88
76.686213218,483.88
76.709195756,483.88
76.731984788,483.88
76.755157441,483.88
76.778009610,486.07
76.801182327,486.07
76.824379396,486.07
76.847218797,486.07
76.870238776,486.62
76.893454405,486.62
76.916066411,486.62
76.939045334,486.62
76.962882890,486.81
76.986265433,486.81
77.009205955,486.81
77.032242766,486.81
77.055442332,486.81
77.078275780,488.12
77.101242223,488.12
77.124258618,488.12
77.147183107,488.12
77.170905942,487.00
77.194061539,487.00
77.217235792,487.00
77.240182522,487.00
77.263549321,485.39
77.286688725,485.39
77.309635615,485.39
77.332441000,485.39
77.355748406,485.39
77.378880962,479.05
77.401859373,479.05
77.424950009,479.05
77.447976932,479.05
77.471054447,474.05
77.493841112,474.05
77.516572479,474.05
77.539490217,474.05
77.562397075,474.05
77.585437726,472.43
77.608232678,472.43
77.631235281,472.43
77.654893091,472.43
77.678048208,472.60
77.701151100,472.60
77.724043237,472.60
77.747091793,472.60
77.769983738,472.90
77.792890660,472.90
77.815935183,472.90
77.838912953,472.90
77.861996709,472.90
77.884987152,471.13
77.908065115,471.13
77.931094854,471.13
77.953640428,471.13
77.977318078,470.30
78.000405226,470.30
78.023308884,470.30
78.046333023,470.30
78.069273641,469.36
78.092058193,469.36
78.115124637,469.36
78.138006406,469.36
78.161058257,469.36
78.184066812,468.61
78.207474892,468.61
78.230302804,468.61
78.253264959,468.61
78.276323722,467.02
78.299675993,467.02
78.322557410,467.02
78.345429355,467.02
78.368606552,467.02
78.391648483,466.63
78.414557645,466.63
78.437416758,466.63
78.460592675,466.63
78.483461004,467.66
78.506248340,467.66
78.529013693,467.66
78.553066675,467.66
78.576524483,467.46
78.599776657,467.46
78.622682907,467.46
78.645750310,467.46
78.669004244,467.46
78.691978430,469.45
78.715035434,469.45
78.738246391,469.45
78.761508165,469.45
78.786330117,470.01
78.809596370,470.01
78.833195012,470.01
78.856687893,470.01
78.879970594,471.35
78.902980845,471.35
78.926085497,471.35
78.949069508,471.35
78.972135407,471.35
78.995163738,471.58
79.018048964,471.58
79.041224113,471.58
79.064705825,471.58
79.087595210,473.48
79.110759031,473.48
79.133714049,473.48
79.156745548,473.48
79.180078875,474.37
79.203180423,474.37
79.226277523,474.37
79.249346558,474.37
79.272415754,474.37
79.295561462,475.58
79.318807684,475.58
79.342157811,475.58
79.365126813,475.58
79.388585101,478.05
79.411593496,478.05
79.434502401,478.05
79.457359658,478.05
79.481146974,479.08
79.504240810,479.08
79.527251189,479.08
79.552519738,479.08
79.575436420,479.08
79.598444463,480.82
79.621172950,480.82
79.644150177,480.82
79.667271213,480.82
79.690436601,480.44
79.713526853,480.44
79.736476815,480.44
79.759584027,480.44
79.783454736,479.83
79.806519484,479.83
79.829600423,479.83
79.852580690,479.83
79.875780991,479.83
79.898966476,481.87
79.922050776,481.87
79.945268197,481.87
79.968341328,481.87
79.991996867,482.02
80.015269873,482.02
80.038582303,482.02
80.061739052,482.02
80.084549940,482.15
80.107342076,482.15
80.130183813,482.15
80.153293425,482.15
80.176631552,482.15
80.199653867,481.74
80.222901848,481.74
80.245891523,481.74
80.268900462,481.74
80.292059291,480.51
80.315198151,480.51
80.338221618,480.51
80.361180124,480.51
80.384335177,480.51
80.407423220,479.01
80.430401215,479.01
80.453516331,479.01
80.476716312,479.01
80.499497888,479.16
80.522781902,479.16
80.545911002,479.16
80.569241897,479.16
80.592301300,478.80
80.615188254,478.80
80.638140328,478.80
80.661130611,478.80
80.684196478,478.80
80.707118312,478.34
80.730113907,478.34
80.753035740,478.34
80.775899462,478.34
80.798895088,478.67
80.822114846,478.67
80.844880102,478.67
80.867675214,478.67
80.892435437,477.27
80.915448856,477.27
80.938403650,477.27
80.961338060,477.27
80.984350519,477.27
81.007346722,476.25
81.030505262,476.25
81.053684315,476.25
81.076890632,476.25
81.099966996,474.92
81.122976799,474.92
81.145892360,474.92
81.168880947,474.92
81.192171585,474.22
81.215156684,474.22
81.238221015,474.22
81.261066272,474.22
81.284041451,474.22
81.306975252,474.75
81.330000640,474.75
81.353051979,474.75
81.376134231,474.75
81.399223650,475.18
81.422415055,475.18
81.445427066,475.18
81.468373380,475.18
81.491405327,475.18
81.514541180,474.75
81.537619527,474.75
81.560626770,474.75
81.583728254,474.75
81.606796746,474.82
81.629621042,474.82
81.652673854,474.82
81.675578695,474.82
81.698607122,474.28
81.721562748,474.28
81.744514535,474.28
81.767435344,474.28
81.790252633,474.28
81.813461062,474.03
81.836816821,474.03
81.859674942,474.03
81.882991885,474.03
81.905953399,473.56
81.939415867,473.56
81.962418886,473.56
81.985865494,473.56
82.008557437,474.87
82.031629992,474.87
82.054487537,474.87
82.077552285,474.87
82.101173615,476.83
82.124146521,476.83
82.147147460,476.83
82.170075182,476.83
82.193083129,476.83
82.216226117,477.75
82.239277648,477.75
82.262365020,477.75
82.285281190,477.75
82.308795735,475.41
82.331744385,475.41
82.354772844,475.41
82.377838391,475.41
82.400839362,475.69
82.424004431,475.69
82.447068090,475.69
82.469892227,475.69
82.492998895,475.69
82.515792311,473.93
82.538708609,473.93
82.561734540,473.93
82.584992570,473.93
82.608056741,474.13
82.631089744,474.13
82.653817080,474.13
82.676605696,474.13
82.699847854,474.13
82.723025530,473.95
82.746108710,473.95
82.769206514,473.95
82.792183324,473.95
82.815230472,474.01
82.838085713,474.01
82.860987578,474.01
82.884135463,474.01
82.907330324,472.86
82.930416832,472.86
82.953394954,472.86
82.976214739,472.86
82.999252830,472.86
83.022429035,471.90
83.045556183,471.90
83.068531873,471.90
83.091666606,471.90
83.114557175,471.73
83.137617122,471.73
83.160610093,471.73
83.183601848,471.73
83.206508897,470.73
83.229680174,470.73
83.252651545,470.73
83.275769285,470.73
83.298961682,470.73
83.322214495,472.53
83.345240266,472.53
83.368208373,472.53
83.391439522,472.53
83.414328556,472.22
83.437492312,472.22
83.460747814,472.22
83.483731056,472.22
83.506569369,472.22
83.529393474,473.78
83.553497657,473.78
83.576531973,473.78
83.600041845,473.78
83.623275139,474.42
83.646394991,474.42
83.669380953,474.42
83.692241826,474.42
83.715070379,474.96
83.738032086,474.96
83.760870462,474.96
83.783740008,474.96
83.806736978,474.96
83.829798590,476.96
83.852735944,476.96
83.875830932,476.96
83.899112930,476.96
83.922623986,477.80
83.945962689,477.80
83.969275919,477.80
83.992760032,477.80
84.016420626,478.46
84.047261752,478.46
84.070307907,478.46
84.093702706,478.46
84.117357189,478.38
84.140739380,478.38
84.164135107,478.38
84.187450897,478.38
84.210992770,478.38
84.234230448,479.31
84.257471645,479.31
84.280977838,479.31
84.304461214,479.31
84.327596107,479.61
84.350586325,479.61
84.373476351,479.61
84.396251783,479.61
84.419333779,481.12
84.442387870,481.12
84.465360552,481.12
84.488474388,481.12
84.511512992,481.12
84.534273224,483.08
84.559464396,483.08
84.582239924,483.08
84.605650467,483.08
84.628634126,481.90
84.651630585,481.90
84.674681124,481.90
84.697701135,481.90
84.720923196,482.09
84.743993768,482.09
84.766927954,482.09
84.790025310,482.09
84.813254123,482.09
84.836256246,481.82
84.859621253,481.82
84.882655664,481.82
84.905929758,481.82
84.929137323,481.71
84.952171254,481.71
84.975270530,481.71
84.998366158,481.71
85.021799485,481.71
85.044756104,481.71
85.067967701,481.71
85.093514941,481.71
85.116458983,481.71
85.139773750,482.03
85.162886530,482.03
85.185949805,482.03
85.209859714,482.03
85.233134160,481.54
85.256122491,481.54
85.278987812,481.54
85.302148305,481.54
85.325391710,482.17
85.348304872,482.17
85.371247474,482.17
85.394362558,482.17
85.417565707,482.17
85.440605558,480.88
85.463787043,480.88
85.486951888,480.88
85.510465856,480.88
85.533321514,480.99
85.559128309,480.99
85.582270305,480.99
85.605739601,480.99
85.628784125,480.05
85.651947913,480.05
85.675123158,480.05
85.697926846,480.05
85.721225037,480.05
85.744442330,480.80
85.767318211,480.80
85.790313870,480.80
85.813610012,480.80
85.836771113,481.55
85.859798836,481.55
85.882840159,481.55
85.905843114,481.55
85.928784564,481.73
85.951703997,481.73
85.974714792,481.73
85.997790996,481.73
86.020890464,481.73
86.043794186,481.95
86.066787476,481.95
86.089848704,481.95
86.112734057,481.95
86.139273757,482.15
86.162482794,482.15
86.186123804,482.15
86.209102023,482.15
86.232349524,482.39
86.255344383,482.39
86.278241608,482.39
86.301487158,482.39
86.324880933,482.39
86.347796271,482.28
86.371016636,482.28
86.394302538,482.28
86.417264565,482.28
86.440403905,482.56
86.463528237,482.56
86.486535736,482.56
86.509414433,482.56
86.533420536,481.38
86.559241827,481.38
86.582332815,481.38
86.605164664,481.38
86.628196483,481.38
86.651146061,481.21
86.673957558,481.21
86.696995169,481.21
86.720738900,481.21
86.743923201,480.10
86.766959084,480.10
86.790038552,480.10
86.813481448,480.10
86.837081465,479.81
86.860362599,479.81
86.883541140,479.81
86.906968676,479.81
86.930461076,479.81
86.953703682,479.76
86.977345684,479.76
87.000826244,479.76
87.024288084,479.76
87.047555650,479.47
87.070698127,479.47
87.093994109,479.47
87.117584078,479.47
87.140880284,478.83
87.164203243,478.83
87.187697979,478.83
87.211001930,478.83
87.237442268,478.79
87.260717610,478.79
87.283855063,478.79
87.307039811,478.79
87.330533364,478.79
87.353979428,476.99
87.377169297,476.99
87.400032666,476.99
87.422946148,476.99
87.446090192,479.10
87.468989338,479.10
87.491813154,479.10
87.514554794,479.10
87.537427027,479.10
87.560226972,479.02
87.583035012,479.02
87.605797068,479.02
87.628906072,479.02
87.651927715,478.63
87.675134416,478.63
87.698283901,478.63
87.722097745,478.63
87.745045211,478.98
87.768001637,478.98
87.791106897,478.98
87.814256638,478.98
87.837856367,478.98
87.861188638,479.03
87.884141128,479.03
87.907125523,479.03
87.929884827,479.03
87.952975206,480.99
87.976222388,480.99
87.999228095,480.99
88.022227754,480.99
88.045402870,479.77
88.068181406,479.77
88.090771940,479.77
88.113910513,479.77
88.137129150,479.77
88.160121481,480.50
88.183235509,480.50
88.206255488,480.50
88.229341195,480.50
88.252559193,479.73
88.275679333,479.73
88.298984179,479.73
88.322066495,479.73
88.345993300,482.26
88.369122208,482.26
88.392113387,482.26
88.415119798,482.26
88.438102560,482.26
88.461273645,479.48
88.484320824,479.48
88.507343683,479.48
88.530517808,479.48
88.554004833,480.84
88.576830057,480.84
88.599747539,480.84
88.622698813,480.84
88.646122989,481.45
88.669377147,481.45
88.692288676,481.45
88.715362736,481.45
88.738590237,481.45
88.761515815,482.69
88.784469937,482.69
88.807549181,482.69
88.830813163,482.69
88.853876630,482.01
88.876950722,482.01
88.899899340,482.01
88.922668564,482.01
88.945966786,482.01
88.969055694,480.31
88.992154586,480.31
89.015016483,480.31
89.037899180,480.31
89.060765269,480.99
89.083968675,480.99
89.107038126,480.99
89.130083097,480.99
89.153353735,480.48
89.176254417,480.48
89.199244571,480.48
89.222252102,480.48
89.245280593,480.48
89.268547199,481.32
89.293197053,481.32
89.316373962,481.32
89.339782777,481.32
89.362704995,479.71
89.385636013,479.71
89.408391989,479.71
89.431275646,479.71
89.454531500,480.69
89.477671288,480.69
89.500592962,480.69
89.523554476,480.69
89.546375061,480.69
89.569160861,479.70
89.592379243,479.70
89.615343893,479.70
89.638641155,479.70
89.662117971,480.21
89.685011261,480.21
89.707909126,480.21
89.730683726,480.21
89.753929116,479.12
89.776962919,479.12
89.799919185,479.12
89.823129631,479.12
89.846347980,479.12
89.869239637,479.72
89.892242656,479.72
89.915153386,479.72
89.938116660,479.72
89.961204800,479.62
89.984486830,479.62
90.007452696,479.62
90.030522500,479.62
90.053497518,479.62
90.076442488,480.15
90.099469059,480.15
90.122574863,480.15
90.145843453,480.15
90.169041098,479.90
90.192508378,479.90
90.215691015,479.90
90.239341081,479.90
90.262379205,479.94
90.285407984,479.94
90.308437883,479.94
90.339981865,479.94
90.363097109,480.85
90.386497988,480.85
90.409505263,480.85
90.432466361,480.85
90.455596773,480.85
90.478628528,480.52
90.501884094,480.52
90.524941578,480.52
90.548546747,480.52
90.571440293,481.54
90.594395919,481.54
90.617430202,481.54
90.640353476,481.54
90.663493520,480.30
90.686811903,480.30
90.709811338,480.30
90.732574385,480.30
90.755649693,480.30
90.778436837,482.42
90.801076012,482.42
90.824262521,482.42
90.847251043,482.42
90.870976887,480.29
90.894112931,480.29
90.917257359,480.29
90.940394908,480.29
90.964571764,480.27
90.987596223,480.27
91.010436328,480.27
91.033417074,480.27
91.056541919,480.27
91.079606474,479.21
91.102743638,479.21
91.125548703,479.21
91.148614090,479.21
91.171527892,479.86
91.194284156,479.86
91.217260966,479.86
91.240339602,479.86
91.263514975,479.86
91.286486825,478.75
91.309399155,478.75
91.332386526,478.75
91.355387528,478.75
91.378233009,479.08
91.401217148,479.08
91.424019652,479.08
91.447410996,479.08
91.470569152,478.03
91.493600331,478.03
91.516824025,478.03
91.539730210,478.03
91.562880687,478.03
91.586024283,478.67
91.609195432,478.67
91.632187570,478.67
91.655419168,478.67
91.678399562,478.46
91.701107058,478.46
91.724168509,478.46
91.747223913,478.46
91.771256575,478.32
91.794296714,478.32
91.817116915,478.32
91.839999868,478.32
91.863169033,478.32
91.886071731,479.80
91.909211519,479.80
91.932405036,479.80
91.955415863,479.80
91.979319852,480.32
92.002400312,480.32
92.025407555,480.32
92.048287148,480.32
92.071430136,479.76
92.094890568,479.76
92.117879475,479.76
92.140905246,479.76
92.164130539,479.76
92.186901715,479.58
92.209938399,479.58
92.232823528,479.58
92.256071350,479.58
92.279010656,480.36
92.301936746,480.36
92.325063542,480.36
92.347994496,480.36
92.370871465,480.36
92.393696114,479.54
92.416697244,479.54
92.445913711,479.54
92.468813561,479.54
92.491983302,480.30
92.515101522,480.30
92.538037052,480.30
92.561374026,480.30
92.584347541,479.53
92.607203230,479.53
92.630201288,479.53
92.653109074,479.53
92.676391072,479.83
92.699461484,479.83
92.722342293,479.83
92.745178014,479.83
92.768212713,479.83
92.791138643,479.09
92.814073501,479.09
92.837133608,479.09
92.859825199,479.09
92.882964828,479.52
92.906269546,479.52
92.929104723,479.52
92.952173950,479.52
92.975346283,479.52
92.998430967,478.15
93.021258880,478.15
93.044249706,478.15
93.067485496,478.15
93.090622980,478.35
93.113485997,478.35
93.136251893,478.35
93.158883100,478.35
93.182096873,477.75
93.205199957,477.75
93.228495587,477.75
93.251550638,477.75
93.274727419,477.75
93.297566724,478.65
93.320488206,478.65
93.343618650,478.65
93.366846887,478.65
93.389864754,478.78
93.413074719,478.78
93.436056650,478.78
93.459097813,478.78
93.482588518,479.59
93.506209976,479.59
93.530487377,479.59
93.554225092,479.59
93.577666420,479.59
93.600463197,476.14
93.623603913,476.14
93.646500819,476.14
93.669419292,476.14
93.692078083,479.58
93.714916108,479.58
93.737882038,479.58
93.760956610,479.58
93.784142063,484.77
93.807186682,484.77
93.830093796,484.77
93.852950701,484.77
93.876247515,484.77
93.899268134,487.32
93.922307665,487.32
93.945417501,487.32
93.968241862,487.32
93.991251441,489.15
94.014653728,489.15
94.037796524,489.15
94.060819959,489.15
94.083979972,489.15
94.107057104,487.69
94.130058586,487.69
94.152834275,487.69
94.175915534,487.69
94.198863480,489.59
94.221961828,489.59
94.245136625,489.59
94.268089371,489.59
94.291483594,488.64
94.314270291,488.64
94.337147644,488.64
94.360208967,488.64
94.383520950,488.64
94.406486912,489.36
94.429495627,489.36
94.452408533,489.36
94.475145980,489.36
94.498156967,488.87
94.521289940,488.87
94.545932401,488.87
94.568699001,488.87
94.592152009,488.87
94.615072275,488.25
94.638191487,488.25
94.661135561,488.25
94.684586009,488.25
94.707537475,489.61
94.730635247,489.61
94.753615898,489.61
94.776669989,489.61
94.800604507,483.02
94.824016906,483.02
94.847122038,483.02
94.870219138,483.02
94.893945717,483.02
94.916820639,479.61
94.939802153,479.61
94.962750259,479.61
94.985572092,479.61
95.008786121,478.46
95.031851893,478.46
95.054801503,478.46
95.078387024,478.46
95.102156964,479.68
95.125276752,479.68
95.148342747,479.68
95.171541705,479.68
95.194627412,479.68
95.217759841,478.38
95.240818476,478.38
95.263717686,478.38
95.286917731,478.38
95.309874509,479.28
95.332986329,479.28
95.355836962,479.28
95.379039343,479.28
95.402208700,477.87
95.425177766,477.87
95.448151184,477.87
95.470975993,477.87
95.493891299,477.87
95.516711500,478.43
95.539542292,478.43
95.562527839,478.43
95.586768408,478.43
95.609724258,478.40
95.632685324,478.40
95.655793145,478.40
95.678655042,478.40
95.701847983,477.99
95.724958459,477.99
95.747957861,477.99
95.770805102,477.99
95.793991515,477.99
95.817078343,478.85
95.840024785,478.85
95.863022428,478.85
95.885773572,478.85
95.908562924,478.01
95.931476342,478.01
95.954573281,478.01
95.977514635,478.01
96.000589079,479.19
96.023209533,479.19
96.045989478,479.19
96.068757838,479.19
96.091594231,479.19
96.114487360,477.76
96.137626668,477.76
96.160553302,477.76
96.183696195,477.76
96.206653773,477.96
96.229847002,477.96
96.252875173,477.96
96.275693389,477.96
96.298826682,477.96
96.321813924,477.29
96.344842319,477.29
96.367973660,477.29
96.391511309,477.29
96.414469783,478.29
96.437190622,478.29
96.460081416,478.29
96.483186132,478.29
96.506929767,477.25
96.529843665,477.25
96.554015209,477.25
96.577189174,477.25
96.600288802,477.25
96.623398798,477.92
96.646253143,477.92
96.669250114,477.92
96.692498351,477.92
96.715445785,476.64
96.738381027,476.64
96.761547536,476.64
96.784548987,476.64
96.808185293,478.00
96.831119479,478.00
96.854168642,478.00
96.877182061,478.00
96.900483227,478.00
96.923304740,478.55
96.945981515,478.55
96.969045686,478.55
96.991850655,478.55
97.014692584,478.66
97.037507600,478.66
97.060540859,478.66
97.083711560,478.66
97.106762355,478.66
97.130042273,478.70
97.153092173,478.70
97.176193881,478.70
97.199266724,478.70
97.222209006,478.47
97.245246458,478.47
97.268250148,478.47
97.291800821,478.47
97.314793408,476.72
97.337808363,476.72
97.360903543,476.72
97.383926754,476.72
97.407066158,476.72
97.430165146,476.71
97.452893474,476.71
97.475939437,476.71
97.499546335,476.71
97.522553513,476.15
97.545726166,476.15
97.568748961,476.15
97.591612234,476.15
97.614572405,475.43
97.637360093,475.43
97.660161125,475.43
97.683091823,475.43
97.706393629,475.43
97.730041072,475.87
97.753053051,475.87
97.776058693,475.87
97.798870030,475.87
97.822351550,475.07
97.845335945,475.07
97.868124817,475.07
97.891069435,475.07
97.914258600,474.70
97.937409749,474.70
97.960568897,474.70
97.983452875,474.70
98.006698200,474.70
98.029969030,474.72
98.053010449,474.72
98.075926523,474.72
98.099032103,474.72
98.121995761,475.04
98.145192574,475.04
98.168242698,475.04
98.190994321,475.04
98.214197759,475.04
98.237380139,475.62
98.260133427,475.62
98.282860315,475.62
98.305706148,475.62
98.328674510,477.96
98.351615384,477.96
98.374654595,477.96
98.397679118,477.96
98.420786842,477.70
98.443879238,477.70
98.466524493,477.70
98.489429110,477.70
98.512616707,477.70
98.535454956,478.54
98.560192363,478.54
98.583329335,478.54
98.606472772,478.54
98.629169003,478.00
98.652191510,478.00
98.675241985,478.00
98.698188171,478.00
98.721980095,478.55
98.747000129,478.55
98.769905707,478.55
98.792938742,478.55
98.816162596,478.55
98.839338960,477.92
98.862219898,477.92
98.885061091,477.92
98.908383825,477.92
98.931387420,478.94
98.954669386,478.94
98.978005208,478.94
99.001122853,478.94
99.025062234,479.95
99.047958020,479.95
99.070609866,479.95
99.093808087,479.95
99.117025893,479.95
99.140211858,480.47
99.163086363,480.47
99.186130374,480.47
99.209116529,480.47
99.232642754,481.00
99.255601548,481.00
99.278537238,481.00
99.301123836,481.00
99.324189831,481.33
99.347496885,481.33
99.370553569,481.33
99.393347593,481.33
99.416221683,481.33
99.439225501,481.24
99.462202824,481.24
99.485085073,481.24
99.508607970,481.24
99.531669389,481.36
99.554685208,481.36
99.577831973,481.36
99.600915472,481.36
99.624056701,481.36
99.647095208,482.89
99.670070578,482.89
99.693112382,482.89
99.716235978,482.89
99.739302165,482.38
99.762400481,482.38
99.787790952,482.38
99.811216215,482.38
99.834713768,482.72
99.857715699,482.72
99.880758398,482.72
99.903556198,482.72
99.926682802,482.72
99.949830911,482.05
99.972948235,482.05
99.995870357,482.05
100.019380485,482.05
100.042296623,480.34
100.065248185,480.34
100.088223108,480.34
100.111226383,480.34
100.134609662,480.44
100.157835915,480.44
100.180729301,480.44
100.203799808,480.44
100.226866156,480.44
100.249866422,478.83
100.273010051,478.83
100.295936653,478.83
100.318732405,478.83
100.342117924,478.08
100.364805131,478.08
100.387698933,478.08
100.410708128,478.08
100.433959725,478.11
100.456957752,478.11
100.480019364,478.11
100.503086735,478.11
100.526356701,478.11
100.549380616,478.54
100.572227729,478.54
100.595273052,478.54
100.618399496,478.54
100.641401747,478.07
100.664591296,478.07
100.687525194,478.07
100.710693079,478.07
100.733944676,478.07
100.756860302,478.48
100.779826872,478.48
100.802856740,478.48
100.825763789,478.48
100.848750712,479.36
100.871479679,479.36
100.894340488,479.36
100.917343507,479.36
100.940539584,479.45
100.963750029,479.45
100.986903834,479.45
101.009863780,479.45
101.032640684,479.45
101.055353012,480.48
101.078253021,480.48
101.101284904,480.48
101.124426197,480.48
101.148345258,479.73
101.171425686,479.73
101.194336703,479.73
101.217410219,479.73
101.240466806,481.32
101.263721444,481.32
101.286808400,481.32
101.309787962,481.32
101.332756805,481.32
101.355868945,480.98
101.379043518,480.98
101.402217130,480.98
101.425189365,480.98
101.448248992,481.05
101.471237611,481.05
101.494236757,481.05
101.517123487,481.05
101.540209483,481.05
101.563090708,480.55
101.586004638,480.55
101.609266699,480.55
101.632477561,480.55
101.655776071,481.21
101.678911827,481.21
101.702042239,481.21
101.725583760,481.21
101.748610267,481.52
101.771446500,481.52
101.794561392,481.52
101.817605596,481.52
101.840546470,481.52
101.863786163,481.72
101.887424037,481.72
101.910574994,481.72
101.934802539,481.72
101.958066137,482.38
101.981308742,482.38
102.004446482,482.38
102.027833730,482.38
102.050925645,482.98
102.073873784,482.98
102.097008452,482.98
102.119974286,482.98
102.143020505,482.98
102.166054405,482.45
102.188818445,482.45
102.211443475,482.45
102.234597951,482.45
102.257774636,482.01
102.280867960,482.01
102.303812034,482.01
102.326981679,482.01
102.350980261,482.06
102.373981968,482.06
102.396819129,482.06
102.419889700,482.06
102.442814606,482.06
102.465703384,481.50
102.488878852,481.50
102.512071985,481.50
102.535158621,481.50
102.560972456,483.24
102.584283991,483.24
102.607112256,483.24
102.630109898,483.24
102.653167542,481.56
102.676460964,481.56
102.699521231,481.56
102.722578459,481.56
102.745790536,481.56
102.768775250,482.56
102.791957055,482.56
102.815251277,482.56
102.838506747,482.56
102.861258659,481.27
102.884208589,481.27
102.907068918,481.27
102.930083393,481.27
102.953242222,481.27
102.976220152,481.60
102.999321764,481.60
103.022322351,481.60
103.045412379,481.60
103.068449766,480.03
103.091478801,480.03
103.114486940,480.03
103.138036333,480.03
103.161074552,480.81
103.184035682,480.81
103.206873867,480.81
103.229692372,480.81
103.252476892,480.81
103.275380966,480.00
103.298256975,480.00
103.321036215,480.00
103.344060578,480.00
103.367234895,479.33
103.390497117,479.33
103.413815179,479.33
103.436997368,479.33
103.460498152,480.35
103.483445555,480.35
103.506278907,480.35
103.529466792,480.35
103.554023333,480.35
103.577176722,479.78
103.600207805,479.78
103.623286120,479.78
103.646349876,479.78
103.669414495,479.59
103.692361353,479.59
103.714954671,479.59
103.737601430,479.59
103.760524736,477.36
103.783650924,477.36
103.806353939,477.36
103.829049531,477.36
103.851923652,477.36
103.874723084,478.26
103.897265330,478.26
103.920240732,478.26
103.943157030,478.26
103.966245490,477.20
103.992042525,477.20
104.014964327,477.20
104.038033074,477.20
104.061151550,477.20
104.083969095,477.54
104.106947121,477.54
104.129897436,477.54
104.152887750,477.54
104.176076051,477.87
104.199179775,477.87
104.222147209,477.87
104.245223797,477.87
104.268556228,476.49
104.291891058,476.49
104.314751195,476.49
104.337808199,476.49
104.361138453,476.49
104.384234625,476.83
104.407142891,476.83
104.430150838,476.83
104.453355907,476.83
104.476517679,476.15
104.499588635,476.15
104.522577670,476.15
104.545561104,476.15
104.569504198,475.73
104.592691795,475.73
104.615827039,475.73
104.638884714,475.73
104.662017943,475.73
104.685294309,475.97
104.708059053,475.97
104.731083736,475.97
104.754158755,475.97
104.777548306,475.20
104.800549277,475.20
104.823649993,475.20
104.846725781,475.20
104.870735947,474.76
104.893730422,474.76
104.916869314,474.76
104.939865197,474.76
104.963023353,474.76
104.985943011,475.39
105.009234641,475.39
105.039885109,475.39
105.063291044,475.39
105.087056152,474.95
105.109891713,474.95
105.132744586,474.95
105.155468081,474.95
105.178532189,474.95
105.201601256,474.95
105.224225231,474.95
105.246907734,474.95
105.270020258,474.95
105.293116558,475.36
105.316063576,475.36
105.338876160,475.36
105.362415025,475.36
105.385806016,475.47
105.409192752,475.47
105.432453821,475.47
105.455198085,475.47
105.478305937,470.90
105.501171386,470.90
105.523796001,470.90
105.546643210,470.90
105.569724789,470.90
105.592767137,477.64
105.615840492,477.64
105.638781238,477.64
105.661835010,477.64
105.684705291,485.41
105.707734518,485.41
105.730606911,485.41
105.753763148,485.41
105.777568960,490.64
105.800671756,490.64
105.823737047,490.64
105.846791651,490.64
105.869928111,490.64
105.892887577,491.62
105.915988197,491.62
105.938688044,491.62
105.961623830,491.62
105.984896644,490.45
106.008078225,490.45
106.031343647,490.45
106.054363210,490.45
106.077717465,490.45
106.100495649,491.02
106.123486379,491.02
106.146378229,491.02
106.169222814,491.02
106.192129160,489.18
106.215164531,489.18
106.238110301,489.18
106.261475340,489.18
106.284421046,497.20
106.307421185,497.20
106.330447148,497.20
106.353234580,497.20
106.376272575,497.20
106.399495596,504.78
106.422635673,504.78
106.445784517,504.78
106.469385591,504.78
106.492555204,510.13
106.515545102,510.13
106.538526073,510.13
106.561789447,510.13
106.584962419,501.66
106.608000350,501.66
106.631251916,501.66
106.654316440,501.66
106.677347811,501.66
106.700797427,493.31
106.723920799,493.31
106.746969002,493.31
106.770221080,493.31
106.793222850,489.42
106.816322958,489.42
106.839537724,489.42
106.862530118,489.42
106.886319162,489.00
106.909352645,489.00
106.932227375,489.00
106.955312890,489.00
106.978603048,489.00
107.001578899,488.88
107.024679519,488.88
107.047635913,488.88
107.070792725,488.88
107.094542377,491.40
107.117632021,491.40
107.146009598,491.40
107.169219979,491.40
107.192442840,488.01
107.215521732,488.01
107.238444334,488.01
107.261270806,488.01
107.284075359,488.01
107.306986793,481.13
107.329976755,481.13
107.353083103,481.13
107.376483183,481.13
107.399443545,473.66
107.422508804,473.66
107.445396398,473.66
107.468461561,473.66
107.491678471,472.46
107.514688977,472.46
107.537728349,472.46
107.560671559,472.46
107.584102678,472.46
107.607256163,472.41
107.630348879,472.41
107.653396762,472.41
107.676599559,472.41
107.699581362,472.04
107.722645117,472.04
107.745786281,472.04
107.768869237,472.04
107.792778250,473.05
107.815741813,473.05
107.838591902,473.05
107.861447623,473.05
107.884338448,473.05
107.907201305,472.46
107.930101603,472.46
107.952930252,472.46
107.975895382,472.46
107.998799712,472.94
108.021592232,472.94
108.044343056,472.94
108.067106680,472.94
108.090011393,472.94
108.112826442,473.74
108.135625395,473.74
108.158679294,473.74
108.182480466,473.74
108.205762272,472.61
108.229551316,472.61
108.252340988,472.61
108.276077103,472.61
108.299112762,472.83
108.322101093,472.83
108.345105680,472.83
108.368008730,472.83
108.390965860,472.83
108.413727564,474.56
108.436710774,474.56
108.459692961,474.56
108.482793901,474.56
108.506013082,474.55
108.529102438,474.55
108.554222185,474.55
108.577179891,474.55
108.600003932,474.30
108.623235049,474.30
108.646118931,474.30
108.669020956,474.30
108.692121352,474.30
108.715121491,476.31
108.738117278,476.31
108.761150665,476.31
108.784374998,476.31
108.807232447,476.88
108.830207562,476.88
108.853322262,476.88
108.876253920,476.88
108.899314283,476.93
108.922447607,476.93
108.945287232,476.93
108.968309675,476.93
108.991412503,476.93
109.014400834,478.05
109.037352972,478.05
109.060203541,478.05
109.083160991,478.05
109.106226539,477.66
109.129246806,477.66
109.152060894,477.66
109.174813958,477.66
109.197645967,477.66
109.220607833,479.28
109.246089857,479.28
109.268736135,479.28
109.291630385,479.28
109.314349784,479.68
109.337217570,479.68
109.360067915,479.68
109.383221239,479.68
109.406207266,479.06
109.429102891,479.06
109.452203415,479.06
109.475237666,479.06
109.498410671,479.06
109.521276888,478.04
109.544248675,478.04
109.567357263,478.04
109.590490299,478.04
109.613691784,478.95
109.636871349,478.95
109.659750622,478.95
109.682734120,478.95
109.706705087,479.13
109.729766666,479.13
109.752895766,479.13
109.776007682,479.13
109.799067054,479.13
109.822068088,477.80
109.845102052,477.80
109.867876012,477.80
109.890813334,477.80
109.913584542,478.86
109.936460967,478.86
109.959397745,478.86
109.982297947,478.86
110.005211332,478.86
110.028017709,478.78
110.050919030,478.78
110.073871489,478.78
110.096676873,478.78
110.119580563,478.19
110.142537693,478.19
110.165400134,478.19
110.188493234,478.19
110.211985762,478.60
110.235185807,478.60
110.258351516,478.60
110.281228773,478.60
110.304272881,478.60
110.329654231,478.11
110.352762371,478.11
110.375770094,478.11
110.399029948,478.11
110.422243433,478.83
110.445011761,478.83
110.467903994,478.83
110.491001862,478.83
110.514114994,479.55
110.537117981,479.55
110.560577933,479.55
110.583647545,479.55
110.606703940,479.55
110.629774639,479.81
110.652618648,479.81
110.675404961,479.81
110.698601262,479.81
110.721653529,479.54
110.744892551,479.54
110.767946546,479.54
110.791113759,479.54
110.815095061,480.97
110.838082079,480.97
110.861003785,480.97
110.883989172,480.97
110.907214433,480.97
110.930185579,479.98
110.953210838,479.98
110.976245826,479.98
110.999281613,479.98
111.022320280,477.87
111.045719975,477.87
111.068894548,477.87
111.092307588,477.87
111.115756852,477.21
111.138785407,477.21
111.161776297,477.21
111.184791060,477.21
111.207852384,477.21
111.230954156,477.69
111.254086776,477.69
111.277245444,477.69
111.300331728,477.69
111.323271610,477.79
111.346476999,477.79
111.369507986,477.79
111.392523997,477.79
111.415798443,477.79
111.438748341,477.02
111.461753856,477.02
111.484727787,477.02
111.508202331,477.02
111.531440328,476.07
111.554517012,476.07
111.577503839,476.07
111.601159025,476.07
111.624340894,475.09
111.647186535,475.09
111.670295539,475.09
111.693327806,475.09
111.716389769,475.09
111.739273843,474.72
111.762435231,474.72
111.785515755,474.72
111.809020379,474.72
111.832294025,474.39
111.855247572,474.39
111.878185406,474.39
111.901207785,474.39
111.924432342,474.81
111.947584258,474.81
111.970569613,474.81
111.993578296,474.81
112.016621475,474.81
112.039691951,476.42
112.062889436,476.42
112.085901382,476.42
112.109039027,476.42
112.132375009,475.12
112.155509454,475.12
112.178568953,475.12
112.201588004,475.12
112.225721820,473.89
112.248454628,473.89
112.271535695,473.89
112.294802109,473.89
112.317733671,473.89
112.340880627,474.54
112.363897374,474.54
112.387229805,474.54
112.410316153,474.54
112.435567934,474.48
112.458704234,474.48
112.481837942,474.48
112.504757504,474.48
112.527929389,473.76
112.553697144,473.76
112.576606497,473.76
112.599730893,473.76
112.622993563,473.76
112.646459723,474.10
112.669489846,474.10
112.692477857,474.10
112.715760303,474.10
112.739007901,474.76
112.762073096,474.76
112.785298677,474.76
112.808567811,474.76
112.832238198,474.46
112.855371266,474.46
112.878377453,474.46
112.901629531,474.46
112.924810503,474.46
112.947866259,474.35
112.970919774,474.35
112.993783431,474.35
113.016640784,474.35
113.039889918,475.00
113.062729575,475.00
113.085526415,475.00
113.108218390,475.00
113.131196897,475.00
113.154373230,476.35
113.177214007,476.35
113.200315747,476.35
113.223427023,476.35
113.246248215,476.61
113.269450660,476.61
113.292402318,476.61
113.315685052,476.61
113.338769960,476.81
113.361923733,476.81
113.385036641,476.81
113.408141357,476.81
113.439587225,478.81
113.462625829,478.81
113.485913459,478.81
113.508924766,478.81
113.531870472,478.81
113.555189398,478.27
113.578235937,478.27
113.601384814,478.27
113.624521242,478.27
113.647602438,479.67
113.670844435,479.67
113.693828702,479.67
113.717010731,479.67
113.740444730,479.09
113.763874442,479.09
113.787016279,479.09
113.810091874,479.09
113.833103917,479.09
113.856306522,479.15
113.879331941,479.15
113.902370544,479.15
113.925617406,479.15
113.948893996,478.16
113.972018040,478.16
113.994986370,478.16
114.018106703,478.16
114.041906307,478.52
114.064916429,478.52
114.087830487,478.52
114.111013828,478.52
114.134412051,478.52
114.157368894,478.82
114.180345832,478.82
114.203415508,478.82
114.226415678,478.82
114.250553974,479.32
114.273702467,479.32
114.296753966,479.32
114.319936379,479.32
114.344049235,479.23
114.367090494,479.23
114.390318827,479.23
114.413376983,479.23
114.436527491,479.23
114.459694032,478.63
114.485389370,478.63
114.508382340,478.63
114.531775476,478.63
114.555046914,479.78
114.578123309,479.78
114.601347162,479.78
114.624605544,479.78
114.647870358,479.77
114.671046243,479.77
114.693978445,479.77
114.717077273,479.77
114.740242469,479.77
114.763376370,479.71
114.786392093,479.71
114.809449928,479.71
114.832777814,479.71
114.856023588,480.40
114.879093200,480.40
114.902243708,480.40
114.925229927,480.40
114.948921849,480.83
114.972103110,480.83
114.995174258,480.83
115.018158428,480.83
115.041134919,480.83
115.064272179,479.25
115.087221533,479.25
115.110110887,479.25
115.133095377,479.25
115.156719683,478.67
115.179650989,478.67
115.202884827,478.67
115.226032423,478.67
115.249233012,477.54
115.272307776,477.54
115.295429964,477.54
115.318518648,477.54
115.341639556,477.54
115.364698895,476.89
115.387848252,476.89
115.411075945,476.89
115.434524953,476.89
115.457862568,477.34
115.481350424,477.34
115.504674631,477.34
115.528073750,477.34
115.550790813,477.34
115.573565606,477.32
115.596415534,477.32
115.619477274,477.32
115.643059499,477.32
115.666148695,479.66
115.689031809,479.66
115.712078860,479.66
115.734980341,479.66
115.758150210,479.13
115.781436688,479.13
115.804906464,479.13
115.828252463,479.13
115.851203417,479.13
115.874091043,480.86
115.896953132,480.86
115.919859158,480.86
115.942946977,480.86
115.965640360,481.21
115.988677460,481.21
116.011529949,481.21
116.034426278,481.21
116.058135513,480.47
116.081162788,480.47
116.104277200,480.47
116.127350556,480.47
116.150615754,480.47
116.173840343,482.41
116.196844258,482.41
116.219860397,482.41
116.243080506,482.41
116.266813229,483.39
116.289827576,483.39
116.312808067,483.39
116.335781389,483.39
116.358947706,483.76
116.381955621,483.76
116.404979312,483.76
116.428122108,483.76
116.451329609,483.76
116.474546966,483.78
116.497584961,483.78
116.520904016,483.78
116.544364448,483.78
116.568474328,483.23
116.593488250,483.23
116.616547717,483.23
116.639883188,483.23
116.663511014,481.31
116.686434800,481.31
116.709483323,481.31
116.732480870,481.31
116.755517777,481.31
116.778612765,481.35
116.801808298,481.35
116.824906294,481.35
116.847836639,481.35
116.871359664,480.55
116.894461340,480.55
116.917502247,480.55
116.940735765,480.55
116.965005710,480.14
116.988228924,480.14
117.011249351,480.14
117.034239185,480.14
117.057212156,480.14
117.080547754,481.33
117.103593237,481.33
117.126656289,481.33
117.149635371,481.33
117.173257085,482.20
117.196320649,482.20
117.219546838,482.20
117.242537313,482.20
117.265744590,483.14
117.288969371,483.14
117.312001638,483.14
117.335164339,483.14
117.358538882,483.14
117.381557933,483.08
117.404321237,483.08
117.427580707,483.08
117.450710671,483.08
117.473905436,484.20
117.497137962,484.20
117.520706939,484.20
117.544198315,484.20
117.567605531,484.49
117.591131724,484.49
117.614546491,484.49
117.646606543,484.49
117.670603717,485.74
117.694071957,485.74
117.717457829,485.74
117.740722514,485.74
117.764180290,485.74
117.787465168,485.97
117.810873568,485.97
117.834144590,485.97
117.857474556,485.97
117.880869932,485.65
117.904076473,485.65
117.926878657,485.65
117.949810411,485.65
117.973689056,486.70
117.996769420,486.70
118.019751030,486.70
118.042830818,486.70
118.066084336,486.70
118.089140795,485.94
118.112333672,485.94
118.135200081,485.94
118.158081115,485.94
118.181065445,483.99
118.204140305,483.99
118.227137691,483.99
118.250091302,483.99
118.273236178,483.38
118.296094299,483.38
118.319376393,483.38
118.342476373,483.38
118.365396415,483.38
118.388537931,483.09
118.411839289,483.09
118.435052295,483.09
118.458129938,483.09
118.481188478,482.46
118.504171624,482.46
118.527286164,482.46
118.550742628,482.46
118.574486104,482.46
118.597931944,480.79
118.621498009,480.79
118.644905576,480.79
118.668320248,480.79
118.694085411,480.15
118.717308944,480.15
118.740764704,480.15
118.764214640,480.15
118.787406077,478.18
118.810426184,478.18
118.833781719,478.18
118.856879939,478.18
118.880471444,477.49
118.903852387,477.49
118.927318068,477.49
118.950273982,477.49
118.973377226,477.49
118.996541078,475.88
119.019423904,475.88
119.042449995,475.88
119.065851418,475.88
119.088921382,476.10
119.112051506,476.10
119.134973148,476.10
119.157899878,476.10
119.181883228,476.62
119.204907815,476.62
119.228068563,476.62
119.251201792,476.62
119.274636272,476.62
119.297832188,476.74
119.320904360,476.74
119.344138614,476.74
119.366885981,476.74
119.390557040,475.53
119.413595483,475.53
119.436771976,475.53
119.459696690,475.53
119.482995104,474.39
119.506106988,474.39
119.529043894,474.39
119.554187770,474.39
119.577434375,474.39
119.600244240,474.64
119.623352860,474.64
119.646465864,474.64
119.669574996,474.64
119.692841057,474.34
119.715947213,474.34
119.746543056,474.34
119.769532795,474.34
119.793455312,476.24
119.816473659,476.24
119.839500902,476.24
119.862353391,476.24
119.885367514,476.57
119.908705257,476.57
119.931537042,476.57
119.954456860,476.57
119.977617736,476.57
120.000637587,477.19
120.023473788,477.19
120.046537191,477.19
120.069552498,477.19
120.092562173,476.48
120.115798603,476.48
120.138816822,476.48
120.162080483,476.48
120.184960205,476.48
120.208219706,475.71
120.231232517,475.71
120.254261520,475.71
120.277470910,475.71
120.300385671,474.90
120.323600597,474.90
120.346623968,474.90
120.369773196,474.90
120.392715702,475.91
120.415872547,475.91
120.438936782,475.91
120.461951737,475.91
120.485083653,475.91
120.508057968,476.40
120.531127547,476.40
120.554785774,476.40
120.577968763,476.40
120.601212200,476.60
120.624240723,476.60
120.647324063,476.60
120.669963653,476.60
120.693502454,477.76
120.716504545,477.76
120.739452011,477.76
120.762590328,477.76
120.787360183,477.76
120.810283873,477.05
120.833535150,477.05
120.856537241,477.05
120.879806119,477.05
120.902967700,476.52
120.926018623,476.52
120.949109739,476.52
120.972159926,476.52
120.995991562,475.82
121.019063766,475.82
121.042092193,475.82
121.065264526,475.82
121.088586492,475.82
121.111367108,476.65
121.134166925,476.65
121.157070454,476.65
121.180456806,476.65
121.204052087,478.39
121.227106243,478.39
121.250219183,478.39
121.272910166,478.39
121.296162788,478.86
121.319308848,478.86
121.342534461,478.86
121.365598025,478.86
121.388832150,478.86
121.412150213,480.30
121.434947309,480.30
121.457938584,480.30
121.480955619,480.30
121.504141231,479.93
121.527033657,479.93
121.550159205,479.93
121.573481876,479.93
121.596625888,479.93
121.619850733,478.93
121.642876440,478.93
121.665935364,478.93
121.688976879,478.93
121.712019034,478.40
121.735179143,478.40
121.758149745,478.40
121.781784707,478.40
121.804956432,478.92
121.828322687,478.92
121.851474124,478.92
121.874549623,478.92
121.897806149,478.92
121.920851280,480.35
121.943911420,480.35
121.966981607,480.35
121.990076755,480.35
122.012996605,481.22
122.035869638,481.22
122.058871345,481.22
122.081835707,481.22
122.104866214,481.75
122.127998259,481.75
122.150688698,481.75
122.173601027,481.75
122.196737072,481.75
122.219605305,480.44
122.242692709,480.44
122.265866961,480.44
122.289127743,480.44
122.312528271,480.32
122.335366967,480.32
122.358517540,480.32
122.381346829,480.32
122.404518553,480.03
122.427314530,480.03
122.450278316,480.03
122.473372728,480.03
122.496303042,480.03
122.519271244,480.83
122.542103989,480.83
122.565184257,480.83
122.588357389,480.83
122.611388153,481.52
122.634433892,481.52
122.657631793,481.52
122.680689628,481.52
122.703981738,481.52
122.727250936,482.22
122.750420741,482.22
122.773456112,482.22
122.796760318,482.22
122.819996940,482.78
122.842939574,482.78
122.865952193,482.78
122.889677428,482.78
122.913208389,481.79
122.937213915,481.79
122.960238246,481.79
122.983122864,481.79
123.006307740,481.79
123.029447849,481.35
123.052605717,481.35
123.075618272,481.35
123.098547114,481.35
123.121569557,480.86
123.144482975,480.86
123.167674604,480.86
123.190598774,480.86
123.213824835,482.20
123.236624619,482.20
123.259826937,482.20
123.283259368,482.20
123.306359732,482.20
123.329235486,482.09
123.352341801,482.09
123.375442229,482.09
123.399122312,482.09
123.422315797,482.18
123.445092445,482.18
123.468373483,482.18
123.491341014,482.18
123.515339180,482.20
123.538431192,482.20
123.561240480,482.20
123.584212459,482.20
123.607241366,482.20
123.630199776,482.55
123.653530606,482.55
123.676586170,482.55
123.699750182,482.55
123.722819058,482.19
123.746045215,482.19
123.768949225,482.19
123.792102806,482.19
123.815253826,480.87
123.838322126,480.87
123.861128790,480.87
123.884341059,480.87
123.907517968,480.87
123.938475383,479.42
123.961619459,479.42
123.984870257,479.42
124.008246304,479.42
124.031585039,478.51
124.054572665,478.51
124.077826343,478.51
124.101118965,478.51
124.124008351,476.74
124.147045738,476.74
124.170177366,476.74
124.193222465,476.74
124.216588848,476.74
124.239991584,475.15
124.263101580,475.15
124.286483067,475.15
124.309524550,475.15
124.332408784,474.05
124.355355034,474.05
124.378650184,474.05
124.402382235,474.05
124.425637225,472.96
124.449150905,472.96
124.472709803,472.96
124.496070842,472.96
124.519572650,470.63
124.543001754,470.63
124.566364681,470.63
124.589858169,470.63
124.613262185,470.63
124.636302548,468.57
124.659650051,468.57
124.682914608,468.57
124.706307232,468.57
124.730631514,466.60
124.754224715,466.60
124.777736380,466.60
124.800849640,466.60
124.824813054,465.76
124.847810473,465.76
124.870894324,465.76
124.893789630,465.76
124.916941066,465.76
124.940047510,466.28
124.963334468,466.28
124.987811328,466.28
125.011032686,466.28
125.034412797,467.54
125.057397831,467.54
125.080358354,467.54
125.103446077,467.54
125.127240849,468.36
125.150454559,468.36
125.173531338,468.36
125.196795896,468.36
125.220035046,468.36
125.243098097,468.71
125.266359071,468.71
125.289766862,468.71
125.313043644,468.71
125.336181961,468.23
125.359289204,468.23
125.382453537,468.23
125.405567533,468.23
125.429361921,468.58
125.452572878,468.58
125.475560569,468.58
125.498669349,468.58
125.521605647,468.58
125.544789948,469.38
125.567958120,469.38
125.590993652,469.38
125.614115232,469.38
125.637628784,469.98
125.660615227,469.98
125.683863497,469.98
125.706908372,469.98
125.730156513,469.81
125.753394735,469.81
125.776417594,469.81
125.799448261,469.81
125.822855925,469.81
125.846026017,469.83
125.869215630,469.83
125.892446460,469.83
125.915691369,469.83
125.939591390,469.40
125.962733483,469.40
125.985815446,469.40
126.008950115,469.40
126.039066976,469.35
126.061980426,469.35
126.085212279,469.35
126.108319811,469.35
126.131612977,469.35
126.154731741,469.12
126.177858794,469.12
126.201074103,469.12
126.224129186,469.12
126.247217102,469.14
126.270647390,469.14
126.293579624,469.14
126.316592435,469.14
126.340237477,469.57
126.363210959,469.57
126.386250138,469.57
126.409165828,469.57
126.432396786,469.57
126.455273499,470.36
126.478138020,470.36
126.501251280,470.36
126.524378524,470.36
126.548339890,470.07
126.571442942,470.07
126.594405864,470.07
126.617447060,470.07
126.640176347,470.07
126.663194278,469.86
126.686612790,469.86
126.709538688,469.86
126.732628651,469.86
126.755744567,470.37
126.778724226,470.37
126.801877902,470.37
126.825255390,470.37
126.848398154,471.07
126.871454869,471.07
126.894244446,471.07
126.917175240,471.07
126.940453558,471.07
126.963594882,471.12
126.986655117,471.12
127.009753625,471.12
127.032749796,471.12
127.056024946,470.76
127.079203903,470.76
127.102249194,470.76
127.125331798,470.76
127.148134814,471.05
127.171465581,471.05
127.194499576,471.05
127.217481346,471.05
127.240752336,471.05
127.263994078,471.32
127.287112170,471.32
127.310192054,471.32
127.333405571,471.32
127.356450606,471.95
127.379686972,471.95
127.402897353,471.95
127.425921876,471.95
127.449667527,471.58
127.472855572,471.58
127.496073793,471.58
127.519508881,471.58
127.542765983,471.58
127.565837002,471.77
127.588961590,471.77
127.611860160,471.77
127.634847082,471.77
127.657780948,471.82
127.681056674,471.82
127.704254703,471.82
127.727235898,471.82
127.751225200,472.39
127.774395933,472.39
127.797408232,472.39
127.820687734,472.39
127.843809570,472.39
127.866964398,472.64
127.889881336,472.64
127.913106821,472.64
127.936328755,472.64
127.959883044,471.83
127.983097841,471.83
128.006314878,471.83
128.029379370,471.83
128.053518466,471.85
128.076571693,471.85
128.099890620,471.85
128.123099049,471.85
128.148222156,471.85
128.171325880,471.68
128.194611462,471.68
128.217511088,471.68
128.240923071,471.68
128.264090796,470.85
128.287343642,470.85
128.310406021,470.85
128.333274094,470.85
128.356927169,471.61
128.380266415,471.61
128.403308890,471.61
128.426247460,471.61
128.449398929,471.61
128.472540285,471.86
128.495446823,471.86
128.518276560,471.86
128.541448700,471.86
128.564445767,473.01
128.587409554,473.01
128.610370492,473.01
128.633499720,473.01
128.656794102,473.08
128.680323271,473.08
128.703337938,473.08
128.726350973,473.08
128.749545738,473.08
128.772639222,473.52
128.795520063,473.52
128.818500554,473.52
128.841860376,473.52
128.864997957,473.13
128.888085680,473.13
128.910944986,473.13
128.934189223,473.13
128.957369044,473.13
128.980572737,474.39
129.003386602,474.39
129.026197714,474.39
129.049353823,474.39
129.072683341,474.66
129.095872346,474.66
129.118908933,474.66
129.141974641,474.66
129.165171518,474.89
129.189433559,474.89
129.212236384,474.89
129.235613231,474.89
129.258773243,474.89
129.282101226,475.17
129.305237526,475.17
129.328291906,475.17
129.351246156,475.17
129.374647483,473.98
129.397769159,473.98
129.420359149,473.98
129.443943231,473.98
129.466868201,473.38
129.490032181,473.38
129.513391460,473.38
129.536410895,473.38
129.561461394,473.38
129.584362459,472.47
129.607292069,472.47
129.630324176,472.47
129.653524861,472.47
129.676648234,472.17
129.699534355,472.17
129.722399036,472.17
129.746224497,472.17
129.769322588,471.77
129.792548042,471.77
129.815813912,471.77
129.838710657,471.77
129.861922766,471.77
129.885022586,471.74
129.908048965,471.74
129.931060336,471.74
129.954587617,471.74
129.977845967,470.72
130.000647863,470.72
130.023617250,470.72
130.046613388,470.72
130.069797465,470.78
130.093252521,470.78
130.116355413,470.78
130.139389120,470.78
130.162140296,470.78
130.185209332,469.85
130.208430881,469.85
130.231330474,469.85
130.254848443,469.85
130.278013480,470.13
130.301323862,470.13
130.324180607,470.13
130.347335212,470.13
130.371235201,469.76
130.394500559,469.76
130.417130261,469.76
130.440292482,469.76
130.463387854,469.76
130.486646427,470.11
130.509878377,470.11
130.532934228,470.11
130.556056384,470.11
130.579636690,470.17
130.602714013,470.17
130.625717704,470.17
130.648510481,470.17
130.671883232,470.17
130.694751689,469.71
130.717623602,469.71
130.740769791,469.71
130.763761737,469.71
130.786834741,470.09
130.809926337,470.09
130.833121582,470.09
130.856389723,470.09
130.879309317,467.35
130.902353680,467.35
130.925424252,467.35
130.948597833,467.35
130.971902871,467.35
130.994875873,466.48
131.017945677,466.48
131.040940728,466.48
131.064133541,466.48
131.087121583,466.35
131.110457374,466.35
131.133264294,466.35
131.156124912,466.35
131.179371069,467.33
131.202381800,467.33
131.225421267,467.33
131.248594816,467.33
131.271885326,467.33
131.295051035,467.41
131.317850723,467.41
131.340969103,467.41
131.363891289,467.41
131.387110150,467.78
131.410073169,467.78
131.433252797,467.78
131.456082790,467.78
131.480071772,467.00
131.503060583,467.00
131.526309589,467.00
131.549479553,467.00
131.572679438,467.00
131.595523223,467.51
131.618624451,467.51
131.641708591,467.51
131.665119070,467.51
131.688401420,467.58
131.711681850,467.58
131.734723558,467.58
131.757851506,467.58
131.781981354,467.38
131.805082742,467.38
131.828274211,467.38
131.850966570,467.38
131.874144951,467.38
131.897208962,470.11
131.920400303,470.11
131.943566588,470.11
131.967102957,470.11
131.990671134,472.71
132.013638536,472.71
132.036930198,472.71
132.059593437,472.71
132.082830539,465.99
132.106166937,465.99
132.129212677,465.99
132.151989677,465.99
132.175002104,465.99
132.197984674,473.60
132.221001421,473.60
132.244004344,473.60
132.267462152,473.60
132.290822455,480.58
132.313881026,480.58
132.338597985,480.58
132.361413802,480.58
132.384373044,487.77
132.407480832,487.77
132.430275432,487.77
132.453629079,487.77
132.477246441,487.77
132.500250420,494.96
132.523086429,494.96
132.545884933,494.96
132.569045842,494.96
132.592050748,502.13
132.615260905,502.13
132.638459287,502.13
132.661498178,502.13
132.684438572,502.13
132.707249524,509.99
132.730199134,509.99
132.753163817,509.99
132.776128467,509.99
132.799290656,517.47
132.822678767,517.47
132.845796091,517.47
132.868754373,517.47
132.891731536,524.36
132.914751419,524.36
132.937673861,524.36
132.960709488,524.36
132.984020990,524.36
133.007114250,530.80
133.030066804,530.80
133.052936349,530.80
133.075926024,530.80
133.098966195,545.44
133.122041503,545.44
133.145117450,545.44
133.168042996,545.44
133.191968234,545.56
133.214919540,545.56
133.237894270,545.56
133.260733287,545.56
133.283571408,545.56
133.306639036,543.38
133.329551877,543.38
133.352528880,543.38
133.375613371,543.38
133.398840169,535.82
133.421735122,535.82
133.445050689,535.82
133.468091244,535.82
133.491435323,535.82
133.514813322,528.34
133.537970198,528.34
133.561507527,528.34
133.584686452,528.34
133.607857057,519.58
133.631108334,519.58
133.654277211,519.58
133.677248102,519.58
133.700375250,512.23
133.723152410,512.23
133.746325543,512.23
133.769498003,512.23
133.792733153,512.23
133.815886733,504.34
133.839124699,504.34
133.862187078,504.34
133.885425332,504.34
133.908230332,496.26
133.931710893,496.26
133.954776280,496.26
133.978209256,496.26
134.001171602,488.45
134.024160061,488.45
134.047218984,488.45
134.070342260,488.45
134.093395040,488.45
134.116200008,481.88
134.139243539,481.88
134.162417792,481.88
134.185571949,481.88
134.208922268,472.52
134.232197834,472.52
134.255059443,472.52
134.277920476,472.52
134.301589326,466.51
134.324785435,466.51
134.347808518,466.51
134.370979955,466.51
134.394067583,466.51
134.417240747,466.59
134.446262076,466.59
134.469299975,466.59
134.492601525,466.59
134.515481727,466.55
134.538357160,466.55
134.561492564,466.55
134.584742562,466.55
134.607984464,467.56
134.631113916,467.56
134.654397514,467.56
134.677435445,467.56
134.700623618,467.56
134.723857807,467.61
134.746942331,467.61
134.770263754,467.61
134.793310037,467.61
134.816371136,467.72
134.839583949,467.72
134.862785499,467.72
134.885899367,467.72
134.909180213,467.60
134.932395938,467.60
134.955454701,467.60
134.978489784,467.60
135.001691462,467.60
135.024610287,467.88
135.047602874,467.88
135.070955049,467.88
135.094018260,467.88
135.117207361,468.03
135.140233868,468.03
135.163231255,468.03
135.186979434,468.03
135.210467867,467.90
135.233417829,467.90
135.256240686,467.90
135.279383418,467.90
135.302539431,467.90
135.325651475,468.56
135.348940321,468.56
135.372287247,468.56
135.395859041,468.56
135.419028717,468.29
135.442100953,468.29
135.465076644,468.29
135.488226672,468.29
135.511152218,468.37
135.536863460,468.37
135.561629891,468.37
135.584826160,468.37
135.608090206,467.95
135.631498702,467.95
135.654641978,467.95
135.677747046,467.95
135.700548174,467.95
135.723652762,467.56
135.746768198,467.56
135.769997780,467.56
135.793233345,467.56
135.816262924,467.63
135.839274455,467.63
135.862213985,467.63
135.885244908,467.63
135.908472762,467.63
135.931676647,467.48
135.954607153,467.48
135.977823710,467.48
136.001138636,467.48
136.024291929,467.61
136.047380357,467.61
136.070503281,467.61
136.093974529,467.61
136.117212431,467.62
136.140361339,467.62
136.163514888,467.62
136.186461714,467.62
136.209923074,467.62
136.233095374,467.38
136.256313788,467.38
136.279283398,467.38
136.302630101,467.38
136.325773697,467.62
136.348903566,467.62
136.371831223,467.62
136.394884675,467.62
136.418099856,467.52
136.441263517,467.52
136.464092101,467.52
136.487287858,467.52
136.510378206,467.30
136.539802931,467.30
136.562765150,467.30
136.586178541,467.30
136.609146904,467.30
136.632235395,467.69
136.655365136,467.69
136.678465211,467.69
136.701554663,467.69
136.725398044,467.35
136.748629673,467.35
136.771980984,467.35
136.794884194,467.35
136.818052334,467.75
136.841143770,467.75
136.864231622,467.75
136.887423507,467.75
136.910717281,467.75
136.933952526,467.86
136.957006426,467.86
136.980269960,467.86
137.003425844,467.86
137.026449215,467.10
137.049766734,467.10
137.072771032,467.10
137.095611937,467.10
137.118886703,467.10
137.142154813,467.05
137.165110759,467.05
137.188350805,467.05
137.211603714,467.05
137.234636014,466.99
137.257594200,466.99
137.280542306,466.99
137.304087955,466.99
137.327086622,466.98
137.350632111,466.98
137.373873148,466.98
137.396720133,466.98
137.419982035,466.98
137.443092831,467.22
137.466053513,467.22
137.489246710,467.22
137.512428067,467.22
137.535384845,467.25
137.561144408,467.25
137.586563583,467.25
137.609752716,467.25
137.633142043,467.25
137.656167142,467.25
137.679347251,467.25
137.702509952,467.25
137.726456693,468.04
137.749678819,468.04
137.772560620,468.04
137.795636312,468.04
137.818812644,468.04
137.842006577,467.81
137.864972508,467.81
137.887952102,467.81
137.911161075,467.81
137.935350572,468.34
137.958338007,468.34
137.981565540,468.34
138.004694544,468.34
138.027907197,468.46
138.050977353,468.46
138.074106005,468.46
138.097265538,468.46
138.120318253,468.46
138.143494010,468.41
138.166757160,468.41
138.189904404,468.41
138.213243235,468.41
138.236256782,468.68
138.259278233,468.68
138.282083713,468.68
138.305231790,468.68
138.328397466,468.68
138.351915179,468.49
138.374859221,468.49
138.397995617,468.49
138.421090477,468.49
138.444313051,468.70
138.467546504,468.70
138.490855766,468.70
138.514003299,468.70
138.537004206,468.66
138.561762733,468.66
138.584727895,468.66
138.607852739,468.66
138.631372468,468.66
138.654420447,468.48
138.677707981,468.48
138.701125981,468.48
138.724261449,468.48
138.747222291,468.30
138.770409856,468.30
138.793494028,468.30
138.816595512,468.30
138.839911270,468.21
138.863025522,468.21
138.886087134,468.21
138.909342348,468.21
138.932648090,468.21
138.955899080,467.78
138.979159829,467.78
139.002222433,467.78
139.025191659,467.78
139.048537178,468.16
139.071689830,468.16
139.094845619,468.16
139.117541786,468.16
139.140493220,467.85
139.163626609,467.85
139.186563995,467.85
139.209676679,467.85
139.232708722,467.85
139.256062145,467.99
139.279232397,467.99
139.302260888,467.99
139.325612039,467.99
139.348541265,468.11
139.371617085,468.11
139.394531399,468.11
139.417553937,468.11
139.440826815,468.11
139.464172270,467.98
139.487462908,467.98
139.510410278,467.98
139.533374385,467.98
139.556559166,468.00
139.579679914,468.00
139.602808310,468.00
139.626520809,468.00
139.649539284,468.07
139.672830818,468.07
139.696148880,468.07
139.719047706,468.07
139.742364392,468.07
139.765574262,467.73
139.788757826,467.73
139.811679596,467.73
139.834622870,467.73
139.857724322,467.98
139.880888079,467.98
139.903806969,467.98
139.927483851,467.98
139.950361621,467.86
139.973524129,467.86
139.996689966,467.86
140.019832858,467.86
140.043221130,467.86
140.066345110,467.71
140.089246399,467.71
140.112031048,467.71
140.135732122,467.71
140.158961032,467.83
140.182279734,467.83
140.205676710,467.83
140.228794610,467.83
140.251985535,467.46
140.275160363,467.46
140.298196983,467.46
140.321458116,467.46
140.344604209,467.46
140.367629724,467.44
140.390878409,467.44
140.413934709,467.44
140.436993312,467.44
140.460172813,467.57
140.483370202,467.57
140.506133826,467.57
140.528997163,467.57
140.555257788,467.08
140.578416296,467.08
140.601593621,467.08
140.624766946,467.08
140.648090736,467.08
140.670897113,467.69
140.693951460,467.69
140.717059408,467.69
140.745913471,467.69
140.769143116,467.57
140.792192248,467.57
140.815333124,467.57
140.838445552,467.57
140.861708670,467.63
140.884575911,467.63
140.907889845,467.63
140.930895648,467.63
140.954119438,467.75
140.977584190,467.75
141.000634057,467.75
141.023812342,467.75
141.047137444,467.75
141.070223632,467.72
141.093415261,467.72
141.116310854,467.72
141.139555316,467.72
141.163508330,467.79
141.186766200,467.79
141.209882724,467.79
141.232709164,467.79
141.255893113,467.78
141.279109351,467.78
141.302086513,467.78
141.325418624,467.78
141.348666669,467.78
141.371704152,467.69
141.394527649,467.69
141.417542828,467.69
141.440757785,467.69
141.463937990,468.15
141.487098899,468.15
141.510030909,468.15
141.532956038,468.15
141.556163860,468.15
141.579445154,468.02
141.602671183,468.02
141.625746331,468.02
141.648768614,468.02
141.671882898,467.91
141.694939357,467.91
141.718005192,467.91
141.741803324,467.91
141.765059402,467.94
141.788338328,467.94
141.811477796,467.94
141.836837387,467.94
141.859994711,467.81
141.883415847,467.81
141.906412562,467.81
141.929461149,467.81
141.952587081,467.81
141.975703061,467.97
141.998602591,467.97
142.021508648,467.97
142.044737014,467.97
142.067859362,467.98
142.091016494,467.98
142.114026809,467.98
142.136821250,467.98
142.160028655,467.98
142.183050618,468.42
142.206337768,468.42
142.229267890,468.42
142.252387390,468.42
142.275477194,468.59
142.298503029,468.59
142.321821347,468.59
142.344744429,468.59
142.367990651,468.60
142.391213736,468.60
142.414076977,468.60
142.437289790,468.60
142.460313289,468.60
142.483520374,468.17
142.506511969,468.17
142.529525996,468.17
142.555253590,468.17
142.578421667,468.47
142.601649808,468.47
142.625127233,468.47
142.648806323,468.47
142.672014976,468.15
142.695385744,468.15
142.718458427,468.15
142.741681768,468.15
142.765181849,468.15
142.788391398,468.41
142.811473394,468.41
142.840152510,468.41
142.863582350,468.41
142.887071902,464.33
142.910169130,464.33
142.932980339,464.33
142.955764923,464.33
142.978758630,468.34
143.001598159,468.34
143.024456024,468.34
143.047467171,468.34
143.071328887,475.19
143.094374467,475.19
143.117314637,475.19
143.140197782,475.19
143.163558885,475.19
143.186517295,480.56
143.209677724,480.56
143.232756648,480.56
143.255703474,480.56
143.279454341,479.73
143.302652018,479.73
143.325932544,479.73
143.349141389,479.73
143.373140196,479.40
143.396434578,479.40
143.419563198,479.40
143.442933837,479.40
143.466251419,479.40
143.489422056,478.82
143.512628885,478.82
143.535485822,478.82
143.558534826,478.82
143.582000410,478.79
143.605115366,478.79
143.628159281,478.79
143.650958874,478.79
143.674097894,478.25
143.697287891,478.25
143.720308862,478.25
143.743459274,478.25
143.766667799,478.25
143.789732739,477.98
143.812536491,477.98
143.835707448,477.98
143.859030471,477.98
143.882142963,476.42
143.905076701,476.42
143.930333986,476.42
143.953412621,476.42
143.976563834,477.60
143.999389698,477.60
144.022433038,477.60
144.045395672,477.60
144.068638310,477.60
144.091975892,472.02
144.115411236,472.02
144.138536112,472.02
144.161552635,472.02
144.184486373,467.66
144.207515984,467.66
144.230182167,467.66
144.253140097,467.66
144.276625842,467.66
144.299675165,469.89
144.322760745,469.89
144.345810868,469.89
144.368863231,469.89
144.391760105,473.04
144.414539953,473.04
144.437568476,473.04
144.461245551,473.04
144.484423804,475.51
144.507476615,475.51
144.530400945,475.51
144.555812407,475.51
144.579103110,475.51
144.602780152,477.77
144.626292553,477.77
144.649741209,477.77
144.673090184,477.77
144.696423222,480.08
144.719756325,480.08
144.743094707,480.08
144.766532675,480.08
144.790962238,482.79
144.814439055,482.79
144.837636668,482.79
144.860753352,482.79
144.884555452,486.00
144.907812202,486.00
144.937332032,486.00
144.960698735,486.00
144.984062430,488.54
145.007175402,488.54
145.029949042,488.54
145.052648089,488.54
145.075651364,488.54
145.098609230,490.71
145.121787451,490.71
145.144818950,490.71
145.167802385,490.71
145.190744507,490.25
145.213803238,490.25
145.236789425,490.25
145.259461048,490.25
145.282575844,490.25
145.305711312,490.20
145.328673595,490.20
145.351587140,490.20
145.375033332,490.20
145.397942238,490.19
145.420877832,490.19
145.443765329,490.19
145.466801948,490.19
145.489940265,489.98
145.512924467,489.98
145.535857757,489.98
145.558934025,489.98
145.581633680,489.98
145.604547610,490.64
145.627498692,490.64
145.650489647,490.64
145.673219574,490.64
145.696777160,491.02
145.719613712,491.02
145.742585371,491.02
145.765465988,491.02
145.788529936,491.02
145.811645852,490.95
145.834516581,490.95
145.857334062,490.95
145.880389529,490.95
145.903327747,491.07
145.926371982,491.07
145.949299384,491.07
145.972841193,491.07
145.995880532,491.10
146.018706173,491.10
146.041757224,491.10
146.064709619,491.10
146.087681309,491.10
146.110611463,490.85
146.133586993,490.85
146.156613212,490.85
146.179799881,490.85
146.202796084,491.08
146.225762654,491.08
146.248799817,491.08
146.271883797,491.08
146.295648361,491.20
146.318647092,491.20
146.341535709,491.20
146.364235332,491.20
146.387224335,491.20
146.410130425,490.80
146.433082627,490.80
146.455867499,490.80
146.479025015,490.80
146.502563657,490.69
146.525730357,490.69
146.548571294,490.69
146.571622729,490.69
146.594821974,490.48
146.618029764,490.48
146.641191376,490.48
146.664444606,490.48
146.687581354,490.48
146.710523956,490.13
146.733297660,490.13
146.756168070,490.13
146.779245841,490.13
146.802090138,490.31
146.825050340,490.31
146.848087920,490.31
146.871112795,490.31
146.894116517,490.31
146.917233970,490.89
146.940390462,490.89
146.963339944,490.89
146.986729048,490.89
147.010046918,491.50
147.038832308,491.50
147.061801694,491.50
147.085156237,491.50
147.108143960,491.34
147.131251620,491.34
147.154281135,491.34
147.177514428,491.34
147.201527891,491.80
147.224533757,491.80
147.247466631,491.80
147.270541171,491.80
147.293644031,491.80
147.316765899,491.95
147.339781494,491.95
147.362874370,491.95
147.386002062,491.95
147.409850979,492.06
147.432800301,492.06
147.455759095,492.06
147.478633632,492.06
147.501749196,492.50
147.524874105,492.50
147.547968932,492.50
147.570729388,492.50
147.593677302,492.50
147.616685633,492.40
147.639705484,492.40
147.662571189,492.40
147.685930852,492.40
147.709059249,492.60
147.732243677,492.60
147.755242728,492.60
147.778324308,492.60
147.801454560,492.60
147.824360810,492.62
147.847371893,492.62
147.870148925,492.62
147.893410731,492.62
147.916473878,491.94
147.939224414,491.94
147.961979014,491.94
147.984878543,491.94
148.008371232,491.42
148.031199241,491.42
148.054137555,491.42
148.077318143,491.42
148.100340554,491.42
148.123218676,492.08
148.146063389,492.08
148.168829573,492.08
148.192201812,492.08
148.216090729,492.18
148.239245909,492.18
148.262489667,492.18
148.285486446,492.18
148.308648154,491.87
148.331714662,491.87
148.354604591,491.87
148.377811036,491.87
148.401096938,491.87
148.424123413,491.78
148.446998303,491.78
148.469986089,491.78
148.493152214,491.78
148.516163457,491.54
148.539275405,491.54
148.562881055,491.54
148.585999755,491.54
148.609274969,491.54
148.632578887,492.00
148.655638450,492.00
148.678565628,492.00
148.701759593,492.00
148.724705459,492.24
148.747947809,492.24
148.771053037,492.24
148.793978711,492.24
148.817044066,492.03
148.840145806,492.03
148.863054936,492.03
148.885992482,492.03
148.909031597,492.03
148.932384636,492.60
148.955396167,492.60
148.978345009,492.60
149.001741632,492.60
149.024761003,492.63
149.047467507,492.63
149.070375964,492.63
149.093618058,492.63
149.116670933,491.92
149.146643697,491.92
149.169675516,491.92
149.192884809,491.92
149.216641788,491.70
149.239645671,491.70
149.262548113,491.70
149.285581628,491.70
149.308700136,491.70
149.331684275,491.64
149.354597852,491.64
149.377595559,491.64
149.400473584,491.64
149.423239769,492.22
149.446509286,492.22
149.469502097,492.22
149.492240185,492.22
149.515227715,492.22
149.538326735,492.63
149.562573096,492.63
149.585724469,492.63
149.609036963,492.63
149.632046478,492.36
149.655150234,492.36
149.678085700,492.36
149.701254385,492.36
149.724135898,492.32
149.747407336,492.32
149.770435955,492.32
149.793498111,492.32
149.816757356,492.32
149.839754551,492.66
149.862823907,492.66
149.885525386,492.66
149.908591669,492.66
149.931428958,492.61
149.954241639,492.61
149.977601366,492.61
150.000455839,492.61
150.023562347,492.46
150.046410036,492.46
150.069243196,492.46
150.092194279,492.46
150.115119472,492.46
150.138003418,493.02
150.161014437,493.02
150.186600301,493.02
150.210025149,493.02
150.233141353,492.58
150.256175508,492.58
150.279099294,492.58
150.301978856,492.58
150.325742619,492.17
150.348703269,492.17
150.371709584,492.17
150.394707387,492.17
150.417653893,492.17
150.440762097,491.68
150.463687163,491.68
150.486972329,491.68
150.510244215,491.68
150.533160961,491.61
150.556451695,491.61
150.579415385,491.61
150.602240802,491.61
150.625272301,491.55
150.648332920,491.55
150.671343491,491.55
150.694324302,491.55
150.717306264,491.55
150.740271043,491.29
150.763196044,491.29
150.786043125,491.29
150.809111233,491.29
150.832222125,490.96
150.855492667,490.96
150.878541318,490.96
150.901358511,490.96
150.923696978,490.96
150.945971540,476.52
150.968243574,476.52
150.991085855,476.52
151.014147083,476.52
151.037040244,460.58
151.060067167,460.58
151.083222380,460.58
151.106139190,460.58
151.129226305,459.50
151.152161707,459.50
151.175187478,459.50
151.198177985,459.50
151.221355086,459.50
151.245436901,459.98
151.268441488,459.98
151.291346970,459.98
151.314376709,459.98
151.337242958,460.57
151.360172536,460.57
151.383019681,460.57
151.406080428,460.57
151.429405275,460.57
151.452407653,460.32
151.475378576,460.32
151.498139480,460.32
151.521135843,460.32
151.544200430,460.51
151.567306234,460.51
151.590311589,460.51
151.613244687,460.51
151.636334331,461.26
151.659226596,461.26
151.682170958,461.26
151.705082040,461.26
151.728185028,461.26
151.751150926,461.76
151.774484957,461.76
151.797264453,461.76
151.820241199,461.76
151.843174073,461.23
151.866029762,461.23
151.888915340,461.23
151.911846326,461.23
151.935014018,475.58
151.958462354,475.58
151.981516030,475.58
152.004408679,475.58
152.027564564,475.58
152.050532350,491.89
152.073391399,491.89
152.096205776,491.89
152.119349340,491.89
152.142427304,491.87
152.165250897,491.87
152.188075129,491.87
152.211122213,491.87
152.234263857,491.87
152.257263036,492.30
152.280476489,492.30
152.303798167,492.30
152.329284127,492.30
152.352239849,492.38
152.375296149,492.38
152.398250559,492.38
152.421247689,492.38
152.444198644,492.19
152.467306848,492.19
152.490247626,492.19
152.513242900,492.19
152.536062685,492.19
152.559163849,492.23
152.582182932,492.23
152.604951484,492.23
152.628289163,492.23
152.651446103,492.03
152.674441186,492.03
152.697243850,492.03
152.720211381,492.03
152.743226207,491.89
152.766141961,491.89
152.789188341,491.89
152.812398626,491.89
152.835364652,491.89
152.858427832,491.72
152.881289857,491.72
152.903970536,491.72
152.926971026,491.72
152.950686630,491.95
152.973848530,491.95
152.996820029,491.95
153.019701574,491.95
153.042764753,492.27
153.065859997,492.27
153.088895528,492.27
153.111952468,492.27
153.135099200,492.27
153.158183180,492.67
153.181232791,492.67
153.204252674,492.67
153.227086859,492.67
153.250024821,492.37
153.273152289,492.37
153.295928361,492.37
153.319210231,492.37
153.347508992,492.92
153.370386761,492.92
153.393576310,492.92
153.416339838,492.92
153.439373993,492.92
153.462312371,493.19
153.485457887,493.19
153.508913839,493.19
153.531999707,493.19
153.556620153,492.58
153.579490274,492.58
153.602390316,492.58
153.625326550,492.58
153.649052489,492.69
153.672262870,492.69
153.695135967,492.69
153.717864231,492.69
153.741065940,492.69
153.764069727,492.33
153.786978856,492.33
153.809843057,492.33
153.833091039,492.33
153.857026997,492.96
153.879923998,492.96
153.902798536,492.96
153.925624496,492.96
153.948591579,492.96
153.971506756,491.35
153.993710790,491.35
154.016048969,491.35
154.038602222,491.35
154.061746491,463.69
154.084620772,463.69
154.107722896,463.69
154.130607481,463.69
154.153864967,464.01
154.176876850,464.01
154.199724219,464.01
154.222749798,464.01
154.246107893,464.01
154.269195137,464.20
154.292245100,464.20
154.315231447,464.20
154.338196641,464.20
154.361165131,464.05
154.386696531,464.05
154.409694494,464.05
154.432480038,464.05
154.455934614,464.68
154.478581789,464.68
154.501527815,464.68
154.524488625,464.68
154.547643294,464.68
154.570305253,464.89
154.593220175,464.89
154.616114808,464.89
154.639217636,464.89
154.662136110,464.51
154.684945654,464.51
154.707993410,464.51
154.731238799,464.51
154.754202074,464.51
154.777246917,465.06
154.800169391,465.06
154.823133689,465.06
154.846295237,465.06
154.869406514,464.79
154.892719168,464.79
154.915498760,464.79
154.938467443,464.79
154.961666847,465.09
154.984679978,465.09
155.007581044,465.09
155.030621343,465.09
155.053740619,465.09
155.076804279,492.73
155.099651488,492.73
155.122460840,492.73
155.145497619,492.73
155.168247451,493.97
155.191358471,493.97
155.214630005,493.97
155.237652224,493.97
155.261554325,493.62
155.284565440,493.62
155.307378473,493.62
155.330321427,493.62
155.353320510,493.62
155.376290344,493.05
155.399516181,493.05
155.422513120,493.05
155.445562539,493.05
155.468547542,492.47
155.491587937,492.47
155.514531435,492.47
155.537458037,492.47
155.562901212,492.19
155.585979432,492.19
155.608902066,492.19
155.631816348,492.19
155.654770790,492.19
155.677811185,492.22
155.700886013,492.22
155.723906888,492.22
155.747009971,492.22
155.770005918,491.87
155.792973961,491.87
155.816094933,491.87
155.838822684,491.87
155.861942568,491.87
155.885009396,491.59
155.908204641,491.59
155.931171403,491.59
155.954178198,491.59
155.977254114,491.81
156.000277645,491.81
156.023151766,491.81
156.046198305,491.81
156.069547952,491.68
156.092720669,491.68
156.115669063,491.68
156.138617649,491.68
156.161784446,491.68
156.184748616,492.26
156.207844084,492.26
156.230972352,492.26
156.254449776,492.26
156.277717982,491.90
156.300668424,491.90
156.323752148,491.90
156.346582557,491.90
156.370432274,492.76
156.393422716,492.76
156.416562313,492.76
156.439640788,492.76
156.462601118,492.76
156.485948973,492.93
156.508963960,492.93
156.532045924,492.93
156.556732322,492.93
156.579829230,492.82
156.603117564,492.82
156.625912324,492.82
156.648737581,492.82
156.672525377,492.33
156.695460555,492.33
156.718490710,492.33
156.741425824,492.33
156.764568268,492.33
156.787568087,492.36
156.810406368,492.36
156.833403659,492.36
156.856497751,492.36
156.879223998,492.52
156.902324554,492.52
156.925177619,492.52
156.948099933,492.52
156.971189001,492.52
156.994205812,492.26
157.017087005,492.26
157.040070088,492.26
157.063161555,492.26
157.086196703,491.78
157.109178857,491.78
157.132148243,491.78
157.155009789,491.78
157.177953703,491.77
157.200876080,491.77
157.223786234,491.77
157.246752677,491.77
157.269976114,491.77
157.293234272,492.58
157.316205002,492.58
157.339242901,492.58
157.362246144,492.58
157.385323884,491.58
157.408345111,491.58
157.431254464,491.58
157.454387341,491.58
157.478445731,491.20
157.501464815,491.20
157.524367896,491.20
157.547385731,491.20
157.570442574,491.20
157.593422169,491.35
157.616490404,491.35
157.639483951,491.35
157.662464378,491.35
157.685505125,491.52
157.708571600,491.52
157.731601307,491.52
157.754694951,491.52
157.777941685,491.52
157.801237443,491.19
157.824204909,491.19
157.847102391,491.19
157.870194659,491.19
157.893235374,491.11
157.916227033,491.11
157.939231811,491.11
157.962392976,491.11
157.985694750,490.58
158.008943564,490.58
158.032007063,490.58
158.054911041,490.58
158.078048845,490.58
158.101003672,491.14
158.123918081,491.14
158.146895052,491.14
158.170482141,491.14
158.193560265,491.09
158.216446098,491.09
158.239254011,491.09
158.262078756,491.09
158.285502099,491.16
158.308736929,491.16
158.331805804,491.16
158.354614453,491.16
158.377864738,491.16
158.400847181,491.12
158.423989529,491.12
158.446936803,491.12
158.470027663,491.12
158.493426975,490.87
158.516613292,490.87
158.539612886,490.87
158.563026534,490.87
158.588243082,491.35
158.611099987,491.35
158.634218079,491.35
158.657270283,491.35
158.680374103,491.35
158.702715738,485.87
158.724849307,485.87
158.746985883,485.87
158.769221469,485.87
158.791364542,450.78
158.813572543,450.78
158.835895746,450.78
158.858204293,450.78
158.880469127,450.78
158.902505127,415.25
158.924608231,415.25
158.946827273,415.25
158.969205452,415.25
158.991214796,380.14
159.013373901,380.14
159.035433708,380.14
159.057598030,380.14
159.079894544,380.14
159.102096946,347.12
159.124175410,347.12
159.146221329,347.12
159.168387954,347.12
159.191316988,308.34
159.213798081,308.34
159.236285158,308.34
159.258815307,308.34
159.281299888,308.34
159.303796629,272.09
159.326112216,272.09
159.348495515,272.09
159.370945728,272.09
159.393273347,241.78
159.415634726,241.78
159.437989737,241.78
159.460327628,241.78
159.482821265,241.78
159.505107380,207.04
159.527420630,207.04
159.549766873,207.04
159.572697827,207.04
159.595060871,165.34
159.617215784,165.34
