timestamp,gpu_power
.000623400,133.75
.022691142,133.66
.044774277,133.66
.067018150,133.66
.089134533,133.66
.111355558,133.68
.133394244,133.68
.155436450,133.68
.177775140,133.68
.199807331,133.68
.221858625,133.72
.243870815,133.72
.265835805,133.72
.287833018,133.72
.309796088,133.72
.332000792,133.72
.353923061,133.72
.375907187,133.72
.398041010,133.72
.419970767,133.72
.441944045,133.72
.463648647,133.72
.485336002,133.72
.507334592,133.72
.528988986,133.71
.550953079,133.71
.572793491,133.71
.594815281,133.71
.616703630,133.70
.638677483,133.70
.660624201,133.70
.682508165,133.70
.704626149,133.70
.726595138,133.65
.748545119,133.65
.770502973,133.65
.792406490,133.65
.814464472,133.71
.836639544,133.71
.858521269,133.71
.880389745,133.71
.902338062,133.71
.924276491,133.77
.946254345,133.77
.968197286,133.77
.990097347,133.77
1.014410972,133.77
1.036233399,133.79
1.058066067,133.79
1.079609004,133.79
1.101536297,133.79
1.123557383,133.77
1.145632870,133.77
1.167492738,133.77
1.189535201,133.77
1.211476286,133.77
1.233409787,133.68
1.255379865,133.68
1.277737627,133.68
1.299699192,133.68
1.321395058,133.66
1.343317807,133.66
1.365223500,133.66
1.387745200,133.66
1.411150014,133.66
1.434393227,133.50
1.457342675,133.50
1.480436702,133.50
1.503938061,133.50
1.527672575,133.50
1.550704649,133.50
1.662599636,133.69
1.763811556,133.75
1.811406890,133.75
1.840302647,133.72
1.864750353,133.72
1.888910376,133.72
1.913369634,133.72
1.937183125,133.77
1.961087081,133.77
1.984873788,133.77
2.008796080,133.77
2.032478849,133.87
2.056261203,133.87
2.080108135,133.87
2.103733719,133.87
2.127142981,133.89
2.150800470,133.89
2.174408487,133.89
2.197887126,133.89
2.221657512,133.97
2.244763763,133.97
2.268212481,133.97
2.291630416,133.97
2.315192032,133.97
2.338839601,133.91
2.362304031,133.91
2.385567244,133.91
2.408801688,133.91
2.431923715,134.07
2.454946028,134.07
2.478232601,134.07
2.501626951,134.07
2.525135158,134.16
2.548578021,134.16
2.572113589,134.16
2.595055517,134.16
2.618697774,134.16
2.642601794,134.12
2.666937147,134.12
2.690514315,134.12
2.713999610,134.12
2.737196710,134.33
2.759956076,134.33
2.782798932,134.33
2.805731709,134.33
2.829070122,134.39
2.852622106,134.39
2.876026056,134.39
2.899561112,134.39
2.923003878,134.39
2.946325395,134.44
2.969872419,134.44
2.993739254,134.44
3.017038403,134.44
3.040231727,134.32
3.063528764,134.32
3.086189921,134.32
3.113159833,134.32
3.135784766,134.32
3.158760775,134.32
3.181642767,134.32
3.205117182,134.32
3.229212468,134.39
3.253689198,134.39
3.277992551,134.39
3.301791354,134.39
3.325279561,134.39
3.348772952,134.63
3.372310407,134.63
3.396468606,134.63
3.420090735,134.63
3.443757952,134.72
3.467455473,134.72
3.491204068,134.72
3.514799284,134.72
3.538475109,134.72
3.561877075,134.72
3.584924189,134.72
3.607801349,134.72
3.630910224,134.61
3.654330590,134.61
3.677761325,134.61
3.701729793,134.61
3.725310897,134.61
3.748446492,134.41
3.771734761,134.41
3.795061590,134.41
3.818677319,134.41
3.842142198,134.43
3.865858407,134.43
3.889901661,134.43
3.914382071,134.43
3.938743920,134.53
3.962776550,134.53
3.986359926,134.53
4.009485761,134.53
4.032705549,134.68
4.056061946,134.68
4.079357767,134.68
4.102910935,134.68
4.126720138,134.68
4.152716982,134.48
4.177225137,134.48
4.202027343,134.48
4.226099781,134.48
4.250431902,134.07
4.274160047,134.07
4.299239889,134.07
4.324206097,134.07
4.349010671,163.21
4.373361160,163.21
4.397720929,163.21
4.421105839,163.21
4.444854177,204.77
4.468373809,204.77
4.491340218,204.77
4.513960415,204.77
4.537306668,240.22
4.560718586,240.22
4.583695300,240.22
4.606582220,240.22
4.629218609,240.22
4.652163898,279.59
4.675324133,279.59
4.699251289,279.59
4.722277123,279.59
4.745448526,316.88
4.768420151,316.88
4.791345024,316.88
4.814182856,316.88
4.836925838,316.88
4.860093177,356.18
4.882939105,356.18
4.905743528,356.18
4.928761970,356.18
4.951509464,387.91
4.974351744,387.91
4.997277385,387.91
5.019974735,387.91
5.043061497,413.98
5.065671038,413.98
5.088500837,413.98
5.111408430,413.98
5.134320150,413.98
5.157180862,451.24
5.180163431,451.24
5.205163368,451.24
5.228089616,451.24
5.250946552,476.02
5.273657182,476.02
5.296479846,476.02
5.319394126,476.02
5.342419256,484.62
5.365251423,484.62
5.387979334,484.62
5.411199602,484.62
5.434197595,484.62
5.457200036,477.06
5.480043948,477.06
5.502812755,477.06
5.525938782,477.06
5.548737669,470.88
5.571543596,470.88
5.594320883,470.88
5.617206587,470.88
5.639751487,470.88
5.662547622,464.67
5.685472015,464.67
5.707979379,464.67
5.730730937,464.67
5.753477024,453.20
5.776349512,453.20
5.798977997,453.20
5.821842229,453.20
5.844785821,453.20
5.867825671,449.17
5.890970162,449.17
5.914563331,449.17
5.937423466,449.17
5.960462484,448.68
5.983413917,448.68
6.006553320,448.68
6.030286906,448.68
6.053767433,453.84
6.076792499,453.84
6.101955509,453.84
6.124668859,453.84
6.148028393,462.47
6.171236885,462.47
6.194274303,462.47
6.217149095,462.47
6.240577717,462.47
6.264105381,470.62
6.288923139,470.62
6.311920620,470.62
6.335063800,470.62
6.358068929,477.86
6.381160523,477.86
6.404113748,477.86
6.426973884,477.86
6.450187240,485.55
6.473679031,485.55
6.496423806,485.55
6.519210277,485.55
6.542343216,485.55
6.565301497,492.14
6.588178849,492.14
6.611048105,492.14
6.634539480,492.14
6.658000262,500.61
6.681057168,500.61
6.703822327,500.61
6.726636351,500.61
6.749792266,500.61
6.772877684,508.16
6.795784221,508.16
6.818553091,508.16
6.841808016,508.16
6.865239006,514.97
6.888383497,514.97
6.911206641,514.97
6.934046776,514.97
6.957244708,523.59
6.980321966,523.59
7.003178582,523.59
7.025868572,523.59
7.049191433,523.59
7.072542710,523.53
7.095741378,523.53
7.118636714,523.53
7.141339472,523.53
7.164491260,521.82
7.187577766,521.82
7.210516111,521.82
7.233478008,521.82
7.256911750,520.71
7.280102930,520.71
7.302948889,520.71
7.325930723,520.71
7.348647145,520.71
7.371953782,520.27
7.394995328,520.27
7.417838471,520.27
7.441292982,520.27
7.464504354,520.04
7.488055346,520.04
7.511020091,520.04
7.533882563,520.04
7.557223504,520.04
7.580527357,519.06
7.603583879,519.06
7.627249176,519.06
7.650337859,519.06
7.673645583,522.83
7.697077246,522.83
7.720021799,522.83
7.742993104,522.83
7.766176187,525.62
7.789564969,525.62
7.812881558,525.62
7.835811583,525.62
7.858684967,525.62
7.882185078,528.60
7.905776998,528.60
7.929664282,528.60
7.952745540,528.60
7.975595756,532.16
7.998728599,532.16
8.022415176,532.16
8.045968408,532.16
8.068820352,538.19
8.091895306,538.19
8.115372889,538.19
8.138822568,538.19
8.162321079,538.19
8.185190399,542.83
8.208232617,542.83
8.232620738,542.83
8.256119442,542.83
8.278909881,546.80
8.301742656,546.80
8.324636936,546.80
8.350576468,546.80
8.373906753,551.65
8.397227342,551.65
8.420110422,551.65
8.443659302,551.65
8.466829649,555.91
8.489835323,555.91
8.512835812,555.91
8.535889582,555.91
8.559246300,555.91
8.582765067,559.43
8.605885366,559.43
8.629663560,559.43
8.652742227,559.43
8.676073600,559.72
8.699365709,559.72
8.722333014,559.72
8.745397760,559.72
8.768783630,559.78
8.791975322,559.78
8.815187398,559.78
8.838125422,559.78
8.861334746,559.78
8.884934378,559.95
8.908340121,559.95
8.931861320,559.95
8.954826385,559.95
8.977586552,559.16
9.001097543,559.16
9.024410612,559.16
9.048062245,559.16
9.070980142,555.63
9.096091535,555.63
9.119421149,555.63
9.142873835,555.63
9.165803892,555.63
9.188838686,553.40
9.212124138,553.40
9.235632090,553.40
9.259007847,553.40
9.281854159,550.95
9.304995802,550.95
9.328350184,550.95
9.351901368,550.95
9.374998818,547.81
9.398062572,547.81
9.421214583,547.81
9.444751271,547.81
9.468160949,547.81
9.490846459,546.24
9.514280201,546.24
9.537584598,546.24
9.561154406,546.24
9.584446739,544.90
9.607497341,544.90
9.631233263,544.90
9.654667678,544.90
9.678052395,545.36
9.701431225,545.36
9.724356258,545.36
9.748086932,545.36
9.771574531,545.36
9.795024401,548.74
9.818159260,548.74
9.841221191,548.74
9.865203803,548.74
9.888724075,552.06
9.912372380,552.06
9.935414950,552.06
9.958949013,552.06
9.982483269,555.27
10.005780978,555.27
10.029200224,555.27
10.052019527,555.27
10.075116946,555.27
10.098539520,557.34
10.121889102,557.34
10.145143226,557.34
10.168281125,557.34
10.191394896,560.22
10.214737501,560.22
10.237896968,560.22
10.261739964,560.22
10.284542499,563.66
10.308420118,563.66
10.332075495,563.66
10.355498934,563.66
10.378828227,563.66
10.401853420,567.40
10.425060440,567.40
10.449578483,567.40
10.473160035,567.40
10.496260046,569.54
10.519125110,569.54
10.543241900,569.54
10.566742523,569.54
10.590576398,570.85
10.613649433,570.85
10.636907781,570.85
10.660307283,570.85
10.683663841,570.67
10.707071087,570.67
10.730070072,570.67
10.753401861,570.67
10.776951509,570.67
10.800223586,567.84
10.823513903,567.84
10.846385303,567.84
10.869780261,567.84
10.892947184,565.00
10.916526464,565.00
10.939558282,565.00
10.962644116,565.00
10.986466759,562.77
11.009770580,562.77
11.032961440,562.77
11.056327661,562.77
11.079799228,562.77
11.103246891,560.62
11.126319925,560.62
11.149865317,560.62
11.173073777,560.62
11.195958105,559.74
11.218887457,559.74
11.241762729,559.74
11.264743603,559.74
11.288340099,561.64
11.311682384,561.64
11.335163743,561.64
11.358595854,561.64
11.382000604,561.64
11.405291081,564.15
11.428675767,564.15
11.452036388,564.15
11.475602804,564.15
11.499215813,568.53
11.522408624,568.53
11.545719325,568.53
11.569131115,568.53
11.592371192,570.82
11.615585123,570.82
11.638934865,570.82
11.661945851,570.82
11.685800622,570.82
11.709130939,573.02
11.732560681,573.02
11.755761237,573.02
11.778736830,573.02
11.802341615,576.78
11.825890111,576.78
11.849396430,576.78
11.872587705,576.78
11.895673060,579.59
11.919271412,579.59
11.942844932,579.59
11.966180658,579.59
11.989470398,579.59
12.012528296,583.58
12.036253338,583.58
12.059535111,583.58
12.082864244,583.58
12.106205666,586.50
12.129136522,586.50
12.153223904,586.50
12.177186069,586.50
12.200790213,588.10
12.224073810,588.10
12.247222365,588.10
12.270550474,588.10
12.293807287,588.10
12.317415687,586.66
12.340976855,586.66
12.364500134,586.66
12.387745203,586.66
12.411110208,584.33
12.434611663,584.33
12.458384386,584.33
12.481508813,584.33
12.504621111,580.60
12.527844931,580.60
12.551211217,580.60
12.576408948,580.60
12.600085605,578.94
12.623183664,578.94
12.646734303,578.94
12.669965964,578.94
12.692877492,578.94
12.716607526,576.65
12.740188406,576.65
12.763972648,576.65
12.788086015,576.65
12.811150921,574.92
12.834345109,574.92
12.857724674,574.92
12.881877305,574.92
12.905459401,573.63
12.928653877,573.63
12.951723327,573.63
12.974808554,573.63
12.997794675,573.63
13.021642630,576.04
13.045126837,576.04
13.069223243,576.04
13.096666568,576.04
13.119804435,576.03
13.142717147,576.03
13.166493486,576.03
13.191087978,576.03
13.214490168,576.05
13.238016615,576.05
13.261905627,576.05
13.285410250,576.05
13.308321106,577.74
13.331553279,577.74
13.354929836,577.74
13.378836416,577.74
13.402001868,577.74
13.425808254,580.36
13.449841460,580.36
13.473210337,580.36
13.496624624,580.36
13.519522552,583.06
13.542581890,583.06
13.566407029,583.06
13.589786307,583.06
13.613251185,586.43
13.636409949,586.43
13.660071854,586.43
13.683477084,586.43
13.706717320,589.15
13.730196759,589.15
13.753434883,589.15
13.776437773,589.15
13.800059741,589.15
13.823276169,590.29
13.847000731,590.29
13.870163014,590.29
13.893554868,590.29
13.917159909,591.91
13.940342800,591.91
13.963810047,591.91
13.987017707,591.91
14.010243031,589.81
14.033386082,589.81
14.056770288,589.81
14.080225919,589.81
14.103831183,589.81
14.127002458,590.78
14.150795597,590.78
14.173962456,590.78
14.197636810,590.78
14.220880374,590.73
14.244078785,590.73
14.267362542,590.73
14.290654587,590.73
14.314257547,590.10
14.337562232,590.10
14.360804197,590.10
14.384545015,590.10
14.407465279,590.10
14.431085008,587.68
14.453966936,587.68
14.477063458,587.68
14.501114104,587.68
14.524346276,584.18
14.547921684,584.18
14.571378051,584.18
14.595028564,584.18
14.618460130,581.39
14.642009330,581.39
14.665403808,581.39
14.688884143,581.39
14.711779031,581.39
14.735045571,581.60
14.757976108,581.60
14.781444091,581.60
14.805232589,581.60
14.828832254,583.78
14.852049450,583.78
14.876505092,583.78
14.899634191,583.78
14.922678105,584.67
14.945687106,584.67
14.969045104,584.67
14.992562303,584.67
15.016009454,585.79
15.039047128,585.79
15.062604520,585.79
15.086126103,585.79
15.109656551,585.79
15.132883699,586.78
15.156184128,586.78
15.179863633,586.78
15.202973532,586.78
15.226122279,587.95
15.249469172,587.95
15.272685440,587.95
15.296587508,587.95
15.320144292,588.01
15.343484977,588.01
15.367075169,588.01
15.390378126,588.01
15.413509721,588.01
15.436814918,588.68
15.460189076,588.68
15.483162365,588.68
15.506713837,588.68
15.529849848,589.25
15.553235590,589.25
15.576485042,589.25
15.599675454,589.25
15.623585969,594.53
15.647060224,594.53
15.673534930,594.53
15.696978656,594.53
15.720268685,594.26
15.743975679,594.26
15.767357837,594.26
15.790215060,594.26
15.813522593,594.26
15.836536971,595.72
15.859643798,595.72
15.882864546,595.72
15.906058029,595.72
15.929361498,593.34
15.952389220,593.34
15.975269388,593.34
15.998241653,593.34
16.021276095,593.34
16.044792910,568.67
16.068737859,568.67
16.096493379,568.67
16.120048627,568.67
16.143876134,537.38
16.167125778,537.38
16.190339742,537.38
16.213579946,537.38
16.236978328,512.31
16.260150884,512.31
16.283822453,512.31
16.307661576,512.31
16.331092182,482.24
16.354679239,482.24
16.377826610,482.24
16.400783195,482.24
16.424068295,482.24
16.447563159,455.04
16.471317065,455.04
16.495650209,455.04
16.519104688,455.04
16.542558079,430.52
16.566382386,430.52
16.590093763,430.52
16.613140269,430.52
16.636136535,400.76
16.659491044,400.76
16.682542030,400.76
16.706404098,400.76
16.729929297,374.48
16.753253022,374.48
16.776651084,374.48
16.799760983,374.48
16.823005123,374.48
16.845794154,339.07
16.869155992,339.07
16.892158081,339.07
16.916104534,339.07
16.939592517,314.96
16.963145909,314.96
16.986495778,314.96
17.009574124,314.96
17.032550358,306.54
17.055912611,306.54
17.079342226,306.54
17.103940717,306.54
17.127563998,306.54
17.151213647,307.67
17.174379514,307.67
17.197549798,307.67
17.220841874,307.67
17.243878524,307.14
17.267501997,307.14
17.291021244,307.14
17.315033713,307.14
17.338375359,307.98
17.361834830,307.98
17.384901656,307.98
17.408053187,307.98
17.431062540,307.98
17.454079958,306.63
17.477686214,306.63
17.501054292,306.63
17.524486819,306.63
17.548070227,307.53
17.571295903,307.53
17.594382601,307.53
17.617485748,307.53
17.640640415,308.24
17.663596744,308.24
17.687006902,308.24
17.710368516,308.24
17.733700657,308.24
17.756739451,306.28
17.779645667,306.28
17.802771470,306.28
17.826245757,306.28
17.849645579,305.07
17.873102234,305.07
17.896201508,305.07
17.920096376,305.07
17.943012192,304.66
17.966528496,304.66
17.989549882,304.66
18.013013768,304.66
18.036516728,304.66
18.059937702,306.14
18.083341460,306.14
18.107154727,306.14
18.130260241,306.14
18.153042488,304.30
18.176328293,304.30
18.199549713,304.30
18.223300835,304.30
18.246354061,304.12
18.269269014,304.12
18.292034012,304.12
18.315248520,304.12
18.338513589,304.12
18.361896803,303.55
18.385113550,303.55
18.409353094,303.55
18.433270778,303.55
18.456647432,303.62
18.479790483,303.62
18.503469604,303.62
18.526359948,303.62
18.549663961,303.32
18.573160713,303.32
18.596475958,303.32
18.620254312,303.32
18.644400703,303.28
18.667810637,303.28
18.690890583,303.28
18.714007362,303.28
18.737067980,303.28
18.760689437,302.44
18.784135531,302.44
18.807427992,302.44
18.831042313,302.44
18.854215988,303.80
18.877495905,303.80
18.900654028,303.80
18.923563124,303.80
18.947581738,304.11
18.970937463,304.11
18.994341253,304.11
19.017748371,304.11
19.041329571,304.11
19.064716529,304.02
19.087820892,304.02
19.110923783,304.02
19.134635320,304.02
19.158056038,305.76
19.181653367,305.76
19.205031493,305.76
19.228907320,305.76
19.252178469,305.52
19.275352272,305.52
19.298292153,305.52
19.321306722,305.52
19.344924595,305.52
19.368289633,304.88
19.391906673,304.88
19.416081544,304.88
19.439883515,304.88
19.462713506,305.03
19.485482377,305.03
19.508119630,305.03
19.531575549,305.03
19.554755624,305.67
19.578116950,305.67
19.601606597,305.67
19.625176917,305.67
19.648537635,305.67
19.671725870,306.64
19.694856281,306.64
19.718394569,306.64
19.741382226,306.64
19.764794016,306.59
19.788104845,306.59
19.813053933,306.59
19.836459675,306.59
19.862358630,305.96
19.885349168,305.96
19.908583388,305.96
19.931765511,305.96
19.954836434,305.85
19.977828987,305.85
20.001659694,305.85
20.025102524,305.85
20.048602796,305.85
20.071922841,306.24
20.097973509,306.24
20.121813976,306.24
20.145007780,306.24
20.168759094,303.88
20.192043235,303.88
20.216214938,303.88
20.239501703,303.88
20.262783155,304.92
20.286013151,304.92
20.309052745,304.92
20.332242997,304.92
20.355674627,304.12
20.379120530,304.12
20.402528800,304.12
20.426132624,304.12
20.449319196,304.12
20.472594921,303.12
20.495857045,303.12
20.518973504,303.12
20.542698514,303.12
20.566075359,302.66
20.589456973,302.66
20.613114334,302.66
20.636236457,302.66
20.659856410,302.48
20.683123046,302.48
20.706375699,302.48
20.730341895,302.48
20.753882007,302.48
20.777115267,302.97
20.800752852,302.97
20.824004000,302.97
20.847463247,302.97
20.870723707,302.03
20.893765349,302.03
20.917814747,302.03
20.941733103,302.03
20.965902950,301.64
20.989613303,301.64
21.012937540,301.64
21.036134416,301.64
21.059160666,302.73
21.082295493,302.73
21.105635122,302.73
21.129205538,302.73
21.152737810,302.73
21.176108287,303.19
21.200011859,303.19
21.223902887,303.19
21.246868848,303.19
21.269685591,302.52
21.292868611,302.52
21.316449011,302.52
21.339836961,302.52
21.363398001,302.74
21.387027233,302.74
21.410222093,302.74
21.433434169,302.74
21.456327489,302.74
21.479795600,303.59
21.502860570,303.59
21.526833231,303.59
21.550267805,303.59
21.573355688,303.70
21.596605652,303.70
21.619708543,303.70
21.642746984,303.70
21.666266520,303.34
21.689669542,303.34
21.713056564,303.34
21.736538627,303.34
21.759676014,303.34
21.782663735,304.26
21.805588352,304.26
21.828769931,304.26
21.852028248,304.26
21.875588200,304.61
21.899015798,304.61
21.922309859,304.61
21.945301292,304.61
21.968116179,304.63
21.991206142,304.63
22.014524971,304.63
22.037950457,304.63
22.061333575,304.63
22.084642996,304.27
22.107886848,304.27
22.131061516,304.27
22.154221015,304.27
22.177129439,304.71
22.200422348,304.71
22.223578679,304.71
22.247690830,304.71
22.271266366,305.29
22.294636459,305.29
22.317792535,305.29
22.341118564,305.29
22.364306063,305.29
22.387709693,305.08
22.411187500,305.08
22.434644347,305.08
22.458623472,305.08
22.481889020,303.81
22.504922950,303.81
22.528294420,303.81
22.551363550,303.81
22.574874797,303.90
22.598128602,303.90
22.622311089,303.90
22.645830912,303.90
22.669219246,303.90
22.692473146,304.96
22.715418627,304.96
22.738596079,304.96
22.762163071,304.96
22.785927185,304.04
22.809357823,304.04
22.832742573,304.04
22.856618913,304.04
22.879702443,303.71
22.902606835,303.71
22.925716606,303.71
22.949266798,303.71
22.972654684,305.12
22.996298413,305.12
23.019724251,305.12
23.043314507,305.12
23.066487191,305.12
23.089628418,305.10
23.112661356,305.10
23.136118010,305.10
23.159415879,305.10
23.183090360,303.63
23.206511079,303.63
23.229585457,303.63
23.252650939,303.63
23.275751750,303.85
23.299633753,303.85
23.322946662,303.85
23.346348084,303.85
23.370538828,303.85
23.393676022,303.88
23.416892354,303.88
23.440016365,303.88
23.463206329,303.88
23.486720296,302.37
23.510306968,302.37
23.533561381,302.37
23.557206934,302.37
23.580634660,303.30
23.603671022,303.30
23.626778649,303.30
23.649870627,303.30
23.673030382,303.30
23.696354907,304.33
23.719877675,304.33
23.743250489,304.33
23.766891913,304.33
23.789979188,304.40
23.813094975,304.40
23.836204777,304.40
23.859391061,304.40
23.883548012,303.45
23.906891097,303.45
23.930174054,303.45
23.953503603,303.45
23.976563549,303.45
23.999358212,303.80
24.022327885,303.80
24.045563257,303.80
24.068998024,303.80
24.092324469,303.42
24.115909317,303.42
24.139176466,303.42
24.162334269,303.42
24.185129924,304.74
24.208109549,304.74
24.231221944,304.74
24.254639718,304.74
24.277857842,304.74
24.301095678,304.06
24.324208009,304.06
24.347092849,304.06
24.370285117,304.06
24.394112016,304.95
24.417783809,304.95
24.441432082,304.95
24.464850400,304.95
24.488594034,305.92
24.511723069,305.92
24.534626853,305.92
24.557714320,305.92
24.580973660,305.92
24.604376938,305.75
24.627762680,305.75
24.651046853,305.75
24.674568468,305.75
24.697426172,304.62
24.720485894,304.62
24.743828916,304.62
24.767232386,304.62
24.790610031,304.55
24.814123263,304.55
24.837736143,304.55
24.860973403,304.55
24.884353161,304.55
24.907184625,305.62
24.930300571,305.62
24.953573576,305.62
24.977155608,305.62
25.000590599,305.97
25.024188471,305.97
25.047682406,305.97
25.071428952,305.97
25.097924906,305.96
25.120964724,305.96
25.143860220,305.96
25.167404396,305.96
25.190803802,305.07
25.214139751,305.07
25.237280978,305.07
25.260481374,305.07
25.283600553,305.07
25.306886741,305.58
25.329965280,305.58
25.353536624,305.58
25.377089695,305.58
25.400394604,305.60
25.423418390,305.60
25.446302366,305.60
25.469446505,305.60
25.492688085,304.47
25.516001923,304.47
25.540352956,304.47
25.563946796,304.47
25.587526812,304.47
25.610610534,306.08
25.633647216,306.08
25.656426295,306.08
25.679944102,306.08
25.703619576,307.51
25.726539776,307.51
25.749439560,307.51
25.772382417,307.51
25.795685982,292.00
25.819107020,292.00
25.842465306,292.00
25.865776295,292.00
25.888925234,292.00
25.911978652,323.15
25.935091591,323.15
25.958782552,323.15
25.982223655,323.15
26.005447379,338.14
26.028240378,338.14
26.051195043,338.14
26.074366926,338.14
26.097900126,352.88
26.121128010,352.88
26.144062482,352.88
26.167415328,352.88
26.191178706,352.88
26.215247752,379.68
26.238610133,379.68
26.261866850,379.68
26.285347057,379.68
26.308741823,402.79
26.331930122,402.79
26.355212919,402.79
26.378274849,402.79
26.401414028,434.73
26.424632888,434.73
26.448455179,434.73
26.472569185,434.73
26.495929871,434.73
26.519098106,457.19
26.542833356,457.19
26.565836054,457.19
26.589045186,457.19
26.612554193,481.69
26.635584379,481.69
26.658892392,481.69
26.682249237,481.69
26.705803077,505.55
26.729393941,505.55
26.752607649,505.55
26.776101712,505.55
26.799908163,505.55
26.823279665,546.60
26.846536061,546.60
26.870494034,546.60
26.893894816,546.60
26.917107339,549.90
26.940194422,549.90
26.964582287,549.90
26.988298465,549.90
27.011454252,556.91
27.034811290,556.91
27.058315785,556.91
27.081498229,556.91
27.104922627,571.67
27.128262320,571.67
27.151445980,571.67
27.174516870,571.67
27.200305776,571.67
27.223892672,573.00
27.248416123,573.00
27.271811753,573.00
27.295239991,573.00
27.318760423,578.04
27.342138132,578.04
27.365477698,578.04
27.389124594,578.04
27.412304670,578.69
27.435459817,578.69
27.458426578,578.69
27.481847521,578.69
27.505084941,578.69
27.528235128,581.14
27.551397539,581.14
27.575754940,581.14
27.599300044,581.14
27.622766267,561.91
27.646168649,561.91
27.670150334,561.91
27.693255944,561.91
27.716531029,537.89
27.739892002,537.89
27.763125711,537.89
27.786504764,537.89
27.810428336,511.02
27.833633212,511.02
27.856677702,511.02
27.879872530,511.02
27.903468034,511.02
27.926582765,482.01
27.950335103,482.01
27.973727181,482.01
27.997211964,482.01
28.020533225,455.19
28.043623283,455.19
28.066657789,455.19
28.089951626,455.19
28.113897854,431.67
28.137670673,431.67
28.161075519,431.67
28.184464237,431.67
28.207348341,431.67
28.230203197,399.16
28.255736547,399.16
28.279313011,399.16
28.302758850,399.16
28.326151472,372.05
28.349714240,372.05
28.372927340,372.05
28.396230297,372.05
28.419133473,338.83
28.442194987,338.83
28.465302902,338.83
28.488839941,338.83
28.512242931,338.83
28.535808995,312.44
28.558958479,312.44
28.582834722,312.44
28.606071630,312.44
28.629362619,302.37
28.653086477,302.37
28.676819071,302.37
28.699340450,302.37
28.721781061,288.72
28.744628141,288.72
28.768162045,288.72
28.792048752,288.72
28.815812195,304.34
28.839026702,304.34
28.862508830,304.34
28.886163310,304.34
28.909140280,304.34
28.933448720,330.91
28.956830814,330.91
28.980448975,330.91
29.004206529,330.91
29.027404844,358.68
29.050893403,358.68
29.074178536,358.68
29.098325055,358.68
29.121904367,384.98
29.145497055,384.98
29.168691915,384.98
29.191867894,384.98
29.215127619,384.98
29.238177581,412.90
29.261523674,412.90
29.285259788,412.90
29.333277046,412.90
29.356933735,445.05
29.380443958,445.05
29.404036263,445.05
29.427891834,445.05
29.450710209,470.84
29.474402067,470.84
29.497907042,470.84
29.521133678,470.84
29.544603261,499.75
29.567868201,499.75
29.590803282,499.75
29.613577433,499.75
29.636556258,499.75
29.659489099,524.16
29.682400083,524.16
29.705337372,524.16
29.729069070,524.16
29.752723199,550.18
29.776292623,550.18
29.799964448,550.18
29.823140459,550.18
29.846444440,535.02
29.869508514,535.02
29.892619437,535.02
29.915700151,535.02
29.939388745,535.02
29.963832099,508.95
29.987186704,508.95
30.009758901,508.95
30.032346617,508.95
30.055068160,469.35
30.078493038,469.35
30.104382777,469.35
30.128074282,469.35
30.151278902,459.59
30.174899463,459.59
30.197925264,459.59
30.221004187,459.59
30.244167622,459.59
30.267682677,461.62
30.291069379,461.62
30.314899702,461.62
30.338308676,461.62
30.361745043,464.64
30.385028255,464.64
30.408278764,464.64
30.431610361,464.64
30.455138473,463.75
30.477822414,463.75
30.501086875,463.75
30.524280166,463.75
30.547972824,463.75
30.571141987,462.23
30.594542609,462.23
30.617322520,462.23
30.641131371,462.23
30.664553785,465.67
30.687759493,465.67
30.711437206,465.67
30.735107367,465.67
30.758036784,476.56
30.781385469,476.56
30.804502376,476.56
30.827514226,476.56
30.850858207,502.58
30.874153804,502.58
30.897184214,502.58
30.919895804,502.58
30.942802788,502.58
30.965602763,530.46
30.988571444,530.46
31.011582846,530.46
31.035527666,530.46
31.059379397,559.62
31.082838900,559.62
31.105700956,559.62
31.128306273,559.62
31.151174953,559.62
31.174955867,520.51
31.199298164,520.51
31.222873732,520.51
31.246330899,520.51
31.269796866,520.31
31.293447539,520.31
31.316568605,520.31
31.340367600,520.31
31.363930848,520.94
31.387318094,520.94
31.411277506,520.94
31.434563823,520.94
31.457689018,521.24
31.480810917,521.24
31.504171186,521.24
31.527831779,521.24
31.551296690,521.24
31.574508062,522.61
31.597936300,522.61
31.621419035,522.61
31.644709832,522.61
31.668378905,526.79
31.691717319,526.79
31.714833169,526.79
31.737695961,526.79
31.761715022,528.35
31.785177661,528.35
31.809587511,528.35
31.832679777,528.35
31.856085167,528.35
31.879562206,525.54
31.904058329,525.54
31.927631337,525.54
31.951335483,525.54
31.974532646,531.06
31.997795731,531.06
32.021080895,531.06
32.045095797,531.06
32.068749766,551.32
32.092169812,551.32
32.115736644,551.32
32.139259379,551.32
32.162920420,586.73
32.186461556,586.73
32.210025188,586.73
32.233587348,586.73
32.256732703,586.73
32.280230446,592.74
32.303597596,592.74
32.327077387,592.74
32.350648155,592.74
32.373807366,592.66
32.397416598,592.66
32.421013959,592.66
32.444242003,592.66
32.467770626,593.05
32.491191825,593.05
32.517562593,593.05
32.541087152,593.05
32.564409598,593.05
32.587528296,595.46
32.611426812,595.46
32.634607688,595.46
32.657822419,595.46
32.681398756,591.54
32.704800946,591.54
32.728380738,591.54
32.752184116,591.54
32.775432865,592.26
32.798841199,592.26
32.822283261,592.26
32.845896878,592.26
32.869125082,596.50
32.892546920,596.50
32.916464828,596.50
32.940680052,596.50
32.963956416,596.50
32.987336046,593.50
33.010314327,593.50
33.033647268,593.50
33.058061662,593.50
33.081603214,581.15
33.105095645,581.15
33.128545132,581.15
33.151862297,581.15
33.175261735,582.39
33.198891799,582.39
33.222440455,582.39
33.246016503,582.39
33.269794474,582.39
33.293413946,583.92
33.316631014,583.92
33.340136181,583.92
33.363651653,583.92
33.387090195,580.46
33.410684899,580.46
33.433459530,580.46
33.457082043,580.46
33.480620714,578.01
33.504223995,578.01
33.527559656,578.01
33.551071736,578.01
33.574407813,573.32
33.598120118,573.32
33.621612326,573.32
33.645163669,573.32
33.668924712,573.32
33.692429015,577.44
33.715799716,577.44
33.739552183,577.44
33.763339913,577.44
33.786616374,576.21
33.810520490,576.21
33.833840855,576.21
33.857093763,576.21
33.881056471,572.42
33.904843498,572.42
33.928273144,572.42
33.952015562,572.42
33.975274487,572.42
33.999348077,575.21
34.022790747,575.21
34.046030247,575.21
34.069429877,575.21
34.093193224,588.74
34.116146736,588.74
34.139885314,588.74
34.163506547,588.74
34.186930177,587.41
34.210149613,587.41
34.233701053,587.41
34.256905321,587.41
34.280335287,588.85
34.304038409,588.85
34.327478519,588.85
34.351290858,588.85
34.374546294,588.85
34.397923236,589.92
34.422824868,589.92
34.446204657,589.92
34.470085221,589.92
34.493829879,593.14
34.517139236,593.14
34.540292655,593.14
34.565324592,593.14
34.588889760,596.21
34.612815252,596.21
34.636156673,596.21
34.659432686,596.21
34.682830204,593.77
34.706107464,593.77
34.729712505,593.77
34.753333481,593.77
34.776743608,593.77
34.800073829,596.60
34.823677333,596.60
34.846923682,596.60
34.870197806,596.60
34.893814175,602.12
34.916963818,602.12
34.940199382,602.12
34.963600772,602.12
34.987237429,599.44
35.010651811,599.44
35.034787577,599.44
35.058003845,599.44
35.081165617,599.44
35.104722017,599.47
35.128949080,599.47
35.152459623,599.47
35.176360219,599.47
35.199603879,602.28
35.222905332,602.28
35.246200001,602.28
35.270426329,602.28
35.294195851,603.49
35.317680122,603.49
35.340684771,603.49
35.363899919,603.49
35.387381278,603.49
35.411112592,605.66
35.434513246,605.66
35.457623785,605.66
35.481287770,605.66
35.504789577,604.69
35.528160343,604.69
35.551743751,604.69
35.575006068,604.69
35.597880027,605.68
35.621095879,605.68
35.644364468,605.68
35.667680193,605.68
35.691014926,608.97
35.713966135,608.97
35.737099106,608.97
35.760182828,608.97
35.783193462,608.97
35.806533315,601.26
35.829905425,601.26
35.853060156,601.26
35.876621868,601.26
35.900192060,569.76
35.923890446,569.76
35.947427837,569.76
35.970166820,569.76
35.992663015,531.43
36.015420462,531.43
36.038720059,531.43
36.062505741,531.43
36.086165822,531.43
36.109844111,513.06
36.133594402,513.06
36.156591435,513.06
36.179874232,513.06
36.203299174,510.73
36.226817365,510.73
36.250094434,510.73
36.273677074,510.73
36.297305091,508.63
36.320395949,508.63
36.344423651,508.63
36.367652559,508.63
36.391241119,508.63
36.414693389,506.87
36.438260573,506.87
36.461846766,506.87
36.486040293,506.87
36.509242224,508.15
36.532957794,508.15
36.556364656,508.15
36.579777215,508.15
36.602922026,507.38
36.626458969,507.38
36.649855079,507.38
36.673300086,507.38
36.696886534,507.38
36.721105885,503.22
36.745005969,503.22
36.768914693,503.22
36.792670423,503.22
36.816620812,513.95
36.840201948,513.95
36.863969678,513.95
36.887865762,513.95
36.911648148,539.38
36.935415014,539.38
36.958919094,539.38
36.982902859,539.38
37.007171619,576.43
37.030852244,576.43
37.054249410,576.43
37.078006004,576.43
37.104356516,597.38
37.127849171,597.38
37.151601125,597.38
37.174812721,597.38
37.198138462,597.38
37.221539468,601.12
37.245232734,601.12
37.268991056,601.12
37.292617729,601.12
37.315905421,603.28
37.339757537,603.28
37.363026477,603.28
37.387340454,603.28
37.411308858,601.75
37.435140685,601.75
37.458764766,601.75
37.482365390,601.75
37.505441945,604.40
37.528651332,604.40
37.551672622,604.40
37.574536662,604.40
37.597787906,604.40
37.620549513,604.59
37.644135129,604.59
37.667857643,604.59
37.691169560,604.59
37.717040418,598.34
37.740059276,598.34
37.763482810,598.34
37.787185516,598.34
37.810752572,588.91
37.834184458,588.91
37.857957085,588.91
37.881346346,588.91
37.905475169,588.91
37.928705901,586.70
37.952165020,586.70
37.976046671,586.70
37.999795713,586.70
38.023439122,588.48
38.046692479,588.48
38.070586226,588.48
38.096747104,588.48
38.119792202,587.93
38.142826996,587.93
38.166538917,587.93
38.189848979,587.93
38.213192800,585.47
38.236611726,585.47
38.260169150,585.47
38.283627149,585.47
38.307070715,585.47
38.330689100,581.18
38.354532543,581.18
38.378107087,581.18
38.401680863,581.18
38.425225583,579.73
38.448755774,579.73
38.472319694,579.73
38.495476569,579.73
38.518696133,579.44
38.542807836,579.44
38.566487181,579.44
38.589941531,579.44
38.613403306,578.39
38.637209533,578.39
38.660807917,578.39
38.684184539,578.39
38.707781675,578.39
38.731458397,595.44
38.758138768,595.44
38.781847522,595.44
38.806423198,595.44
38.829824876,595.40
38.853071608,595.40
38.876746857,595.40
38.900558300,595.40
38.924026315,598.07
38.947216278,598.07
38.970748614,598.07
38.993966674,598.07
39.017339904,599.60
39.040330249,599.60
39.063805080,599.60
39.087142661,599.60
39.110742005,599.60
39.134336518,595.83
39.159197829,595.83
39.182737300,595.83
39.206796042,595.83
39.230380410,597.80
39.254035531,597.80
39.277382968,597.80
39.300438146,597.80
39.323950546,600.27
39.347926310,600.27
39.371774682,600.27
39.395566956,600.27
39.419571233,603.81
39.442835150,603.81
39.466115226,603.81
39.489337894,603.81
39.512606995,603.81
39.535541148,601.84
39.558704199,601.84
39.581783409,601.84
39.604926908,601.84
39.628035623,590.83
39.651054736,590.83
39.674216476,590.83
39.697548585,590.83
39.721186138,560.75
39.744781386,560.75
39.768450299,560.75
39.791487621,560.75
39.815648412,560.75
39.838457699,532.81
39.861687791,532.81
39.885170046,532.81
39.908660653,532.81
39.932315934,502.92
39.955507530,502.92
39.978778518,502.92
40.001603646,502.92
40.024921611,471.25
40.048361113,471.25
40.072826900,471.25
40.098335578,471.25
40.122276718,471.25
40.145974240,444.37
40.168630853,444.37
40.191093416,444.37
40.213857199,444.37
40.237526784,401.53
40.261193873,401.53
40.284559711,401.53
40.308400210,401.53
40.332076131,400.81
40.355375248,400.81
40.378649501,400.81
40.401600646,400.81
40.425331448,400.81
40.448917032,403.30
40.472872444,403.30
40.495876998,403.30
40.519132626,403.30
40.542319742,400.33
40.565493225,400.33
40.588643348,400.33
40.612517736,400.33
40.635432432,411.84
40.659090497,411.84
40.682342541,411.84
40.705534073,411.84
40.729250859,441.65
40.752824027,441.65
40.775840708,441.65
40.799294291,441.65
40.822963940,441.65
40.846256561,465.24
40.869810305,465.24
40.893389745,465.24
40.916569148,465.24
40.939960234,487.80
40.963276823,487.80
40.986738406,487.80
41.010368759,487.80
41.033512578,515.41
41.056924816,515.41
41.080086139,515.41
41.104322323,515.41
41.127311804,515.41
41.150392295,541.72
41.174337659,541.72
41.197447942,541.72
41.221146167,541.72
41.243849021,559.97
41.266240799,559.97
41.288722051,559.97
41.311682412,559.97
41.335329981,531.55
41.359058798,531.55
41.382572414,531.55
41.405895595,531.55
41.429385978,531.55
41.452452100,530.09
41.476721820,530.09
41.500566704,530.09
41.524366274,530.09
41.547897458,536.26
41.571000924,536.26
41.594182696,536.26
41.618176605,536.26
41.641706988,534.14
41.664943864,534.14
41.688588297,534.14
41.711360976,534.14
41.735023681,534.14
41.758423279,530.51
41.782033856,530.51
41.805132586,530.51
41.828744155,530.51
41.851725156,532.96
41.875177650,532.96
41.898496896,532.96
41.921855981,532.96
41.945266299,535.21
41.968944524,535.21
41.992057463,535.21
42.015322628,535.21
42.038846323,537.05
42.062151712,537.05
42.085785969,537.05
42.109096382,537.05
42.132334922,537.05
42.155340723,536.98
42.178549951,536.98
42.202003342,536.98
42.225181337,536.98
42.248269860,556.66
42.271184652,556.66
42.294477273,556.66
42.317833575,556.66
42.341578585,562.66
42.365184329,562.66
42.388018160,562.66
42.411011226,562.66
42.434302439,562.66
42.457862550,531.97
42.481591464,531.97
42.505260569,531.97
42.528807113,531.97
42.551444814,494.17
42.574005459,494.17
42.596562935,494.17
42.619772867,494.17
42.643748536,465.41
42.667381192,465.41
42.690590548,465.41
42.713739519,465.41
42.737425585,465.41
42.760583292,466.02
42.783998570,466.02
42.807261494,466.02
42.831349900,466.02
42.854876828,468.89
42.877994567,468.89
42.901211251,468.89
42.925673805,468.89
42.948770775,465.85
42.971926211,465.85
42.998006928,465.85
43.020853975,465.85
43.044438631,465.85
43.067921814,470.49
43.091201891,470.49
43.114556881,470.49
43.138425124,470.49
43.161347276,473.62
43.184916700,473.62
43.208232874,473.62
43.231687928,473.62
43.255313513,473.02
43.278741495,473.02
43.301837826,473.02
43.325238544,473.02
43.348638558,499.81
43.371803881,499.81
43.395510011,499.81
43.418932073,499.81
43.441994419,499.81
43.464913947,522.71
43.487897157,522.71
43.510759373,522.71
43.533817079,522.71
43.556918657,552.01
43.580200398,552.01
43.603803774,552.01
43.627239725,552.01
43.650634907,562.17
43.673856903,562.17
43.696677358,562.17
43.719962747,562.17
43.743286312,562.17
43.766940185,533.90
43.790336487,533.90
43.814295227,533.90
43.837774410,533.90
43.861123544,504.73
43.884380452,504.73
43.907502799,504.73
43.930607290,504.73
43.953730180,476.69
43.977437206,476.69
44.002737050,476.69
44.026158024,476.69
44.050037564,476.69
44.073414761,449.28
44.098798318,449.28
44.121827000,449.28
44.145196390,449.28
44.168149903,417.32
44.191577565,417.32
44.214780233,417.32
44.239097441,417.32
44.262368686,390.77
44.285892797,390.77
44.309126313,390.77
44.332033682,390.77
44.355351263,390.77
44.378605835,359.72
44.402338397,359.72
44.425819244,359.72
44.449219706,359.72
44.472646536,334.50
44.496251481,334.50
44.519440004,334.50
44.542227051,334.50
44.565345654,310.24
44.589154569,310.24
44.612725785,310.24
44.636172168,310.24
44.659328851,309.89
44.682227131,309.89
44.705304517,309.89
44.728555826,309.89
44.752112993,309.89
44.775775378,309.62
44.799374915,309.62
44.822600943,309.62
44.845717594,309.62
44.868677859,309.67
44.891692524,309.67
44.915031385,309.67
44.938482280,309.67
44.961924535,306.64
44.985387525,306.64
45.008663890,306.64
45.031631035,306.64
45.057243139,306.64
45.080407118,306.41
45.104768391,306.41
45.128354135,306.41
45.152373068,306.41
45.175669945,305.56
45.198950822,305.56
45.222142385,305.56
45.245122235,305.56
45.268460232,305.28
45.291488722,305.28
45.315332549,305.28
45.338759443,305.28
45.362351075,305.28
45.386509242,306.99
45.409900200,306.99
45.433176949,306.99
45.456528130,306.99
45.479659981,306.72
45.502651766,306.72
45.526561546,306.72
45.550008185,306.72
45.573350150,307.36
45.596535282,307.36
45.619816382,307.36
45.642940777,307.36
45.666146581,308.38
45.689728197,308.38
45.713154068,308.38
45.736544353,308.38
45.760003888,308.38
45.783273885,307.87
45.806488073,307.87
45.829736693,307.87
45.852904640,307.87
45.876183885,307.86
45.899371352,307.86
45.923217932,307.86
45.947081919,307.86
45.970588782,307.90
45.993587768,307.90
46.017371306,307.90
46.040545781,307.90
46.063899555,307.90
46.087353522,306.89
46.110593598,306.89
46.133946859,306.89
46.157301881,306.89
46.180213985,307.60
46.203483150,307.60
46.226676121,307.60
46.250094440,307.60
46.273505718,307.51
46.297091974,307.51
46.320602773,307.51
46.344004227,307.51
46.366946636,307.51
46.390033526,307.22
46.414144525,307.22
46.437609788,307.22
46.461636177,307.22
46.485337698,306.14
46.509095636,306.14
46.532381665,306.14
46.555968593,306.14
46.578776313,307.77
46.601930116,307.77
46.624974798,307.77
46.648104088,307.77
46.671216707,307.77
46.694467664,305.31
46.718049248,305.31
46.741726481,305.31
46.765410626,305.31
46.789320374,305.47
46.812605155,305.47
46.835399274,305.47
46.858527349,305.47
46.881682208,305.01
46.904993709,305.01
46.928628990,305.01
46.952059948,305.01
46.975741917,305.86
46.998915305,305.86
47.022024307,305.86
47.044582648,305.86
47.067802148,305.86
47.091215378,305.75
47.114595712,305.75
47.138219664,305.75
47.162455464,305.75
47.185722516,305.14
47.209076514,305.14
47.232274254,305.14
47.255451641,305.14
47.279071114,305.87
47.302765179,305.87
47.327113812,305.87
47.350539362,305.87
47.373891216,305.87
47.397186301,306.01
47.420220262,306.01
47.443223056,306.01
47.466722303,306.01
47.490171950,306.02
47.514688041,306.02
47.538411706,306.02
47.561821128,306.02
47.584891603,305.54
47.608030654,305.54
47.631235721,305.54
47.654873530,305.54
47.678332329,305.54
47.701645590,308.78
47.725185350,308.78
47.748604436,308.78
47.771974658,308.78
47.794954219,307.02
47.818397017,307.02
47.841573893,307.02
47.865052468,307.02
47.888339392,307.69
47.911803663,307.69
47.935173533,307.69
47.958452489,307.69
47.981701270,307.69
48.004866337,307.64
48.027830954,307.64
48.051120983,307.64
48.074621702,307.64
48.098138517,307.74
48.121824903,307.74
48.145084243,307.74
48.168299103,307.74
48.193768549,307.70
48.216622381,307.70
48.239664951,307.70
48.262777313,307.70
48.286271632,307.23
48.309569053,307.23
48.333098221,307.23
48.356330649,307.23
48.379830696,307.23
48.403145333,307.47
48.426273696,307.47
48.449751759,307.47
48.473246398,307.47
48.496810382,307.27
48.520844355,307.27
48.544356531,307.27
48.567413789,307.27
48.590592616,306.40
48.613680915,306.40
48.637431365,306.40
48.660891315,306.40
48.684465635,306.40
48.708059092,306.83
48.731749701,306.83
48.754863632,306.83
48.778015803,306.83
48.801071365,306.68
48.824475475,306.68
48.848230533,306.68
48.872014840,306.68
48.895617192,307.66
48.918960245,307.66
48.942556934,307.66
48.965274732,307.66
48.988473431,307.66
49.011691043,306.29
49.035093201,306.29
49.058562208,306.29
49.082043375,306.29
49.105624383,306.80
49.128425766,306.80
49.151524881,306.80
49.174621564,306.80
49.197788135,308.24
49.221280022,308.24
49.248757843,308.24
49.272217410,308.24
49.295529231,308.11
49.318966141,308.11
49.341850981,308.11
49.364838447,308.11
49.387757303,308.11
49.410908866,306.84
49.435234971,306.84
49.458580008,306.84
49.482652830,306.84
49.506102957,306.58
49.529132342,306.58
49.552102111,306.58
49.575374412,306.58
49.598496375,306.93
49.622320330,306.93
49.645900506,306.93
49.669137894,306.93
49.692550900,306.93
49.715644351,305.42
49.738721417,305.42
49.761828564,305.42
49.785082048,305.42
49.808455278,305.23
49.831710714,305.23
49.855199369,305.23
49.878929275,305.23
49.902104294,306.88
49.924903310,306.88
49.948221563,306.88
49.971375494,306.88
49.994849493,306.88
50.019259182,306.41
50.042699005,306.41
50.066208876,306.41
50.089567578,306.41
50.112852038,304.37
50.136106675,304.37
50.159348959,304.37
50.182742189,304.37
50.206058234,303.99
50.229687851,303.99
50.253016120,303.99
50.276053026,303.99
50.299167628,304.64
50.322362424,304.64
50.345394146,304.64
50.369036211,304.64
50.392452385,304.64
50.415862991,305.35
50.439228701,305.35
50.462474057,305.35
50.485674933,305.35
50.508641406,305.30
50.532087436,305.30
50.555397849,305.30
50.579390606,305.30
50.603555589,305.16
50.627018452,305.16
50.650465410,305.16
50.673076487,305.16
50.695997008,305.16
50.719269052,292.01
50.743469075,292.01
50.766943938,292.01
50.790467826,292.01
50.813992865,320.52
50.837052427,320.52
50.860400409,320.52
50.883600644,320.52
50.907032147,350.79
50.930504802,350.79
50.953718478,350.79
50.976206513,350.79
50.999335516,350.79
51.022200900,375.59
51.045190381,375.59
51.068153654,375.59
51.091410658,375.59
51.114852465,389.41
51.137933307,389.41
51.160882820,389.41
51.184243090,389.41
51.207826946,392.17
51.231663413,392.17
51.255900781,392.17
51.279142681,392.17
51.302428998,392.17
51.325692818,391.65
51.349874025,391.65
51.372738961,391.65
51.395383318,391.65
51.418065340,380.45
51.441130918,380.45
51.464847480,380.45
51.488384359,380.45
51.511713269,393.45
51.535056770,393.45
51.558996950,393.45
51.581858334,393.45
51.605688401,393.45
51.628941789,423.45
51.652861457,423.45
51.676370785,423.45
51.699269737,423.45
51.722063344,466.70
51.745312092,466.70
51.768673930,466.70
51.791769972,466.70
51.814852799,467.67
51.838080043,467.67
51.861435128,467.67
51.885185322,467.67
51.908295509,467.67
51.930819225,441.97
51.953934532,441.97
51.976617545,441.97
52.000563518,441.97
52.024529682,411.74
52.048428870,411.74
52.071919157,411.74
52.098795179,411.74
52.121786580,424.22
52.145085441,424.22
52.168560528,424.22
52.191948766,424.22
52.215669168,459.38
52.238927612,459.38
52.262770543,459.38
52.285976475,459.38
52.309213543,459.38
52.332444563,481.55
52.355459325,481.55
52.378268196,481.55
52.401403119,481.55
52.425341059,502.97
52.449041845,502.97
52.472638693,502.97
52.496046387,502.97
52.519758213,486.83
52.543344565,486.83
52.566731043,486.83
52.589560394,486.83
52.612180527,486.83
52.634934934,447.99
52.658032289,447.99
52.681808339,447.99
52.705756999,447.99
52.729003828,438.17
52.752197119,438.17
52.776180980,438.17
52.800288554,438.17
52.823749561,438.80
52.848216051,438.80
52.871855044,438.80
52.895294450,438.80
52.918623264,471.70
52.941832907,471.70
52.965003127,471.70
52.988172066,471.70
53.011399790,471.70
53.034436504,493.92
53.057544003,493.92
53.080398282,493.92
53.104550945,493.92
53.128056560,470.41
53.151476863,470.41
53.175293361,470.41
53.198511677,470.41
53.221683849,437.55
53.244749747,437.55
53.268379620,437.55
53.291892531,437.55
53.315326465,437.55
53.338733488,416.12
53.362227487,416.12
53.385655821,416.12
53.408663958,416.12
53.432017444,400.98
53.455394194,400.98
53.479129636,400.98
53.503245050,400.98
53.526793930,398.70
53.550499483,398.70
53.573845289,398.70
53.597098549,398.70
53.620324385,398.70
53.643717135,412.77
53.667029852,412.77
53.690602988,412.77
53.714030330,412.77
53.737487017,400.27
53.760844598,400.27
53.783943745,400.27
53.806741480,400.27
53.830385369,371.31
53.854069738,371.31
53.877789852,371.31
53.901069673,371.31
53.924649625,371.31
53.948328138,340.53
53.972093948,340.53
53.995259975,340.53
54.017871884,340.53
54.040318095,309.95
54.063225080,309.95
54.086498788,309.95
54.110261078,309.95
54.133797158,306.06
54.157208500,306.06
54.181175113,306.06
54.204811322,306.06
54.228071526,335.12
54.251479924,335.12
54.275112293,335.12
54.298727669,335.12
54.322370790,335.12
54.345616850,363.29
54.368697885,363.29
54.391816807,363.29
54.415106964,363.29
54.438422817,386.43
54.461639181,386.43
54.486328362,386.43
54.508966895,386.43
54.532318525,398.35
54.555920109,398.35
54.579964355,398.35
54.603220431,398.35
54.626307641,398.35
54.649428868,398.33
54.673767325,398.33
54.697414798,398.33
54.721475876,398.33
54.744663887,398.05
54.767665497,398.05
54.790379167,398.05
54.813004484,398.05
54.836399730,384.11
54.860291653,384.11
54.883875414,384.11
54.907398661,384.11
54.931054774,384.11
54.954460708,414.27
54.977885714,414.27
55.001401186,414.27
55.025520408,414.27
55.048978503,440.45
55.072830138,440.45
55.097750202,440.45
55.120973606,440.45
55.144108689,468.98
55.167314108,468.98
55.190632553,468.98
55.213938070,468.98
55.237648680,458.41
55.261178167,458.41
55.285128716,458.41
55.307830002,458.41
55.330327797,458.41
55.352992571,416.57
55.376359561,416.57
55.400105115,416.57
55.424332242,416.57
55.447827777,408.76
55.471758197,408.76
55.495223236,408.76
55.518722227,408.76
55.542306659,429.94
55.565577488,429.94
55.589241089,429.94
55.613050548,429.94
55.636446498,429.94
55.659483340,460.93
55.682770552,460.93
55.706097126,460.93
55.729698070,460.93
55.753356711,488.06
55.776221071,488.06
55.799387002,488.06
55.823335662,488.06
55.846760701,528.38
55.870195627,528.38
55.893843804,528.38
55.916893030,528.38
55.940005777,530.84
55.963535264,530.84
55.987294066,530.84
56.010467870,530.84
56.034000141,530.84
56.057412860,529.61
56.080619879,529.61
56.104631292,529.61
56.127690311,529.61
56.151006932,531.65
56.174559203,531.65
56.197805808,531.65
56.220622999,531.65
56.243737186,514.86
56.267087343,514.86
56.290399804,514.86
56.313812522,514.86
56.337444827,514.86
56.360486885,519.56
56.382937320,519.56
56.405223913,519.56
56.427843150,519.56
56.450946265,497.45
56.475075151,497.45
56.498561246,497.45
56.521847467,497.45
56.545636445,495.98
56.569158157,495.98
56.592601627,495.98
56.618404805,495.98
56.641776627,495.98
56.665495429,496.12
56.689307863,496.12
56.712277472,496.12
56.736146100,496.12
56.759537058,491.75
56.782612972,491.75
56.805745559,491.75
56.829757740,491.75
56.853012216,490.12
56.877014733,490.12
56.900556445,490.12
56.923771497,490.12
56.947288408,490.91
56.970933833,490.91
56.994079412,490.91
57.017229407,490.91
57.040540780,490.91
57.064011259,490.83
57.087896143,490.83
57.111344829,490.83
57.134428808,490.83
57.157371952,490.06
57.180295001,490.06
57.203237538,490.06
57.226220331,490.06
57.249632345,490.06
57.272690115,514.75
57.296100817,514.75
57.319609505,514.75
57.343077455,514.75
57.366442493,520.65
57.389758378,520.65
57.412604114,520.65
57.435056757,520.65
57.457651706,524.24
57.480466017,524.24
57.503978736,524.24
57.528651277,524.24
57.552143868,508.04
57.575630859,508.04
57.599490334,508.04
57.622505960,508.04
57.646162009,508.04
57.671820321,506.54
57.696017304,506.54
57.719708202,506.54
57.743597565,506.54
57.766553926,509.28
57.789486191,509.28
57.812699963,509.28
57.835737796,509.28
57.858728974,514.13
57.881822200,514.13
57.904829698,514.13
57.927899180,514.13
57.950900213,514.13
57.974402629,489.26
57.998881919,489.26
58.022225164,489.26
58.045115668,489.26
58.067623320,450.01
58.090724259,450.01
58.114677079,450.01
58.138603563,450.01
58.161940761,439.23
58.185666538,439.23
58.209288507,439.23
58.232225412,439.23
58.255604721,439.23
58.278818397,442.58
58.302115658,442.58
58.325702330,442.58
58.349177993,442.58
58.372196787,467.43
58.395090875,467.43
58.418305863,467.43
58.441916439,467.43
58.465237252,505.43
58.488679667,505.43
58.511613884,505.43
58.534501028,505.43
58.557799505,505.43
58.581090077,503.53
58.604380682,503.53
58.627934586,503.53
58.651506282,503.53
58.675632768,472.72
58.698451400,472.72
58.721656211,472.72
58.745145506,472.72
58.768613137,442.40
58.792172417,442.40
58.815698865,442.40
58.839082942,442.40
58.862345867,413.40
58.885448917,413.40
58.908449279,413.40
58.931467656,413.40
58.954953879,413.40
58.978319749,405.93
59.001478896,405.93
59.023954708,405.93
59.046303606,405.93
59.069109533,398.82
59.092656748,398.82
59.116664578,398.82
59.140308498,398.82
59.164012004,410.97
59.187857367,410.97
59.211278917,410.97
59.234821045,410.97
59.258583911,410.97
59.281791219,414.82
59.305321090,414.82
59.328990068,414.82
59.351892860,414.82
59.375098280,410.96
59.398395892,410.96
59.422020933,410.96
59.445399827,410.96
59.469350471,412.46
59.492441394,412.46
59.515818207,412.46
59.539161037,412.46
59.562640348,412.46
59.586083658,429.12
59.610390787,429.12
59.633334188,429.12
59.657544387,429.12
59.680924369,457.25
59.704211101,457.25
59.727869006,457.25
59.751760386,457.25
59.774752875,482.68
59.798165402,482.68
59.821508647,482.68
59.845181112,482.68
59.868825705,511.36
59.892249719,511.36
59.915304801,511.36
59.938176265,511.36
59.961135250,511.36
59.984103771,539.15
60.007182789,539.15
60.030234863,539.15
60.053720895,539.15
60.077033836,560.28
60.100533627,560.28
60.124480591,560.28
60.147533209,560.28
60.170187102,560.28
60.192594849,536.88
60.215474793,536.88
60.238588916,536.88
60.262593033,536.88
60.286102872,510.61
60.309281956,510.61
60.332523760,510.61
60.355918238,510.61
60.378891175,509.27
60.403281824,509.27
60.426666286,509.27
60.449775321,509.27
60.473420106,511.01
60.496492788,511.01
60.519540670,511.01
60.542222947,511.01
60.565650482,511.01
60.588875038,512.70
60.611932232,512.70
60.634718767,512.70
60.658070940,512.70
60.681444682,497.39
60.705162428,497.39
60.728747148,497.39
60.752259803,497.39
60.775050946,497.39
60.797532838,462.66
60.820227499,462.66
60.843667642,462.66
60.867754608,462.66
60.891377856,438.61
60.914643501,438.61
60.938370111,438.61
60.962338227,438.61
60.986050085,445.58
61.009992153,445.58
61.033424488,445.58
61.057014616,445.58
61.080810218,461.75
61.105001378,461.75
61.128020267,461.75
61.151210455,461.75
61.174470947,461.75
61.197560558,503.65
61.221113117,503.65
61.243975749,503.65
61.267496725,503.65
61.290771105,517.07
61.314004301,517.07
61.336933238,517.07
61.360320580,517.07
61.383569456,505.36
61.406736347,505.36
61.430229290,505.36
61.453874715,505.36
61.477465644,505.36
61.500595382,502.97
61.524098310,502.97
61.547278097,502.97
61.570924994,502.97
61.593807914,509.77
61.616665074,509.77
61.640498405,509.77
61.664544218,509.77
61.687823303,511.82
61.711228757,511.82
61.734597283,511.82
61.757620204,511.82
61.780727959,511.82
61.804124293,539.59
61.827674325,539.59
61.851072163,539.59
61.874240686,539.59
61.897168631,570.72
61.920344610,570.72
61.943513837,570.72
61.967396385,570.72
61.990637677,568.24
62.013440052,568.24
62.036575967,568.24
62.059799083,568.24
62.083417340,568.24
62.106704073,538.32
62.130420762,538.32
62.153358243,538.32
62.176380333,538.32
62.199820667,507.35
62.223139272,507.35
62.246755865,507.35
62.270566987,507.35
62.294280797,486.45
62.317386504,486.45
62.340480786,486.45
62.363478267,486.45
62.386877962,472.71
62.409904947,472.71
62.433192640,472.71
62.456527085,472.71
62.479804218,472.71
62.502757731,443.32
62.525833965,443.32
62.548909559,443.32
62.572113091,443.32
62.595746196,409.73
62.619438661,409.73
62.642945620,409.73
62.666736999,409.73
62.690473625,402.82
62.715406649,402.82
62.739367661,402.82
62.762889692,402.82
62.786890257,402.82
62.810489730,404.25
62.834325173,404.25
62.859139603,404.25
62.882565185,404.25
62.906638295,408.37
62.930311496,408.37
62.953534772,408.37
62.976701376,408.37
62.999721961,407.88
63.022701010,407.88
63.045849726,407.88
63.069133450,407.88
63.092621113,438.69
63.116457196,438.69
63.139824346,438.69
63.163241480,438.69
63.187177052,438.69
63.210665419,462.56
63.234121402,462.56
63.257678442,462.56
63.281020695,462.56
63.303678749,493.67
63.327058378,493.67
63.350395992,493.67
63.373937575,493.67
63.397441911,519.43
63.421114632,519.43
63.444522390,519.43
63.468066982,519.43
63.491444211,519.43
63.515056132,553.95
63.539294780,553.95
63.562652137,553.95
63.586334522,553.95
63.609799689,574.72
63.633282360,574.72
63.656723079,574.72
63.680363831,574.72
63.703290048,592.33
63.726392554,592.33
63.749676023,592.33
63.773294248,592.33
63.797158747,595.00
63.820597930,595.00
63.843402353,595.00
63.866776766,595.00
63.890637842,595.00
63.917551496,594.20
63.941901985,594.20
63.965590451,594.20
63.989403365,594.20
64.013580348,587.72
64.036395460,587.72
64.058887367,587.72
64.081600109,587.72
64.104573846,557.92
64.127877603,557.92
64.150834668,557.92
64.173706484,557.92
64.196770686,557.92
64.219861225,565.71
64.243678972,565.71
64.266961064,565.71
64.290613785,565.71
64.313651075,552.46
64.337032305,552.46
64.360287709,552.46
64.383624170,552.46
64.406693173,545.72
64.429417051,545.72
64.452583494,545.72
64.475968052,545.72
64.499639365,545.72
64.522807089,538.11
64.546553059,538.11
64.570019889,538.11
64.593367615,538.11
64.616465257,537.13
64.639783318,537.13
64.663263461,537.13
64.687252506,537.13
64.710059649,535.35
64.733695602,535.35
64.756954910,535.35
64.780345676,535.35
64.803885884,535.35
64.827241289,534.71
64.850334388,534.71
64.874010245,534.71
64.897528884,534.71
64.920793121,531.84
64.944733589,531.84
64.968260229,531.84
64.991843221,531.84
65.015954507,533.98
65.039476154,533.98
65.063422287,533.98
65.086938622,533.98
65.110200267,567.85
65.133848795,567.85
65.157874641,567.85
65.181222462,567.85
65.204703789,567.85
65.228234685,551.72
65.251589258,551.72
65.274970168,551.72
65.298561032,551.72
65.321891861,558.16
65.345103329,558.16
65.368445423,558.16
65.392568613,558.16
65.416080148,567.30
65.439251168,567.30
65.462565645,567.30
65.485810137,567.30
65.509434665,567.30
65.532685014,569.53
65.555721311,569.53
65.578659048,569.53
65.601888564,569.53
65.625690119,573.03
65.649318936,573.03
65.672701925,573.03
65.696120308,573.03
65.719712228,563.31
65.742843791,563.31
65.766221629,563.31
65.789559434,563.31
65.812904503,567.58
65.835753343,567.58
65.859284014,567.58
65.883062401,567.58
65.906336493,567.58
65.929406712,568.81
65.952519426,568.81
65.975673389,568.81
65.999512961,568.81
66.023002192,565.55
66.046284060,565.55
66.069966318,565.55
66.093309403,565.55
66.116433702,565.03
66.139715122,565.03
66.163823657,565.03
66.187589403,565.03
66.211063306,565.03
66.234467480,581.64
66.258411948,581.64
66.281921883,581.64
66.305680493,581.64
66.328642102,583.01
66.351961059,583.01
66.375263280,583.01
66.398652830,583.01
66.421889194,581.19
66.445111670,581.19
66.468630758,581.19
66.492125397,581.19
66.515179583,581.19
66.538105831,559.10
66.561551926,559.10
66.585191335,559.10
66.608496948,559.10
66.631032472,525.81
66.654684041,525.81
66.678573692,525.81
66.702437648,525.81
66.726102049,523.65
66.749355885,523.65
66.772819228,523.65
66.796263978,523.65
66.819949916,519.15
66.843531084,519.15
66.866804760,519.15
66.889993188,519.15
66.913394930,519.15
66.936675647,517.78
66.959942731,517.78
66.983091702,517.78
67.006175809,517.78
67.029444973,519.66
67.055583771,519.66
67.078892136,519.66
67.105518363,519.66
67.128416771,519.93
67.151704976,519.93
67.174688377,519.93
67.198256329,519.93
67.221693815,519.93
67.244813314,515.49
67.267714699,515.49
67.290620755,515.49
67.313589340,515.49
67.336409315,509.10
67.359369196,509.10
67.382549176,509.10
67.405811012,509.10
67.429410836,493.80
67.452408158,493.80
67.475476520,493.80
67.498478193,493.80
67.521550364,493.80
67.544966090,481.80
67.568594010,481.80
67.591774310,481.80
67.615104179,481.80
67.638137021,491.32
67.661247432,491.32
67.684404051,491.32
67.707819329,491.32
67.731750613,471.42
67.755120483,471.42
67.777933450,471.42
67.800398253,471.42
67.823526040,471.42
67.847040455,440.95
67.870910939,440.95
67.894552012,440.95
67.917905849,440.95
67.941288647,439.93
67.964805142,439.93
67.988333670,439.93
68.011707412,439.93
68.035009569,426.54
68.057805608,426.54
68.080813265,426.54
68.108620402,426.54
68.131588891,428.46
68.154749734,428.46
68.178772667,428.46
68.201878310,428.46
68.225452886,428.46
68.248890852,419.86
68.272743864,419.86
68.296282567,419.86
68.320682529,419.86
68.343574985,426.89
68.366402833,426.89
68.388917396,426.89
68.411941822,426.89
68.435087145,437.70
68.458126771,437.70
68.481647970,437.70
68.504927375,437.70
68.528586144,437.70
68.551301542,461.33
68.574381104,461.33
68.597572348,461.33
68.620662566,461.33
68.644202806,460.11
68.667554980,460.11
68.691086387,460.11
68.714096893,460.11
68.736583808,453.50
68.759505225,453.50
68.784041604,453.50
68.807624180,453.50
68.831133411,453.50
68.854211341,479.72
68.878098209,479.72
68.901536495,479.72
68.925837544,479.72
68.949400792,481.46
68.972547523,481.46
68.995638381,481.46
69.019127260,481.46
69.042072933,492.19
69.065290865,492.19
69.088415868,492.19
69.111641576,492.19
69.135115479,492.19
69.158554821,480.31
69.181944659,480.31
69.205700549,480.31
69.228460300,480.31
69.251430613,458.26
69.274580192,458.26
69.297804396,458.26
69.321355804,458.26
69.344701545,433.07
69.367950422,433.07
69.391143617,433.07
69.414309452,433.07
69.437169396,433.07
69.460483553,408.33
69.483731726,408.33
69.506252753,408.33
69.528844470,408.33
69.552399622,382.15
69.576087191,382.15
69.599573670,382.15
69.623614972,382.15
69.646878280,411.26
69.670619802,411.26
69.694616143,411.26
69.718377665,411.26
69.741962993,448.16
69.764998939,448.16
69.788043717,448.16
69.811153680,448.16
69.834509373,448.16
69.857375781,447.07
69.880471952,447.07
69.903516793,447.07
69.927210571,447.07
69.950285877,439.49
69.974171177,439.49
69.997831930,439.49
70.021065862,439.49
70.044539637,425.01
70.068631755,425.01
70.092186907,425.01
70.115731594,425.01
70.139220089,425.01
70.162736009,428.57
70.186079350,428.57
70.212089090,428.57
70.235610546,428.57
70.258794173,454.85
70.281902024,454.85
70.304900017,454.85
70.328022556,454.85
70.352123730,480.83
70.375530656,480.83
70.398319335,480.83
70.422006904,480.83
70.445698602,480.83
70.469579389,486.27
70.493198222,486.27
70.516102038,486.27
70.539560965,486.27
70.562880530,516.73
70.586050589,516.73
70.609200360,516.73
70.632776025,516.73
70.656003204,521.88
70.679721526,521.88
70.703888781,521.88
70.727155482,521.88
70.750596104,513.69
70.774246265,513.69
70.797448357,513.69
70.820724273,513.69
70.843718459,513.69
70.866752868,514.75
70.889918160,514.75
70.913314366,514.75
70.937074032,514.75
70.960501054,520.43
70.983529992,520.43
71.006458032,520.43
71.029401561,520.43
71.052078911,534.18
71.075173769,534.18
71.098569111,534.18
71.121858948,534.18
71.145570038,534.18
71.169015300,534.92
71.192241680,534.92
71.215901761,534.92
71.239198318,534.92
71.262203640,512.42
71.285243649,512.42
71.308166250,512.42
71.331346037,512.42
71.354536673,490.14
71.376923683,490.14
71.399621129,490.14
71.423381819,490.14
71.446837034,490.14
71.470613244,494.39
71.494369295,494.39
71.517435033,494.39
71.540923464,494.39
71.564669466,492.73
71.587919206,492.73
71.611192146,492.73
71.634394814,492.73
71.657474889,491.39
71.681090777,491.39
71.704958700,491.39
71.728056887,491.39
71.751155650,491.39
71.774497551,498.48
71.798350498,498.48
71.822075348,498.48
71.845033181,498.48
71.868278057,478.55
71.892031291,478.55
71.915420841,478.55
71.938555348,478.55
71.961803552,481.59
71.985004140,481.59
72.008697437,481.59
72.032293518,481.59
72.055791453,481.59
72.079021897,486.31
72.104627376,486.31
72.127863932,486.31
72.151214570,486.31
72.174310452,485.21
72.197450271,485.21
72.220370856,485.21
72.243945784,485.21
72.267101251,503.72
72.289637031,503.72
72.312766482,503.72
72.335571161,503.72
72.358815045,503.72
72.382044498,506.97
72.405582017,506.97
72.428904590,506.97
72.452490462,506.97
72.475403015,495.99
72.497861962,495.99
72.520716562,495.99
72.543914269,495.99
72.567238538,476.85
72.590592472,476.85
72.613841732,476.85
72.637221394,476.85
72.661180134,476.85
72.684462163,471.03
72.707727776,471.03
72.731644852,471.03
72.755009121,471.03
72.777991562,463.99
72.801047636,463.99
72.824077726,463.99
72.847744751,463.99
72.871096925,480.15
72.894806702,480.15
72.918239165,480.15
72.941785004,480.15
72.965137530,477.78
72.988385414,477.78
73.011565490,477.78
73.034802590,477.78
73.058017418,477.78
73.081238485,475.90
73.104645540,475.90
73.128343605,475.90
73.151883973,475.90
73.175062352,472.00
73.198416894,472.00
73.221516872,472.00
73.245512445,472.00
73.268779402,471.82
73.291999381,471.82
73.315054880,471.82
73.338409549,471.82
73.361859164,471.82
73.385410123,498.21
73.408730040,498.21
73.431595488,498.21
73.455238321,498.21
73.478468221,515.85
73.501479655,515.85
73.524542673,515.85
73.547575739,515.85
73.570809575,543.79
73.594337782,543.79
73.617723236,543.79
73.641221971,543.79
73.664815875,543.79
73.687668651,519.79
73.710427538,519.79
73.733638462,519.79
73.757383152,519.79
73.780991072,503.99
73.804478671,503.99
73.827500985,503.99
73.850712900,503.99
73.874410038,502.12
73.897710019,502.12
73.921231026,502.12
73.944204731,502.12
73.967636650,502.12
73.991074872,507.03
74.014878699,507.03
74.037658962,507.03
74.060811229,507.03
74.083916487,505.80
74.107323510,505.80
74.130182333,505.80
74.153176263,505.80
74.176496788,497.70
74.199906850,497.70
74.223798326,497.70
74.247584456,497.70
74.271453179,497.70
74.294661223,475.95
74.317648112,475.95
74.341089055,475.95
74.365372919,475.95
74.389019208,451.90
74.412907356,451.90
74.437201140,451.90
74.460611170,451.90
74.484324244,451.96
74.507895748,451.96
74.531419923,451.96
74.554577694,451.96
74.577614696,453.17
74.600799412,453.17
74.623654588,453.17
74.646797895,453.17
74.669804272,453.17
74.692854426,482.81
74.715601088,482.81
74.738582122,482.81
74.761863766,482.81
74.785430854,477.19
74.808927061,477.19
74.832109409,477.19
74.854596324,477.19
74.877591982,477.19
74.901340064,445.68
74.924741006,445.68
74.948224445,445.68
74.971384520,445.68
74.994450450,448.61
75.017833408,448.61
75.041416048,448.61
75.064913599,448.61
75.087895944,450.78
75.111022355,450.78
75.134238271,450.78
75.157378826,450.78
75.180676823,461.91
75.203798818,461.91
75.226962413,461.91
75.249717492,461.91
75.273473126,461.91
75.296769555,477.86
75.320232033,477.86
75.343008264,477.86
75.365389258,477.86
75.388696663,469.25
75.411733249,469.25
75.435209488,469.25
75.458779552,469.25
75.481877035,469.25
75.504804595,471.54
75.528599110,471.54
75.551832082,471.54
75.575494243,471.54
75.598463276,471.30
75.621599895,471.30
75.644813603,471.30
75.668074863,471.30
75.691244858,468.57
75.714394566,468.57
75.737457584,468.57
75.760145365,468.57
75.783162303,468.57
75.806370123,488.54
75.829877626,488.54
75.852822403,488.54
75.875511209,488.54
75.898556883,490.28
75.922261796,490.28
75.946224793,490.28
75.970130796,490.28
75.993448954,486.37
76.017259340,486.37
76.041310082,486.37
76.064998355,486.37
76.088571683,485.33
76.111570861,485.33
76.134656375,485.33
76.157693921,485.33
76.181070382,485.33
76.204962370,485.54
76.228317360,485.54
76.251389818,485.54
76.274178945,485.54
76.297184234,494.01
76.320723354,494.01
76.344227657,494.01
76.367369620,494.01
76.390337117,525.82
76.413569193,525.82
76.437111385,525.82
76.460737130,525.82
76.483884053,525.82
76.506784093,531.58
76.530172619,531.58
76.553370487,531.58
76.576439873,531.58
76.599452682,531.56
76.622494932,531.56
76.645636511,531.56
76.668765706,531.56
76.691794516,531.56
76.715261379,526.77
76.738595568,526.77
76.762001214,526.77
76.785039624,526.77
76.808117074,502.06
76.831622849,502.06
76.854436296,502.06
76.877195279,502.06
76.900975489,503.58
76.924625042,503.58
76.948237699,503.58
76.971562320,503.58
76.995122432,506.11
77.018104233,506.11
77.041745914,506.11
77.065129928,506.11
77.088782297,506.11
77.111851043,508.90
77.134663082,508.90
77.158347259,508.90
77.182052589,508.90
77.205700350,506.32
77.228761928,506.32
77.251911507,506.32
77.275488387,506.32
77.299279349,510.71
77.323114024,510.71
77.346956412,510.71
77.369941605,510.71
77.392999215,510.71
77.416730497,509.55
77.441182491,509.55
77.464688714,509.55
77.488233690,509.55
77.511736329,508.12
77.538432029,508.12
77.561692809,508.12
77.584943030,508.12
77.607841758,509.73
77.630754758,509.73
77.653877937,509.73
77.677210718,509.73
77.700962321,517.40
77.724348606,517.40
77.747340008,517.40
77.770741558,517.40
77.794173380,517.40
77.817538770,541.34
77.840745917,541.34
77.863656262,541.34
77.886559214,541.34
77.910083582,572.35
77.933310346,572.35
77.956306547,572.35
77.979136762,572.35
78.002495016,571.89
78.025682995,571.89
78.048944032,571.89
78.072006474,571.89
78.094860498,571.89
78.118154302,561.43
78.141207624,561.43
78.164410932,561.43
78.187998500,561.43
78.211088911,534.81
78.234142105,534.81
78.257297700,534.81
78.280396335,534.81
78.303316119,534.81
78.326814598,507.83
78.349793327,507.83
78.373038332,507.83
78.396573643,507.83
78.419917081,477.47
78.443441192,477.47
78.466598675,477.47
78.489162328,477.47
78.512264034,443.60
78.535901299,443.60
78.559593604,443.60
78.586017845,443.60
78.609622437,441.06
78.632945363,441.06
78.656950696,441.06
78.680730106,441.06
78.704169960,441.06
78.727336212,442.18
78.751364009,442.18
78.775013690,442.18
78.798749900,442.18
78.821933367,434.82
78.845177764,434.82
78.868466064,434.82
78.892211074,434.82
78.915452078,434.60
78.938581113,434.60
78.961874918,434.60
78.984943888,434.60
79.008493152,434.60
79.031957359,432.42
79.055612288,432.42
79.078937005,432.42
79.104849144,432.42
79.127551294,440.36
79.150805482,440.36
79.173721907,440.36
79.196723708,440.36
79.219696133,462.25
79.242722319,462.25
79.265848794,462.25
79.288782626,462.25
79.312242545,484.18
79.335865250,484.18
79.359243887,484.18
79.382840800,484.18
79.406250542,484.18
79.429207895,514.84
79.452116735,514.84
79.475064040,514.84
79.498100754,514.84
79.521164124,548.52
79.543862626,548.52
79.567071629,548.52
79.589938869,548.52
79.613287715,548.52
79.636962932,539.25
79.661298765,539.25
79.684424472,539.25
79.707538210,539.25
79.730538732,509.13
79.753394547,509.13
79.776423069,509.13
79.799743818,509.13
79.822475697,485.55
79.845304024,485.55
79.868896712,485.55
79.892575929,485.55
79.916341932,473.75
79.939887067,473.75
79.962922757,473.75
79.985756045,473.75
80.009512287,473.75
80.033174640,478.39
80.056852321,478.39
80.080243599,478.39
80.105037549,478.39
80.128279961,482.93
80.151269250,482.93
80.174416846,482.93
80.197589721,482.93
80.221046376,489.79
80.244673272,489.79
80.268468651,489.79
80.291378035,489.79
80.315099269,489.79
80.338290576,473.06
80.362437223,473.06
80.385247918,473.06
80.407739026,473.06
80.430744027,440.82
80.454759504,440.82
80.478223167,440.82
80.501628685,440.82
80.524879033,440.81
80.547922019,440.81
80.571601781,440.81
80.594912834,440.81
80.618186318,440.81
80.641228472,449.75
80.665051947,449.75
80.688405912,449.75
80.711779782,449.75
80.734971538,472.41
80.758111069,472.41
80.781255976,472.41
80.804476820,472.41
80.827819329,499.45
80.851689909,499.45
80.875142179,499.45
80.897897930,499.45
80.920721041,499.45
80.944416578,478.20
80.968150260,478.20
80.991665220,478.20
81.015243380,478.20
81.038090363,473.27
81.061303815,473.27
81.085224443,473.27
81.108941005,473.27
81.132276538,476.78
81.155220867,476.78
81.178370958,476.78
81.201702491,476.78
81.225292779,476.78
81.249249536,473.32
81.272584301,473.32
81.295558614,473.32
81.318600128,473.32
81.343001114,490.32
81.366214182,490.32
81.389251087,490.32
81.412385338,490.32
81.435294115,519.78
81.459014132,519.78
81.482536612,519.78
81.505843569,519.78
81.529083165,523.55
81.551901860,523.55
81.575079184,523.55
81.598464509,523.55
81.621560488,523.55
81.644395695,523.81
81.667588187,523.81
81.690937064,523.81
81.714318198,523.81
81.737552706,522.06
81.760545164,522.06
81.783718807,522.06
81.807105701,522.06
81.830595252,522.06
81.853923425,503.01
81.877137325,503.01
81.899912052,503.01
81.922912573,503.01
81.945952007,514.83
81.969207027,514.83
81.992603201,514.83
82.016273619,514.83
82.040042629,494.35
82.063412530,494.35
82.086918434,494.35
82.110416433,494.35
82.133697885,485.55
82.157847860,485.55
82.181014079,485.55
82.204137386,485.55
82.227453175,485.55
82.250799621,486.82
82.273787758,486.82
82.297648097,486.82
82.320798508,486.82
82.343975224,487.41
82.367123011,487.41
82.390329007,487.41
82.413596635,487.41
82.436720614,468.64
82.459693839,468.64
82.482748985,468.64
82.505782051,468.64
82.529564021,468.64
82.552835234,439.62
82.576135535,439.62
82.599532925,439.62
82.622949483,439.62
82.646006357,411.49
82.669148256,411.49
82.692101641,411.49
82.715419446,411.49
82.738704098,387.96
82.761450537,387.96
82.784243504,387.96
82.807880865,387.96
82.831535730,387.96
82.855081921,391.42
82.878427695,391.42
82.901477145,391.42
82.925044905,391.42
82.948812027,421.02
82.972514924,421.02
82.995609015,421.02
83.018539487,421.02
83.041796940,440.05
83.065245274,440.05
83.088784138,440.05
83.111936629,440.05
83.135004095,440.05
83.157694085,447.19
83.180957138,447.19
83.204377536,447.19
83.228219187,447.19
83.251214492,425.32
83.273920514,425.32
83.297083246,425.32
83.320609661,425.32
83.344295374,405.26
83.367561499,405.26
83.391393710,405.26
83.414553433,405.26
83.438165098,405.26
83.461755578,427.52
83.485848112,427.52
83.509263294,427.52
83.532597931,427.52
83.555811159,452.71
83.579463240,452.71
83.603085752,452.71
83.627377137,452.71
83.650415643,477.70
83.673558694,477.70
83.697098837,477.70
83.720367938,477.70
83.743831025,477.70
83.767023356,509.66
83.790195848,509.66
83.813742103,509.66
83.836990883,509.66
83.860367633,528.94
83.883919137,528.94
83.907300431,528.94
83.931283108,528.94
83.954567344,520.77
83.977997214,520.77
84.000779909,520.77
84.023921456,520.77
84.047708003,492.71
84.070360392,492.71
84.092880972,492.71
84.116237562,492.71
84.139775273,492.71
84.163321401,470.45
84.187044875,470.45
84.210370552,470.45
84.233262016,470.45
84.256511852,487.92
84.280042844,487.92
84.303632396,487.92
84.326760343,487.92
84.349827425,509.07
84.373061773,509.07
84.396279385,509.07
84.419254434,509.07
84.442753041,509.07
84.465786811,505.68
84.489052808,505.68
84.512586455,505.68
84.535541696,505.68
84.558792204,493.88
84.581934039,493.88
84.605073410,493.88
84.628745843,493.88
84.651387961,493.88
84.674203904,463.47
84.698005427,463.47
84.721846310,463.47
84.745518039,463.47
84.768864260,452.84
84.791922542,452.84
84.815002521,452.84
84.838799371,452.84
84.862444444,456.48
84.886154574,456.48
84.909580892,456.48
84.932528965,456.48
84.955877650,468.77
84.979582628,468.77
85.003516504,468.77
85.026561954,468.77
85.049638220,468.77
85.072745271,500.36
85.100019377,500.36
85.123336606,500.36
85.146638955,500.36
85.169646357,518.63
85.192954242,518.63
85.216386160,518.63
85.240390437,518.63
85.263853268,521.27
85.287058944,521.27
85.310165354,521.27
85.333561560,521.27
85.356515937,521.27
85.379513898,523.10
85.402495924,523.10
85.425631902,523.10
85.449187502,523.10
85.472397242,519.82
85.495148673,519.82
85.518391565,519.82
85.541662713,519.82
85.565201449,510.30
85.587967120,510.30
85.610841976,510.30
85.634498249,510.30
85.657873398,510.30
85.681571656,521.22
85.704919765,521.22
85.728199234,521.22
85.751579216,521.22
85.774860060,533.17
85.798101736,533.17
85.821443126,533.17
85.845213896,533.17
85.868748952,534.03
85.892373896,534.03
85.917576235,534.03
85.941038970,534.03
85.964666378,538.11
85.987898198,538.11
86.012612723,538.11
86.035974913,538.11
86.059695699,538.11
86.082844030,536.81
86.106882227,536.81
86.130277505,536.81
86.154354903,536.81
86.177430945,535.74
86.200694030,535.74
86.223969594,535.74
86.248005040,535.74
86.271610016,537.01
86.295008974,537.01
86.318307099,537.01
86.341142210,537.01
86.364591697,537.01
86.388284450,537.59
86.411863634,537.59
86.435184064,537.59
86.458291050,537.59
86.481643256,540.27
86.505440298,540.27
86.529074139,540.27
86.552522537,540.27
86.575639572,564.56
86.599237380,564.56
86.623001335,564.56
86.646519302,564.56
86.670446298,586.61
86.693783143,586.61
86.717642139,586.61
86.741526894,586.61
86.765475267,586.61
86.789186100,585.62
86.812723108,585.62
86.835838511,585.62
86.859509696,585.62
86.882527625,585.06
86.905445362,585.06
86.928570013,585.06
86.951631079,585.06
86.974864339,582.82
86.998236544,582.82
87.021746640,582.82
87.044906011,582.82
87.068388074,582.82
87.091819864,573.29
87.115319303,573.29
87.138536147,573.29
87.162256101,573.29
87.185422800,567.30
87.208508475,567.30
87.231800615,567.30
87.254546414,567.30
87.277963164,568.39
87.301425835,568.39
87.324888826,568.39
87.348618987,568.39
87.372143579,568.39
87.395511400,569.99
87.419171417,569.99
87.443215631,569.99
87.467427526,569.99
87.491105208,569.74
87.514402596,569.74
87.537650161,569.74
87.561308130,569.74
87.584791793,567.03
87.607919739,567.03
87.630847268,567.03
87.653687884,567.03
87.677129946,564.35
87.700647369,564.35
87.724033143,564.35
87.747303524,564.35
87.770383630,564.35
87.793403352,566.04
87.817086345,566.04
87.841271488,566.04
87.864729391,566.04
87.887818905,566.72
87.910743810,566.72
87.934108943,566.72
87.957723712,566.72
87.981130030,567.17
88.004172120,567.17
88.028057803,567.17
88.052029952,567.17
88.075093802,567.17
88.099217600,573.16
88.122891986,573.16
88.145894683,573.16
88.170070578,573.16
88.193388159,565.41
88.216781389,565.41
88.240170491,565.41
88.263834604,565.41
88.287020119,533.41
88.309592188,533.41
88.332578053,533.41
88.356215862,533.41
88.380087913,533.41
88.403869404,511.96
88.427169001,511.96
88.450329876,511.96
88.473835043,511.96
88.497538836,508.38
88.521104036,508.38
88.544922775,508.38
88.567972833,508.38
88.590515877,508.59
88.613761714,508.59
88.636911645,508.59
88.660050440,508.59
88.683193875,508.59
88.706368990,507.44
88.729512745,507.44
88.752594995,507.44
88.775658494,507.44
88.799426416,497.76
88.822327288,497.76
88.845598565,497.76
88.869021043,497.76
88.891839098,468.85
88.914526112,468.85
88.938115280,468.85
88.961808130,468.85
88.985428306,451.86
89.009187140,451.86
89.032505937,451.86
89.055470650,451.86
89.079472047,451.86
89.105977089,455.56
89.130493308,455.56
89.153612071,455.56
89.176799794,455.56
89.199979838,464.71
89.223007240,464.71
89.246113458,464.71
89.269160028,464.71
89.292306215,489.70
89.315055342,489.70
89.338422107,489.70
89.361522150,489.70
89.384864819,489.70
89.408458819,500.08
89.432499097,500.08
89.455641348,500.08
89.478974993,500.08
89.501751320,475.27
89.524623008,475.27
89.547613449,475.27
89.571144536,475.27
89.594744137,449.42
89.617914004,449.42
89.641419363,449.42
89.664792273,449.42
89.688471650,449.42
89.712012530,425.19
89.735089916,425.19
89.757593024,425.19
89.780723819,425.19
89.804236698,395.90
89.827621864,395.90
89.850931797,395.90
89.874563206,395.90
89.897640400,424.81
89.920708090,424.81
89.944248234,424.81
89.967788249,424.81
89.991413578,424.81
90.014978010,440.20
90.037876066,440.20
90.061092302,440.20
90.084215737,440.20
90.110889964,441.35
90.133877814,441.35
90.157153026,441.35
90.180611953,441.35
90.203658651,433.28
90.226675845,433.28
90.249684430,433.28
90.272886042,433.28
90.296027845,433.28
90.319193008,408.82
90.342636799,408.82
90.366113965,408.82
90.389471707,408.82
90.413086059,397.90
90.436498682,397.90
90.460171243,397.90
90.483453303,397.90
90.506066876,391.32
90.528869763,391.32
90.552491412,391.32
90.576044324,391.32
90.599717141,410.36
90.623002722,410.36
90.646107020,410.36
90.669445882,410.36
90.693189867,410.36
90.716619962,436.65
90.740375596,436.65
90.763546967,436.65
90.786536961,436.65
90.810236146,465.90
90.833796450,465.90
90.857380754,465.90
90.880707391,465.90
90.903865514,466.38
90.927152759,466.38
90.950904457,466.38
90.974439993,466.38
90.998021545,466.38
91.021212084,469.47
91.044398880,469.47
91.067564843,469.47
91.091215004,469.47
91.114468744,470.04
91.137747669,470.04
91.160826303,470.04
91.185332442,470.04
91.208809641,464.63
91.232235351,464.63
91.255872712,464.63
91.279503417,464.63
91.302869862,481.78
91.326357333,481.78
91.350208649,481.78
91.373641527,481.78
91.396966148,481.78
91.419891629,514.52
91.443142553,514.52
91.466846602,514.52
91.490031254,514.52
91.512815997,545.94
91.535953224,545.94
91.559337366,545.94
91.582942470,545.94
91.606337716,551.82
91.629701762,551.82
91.653448308,551.82
91.676169530,551.82
91.698838879,551.82
91.721915594,522.26
91.745844542,522.26
91.769123242,522.26
91.792612313,522.26
91.815656003,519.00
91.838570956,519.00
91.862120667,519.00
91.886068240,519.00
91.910022884,517.06
91.933641781,517.06
91.957756715,517.06
91.981116056,517.06
92.005167278,517.06
92.028772958,516.95
92.052520080,516.95
92.075807933,516.95
92.099386861,516.95
92.122867100,515.70
92.146579630,515.70
92.169990620,515.70
92.194028657,515.70
92.217177820,526.86
92.240509481,526.86
92.264235835,526.86
92.287538536,526.86
92.311285594,531.21
92.334149506,531.21
92.357327053,531.21
92.380356087,531.21
92.403939143,531.21
92.427514455,529.98
92.450725667,529.98
92.473747885,529.98
92.496936984,529.98
92.520331494,533.76
92.543922166,533.76
92.567551623,533.76
92.590330350,533.76
92.613626619,539.89
92.636791110,539.89
92.660228212,539.89
92.683870661,539.89
92.706845262,539.89
92.730049018,570.15
92.753611338,570.15
92.777150682,570.15
92.800908812,570.15
92.824237049,576.87
92.847134337,576.87
92.870779346,576.87
92.894481795,576.87
92.917990803,576.66
92.941779589,576.66
92.965348629,576.66
92.988912901,576.66
93.012857497,576.66
93.036639724,578.62
93.060102682,578.62
93.083085540,578.62
93.106329456,578.62
93.129436890,579.44
93.152550469,579.44
93.175914131,579.44
93.198817787,579.44
93.222159496,578.24
93.245561558,578.24
93.268936580,578.24
93.292171376,578.24
93.315577598,578.24
93.338850987,571.36
93.362477083,571.36
93.385803593,571.36
93.408975380,571.36
93.431855932,573.44
93.455353899,573.44
93.479244191,573.44
93.503122674,573.44
93.526693058,570.78
93.549805229,570.78
93.572800886,570.78
93.596370182,570.78
93.619756596,570.78
93.643295908,568.54
93.666807123,568.54
93.690161920,568.54
93.713780689,568.54
93.737347905,562.19
93.760729679,562.19
93.783822905,562.19
93.807107462,562.19
93.830355474,548.62
93.853740096,548.62
93.876867659,548.62
93.899828980,548.62
93.923213986,549.83
93.946635856,549.83
93.969831707,549.83
93.993386699,549.83
94.016558743,549.83
94.039225884,550.38
94.062445128,550.38
94.085407889,550.38
94.108828735,550.38
94.131802632,550.80
94.154962484,550.80
94.178128767,550.80
94.201215753,550.80
94.224242291,537.83
94.248463018,537.83
94.272006490,537.83
94.294849058,537.83
94.317228644,537.83
94.339844297,512.26
94.363551098,512.26
94.387058250,512.26
94.410641690,512.26
94.433700932,504.58
94.456808590,504.58
94.479976634,504.58
94.503717420,504.58
94.527314940,505.21
94.550910828,505.21
94.574049591,505.21
94.596819710,505.21
94.620113643,505.21
94.643428888,506.52
94.666469186,506.52
94.689558380,506.52
94.712863833,506.52
94.736027844,508.74
94.759356369,508.74
94.782462396,508.74
94.806150797,508.74
94.829198647,508.74
94.851817212,501.68
94.874822790,501.68
94.898246708,501.68
94.921769316,501.68
94.945188914,484.28
94.968384125,484.28
94.991495368,484.28
95.014968279,484.28
95.038468710,483.66
95.061955861,483.66
95.085297602,483.66
95.108216203,483.66
95.131239892,480.77
95.155058567,480.77
95.178602743,480.77
95.202157255,480.77
95.225428723,480.77
95.248540190,492.12
95.272230287,492.12
95.295872896,492.12
95.319401136,492.12
95.343019776,524.74
95.366183659,524.74
95.389891229,524.74
95.413554190,524.74
95.437176127,531.78
95.460585165,531.78
95.483616374,531.78
95.506511967,531.78
95.529928429,531.78
95.553442876,529.73
95.577403537,529.73
95.600424442,529.73
95.623606534,529.73
95.647131317,529.83
95.670741734,529.83
95.693940689,529.83
95.717655299,529.83
95.741085777,531.80
95.764429823,531.80
95.787532681,531.80
95.810550355,531.80
95.833842815,531.80
95.856872745,553.48
95.880518234,553.48
95.904107946,553.48
95.927818748,553.48
95.951005959,565.84
95.974833306,565.84
95.998193352,565.84
96.022083260,565.84
96.045679724,567.16
96.069061594,567.16
96.092147620,567.16
96.115292463,567.16
96.139215971,567.46
96.162845684,567.46
96.186154657,567.46
96.209219627,567.46
96.232329205,567.46
96.255478177,567.21
96.278651180,567.21
96.301813911,567.21
96.324732640,567.21
96.347859434,557.64
96.371245464,557.64
96.397497735,557.64
96.420804596,557.64
96.444652807,530.10
96.467941844,530.10
96.491618245,530.10
96.514408524,530.10
96.537626776,530.10
96.560644802,503.45
96.584764248,503.45
96.608182246,503.45
96.631947769,503.45
96.655432679,477.87
96.678581587,477.87
96.701766718,477.87
96.724788232,477.87
96.747909523,454.53
96.770682841,454.53
96.793743299,454.53
96.817203794,454.53
96.840526623,454.53
96.864099279,422.53
96.887731456,422.53
96.910435686,422.53
96.934023766,422.53
96.957811272,393.47
96.981834398,393.47
97.005399278,393.47
97.029244193,393.47
97.052640655,393.03
97.076368800,393.03
97.100561080,393.03
97.124100551,393.03
97.147800121,394.40
97.170746081,394.40
97.193994926,394.40
97.217418588,394.40
97.241274031,394.40
97.264586716,390.52
97.287754504,390.52
97.311197334,390.52
97.335300268,390.52
97.358927293,401.38
97.382347819,401.38
97.406096509,401.38
97.429366346,401.38
97.452459828,427.23
97.475571327,427.23
97.498686729,427.23
97.522026487,427.23
97.545280195,427.23
97.568996501,453.11
97.593108107,453.11
97.616414616,453.11
97.640582671,453.11
97.663891100,480.18
97.687239721,480.18
97.710491061,480.18
97.733812738,480.18
97.757124623,501.48
97.780438556,501.48
97.803729929,501.48
97.826803507,501.48
97.850026015,501.48
97.873023113,529.56
97.896321718,529.56
97.919261470,529.56
97.942589067,529.56
97.965950105,563.07
97.989645834,563.07
98.013225530,563.07
98.036508487,563.07
98.059856693,566.63
98.083284611,566.63
98.118234582,566.63
98.141106206,566.63
98.164093639,565.84
98.187801177,565.84
98.211163750,565.84
98.234717014,565.84
98.258405351,569.86
98.281957655,569.86
98.305071746,569.86
98.328887413,569.86
98.352240418,569.86
98.375471246,572.99
98.398516792,572.99
98.421653475,572.99
98.445382837,572.99
98.468741410,573.66
98.492662422,573.66
98.515673696,573.66
98.539662261,573.66
98.563400327,568.15
98.586837077,568.15
98.609784126,568.15
98.633166636,568.15
98.656742940,548.88
98.680723984,548.88
98.704511075,548.88
98.727945009,548.88
98.750881434,548.88
98.774352521,549.59
98.798184412,549.59
98.821446056,549.59
98.845223610,549.59
98.868232580,550.23
98.891290222,550.23
98.914949439,550.23
98.938564303,550.23
98.962032862,550.09
98.985320971,550.09
99.009099869,550.09
99.032924272,550.09
99.056767715,550.09
99.080349843,546.61
99.105965819,546.61
99.129144679,546.61
99.152265745,546.61
99.175592190,541.09
99.198603016,541.09
99.221507184,541.09
99.244902910,541.09
99.267789766,537.87
99.291430359,537.87
99.314219134,537.87
99.336813731,537.87
99.359766636,537.87
99.383221082,502.57
99.406740714,502.57
99.430167608,502.57
99.453626246,502.57
99.476659952,504.94
99.500031070,504.94
99.523610190,504.94
99.547848678,504.94
99.571218771,507.69
99.594215389,507.69
99.617232134,507.69
99.640661685,507.69
99.664376198,507.69
99.687501361,530.76
99.710681565,530.76
99.733916905,530.76
99.757173173,530.76
99.780315968,528.83
99.803426923,528.83
99.826927994,528.83
99.850598411,528.83
99.874108154,515.17
99.897337478,515.17
99.920447761,515.17
99.943647197,515.17
99.966935273,490.02
99.990243766,490.02
100.013606756,490.02
100.036871408,490.02
100.060434272,490.02
100.083911119,465.36
100.118423037,465.36
100.141143203,465.36
100.164477297,465.36
100.188128386,432.28
100.212595644,432.28
100.236203500,432.28
100.259915838,432.28
100.283217707,438.28
100.306877276,438.28
100.330467980,438.28
100.354349407,438.28
100.377681261,471.48
100.401032474,471.48
100.424289255,471.48
100.448382845,471.48
100.471972429,469.21
100.495563357,469.21
100.518733608,469.21
100.541592528,469.21
100.565457539,469.21
100.588929202,467.05
100.612274176,467.05
100.638152650,467.05
100.661458487,467.05
100.684843493,469.40
100.708543382,469.40
100.732221320,469.40
100.756680354,469.40
100.780115632,472.21
100.803579935,472.21
100.827284944,472.21
100.851134564,472.21
100.875008727,488.42
100.898246467,488.42
100.921326542,488.42
100.944785564,488.42
100.968185706,488.42
100.991703994,518.71
101.014979942,518.71
101.038026256,518.71
101.061671745,518.71
101.085121456,539.64
101.119645342,539.64
101.143024940,539.64
101.166399385,539.64
101.190083723,573.45
101.213794972,573.45
101.236847814,573.45
101.260374038,573.45
101.283658754,573.45
101.307089009,564.09
101.331157958,564.09
101.354332146,564.09
101.377060536,564.09
101.399973376,563.71
101.423678162,563.71
101.447186369,563.71
101.470495502,563.71
101.493731834,565.58
101.516669923,565.58
101.539778606,565.58
101.563245436,565.58
101.586638026,565.58
101.609811062,567.85
101.635446685,567.85
101.658675369,567.85
101.682352475,567.85
101.705890954,567.96
101.730330468,567.96
101.753397262,567.96
101.776640795,567.96
101.799747877,566.23
101.823066706,566.23
101.846739587,566.23
101.869678124,566.23
101.892661493,568.30
101.916099492,568.30
101.939881014,568.30
101.963397413,568.30
101.986832916,568.30
102.009756796,569.24
102.033075273,569.24
102.056544312,569.24
102.080445676,573.23
102.118604772,573.23
102.141528941,573.23
102.164699224,573.23
102.188819918,573.23
102.212327454,568.64
102.235870765,568.64
102.258960760,568.64
102.281714942,568.64
102.304751336,580.19
102.328565403,580.19
102.351568516,580.19
102.374798576,580.19
102.397911515,581.05
102.421028774,581.05
102.444219953,581.05
102.467338140,581.05
102.490548008,581.05
102.513723603,567.34
102.537101313,567.34
102.559759239,567.34
102.582238890,567.34
102.605117266,528.22
102.628564352,528.22
102.651969679,528.22
102.675647744,528.22
102.698850283,526.65
102.721817140,526.65
102.745235523,526.65
102.768738738,526.65
102.792064095,525.37
102.815556334,525.37
102.839302112,525.37
102.862226537,525.37
102.885585366,525.37
102.908608864,519.75
102.931769163,519.75
102.955015287,519.75
102.978102114,519.75
103.001292589,517.87
103.024509305,517.87
103.047716581,517.87
103.071191444,517.87
103.095296810,500.55
103.118503094,500.55
103.141280732,500.55
103.164146692,500.55
103.187656052,500.55
103.211334565,471.27
103.235738110,471.27
103.259070252,471.27
103.282710428,471.27
103.305630565,466.90
103.329193045,466.90
103.352547074,466.90
103.376555095,466.90
103.399340926,467.26
103.422184902,467.26
103.445557843,467.26
103.468813344,467.26
103.492394480,467.26
103.515885695,480.36
103.538889992,480.36
103.562039219,480.36
103.585776485,480.36
103.609261012,516.24
103.632957446,516.24
103.656157041,516.24
103.679490238,516.24
103.702896237,518.39
103.725721652,518.39
103.749473606,518.39
103.773690941,518.39
103.796942826,518.39
103.820026932,518.72
103.843350497,518.72
103.866627406,518.72
103.890033788,518.72
103.912896772,495.16
103.936138096,495.16
103.959549246,495.16
103.983427217,495.16
104.006543900,468.60
104.029137793,468.60
104.051956488,468.60
104.075766523,468.60
104.113016137,472.43
104.136924444,472.43
104.160406411,472.43
104.183577143,472.43
104.207500139,472.43
104.231075995,499.26
104.254652939,499.26
104.278153882,499.26
104.301580360,499.26
104.325039415,500.16
104.348783945,500.16
104.372126134,500.16
104.395844008,500.16
104.418684208,499.05
104.442168351,499.05
104.465433067,499.05
104.488692759,499.05
104.512193607,502.05
104.535156656,502.05
104.557844725,502.05
104.581047585,502.05
104.604340590,502.05
104.627857469,503.82
104.651903219,503.82
104.674749818,503.82
104.698046055,503.82
104.721688632,506.65
104.746388853,506.65
104.770023269,506.65
104.793544021,506.65
104.816541150,504.72
104.840088974,504.72
104.863563037,504.72
104.887282798,504.72
104.910714333,530.94
104.933889256,530.94
104.957274326,530.94
104.980614531,530.94
105.004400758,530.94
105.027862116,563.75
105.050709100,563.75
105.073950168,563.75
105.111595083,582.59
105.134759862,582.59
105.157861952,582.59
105.181070412,582.59
105.204707549,582.59
105.227909033,578.65
105.251011027,578.65
105.274257696,578.65
105.297519116,578.65
105.321065404,573.66
105.344717644,573.66
105.367871224,573.66
105.390519933,573.66
105.413413413,540.28
105.436767571,540.28
105.460834632,540.28
105.484485177,540.28
105.508118282,540.28
105.531165332,534.12
105.553962043,534.12
105.577503018,534.12
105.601193788,534.12
105.624784108,531.00
105.648226394,531.00
105.671279717,531.00
105.694909621,531.00
105.718569670,531.36
105.741990932,531.36
105.765520996,531.36
105.788674895,531.36
105.811811450,529.93
105.835478059,529.93
105.859377823,529.93
105.883186994,529.93
105.906912707,529.93
105.930143055,531.42
105.953466973,531.42
105.977364880,531.42
106.001096258,531.42
106.024734483,529.40
106.047967039,529.40
106.070866663,529.40
106.094369270,529.40
106.118696559,528.81
106.142498242,528.81
106.165855471,528.81
106.188714743,528.81
106.212142469,528.81
106.235511091,531.38
106.259097475,531.38
106.282430480,531.38
106.305566587,531.38
106.328482052,535.59
106.351711888,535.59
106.374881755,535.59
106.398626349,535.59
106.421695287,576.70
106.445460681,576.70
106.468800919,576.70
106.491913569,576.70
106.515035308,576.70
106.537483695,566.21
106.560633946,566.21
106.583736805,566.21
106.607080434,566.21
106.630581729,541.33
106.654239602,541.33
106.677210587,541.33
106.700388231,541.33
106.723573650,504.47
106.747462118,504.47
106.771107383,504.47
106.794606886,504.47
106.818065045,504.47
106.841091358,506.34
106.863877861,506.34
106.887751161,506.34
106.911517803,506.34
106.935141019,507.40
106.958428584,507.40
106.981581043,507.40
107.005140963,507.40
107.028486832,505.98
107.052008800,505.98
107.075713841,505.98
107.112287351,505.98
107.135647461,503.11
107.159193237,503.11
107.182585987,503.11
107.205999153,503.11
107.229167420,503.80
107.252410920,503.80
107.275628180,503.80
107.298661758,503.80
107.322253230,503.80
107.345463546,502.79
107.368209920,502.79
107.391580398,502.79
107.414945468,502.79
107.438443723,501.47
107.461889465,501.47
107.484908611,501.47
107.508206256,501.47
107.531906049,512.16
107.555267951,512.16
107.579139074,512.16
107.602238605,512.16
107.625468057,512.16
107.649236843,536.33
107.672743258,536.33
107.696220073,536.33
107.719531926,536.33
107.742579104,572.82
107.765893933,572.82
107.789416380,572.82
107.813201167,572.82
107.836920096,579.87
107.860108076,579.87
107.883115029,579.87
107.906284353,579.87
107.931287425,576.88
107.954376812,576.88
107.977694073,576.88
108.001057414,576.88
108.024475060,576.88
108.047821890,574.40
108.071262256,574.40
108.094664574,574.40
108.119097272,574.40
108.141871903,539.88
108.165283853,539.88
108.189085568,539.88
108.212931411,539.88
108.236575684,528.15
108.260005234,528.15
108.283031516,528.15
108.306385065,528.15
108.330677058,526.61
108.354247122,526.61
108.377804673,526.61
108.400824843,526.61
108.423779796,526.61
108.447292515,524.22
108.470572176,524.22
108.493600953,524.22
108.516825989,524.22
108.540231603,527.74
108.563941765,527.74
108.587145393,527.74
108.610119898,527.74
108.633007362,514.13
108.656336271,514.13
108.679093398,514.13
108.701685882,514.13
108.724953319,514.13
108.748532631,479.49
108.772226024,479.49
108.795962394,479.49
108.819172198,479.49
108.842377170,478.32
108.865926785,478.32
108.889544114,478.32
108.912832927,478.32
108.936323182,481.44
108.959562810,481.44
108.983858578,481.44
109.007499619,481.44
109.030995858,481.44
109.054627363,489.29
109.078645720,489.29
109.112240155,489.29
109.135897836,489.29
109.159534749,519.48
109.183363056,519.48
109.206699037,519.48
109.229839624,519.48
109.253764380,529.65
109.277462446,529.65
109.300914300,529.65
109.324417836,529.65
109.347506454,529.65
109.370428799,533.62
109.393977166,533.62
109.417340156,533.62
109.440947436,533.62
109.464322970,533.61
109.487906442,533.61
109.511592443,533.61
109.535433582,533.61
109.558954686,530.15
109.582711600,530.15
109.605849659,530.15
109.628970790,530.15
109.652693207,544.00
109.676208007,544.00
109.700014169,544.00
109.723296518,544.00
109.746568371,544.00
109.770296004,570.62
109.793790387,570.62
109.817005759,570.62
109.840543215,570.62
109.863618841,572.21
109.886465825,572.21
109.910148434,572.21
109.933545344,572.21
109.956976910,571.58
109.980111801,571.58
110.003173603,571.58
110.026400655,571.58
110.049923487,573.69
110.075065825,573.69
110.112221454,573.69
110.135690396,573.69
110.159435022,574.94
110.182709307,574.94
110.206269643,574.94
110.229643512,574.94
110.252784099,578.10
110.276304563,578.10
110.299904163,578.10
110.323276689,578.10
110.346864833,578.10
110.369656520,577.46
110.392941621,577.46
110.416258082,577.46
110.440291255,577.46
110.463863815,578.83
110.487124627,578.83
110.510198302,578.83
110.534089265,578.83
110.557693410,578.93
110.581371763,578.93
110.604827905,578.93
110.628001357,578.93
110.651523836,580.90
110.675532945,580.90
110.698949663,580.90
110.722544848,580.90
110.745522617,580.90
110.768289759,581.94
110.792049010,581.94
110.815380575,581.94
110.838784013,581.94
110.862309756,584.81
110.885352230,584.81
110.908785365,584.81
110.933349936,584.81
110.956821055,581.28
110.980596337,581.28
111.003453721,581.28
111.026130430,581.28
111.049538541,581.28
111.073175165,580.82
111.111781819,580.82
111.135148968,580.82
111.158213587,577.67
111.181779938,577.67
111.205287506,577.67
111.228610591,577.67
111.251949068,577.67
111.275462747,575.35
111.298803561,575.35
111.321347597,575.35
111.344106419,575.35
111.367697220,539.49
111.391119218,539.49
111.414551776,539.49
111.438241298,539.49
111.461464509,536.73
111.484412006,536.73
111.507825972,536.73
111.531282595,536.73
111.554965044,539.14
111.578434435,539.14
111.601487373,539.14
111.624612824,539.14
111.648252489,539.14
111.671557910,535.49
111.695137062,535.49
111.718332817,535.49
111.741175545,535.49
111.764604455,533.09
111.788199575,533.09
111.811612326,533.09
111.834871474,533.09
111.858008317,531.24
111.881056487,531.24
111.904239282,531.24
111.927171579,531.24
111.950066883,531.24
111.972860234,533.14
111.995728594,533.14
112.019304802,533.14
112.042200970,533.14
112.064702158,503.61
112.087588566,503.61
112.142457199,503.61
112.166327458,503.61
112.190128885,501.90
112.213105470,501.90
112.236486220,501.90
112.260119389,501.90
112.283717805,501.90
112.307032218,507.50
112.330186853,507.50
112.353425425,507.50
112.377137187,507.50
112.400673746,538.31
112.424030752,538.31
112.447230827,538.31
112.470161812,538.31
112.493828773,537.49
112.517230451,537.49
112.540573825,537.49
112.564355411,537.49
112.587432989,537.49
112.610439975,538.38
112.634288346,538.38
112.657446021,538.38
112.680451598,538.38
112.703557945,541.66
112.726809989,541.66
112.750422870,541.66
112.773670114,541.66
112.797060240,527.48
112.819825271,527.48
112.842285114,527.48
112.865219074,527.48
112.888942548,527.48
112.912316034,500.43
112.936900637,500.43
112.959888615,500.43
112.983058802,500.43
113.006643426,499.71
113.030402708,499.71
113.053870435,499.71
113.078121051,499.71
113.111893248,535.74
113.134930954,535.74
113.158744029,535.74
113.184023489,535.74
113.207735026,535.74
113.231358723,534.30
113.254552239,534.30
113.278112830,534.30
113.301727375,534.30
113.325239486,530.64
113.348880399,530.64
113.371919289,530.64
113.395472649,530.64
113.418978552,532.31
113.442394982,532.31
113.465842196,532.31
113.489178818,532.31
113.512506863,532.23
113.536208128,532.23
113.559616782,532.23
113.582270324,532.23
113.605472832,532.23
113.628835437,508.45
113.652254139,508.45
113.675952205,508.45
113.699826560,508.45
113.722840938,506.66
113.746331929,506.66
113.769948105,506.66
113.793512505,506.66
113.816798118,530.54
113.839969265,530.54
113.862947642,530.54
113.886073061,530.54
113.909465427,530.54
113.932766752,547.03
113.955704489,547.03
113.978752691,547.03
114.002235394,547.03
114.025400781,537.91
114.049148351,537.91
114.072217257,537.91
114.095516022,537.91
114.118663265,507.85
114.141348999,507.85
114.164214318,507.85
114.187308345,507.85
114.211175820,477.43
114.235100064,477.43
114.259100533,477.43
114.282802567,477.43
114.305731599,477.43
114.329303423,482.35
114.353234387,482.35
114.376937893,482.35
114.401049979,482.35
114.424207814,479.92
114.448430142,479.92
114.472202864,479.92
114.495610430,479.92
114.519118285,479.73
114.542359994,479.73
114.565343075,479.73
114.588888114,479.73
114.612522627,500.11
114.636035826,500.11
114.659449089,500.11
114.682979568,500.11
114.706456223,500.11
114.730313842,502.02
114.753747137,502.02
114.777176911,502.02
114.800898273,502.02
114.824460272,500.16
114.847885695,500.16
114.871550960,500.16
114.895214209,500.16
114.918102985,505.98
114.941215188,505.98
114.964852708,505.98
114.988280083,505.98
115.011564863,505.98
115.034485192,513.59
115.057688276,513.59
115.081093410,513.59
115.119992226,545.15
115.143522834,545.15
115.166978145,545.15
115.190651666,545.15
115.214415236,574.77
115.238180022,574.77
115.261388354,574.77
115.287077482,574.77
115.310433432,574.77
115.334102153,577.05
115.357706489,577.05
115.381094183,577.05
115.405006427,577.05
115.427866531,577.54
115.451007054,577.54
115.474410492,577.54
115.498089101,577.54
115.521669757,579.62
115.544891177,579.62
115.567742961,579.62
115.591032861,579.62
115.614414347,583.53
115.638119613,583.53
115.661455114,583.53
115.684581877,583.53
115.707859713,583.53
115.730979756,582.47
115.754350906,582.47
115.778177645,582.47
115.801321176,582.47
115.824304257,582.42
115.847871633,582.42
115.871338528,582.42
115.894678221,582.42
115.918128475,583.53
115.941419176,583.53
115.964720629,583.53
115.988878444,583.53
116.012633950,583.53
116.036221358,580.62
116.059346041,580.62
116.082154336,580.62
116.119538383,580.62
116.143192800,583.72
116.166899282,583.72
116.189862459,583.72
116.213461803,583.72
116.237038971,583.78
116.260186470,583.78
116.283631253,583.78
116.306863233,583.78
116.330032780,586.02
116.353321273,586.02
116.378368666,586.02
116.401928906,586.02
116.425469337,586.02
116.448541379,587.25
116.472181780,587.25
116.495952294,587.25
116.519659704,587.25
116.543282729,584.83
116.566332562,584.83
116.588963768,584.83
116.612524743,584.83
116.635908981,583.20
116.659507430,583.20
116.682858707,583.20
116.705783067,583.20
116.729091496,583.20
116.752886683,582.90
116.776361322,582.90
116.799888601,582.90
116.822993412,582.90
116.845711178,582.40
116.869032375,582.40
116.892285315,582.40
116.915708050,582.40
116.939493220,581.22
116.962547630,581.22
116.985453014,581.22
117.008904741,581.22
117.032615511,580.85
117.056067109,580.85
117.078882540,580.85
117.112080235,580.85
117.135321848,578.12
117.158391682,578.12
117.181564269,578.12
117.204671544,578.12
117.227549216,578.12
117.250658378,574.62
117.273832822,574.62
117.297307237,574.62
117.320743123,574.62
117.344001407,544.64
117.367175339,544.64
117.390054835,544.64
117.412877914,544.64
117.436232360,516.41
117.459940377,516.41
117.482944002,516.41
117.505528583,516.41
117.528615409,516.41
117.552238626,477.70
117.576027284,477.70
117.599883816,477.70
117.623433335,477.70
117.646491106,479.08
117.669907696,479.08
117.693838596,479.08
117.717592982,479.08
117.741209990,480.58
117.764437394,480.58
117.787314458,480.58
117.810731625,480.58
117.834311705,476.13
117.858029802,476.13
117.881575994,476.13
117.904620612,476.13
117.927914257,476.13
117.951543873,477.50
117.975634039,477.50
117.999121574,477.50
118.022943193,477.50
118.046000707,483.52
118.069124110,483.52
118.092833375,483.52
118.119128911,483.52
118.142371803,485.65
118.165395301,485.65
118.188548240,485.65
118.212069631,485.65
118.235546510,492.44
118.259132158,492.44
118.282147656,492.44
118.305420436,492.44
118.328685217,492.44
118.352308241,518.72
118.376002787,518.72
118.399117165,518.72
118.422033430,518.72
118.445423716,544.51
118.469466809,544.51
118.493087978,544.51
118.516434967,544.51
118.539330271,581.99
118.562505963,581.99
118.586662849,581.99
118.609977518,581.99
118.633466205,581.99
118.656526887,583.78
118.680321562,583.78
118.703317475,583.78
118.726412622,583.78
118.749511416,584.49
118.772649027,584.49
118.795720237,584.49
118.819021498,584.49
118.842414216,573.84
118.865561875,573.84
118.888861024,573.84
118.912284558,573.84
118.935968480,573.84
118.958927785,544.27
118.981304011,544.27
119.004330452,544.27
119.028085094,544.27
119.051674775,517.41
119.075220134,517.41
119.130382947,517.41
119.153762257,517.41
119.177873767,515.61
119.201541720,515.61
119.225280234,515.61
119.248740728,515.61
119.271922372,516.94
119.295645014,516.94
119.319404872,516.94
119.342870455,516.94
119.365928193,516.94
119.388956586,513.62
119.412391865,513.62
119.436252556,513.62
119.459964798,513.62
119.483233162,516.22
119.506294644,516.22
119.529072603,516.22
119.552532970,516.22
119.575980184,512.28
119.599431079,512.28
119.622937718,512.28
119.646242435,512.28
119.670081238,512.99
119.693572229,512.99
119.716654927,512.99
119.739723961,512.99
119.763189224,512.99
119.786518613,511.98
119.810363657,511.98
119.833957177,511.98
119.858067631,511.98
119.881281403,527.99
119.904592008,527.99
119.927774291,527.99
119.951215490,527.99
119.974393197,554.14
119.997603257,554.14
120.020901158,554.14
120.044466390,554.14
120.068098726,575.43
120.092267709,575.43
120.118688750,575.43
120.142186813,575.43
120.165539467,575.43
120.189028314,578.27
120.212753995,578.27
120.235819125,578.27
120.259175011,578.27
120.282301742,578.25
120.306278402,578.25
120.329869683,578.25
120.353574372,578.25
120.377063411,579.71
120.400556738,579.71
120.423963792,579.71
120.447570593,579.71
120.471347763,578.69
120.495253319,578.69
120.535522935,578.69
120.558918309,578.69
120.582403572,578.69
120.605664993,580.87
120.629219568,580.87
120.651993943,580.87
120.674955296,580.87
120.698075595,580.84
120.721430872,580.84
120.745063625,580.84
120.768182932,580.84
120.791079324,577.50
120.814395881,577.50
120.837757591,577.50
120.861249670,577.50
120.884734965,577.50
120.907678685,581.27
120.930708743,581.27
120.953763345,581.27
120.977347713,581.27
121.001279637,580.64
121.024323679,580.64
121.047176423,580.64
121.070437299,580.64
121.094091748,584.97
121.119663819,584.97
121.143020921,584.97
121.166020642,584.97
121.189227790,584.97
121.213327492,582.98
121.237201623,582.98
121.260878793,582.98
121.283890130,582.98
121.306950748,582.32
121.330425227,582.32
121.353870042,582.32
121.377477290,582.32
121.400635605,584.69
121.423779584,584.69
121.446775722,584.69
121.470049078,584.69
121.493533765,586.23
121.516919443,586.23
121.539778555,586.23
121.563064871,586.23
121.587111069,586.23
121.610641004,585.48
121.635153031,585.48
121.658384275,585.48
121.681269787,585.48
121.704833931,586.15
121.728427131,586.15
121.752107629,586.15
121.775565019,586.15
121.798728614,588.16
121.822359031,588.16
121.845756773,588.16
121.868849871,588.16
121.892099900,588.16
121.915213638,588.42
121.938404274,588.42
121.962200485,588.42
121.986428700,588.42
122.010358608,572.59
122.033835231,572.59
122.056233666,572.59
122.078918727,572.59
122.113169138,541.81
122.136613889,541.81
122.160120176,541.81
122.183583007,541.81
122.206608361,541.81
122.229751060,542.71
122.253027680,542.71
122.276722481,542.71
122.300425763,542.71
122.323630127,542.68
122.347132030,542.68
122.370613581,542.68
122.394273534,542.68
122.417784493,541.54
122.440864951,541.54
122.463871521,541.54
122.487844437,541.54
122.511741257,539.70
122.535349338,539.70
122.558902473,539.70
122.582371704,539.70
122.606070954,539.70
122.632611804,541.74
122.656219948,541.74
122.682256761,541.74
122.705768200,541.74
122.729457305,541.53
122.753446606,541.53
122.777132287,541.53
122.801099284,541.53
122.824558498,540.25
122.848399958,540.25
122.872098567,540.25
122.896297406,540.25
122.920312051,541.95
122.943786914,541.95
122.967147280,541.95
122.990633023,541.95
123.014096493,552.39
123.037635517,552.39
123.060867145,552.39
123.083799666,552.39
123.119015272,583.44
123.142628312,583.44
123.165884389,583.44
123.189512245,583.44
123.213108678,585.09
123.236292401,585.09
123.259780704,585.09
123.283274735,585.09
123.306867263,585.09
123.330545873,584.82
123.353478073,584.82
123.376735429,584.82
123.400500472,584.82
123.424710063,581.35
123.448453089,581.35
123.472160434,581.35
123.495615873,581.35
123.519398740,583.45
123.542613727,583.45
123.565521832,583.45
123.588476913,583.45
123.611784382,585.50
123.635343469,585.50
123.658725467,585.50
123.684753607,585.50
123.707943571,585.50
123.732119434,585.30
123.755667706,585.30
123.779684175,585.30
123.803287743,585.30
123.826583628,588.16
123.849585397,588.16
123.873016132,588.16
123.896672853,588.16
123.920253221,586.73
123.944124856,586.73
123.967327076,586.73
123.990601712,586.73
124.014169504,590.72
124.037890962,590.72
124.061685540,590.72
124.085016434,590.72
124.118943705,590.63
124.143689815,590.63
124.166887362,590.63
124.190483315,590.63
124.213883457,590.63
124.237641747,586.88
124.261585287,586.88
124.285444186,586.88
124.309165004,586.88
124.332455353,588.11
124.355873863,588.11
124.379517624,588.11
124.403288202,588.11
124.426838234,589.95
124.449737442,589.95
124.472692043,589.95
124.495503506,589.95
124.518931808,585.56
124.542596625,585.56
124.565784317,585.56
124.588841639,585.56
124.612603609,585.56
124.635568354,564.19
124.658338089,564.19
124.681303954,564.19
124.704725632,564.19
124.736026185,540.65
124.759577625,540.65
124.785728166,540.65
124.808865937,540.65
124.832166078,540.46
124.855740046,540.46
124.879569889,540.46
124.903635639,540.46
124.926877347,542.03
124.949844332,542.03
124.973523197,542.03
124.996748489,542.03
125.020225144,538.36
125.044495536,538.36
125.067466617,538.36
125.090816679,538.36
125.119626387,538.36
125.144335120,539.13
125.167606781,539.13
125.190464196,539.13
125.214072181,539.13
125.237696869,537.17
125.260996050,537.17
125.284517569,537.17
125.307816942,537.17
125.330947513,536.84
125.354170629,536.84
125.377614292,536.84
125.401187556,536.84
125.424349295,536.84
125.447296568,541.36
125.471157931,541.36
125.494746395,541.36
125.518387084,541.36
125.542356672,541.89
125.565808431,541.89
125.589107452,541.89
125.613362228,541.89
125.637020069,555.65
125.660686166,555.65
125.683840097,555.65
125.706848266,555.65
125.730509403,586.76
125.754030795,586.76
125.777495865,586.76
125.800888263,586.76
125.826263916,586.76
125.850004350,586.16
125.873428332,586.16
125.897062781,586.16
125.920649741,586.16
125.943728375,584.16
125.967247047,584.16
125.990932984,584.16
126.014660266,584.16
126.038303227,585.79
126.061683336,585.79
126.084600209,585.79
126.119841639,585.79
126.143375063,585.59
126.167187978,585.59
126.190582008,585.59
126.213978566,585.59
126.237683063,588.99
126.261137510,588.99
126.284503667,588.99
126.307890081,588.99
126.330815242,589.26
126.354549691,589.26
126.378407279,589.26
126.401685723,589.26
126.425499950,589.26
126.449074078,585.90
126.472029831,585.90
126.495395925,585.90
126.518847875,585.90
126.542285490,585.01
126.565524094,585.01
126.588593480,585.01
126.612018902,585.01
126.635254050,578.47
126.658239243,578.47
126.681408983,578.47
126.704850181,578.47
126.728376661,578.47
126.751473823,555.22
126.774809004,555.22
126.797881719,555.22
126.820915520,555.22
126.844603538,527.35
126.868011616,527.35
126.891482319,527.35
126.914922877,527.35
126.938417964,503.71
126.962029213,503.71
126.985810927,503.71
127.008846297,503.71
127.032275623,503.71
127.056175771,475.92
127.079762379,475.92
127.112813608,475.92
127.136603739,475.92
127.160087498,469.90
127.183752315,469.90
127.207274186,469.90
127.230472150,469.90
127.253581152,473.54
127.277277906,473.54
127.300873474,473.54
127.324010445,473.54
127.347790495,473.54
127.370979371,472.82
127.393957748,472.82
127.417538052,472.82
127.440825361,472.82
127.464204607,472.23
127.487309769,472.23
127.510196977,472.23
127.533687744,472.23
127.556637097,472.84
127.579852149,472.84
127.602768669,472.84
127.625971401,472.84
127.649178069,472.84
127.672447041,479.85
127.695706030,479.85
127.718802200,479.85
127.741940291,479.85
127.765208752,471.64
127.788791648,471.64
127.812755828,471.64
127.836997228,471.64
127.860324537,473.81
127.883257346,473.81
127.906178602,473.81
127.929889116,473.81
127.954274837,469.44
127.978062280,469.44
128.001807545,469.44
128.024912228,469.44
128.047909293,469.44
128.071216698,497.76
128.094811595,497.76
128.118962337,497.76
128.142558417,497.76
128.166648647,505.68
128.190079286,505.68
128.213517732,505.68
128.236886674,505.68
128.260269792,498.53
128.283494316,498.53
128.306454804,498.53
128.329858338,498.53
128.353255632,501.00
128.376664799,501.00
128.400138957,501.00
128.423293721,501.00
128.446850472,501.00
128.470297111,502.44
128.493909831,502.44
128.517589017,502.44
128.541170185,502.44
128.564719256,505.99
128.588406474,505.99
128.611727095,505.99
128.635105796,505.99
128.658299792,503.78
128.681148728,503.78
128.704464485,503.78
128.727815954,503.78
128.750723578,528.52
128.774431820,528.52
128.797474198,528.52
128.820573568,528.52
128.844046895,528.52
128.867297755,553.36
128.890827659,553.36
128.914095959,553.36
128.937224322,553.36
128.961011061,589.38
128.984718502,589.38
129.008245078,589.38
129.032072521,589.38
129.055201779,590.63
129.078472736,590.63
129.113595765,590.63
129.137521033,590.63
129.161216027,589.06
129.184292485,589.06
129.207381999,589.06
129.231859018,589.06
129.255438490,593.74
129.279172940,593.74
129.302157941,593.74
129.325326432,593.74
129.348927440,593.74
129.372484608,595.09
129.395897166,595.09
129.419424350,595.09
129.442152708,595.09
129.465883670,592.15
129.489718825,592.15
129.512806419,592.15
129.536099872,592.15
129.559327404,594.68
129.582367062,594.68
129.605742180,594.68
129.628729549,594.68
129.652080314,594.68
129.675553961,595.76
129.698671252,595.76
129.721732542,595.76
129.745566513,595.76
129.768566426,597.56
129.791528931,597.56
129.814621102,597.56
129.837642935,597.56
129.860687393,590.56
129.883403527,590.56
129.906498034,590.56
129.929757918,590.56
129.953108459,590.56
129.977160353,563.54
130.000907155,563.54
130.024123519,563.54
130.046976998,563.54
130.069519883,523.87
130.092826743,523.87
130.128709621,523.87
130.152194500,523.87
130.175959959,523.87
130.199003360,520.56
130.222063915,520.56
130.245639131,520.56
130.269586575,520.56
130.293186527,515.27
130.316721871,515.27
130.339755672,515.27
130.363555787,515.27
130.387754210,512.66
130.411262001,512.66
130.434998243,512.66
130.458159599,512.66
130.480896213,512.66
130.504474821,514.00
130.527860019,514.00
130.551479811,514.00
130.574959922,514.00
130.598017660,513.01
130.621341033,513.01
130.645023419,513.01
130.668442249,513.01
130.692670848,508.60
130.716022734,508.60
130.738537426,508.60
130.761951872,508.60
130.786576156,505.45
130.809954090,505.45
130.833775068,505.45
130.856905255,505.45
130.880294901,505.45
130.903929990,513.08
130.927342260,513.08
130.951054374,513.08
130.975382654,513.08
130.998694827,541.10
131.024834809,541.10
131.048116389,541.10
131.071686389,541.10
131.095917837,578.05
131.118924374,578.05
131.142455046,578.05
131.165633201,578.05
131.190047243,581.95
131.213683516,581.95
131.236818663,581.95
131.259918193,581.95
131.283736676,581.95
131.306925616,582.13
131.330156764,582.13
131.353399976,582.13
131.376563155,582.13
131.399790143,586.13
131.423183821,586.13
131.446491994,586.13
131.470191435,586.13
131.493540281,589.78
131.516831941,589.78
131.540477398,589.78
131.563748067,589.78
131.587101904,589.78
131.610178682,587.62
131.633070467,587.62
131.656604626,587.62
131.680614503,587.62
131.704098678,589.66
131.727572997,589.66
131.750674639,589.66
131.773814426,589.66
131.797121703,589.73
131.820498421,589.73
131.843940132,589.73
131.867197424,589.73
131.889816085,589.73
131.913088417,588.65
131.936370862,588.65
131.959867709,588.65
131.984036404,588.65
132.007060574,589.87
132.030263369,589.87
132.053783577,589.87
132.077458474,589.87
132.115760004,591.73
132.139032784,591.73
132.162704577,591.73
132.186140560,591.73
132.209566590,593.59
132.233138286,593.59
132.256230905,593.59
132.279540966,593.59
132.303358456,595.01
132.326867176,595.01
132.350312630,595.01
132.373861798,595.01
132.397134354,595.01
132.420996422,593.35
132.444405876,593.35
132.467755649,593.35
132.491850743,593.35
132.514888385,592.55
132.537963019,592.55
132.561732253,592.55
132.585273069,592.55
132.608663291,589.23
132.632153610,589.23
132.655110579,589.23
132.678644098,589.23
132.703472289,588.19
132.726860303,588.19
132.750606113,588.19
132.774113520,588.19
132.797153530,588.19
132.820699369,586.65
132.844324986,586.65
132.867627943,586.65
132.891362969,586.65
132.914352034,588.51
132.937692143,588.51
132.960976956,588.51
132.984632301,588.51
133.008367103,588.88
133.031512522,588.88
133.054326801,588.88
133.077507836,588.88
133.113409499,584.49
133.137236365,584.49
133.160789885,584.49
133.184791794,584.49
133.208175072,584.49
133.231431532,582.91
133.254849146,582.91
133.278086150,582.91
133.301171185,582.91
133.324345084,583.76
133.347773451,583.76
133.371203257,583.76
133.394777001,583.76
133.417729106,585.07
133.440893405,585.07
133.465052916,585.07
133.488290720,585.07
133.511953553,585.07
133.535332063,583.35
133.558182726,583.35
133.581773046,583.35
133.605386631,583.35
133.628629075,586.45
133.652147266,586.45
133.675056075,586.45
133.698078676,586.45
133.721745221,589.60
133.745031378,589.60
133.768529345,589.60
133.791715693,589.60
133.815045114,589.60
133.838512937,590.12
133.861841558,590.12
133.885272676,590.12
133.908340718,590.12
133.931639739,591.34
133.954935752,591.34
133.978256629,591.34
134.002035751,591.34
134.026579202,592.15
134.049830863,592.15
134.073138876,592.15
134.096513129,592.15
134.120607039,592.15
134.144093102,593.71
134.168396935,593.71
134.191222830,593.71
134.214617436,593.71
134.237967113,596.28
134.261666171,596.28
134.285045833,596.28
134.307850896,596.28
134.330865049,595.38
134.353614816,595.38
134.376492040,595.38
134.399781108,595.38
134.423569511,595.38
134.446669809,596.04
134.469854077,596.04
134.493180938,596.04
134.516610296,596.04
134.539837572,570.68
134.563020176,570.68
134.586435166,570.68
134.609961421,570.68
134.633509373,547.65
134.656811306,547.65
134.680645053,547.65
134.703780968,547.65
134.727395288,547.65
134.750767398,543.01
134.774486488,543.01
134.797651811,543.01
134.821100017,543.01
134.844717954,543.11
134.868179249,543.11
134.891506686,543.11
134.914703657,543.11
134.937639378,542.33
134.961110241,542.33
134.984499983,542.33
135.007686458,542.33
135.031404716,539.39
135.054468470,539.39
135.077903461,539.39
135.113472575,539.39
135.137458036,539.79
135.161505097,539.79
135.185076825,539.79
135.208508007,539.79
135.232511292,539.54
135.256373968,539.54
135.280202019,539.54
135.303687857,539.54
135.326690523,539.54
135.350254251,538.81
135.374027357,538.81
135.397704014,538.81
135.421923590,538.81
135.445203314,540.35
135.468579136,540.35
135.492108943,540.35
135.515793633,540.35
135.539368689,563.62
135.562711966,563.62
135.585510309,563.62
135.608875347,563.62
135.632600196,581.25
135.656113652,581.25
135.679629763,581.25
135.702493931,581.25
135.725625366,581.25
135.748967267,589.03
135.771857579,589.03
135.794975894,589.03
135.818345060,589.03
135.840979721,588.53
135.864143380,588.53
135.887514242,588.53
135.910826959,588.53
135.934540640,559.72
135.957636811,559.72
135.980617524,559.72
136.004061666,559.72
136.026958282,559.72
136.049692657,528.16
136.072587097,528.16
136.096344523,528.16
136.120253727,528.16
136.143876687,506.39
136.167543456,506.39
136.190708652,506.39
136.213834743,506.39
136.237310181,505.64
136.263614581,505.64
136.286781120,505.64
136.310109997,505.64
136.333860991,505.64
136.357469104,504.54
136.381548710,504.54
136.404880435,504.54
136.428503971,504.54
136.452007347,495.32
136.475522338,495.32
136.498870031,495.32
136.522141020,495.32
136.545547850,498.59
136.568490515,498.59
136.591932961,498.59
136.615301711,498.59
136.639043649,493.58
136.662645649,493.58
136.685866589,493.58
136.709107817,493.58
136.732720665,493.58
136.756674094,489.89
136.779803833,489.89
136.802621664,489.89
136.826761814,489.89
136.850322854,490.52
136.873667476,490.52
136.897114242,490.52
136.920806899,490.52
136.944384387,521.51
136.968602875,521.51
136.992023209,521.51
137.015584601,521.51
137.039042152,554.76
137.062922651,554.76
137.086252392,554.76
137.118830720,554.76
137.142796181,554.76
137.166079073,568.02
137.189583985,568.02
137.213070496,568.02
137.236296332,568.02
137.260024733,567.61
137.283442572,567.61
137.306468149,567.61
137.330295592,567.61
137.356658040,567.43
137.380238856,567.43
137.403761880,567.43
137.427615691,567.43
137.452451593,574.94
137.476216764,574.94
137.499957902,574.94
137.523516381,574.94
137.547234351,574.94
137.570626781,572.61
137.594152172,572.61
137.617886718,572.61
137.641205259,572.61
137.664908445,583.00
137.688769136,583.00
137.712321440,583.00
137.736166003,583.00
137.760138471,581.29
137.783596374,581.29
137.806912067,581.29
137.830705686,581.29
137.855154064,582.76
137.878887874,582.76
137.902175118,582.76
137.925409754,582.76
137.950033846,582.55
137.973973035,582.55
137.997344440,582.55
138.021215628,582.55
138.044462200,582.55
138.067801061,587.24
138.091227187,587.24
138.118937331,587.24
138.142591108,587.24
138.166003186,587.33
138.188935227,587.33
138.212028325,587.33
138.235407923,587.33
138.259071044,590.25
138.282869815,590.25
138.306305125,590.25
138.330087159,590.25
138.353614759,586.68
138.377194071,586.68
138.401330125,586.68
138.424530777,586.68
138.447614851,586.68
138.471101170,588.30
138.494713987,588.30
138.518426644,588.30
138.541989988,588.30
138.565041198,591.14
138.588202201,591.14
138.611804970,591.14
138.635144759,591.14
138.658796776,587.87
138.682059444,587.87
138.705217791,587.87
138.728438827,587.87
138.751545558,587.87
138.774725762,592.85
138.797757291,592.85
138.821107001,592.85
138.844768138,592.85
138.868084311,585.01
138.891705191,585.01
138.915800221,585.01
138.938910728,585.01
138.961970322,559.04
138.984779417,559.04
139.007890148,559.04
139.031433587,559.04
139.055321607,527.86
139.078381553,527.86
139.112347353,527.86
139.135143392,527.86
139.159287190,497.17
139.183133738,497.17
139.206371990,497.17
139.229970726,497.17
139.253131505,497.17
139.276464830,493.54
139.300241553,493.54
139.323872257,493.54
139.347407217,493.54
139.370845439,499.76
139.393768712,499.76
139.417525274,499.76
139.441336301,499.76
139.465205824,493.84
139.488942706,493.84
139.512695044,493.84
139.536217939,493.84
139.560665293,492.94
139.584431008,492.94
139.608314963,492.94
139.631991940,492.94
139.655313201,492.94
139.678975778,493.95
139.702444337,493.95
139.726056898,493.95
139.750765951,493.95
139.774562321,491.01
139.798292195,491.01
139.821788594,491.01
139.845166560,491.01
139.868923826,498.09
139.892281184,498.09
139.915709934,498.09
139.939428064,498.09
139.963388948,522.08
139.987283688,522.08
140.011001497,522.08
140.034367527,522.08
140.057755573,522.08
140.081870827,556.49
140.119175577,556.49
140.142825098,556.49
140.166957377,556.49
140.190235405,588.66
140.213790365,588.66
140.237272172,588.66
140.260965661,588.66
140.284314859,589.98
140.308220127,589.98
140.332288020,589.98
140.355850852,589.98
140.379470773,589.82
140.402964516,589.82
140.426033454,589.82
140.449642398,589.82
140.473147949,590.95
140.496588028,590.95
140.520552592,590.95
140.543773500,590.95
140.567229419,590.95
140.590726874,595.17
140.614307562,595.17
140.637615511,595.17
140.660940132,595.17
140.683925357,596.84
140.707343227,596.84
140.730862571,596.84
140.754056790,596.84
140.777903690,595.41
140.801411577,595.41
140.824621733,595.41
140.847999570,595.41
140.872081672,596.29
140.895718713,596.29
140.919267433,596.29
140.942199185,596.29
140.965497982,596.29
140.988867468,596.36
141.012426715,596.36
141.036096972,596.36
141.060163842,596.36
141.083334797,595.83
141.118800839,595.83
141.141815568,595.83
141.165170238,595.83
141.188535019,595.14
141.212088283,595.14
141.235259782,595.14
141.258877303,595.14
141.282646377,577.79
141.306283130,577.79
141.329239395,577.79
141.352163435,577.79
141.376403779,539.43
141.400582810,539.43
141.424295691,539.43
141.447814907,539.43
141.471144040,539.43
141.494292531,537.98
141.517856131,537.98
141.541270577,537.98
141.564917154,537.98
141.588560787,538.40
141.611779327,538.40
141.635021355,538.40
141.658706460,538.40
141.682378637,535.02
141.705826748,535.02
141.729085416,535.02
141.751809870,535.02
141.775277693,535.02
141.798961390,533.72
141.822146202,533.72
141.845861227,533.72
141.869168920,533.72
141.891952927,533.04
141.915534927,533.04
141.939130271,533.04
141.962953778,533.04
141.987043880,531.68
142.010218964,531.68
142.033665986,531.68
142.057312947,531.68
142.081858478,531.71
142.119070716,531.71
142.142234119,531.71
142.165629781,531.71
142.188872385,531.71
142.212298863,524.56
142.235424506,524.56
142.258317474,524.56
142.282360312,524.56
142.305084926,526.47
142.327499840,526.47
142.350248007,526.47
142.373895288,526.47
142.397278693,535.19
142.420636339,535.19
142.444105858,535.19
142.467095083,535.19
142.490441048,533.48
142.514088713,533.48
142.537430070,533.48
142.560817636,533.48
142.585229438,533.48
142.608230343,534.79
142.631473843,534.79
142.654809633,534.79
142.678215279,534.79
142.702052194,536.49
142.725745747,536.49
142.748869790,536.49
142.772928980,536.49
142.796509412,534.82
142.819975890,534.82
142.843339328,534.82
142.866879055,534.82
142.890238749,534.19
142.913928014,534.19
142.937450814,534.19
142.961022126,534.19
142.985038339,534.19
143.008442129,537.17
143.032156418,537.17
143.056045558,537.17
143.080621170,537.17
143.113320619,533.77
143.136405589,533.77
143.160098439,533.77
143.183688119,533.77
143.207068932,536.15
143.230191471,536.15
143.253567709,536.15
143.277294991,536.15
143.303878657,537.13
143.326671720,537.13
143.349248589,537.13
143.372290679,537.13
143.395768102,537.03
143.419384310,537.03
143.442902405,537.03
143.466672184,537.03
143.489771106,537.03
143.513073231,538.70
143.536598814,538.70
143.559912427,538.70
143.583504956,538.70
143.608466140,538.69
143.631417924,538.69
143.655155062,538.69
143.678635877,538.69
143.702179893,537.22
143.725945319,537.22
143.748937392,537.22
143.771955162,537.22
143.795811853,536.76
143.819452222,536.76
143.842705034,536.76
143.866025079,536.76
143.888961760,536.76
143.912540464,536.44
143.937073675,536.44
143.960664859,536.44
143.984140330,536.44
144.007670297,536.26
144.030481377,536.26
144.054336116,536.26
144.078089350,536.26
144.112863159,537.77
144.136040611,537.77
144.159244270,537.77
144.183311332,537.77
144.206995189,537.82
144.230362115,537.82
144.254034516,537.82
144.277822662,537.82
144.301786747,545.06
144.324950790,545.06
144.347640204,545.06
144.370261233,545.06
144.393889794,545.06
144.417339152,541.74
144.440946496,541.74
144.464476272,541.74
144.488056736,541.74
144.510912712,541.22
144.534300694,541.22
144.557611874,541.22
144.581163634,541.22
144.604598433,542.38
144.628146992,542.38
144.651641855,542.38
144.675386513,542.38
144.700478771,543.63
144.723880769,543.63
144.747442097,543.63
144.770238776,543.63
144.793926505,543.63
144.817480441,544.07
144.840956648,544.07
144.864497943,544.07
144.888215721,544.07
144.911646519,546.45
144.935360105,546.45
144.958990457,546.45
144.982701867,546.45
145.006345436,548.13
145.029241380,548.13
145.053071703,548.13
145.077006923,548.13
145.113717619,550.51
145.137269474,550.51
145.160560335,550.51
145.184253696,550.51
145.207905009,550.51
145.231230910,551.42
145.255032209,551.42
145.278356926,551.42
145.301887918,551.42
145.326286663,560.49
145.350095386,560.49
145.373686570,560.49
145.397462172,560.49
145.420977452,593.51
145.444594460,593.51
145.468053995,593.51
145.491305527,593.51
145.515713073,595.30
145.538548952,595.30
145.562133256,595.30
145.585334420,595.30
145.608844195,595.30
145.632413907,593.02
145.655555998,593.02
145.678466278,593.02
145.704346673,593.02
145.727831520,593.04
145.751545618,593.04
145.774808670,593.04
145.798199564,593.04
145.821666779,592.49
145.845577871,592.49
145.869089086,592.49
145.892498764,592.49
145.915938970,592.49
145.938845635,593.98
145.962110319,593.98
145.985612574,593.98
146.009170382,593.98
146.032715902,591.09
146.055709863,591.09
146.078535278,591.09
146.114052616,591.09
146.137696089,588.19
146.161288873,588.19
146.184615478,588.19
146.207746241,588.19
146.231376178,587.02
146.255009794,587.02
146.278446225,587.02
146.301799166,587.02
146.324905961,587.02
146.348152245,587.29
146.371572867,587.29
146.394712366,587.29
146.418333823,587.29
146.441859918,587.45
146.464607349,587.45
146.487826337,587.45
146.511017452,587.45
146.534503515,585.89
146.557834856,585.89
146.581157173,585.89
146.604185311,585.89
146.627959665,585.89
146.651393312,585.40
146.674609292,585.40
146.698220188,585.40
146.721308134,585.40
146.745517598,583.63
146.769431410,583.63
146.795521727,583.63
146.819029806,583.63
146.841989143,587.12
146.864510843,587.12
146.887947465,587.12
146.911400312,587.12
146.934513442,584.43
146.958312693,584.43
146.981510880,584.43
147.004658316,584.43
147.028534879,584.43
147.051749675,584.22
147.075567422,584.22
147.112411847,584.22
147.135355567,586.69
147.158399065,586.69
147.181479140,586.69
147.204541774,586.69
147.228834214,586.69
147.252248244,586.65
147.275500032,586.65
147.298783053,586.65
147.321474931,586.65
147.344008503,555.21
147.366764221,555.21
147.390544624,555.21
147.414585861,555.21
147.437933586,533.92
147.461636836,533.92
147.484756239,533.92
147.507539574,533.92
147.531437417,533.00
147.554921112,533.00
147.578252965,533.00
147.601650067,533.00
147.624880159,533.00
147.648042699,534.50
147.671596154,534.50
147.694891111,534.50
147.718496823,534.50
147.742089000,534.78
147.765002768,534.78
147.788206012,534.78
147.811713611,534.78
147.837290642,532.81
147.861030308,532.81
147.884275440,532.81
147.907328378,532.81
147.930777513,532.81
147.953780626,533.21
147.976757243,533.21
147.999577026,533.21
148.023025489,533.21
148.046838340,535.09
148.070080912,535.09
148.093337532,535.09
148.119575051,535.09
148.143001273,520.07
148.165893761,520.07
148.189063149,520.07
148.212454427,520.07
148.236153196,483.75
148.258823570,483.75
148.281663865,483.75
148.305171496,483.75
148.329774852,483.75
148.353444373,503.54
148.377033029,503.54
148.400454900,503.54
148.423945731,503.54
148.447625204,515.84
148.470977153,515.84
148.494221229,515.84
148.518373476,515.84
148.541580080,513.07
148.564846492,513.07
148.588781936,513.07
148.611994268,513.07
148.635501003,513.07
148.658767032,515.26
148.681533471,515.26
148.704702410,515.26
148.728474012,515.26
148.751784073,512.08
148.775295128,512.08
148.798569189,512.08
148.821635663,512.08
148.852064078,514.78
148.875571357,514.78
148.899211822,514.78
148.922759518,514.78
148.946023658,512.03
148.969602490,512.03
148.993048713,512.03
149.016114931,512.03
149.039815300,512.03
149.062926543,516.99
149.086220444,516.99
149.119341786,516.99
149.143120780,516.99
149.166743421,520.22
149.190216044,520.22
149.214059999,520.22
149.238383095,520.22
149.262099529,548.02
149.285463350,548.02
149.308248477,548.02
149.331462537,548.02
149.355128314,573.00
149.378368198,573.00
149.401962231,573.00
149.425030625,573.00
149.449100310,573.00
149.472592965,573.60
149.496518873,573.60
149.519959496,573.60
149.543458231,573.60
149.566153533,577.17
149.589482442,577.17
149.612897592,577.17
149.636312358,577.17
149.660159834,576.11
149.683433670,576.11
149.706528880,576.11
149.730039679,576.11
149.754163478,577.97
149.777844455,577.97
149.801276245,577.97
149.824119805,577.97
149.847612332,577.97
149.871088026,578.16
149.894453512,578.16
149.918030904,578.16
149.943566271,578.16
149.967028909,577.71
149.990208921,577.71
150.014548818,577.71
150.038251907,577.71
150.061453071,581.68
150.084079092,581.68
150.119898961,581.68
150.143202238,581.68
150.166691437,588.10
150.189860248,588.10
150.212798561,588.10
150.235851851,588.10
150.259233593,594.19
150.282626855,594.19
150.306249719,594.19
150.329477955,594.19
150.352875345,594.74
150.376523810,594.74
150.399810479,594.74
150.423127068,594.74
150.446539914,594.74
150.469242768,595.56
150.492857184,595.56
150.516404976,595.56
150.539914815,595.56
150.563942260,594.41
150.587002366,594.41
150.610106025,594.41
150.633790330,594.41
150.657760207,593.39
150.681127708,593.39
150.704433833,593.39
150.727398770,593.39
150.750374779,593.39
150.773852298,591.15
150.797207544,591.15
150.820807048,591.15
150.844113429,591.15
150.867083230,591.64
150.890891825,591.64
150.914635618,591.64
150.943241612,591.64
150.967320418,592.35
150.991229078,592.35
151.014645860,592.35
151.039004285,592.35
151.062912369,588.56
151.086830981,588.56
151.118906775,588.56
151.142279941,588.56
151.166192473,588.56
151.189713640,586.78
151.213436218,586.78
151.236821640,586.78
151.260355927,586.78
151.284151306,585.28
151.307696249,585.28
151.331078407,585.28
151.354601207,585.28
151.377884931,585.65
151.400461896,585.65
151.423911414,585.65
151.447499398,585.65
151.470934549,585.96
151.494235074,585.96
151.517289260,585.96
151.540467607,585.96
151.564269866,585.96
151.587290771,580.71
151.610326813,580.71
151.633378535,580.71
151.656521298,580.71
151.679578492,563.03
151.702870249,563.03
151.726320983,563.03
151.750813362,563.03
151.774714054,532.96
151.797418636,532.96
151.820313940,532.96
151.843421886,532.96
151.868046874,532.96
151.891789612,502.92
151.915621727,502.92
151.939298032,502.92
151.962682526,502.92
151.986233038,502.75
152.009622300,502.75
152.035412677,502.75
152.059547292,502.75
152.082852265,506.93
152.119237932,506.93
152.142733564,506.93
152.166208330,506.93
152.189826971,508.90
152.212949702,508.90
152.235991920,508.90
152.260009285,508.90
152.283501524,508.93
152.307263014,508.93
152.330820822,508.93
152.354145347,508.93
152.377445904,508.82
152.400828125,508.82
152.423668165,508.82
152.446877841,508.82
152.470916294,509.07
152.494247635,509.07
152.517794563,509.07
152.541024687,509.07
152.564489150,509.07
152.587837771,507.64
152.611262777,507.64
152.634690792,507.64
152.658610620,507.64
152.682320077,521.81
152.705954974,521.81
152.730223862,521.81
152.754383532,521.81
152.777938076,546.04
152.801349546,546.04
152.824890010,546.04
152.848419305,546.04
152.872267773,581.18
152.896108688,581.18
152.919649247,581.18
152.943217583,581.18
152.966813823,581.18
152.990413520,577.42
153.014136769,577.42
153.041109273,577.42
153.064608328,577.42
153.088171320,579.76
153.119687267,579.76
153.143147026,579.76
153.166696801,579.76
153.189964558,577.21
153.213109817,577.21
153.236515271,577.21
153.260735454,577.21
153.284640786,574.22
153.308630151,574.22
153.332685821,574.22
153.356319853,574.22
153.379976350,574.64
153.403397836,574.64
153.427471074,574.64
153.450747727,574.64
153.474175613,574.64
153.497662956,572.20
153.521343133,572.20
153.544709579,572.20
153.568418556,572.20
153.591937708,579.26
153.615390714,579.26
153.639285454,579.26
153.662869630,579.26
153.687290392,578.74
153.710646213,578.74
153.733522061,578.74
153.757222943,578.74
153.781526775,580.12
153.804697346,580.12
153.828355539,580.12
153.851891875,580.12
153.874971405,580.12
153.898353819,580.59
153.921609415,580.59
153.944319597,580.59
153.967537369,580.59
153.990525730,584.85
154.013730510,584.85
154.036994010,584.85
154.059908419,584.85
154.083722902,575.06
154.119269872,575.06
154.142855264,575.06
154.165794153,575.06
154.189129462,575.06
154.212371810,546.39
154.235738511,546.39
154.259233311,546.39
154.282482795,546.39
154.305861529,520.70
154.328925283,520.70
154.352135598,520.70
154.375918049,520.70
154.399015243,490.27
154.421957556,490.27
154.445030718,490.27
154.468671119,490.27
154.493525838,463.55
154.517198591,463.55
154.540403723,463.55
154.564221917,463.55
154.587621323,463.55
154.611227260,460.80
154.635075855,460.80
154.658742912,460.80
154.682609779,460.80
154.705929792,465.74
154.729301326,465.74
154.752976543,465.74
154.776540367,465.74
154.800242592,463.33
154.824126548,463.33
154.847163902,463.33
154.870395850,463.33
154.894119388,467.78
154.917860525,467.78
154.941569727,467.78
154.964613449,467.78
154.988134712,467.78
155.012120749,465.29
155.035946688,465.29
155.059497968,465.29
155.083278274,473.78
155.119389891,473.78
155.142678383,473.78
155.166298144,473.78
155.192016489,499.80
155.215370742,499.80
155.238490049,499.80
155.262328372,499.80
155.285893892,499.80
155.309221969,526.94
155.333198341,526.94
155.356610035,526.94
155.380529895,526.94
155.404285562,555.31
155.428229710,555.31
155.451645052,555.31
155.475390414,555.31
155.498256182,593.89
155.521643140,593.89
155.545025137,593.89
155.568400223,593.89
155.592147281,593.89
155.615436318,593.68
155.638616361,593.68
155.662244410,593.68
155.685844874,593.68
155.709500475,593.39
155.732761927,593.39
155.755511022,593.39
155.779311136,593.39
155.803475959,593.55
155.827099784,593.55
155.850637815,593.55
155.874044069,593.55
155.898005594,595.00
155.921317671,595.00
155.945095705,595.00
155.968524999,595.00
155.992313402,595.00
156.015185122,597.40
156.038508047,597.40
156.061798684,597.40
156.085437836,596.46
156.119427508,596.46
156.142845539,596.46
156.166289425,596.46
156.189696863,596.46
156.213120781,590.17
156.238714837,590.17
156.262026498,590.17
156.284608358,590.17
156.307220939,554.50
156.330126099,554.50
156.353613474,554.50
156.377297972,554.50
156.401577900,545.45
156.425162204,545.45
156.448531145,545.45
156.471579123,545.45
156.495231684,545.45
156.518636594,547.85
156.542189730,547.85
156.565389678,547.85
156.588707291,547.85
156.612435980,541.77
156.636226911,541.77
156.659903472,541.77
156.683782532,541.77
156.707208178,545.05
156.730625184,545.05
156.754385522,545.05
156.778146820,545.05
156.801642643,545.08
156.825516327,545.08
156.848635506,545.08
156.871764540,545.08
156.895662032,545.08
156.919252128,541.96
156.943231637,541.96
156.966876582,541.96
156.990013457,541.96
157.013143068,539.03
157.036849229,539.03
157.060288347,539.03
157.083803243,539.03
157.120163950,541.12
157.143965697,541.12
157.167577169,541.12
157.191334371,541.12
157.215304280,546.62
157.241349700,546.62
157.264877204,546.62
157.288576133,546.62
157.312140757,546.62
157.335867559,585.11
157.359331030,585.11
157.382738724,585.11
157.407337184,585.11
157.430961680,594.02
157.454646337,594.02
157.478233394,594.02
157.501644128,594.02
157.525045070,594.30
157.549034914,594.30
157.572753364,594.30
157.596309572,594.30
157.619755218,599.41
157.642742971,599.41
157.665999304,599.41
157.689087954,599.41
157.713079207,599.41
157.736794425,601.32
157.760574795,601.32
157.787629539,601.32
157.811448918,601.32
157.834853892,600.77
157.858405812,600.77
157.881362269,600.77
157.905177007,600.77
157.928611550,603.48
157.952115245,603.48
157.975545979,603.48
157.999162892,603.48
158.022265014,604.50
158.045745285,604.50
158.068821263,604.50
158.092146300,604.50
158.119408055,604.50
158.143127273,603.92
158.166704633,603.92
158.190239752,603.92
158.213592662,603.92
158.237413576,603.89
158.260690709,603.89
158.283979426,603.89
158.307947382,603.89
158.334036419,601.04
158.357617363,601.04
158.381208131,601.04
158.404142732,601.04
158.427576090,601.04
158.451042537,602.01
158.474312118,602.01
158.498171753,602.01
158.521670904,602.01
158.545430794,601.61
158.568903129,601.61
158.592398408,601.61
158.616015864,601.61
158.639246948,601.90
158.662307215,601.90
158.685922175,601.90
158.709211020,601.90
158.732569497,599.99
158.756297675,599.99
158.779395381,599.99
158.802416831,599.99
158.826440372,599.99
158.849523263,600.08
158.873329777,600.08
158.896562781,600.08
158.920017228,600.08
158.944027201,600.01
158.967710738,600.01
158.990716924,600.01
159.014557455,600.01
159.038025661,600.78
159.061929169,600.78
159.085437376,600.78
159.119660011,600.78
159.143203515,598.88
159.166530824,598.88
159.189943478,598.88
159.213713096,598.88
159.236892212,597.11
159.259812124,597.11
159.283019784,597.11
159.306419126,597.11
159.332138079,594.81
159.355489132,594.81
159.379082428,594.81
159.402021093,594.81
159.425234065,594.81
159.448839233,569.41
159.473114649,569.41
159.496591016,569.41
159.519938293,569.41
159.542667516,531.35
159.565833255,531.35
159.589696506,531.35
159.613945682,531.35
159.637758661,515.78
159.661624536,515.78
159.684773059,515.78
159.707912558,515.78
159.732031204,514.03
159.755621909,514.03
159.779276229,514.03
159.802877846,514.03
159.825863071,514.03
159.849584177,511.36
159.873359939,511.36
159.896579695,511.36
159.920293120,511.36
159.943464076,512.41
159.966066385,512.41
159.989547359,512.41
160.013312626,512.41
160.036892290,509.22
160.060609971,509.22
160.083901408,509.22
160.119586556,509.22
160.143880628,511.01
160.167373443,511.01
160.190978739,511.01
160.214163519,511.01
160.237916753,507.75
160.261409664,507.75
160.284547211,507.75
160.308042426,507.75
160.331642346,507.75
160.354563507,515.09
160.380298044,515.09
160.403411398,515.09
160.427109560,515.09
160.450325028,533.88
160.473592304,533.88
160.496835964,533.88
160.520402220,533.88
160.543234419,544.03
160.565431028,544.03
160.588096377,544.03
160.611239780,544.03
160.635461980,544.03
160.658713864,537.76
160.682197079,537.76
160.705573604,537.76
160.728528653,537.76
160.751673688,538.70
160.775160359,538.70
160.798616438,538.70
160.822384648,538.70
160.845596884,543.66
160.868788319,543.66
160.892286383,543.66
160.915727613,543.66
160.939221772,543.66
160.963171808,540.31
160.986313195,540.31
161.009666937,540.31
161.033798767,540.31
161.057216445,539.44
161.080975760,539.44
161.112873664,539.44
161.135938826,539.44
161.159539386,540.98
161.183157482,540.98
161.206440183,540.98
161.230310891,540.98
161.253600343,543.58
161.276750850,543.58
161.300233617,543.58
161.323661855,543.58
161.347181711,543.58
161.370813759,541.31
161.393741576,541.31
161.416596752,541.31
161.439567321,541.31
161.462806085,544.11
161.486041521,544.11
161.509269405,544.11
161.532979118,544.11
161.556441149,556.18
161.579899436,556.18
161.602920341,556.18
161.626169314,556.18
161.650170263,556.30
161.673922729,556.30
161.696845905,556.30
161.719377173,556.30
161.741944057,556.30
161.765417256,516.03
161.789261979,516.03
161.812685193,516.03
161.836144760,516.03
161.859717000,507.92
161.883104406,507.92
161.906148480,507.92
161.929231850,507.92
161.952870203,510.42
161.976322569,510.42
161.999852505,510.42
162.023163686,510.42
162.046884247,510.42
162.070232645,515.36
162.093743572,515.36
162.119825121,515.36
162.142996652,515.36
162.166349530,513.89
162.190960918,513.89
162.214836905,513.89
162.238725597,513.89
162.262637585,513.70
162.286063839,513.70
162.309657871,513.70
162.333659780,513.70
162.357282837,516.46
162.381233769,516.46
162.404523350,516.46
162.427872003,516.46
162.452146235,516.66
162.475863981,516.66
162.499521886,516.66
162.524979139,516.66
162.547944652,516.66
162.571466396,523.39
162.595382096,523.39
162.618655708,523.39
162.642677617,523.39
162.665793148,549.75
162.688950183,549.75
162.713415298,549.75
162.737267701,549.75
162.760890949,597.94
162.784511926,597.94
162.807947172,597.94
162.831463283,597.94
162.855269350,599.64
162.878780149,599.64
162.902027458,599.64
162.925366095,599.64
162.948670396,599.64
162.972346573,598.80
162.995626329,598.80
163.018923270,598.80
163.042337204,598.80
163.065419647,597.08
163.088851213,597.08
163.119498191,597.08
163.142557753,597.08
163.166574670,599.89
163.189720473,599.89
163.213757454,599.89
163.237280637,599.89
163.261007151,576.82
163.284126714,576.82
163.307484775,576.82
163.330714611,576.82
163.354298404,576.82
163.377707314,547.16
163.401581669,547.16
163.425427704,547.16
163.449373004,547.16
163.472646233,522.09
163.495892485,522.09
163.521634478,522.09
163.544690936,522.09
163.568750190,489.59
163.592119355,489.59
163.615470729,489.59
163.638971640,489.59
163.663179567,461.36
163.686631710,461.36
163.709928907,461.36
163.733049717,461.36
163.756845576,461.36
163.780408376,436.41
163.803120158,436.41
163.825530464,436.41
163.848345895,436.41
163.871563827,391.80
163.895031970,391.80
163.918361135,391.80
163.941811422,391.80
163.966630012,392.78
163.989932649,392.78
164.013643451,392.78
164.037150506,392.78
164.060575960,392.78
164.084145224,391.31
164.119659682,391.31
164.143534165,391.31
164.168038416,391.31
164.191509823,387.49
164.215049806,387.49
164.238551901,387.49
164.261594407,387.49
164.285372826,406.49
164.309379503,406.49
164.333091616,406.49
164.357177430,406.49
164.380932392,435.99
164.404521944,435.99
164.428339787,435.99
164.451821178,435.99
164.475900080,462.75
164.499441247,462.75
164.523095024,462.75
164.546826658,462.75
164.571379709,482.89
164.595086767,482.89
164.620081743,482.89
164.643901090,482.89
164.668302140,482.89
164.691734890,493.04
164.714567153,493.04
164.737105493,493.04
164.760184096,493.04
164.784258933,479.88
164.808339051,479.88
164.831773177,479.88
164.855406698,479.88
164.879798884,518.88
164.903291155,518.88
164.927121222,518.88
164.951135067,518.88
164.974618538,518.68
164.998478621,518.68
165.022044781,518.68
165.045314617,518.68
165.068404676,518.68
165.091725553,517.17
165.119182797,517.17
165.142166583,517.17
165.165146592,517.17
165.188944434,518.10
165.212340384,518.10
165.236175219,518.10
165.259367135,518.10
165.281933347,494.89
165.304440775,494.89
165.327149869,494.89
165.351118785,494.89
165.374836883,467.50
165.398473252,467.50
165.421948947,467.50
165.445311488,467.50
165.468442219,467.50
165.491894074,469.19
165.515597035,469.19
165.538818359,469.19
165.562593417,469.19
165.585816533,473.32
165.608931584,473.32
165.632434447,473.32
165.655969982,473.32
165.679515086,502.45
165.703515875,502.45
165.726605453,502.45
165.750375904,502.45
165.774544950,502.45
165.798163367,535.92
165.822032826,535.92
165.845674379,535.92
165.868845111,535.92
165.892685001,535.52
165.916375131,535.52
165.939814665,535.52
165.963660508,535.52
165.987846387,538.09
166.011382979,538.09
166.034789137,538.09
166.058681157,538.09
166.083060894,541.75
166.119889991,541.75
166.143355798,541.75
166.167171464,541.75
166.190915162,543.48
166.214738509,543.48
166.238494047,543.48
166.261916589,543.48
166.285852706,543.48
166.312332723,565.30
166.336065509,565.30
166.359945880,565.30
166.383101572,565.30
166.406338576,594.34
166.430155490,594.34
166.453523664,594.34
166.477583782,594.34
166.501147061,594.95
166.524807302,594.95
166.548475864,594.95
166.572605486,594.95
166.596131421,593.39
166.619844143,593.39
166.642940697,593.39
166.666773452,593.39
166.691093573,595.04
166.714953304,595.04
166.738666186,595.04
166.762110360,595.04
166.785830474,595.04
166.809358713,597.37
166.832952778,597.37
166.856407800,597.37
166.880929203,597.37
166.904159263,600.43
166.927767407,600.43
166.952208681,600.43
166.975996956,600.43
166.999902160,597.23
167.023522304,597.23
167.046564842,597.23
167.069531891,597.23
167.092625725,591.41
167.119478131,591.41
167.142452956,591.41
167.165424773,591.41
167.188844180,591.41
167.212346691,581.88
167.235804241,581.88
167.259252832,581.88
167.282797872,581.88
167.306420096,553.34
167.330131890,553.34
167.353230300,553.34
167.375827329,553.34
167.398782602,513.54
167.422206104,513.54
167.446556049,513.54
167.470246754,513.54
167.493883251,504.52
167.518027049,504.52
167.541526424,504.52
167.565039368,504.52
167.588758425,504.52
167.612180360,503.38
167.635958586,503.38
167.659329960,503.38
167.682231440,503.38
167.705874433,503.47
167.729950166,503.47
167.756220902,503.47
167.779935991,503.47
167.803393990,507.17
167.826764435,507.17
167.850368068,507.17
167.873633424,507.17
167.897323553,502.12
167.920902866,502.12
167.943760825,502.12
167.967361737,502.12
167.991384895,502.12
168.014765516,501.73
168.038419165,501.73
168.061902572,501.73
168.085731423,507.64
168.119597542,507.64
168.143349208,507.64
168.167196075,507.64
168.190832316,507.64
168.214135081,521.49
168.238163134,521.49
168.262080818,521.49
168.285963365,521.49
168.310123388,553.06
168.333478281,553.06
168.357296668,553.06
168.381057390,553.06
168.405401383,589.49
168.429212250,589.49
168.452791530,589.49
168.475886388,589.49
168.500328654,595.78
168.524092033,595.78
168.547708817,595.78
168.571518660,595.78
168.595346999,595.78
168.618804965,598.61
168.642526231,598.61
168.666063590,598.61
168.689931674,598.61
168.713477482,601.11
168.736652917,601.11
168.760366086,601.11
168.784465436,601.11
168.810770572,596.63
168.834679232,596.63
168.858195375,596.63
168.881432443,596.63
168.905204110,599.04
168.928478618,599.04
168.951285921,599.04
168.974793904,599.04
168.997679160,599.04
169.020819971,597.62
169.043932238,597.62
169.067488542,597.62
169.090662057,597.62
169.119644792,569.76
169.142904548,569.76
169.166346706,569.76
169.189797473,569.76
169.214217595,541.82
169.238037901,541.82
169.261520956,541.82
169.284285219,541.82
169.306911688,541.82
169.330036467,499.63
169.353788805,499.63
169.377420982,499.63
169.401023110,499.63
169.424660535,487.12
169.447899971,487.12
169.470675561,487.12
169.494062039,487.12
169.517869450,488.63
169.541211319,488.63
169.565062090,488.63
169.588350583,488.63
169.611766661,488.63
169.635046258,485.00
169.658558145,485.00
169.681720620,485.00
169.705519519,485.00
169.728834124,484.61
169.752483165,484.61
169.775829322,484.61
169.799511643,484.61
169.822916073,485.87
169.846410392,485.87
169.869296704,485.87
169.892879536,485.87
169.917003591,486.97
169.941120509,486.97
169.964561292,486.97
169.987768439,486.97
170.010866210,486.97
170.033964940,486.95
170.057153624,486.95
170.080195362,486.95
170.113401025,486.95
170.136865135,499.82
170.160182524,499.82
170.183335752,499.82
170.206421106,499.82
170.230100739,496.97
170.253892054,496.97
170.277050401,496.97
170.300042922,496.97
170.322748432,496.97
170.345602808,502.73
170.369245416,502.73
170.392968282,502.73
170.416606539,502.73
170.440106074,500.44
170.463908237,500.44
170.487227194,500.44
170.510922859,500.44
170.534788926,499.80
170.558250701,499.80
170.582061024,499.80
170.604928903,499.80
170.628719642,499.80
170.652503180,500.47
170.675822521,500.47
170.699271848,500.47
170.723152539,500.47
170.746451304,499.53
170.770637599,499.53
170.794317585,499.53
170.817604829,499.53
170.841387183,499.83
170.864922751,499.83
170.888166539,499.83
170.911551993,499.83
170.935215210,498.70
170.958398934,498.70
170.982050054,498.70
171.005008847,498.70
171.028463454,498.70
171.052056750,503.61
171.075408699,503.61
171.099053004,503.61
171.122515099,503.61
171.145415011,521.82
171.168862066,521.82
171.192176831,521.82
171.215491724,521.82
171.239102364,546.39
171.262344808,546.39
171.285497651,546.39
171.309552969,546.39
171.333176697,580.32
171.356764298,580.32
171.380127799,580.32
171.403516965,580.32
171.426920627,580.32
171.450135935,597.22
171.473592013,597.22
171.497153917,597.22
171.520928176,597.22
171.543937497,597.76
171.567387048,597.76
171.590484594,597.76
171.614375526,597.76
171.638581469,599.35
171.661434885,599.35
171.684716593,599.35
171.708068031,599.35
171.732209749,596.86
171.755617955,596.86
171.778713262,596.86
171.801440276,596.86
171.824699776,596.86
171.848231792,597.26
171.871185464,597.26
171.894767880,597.26
171.917958804,597.26
171.940762651,597.65
171.964358059,597.65
171.988259999,597.65
172.011516300,597.65
172.035295550,596.23
172.058038884,596.23
172.080930380,596.23
172.112901309,596.23
172.135994536,585.80
172.158939312,585.80
172.182284062,585.80
172.205715020,585.80
172.228872503,585.80
172.251751487,563.34
172.274761801,563.34
172.298303512,563.34
172.321837832,563.34
172.345713435,527.30
172.368430337,527.30
172.391086023,527.30
172.413989231,527.30
172.438647691,497.14
172.462483742,497.14
172.485717930,497.14
172.509526365,497.14
172.533012236,497.14
172.555804531,491.70
172.579241377,491.70
172.602665520,491.70
172.626034269,491.70
172.650032466,492.36
172.673001179,492.36
172.696414313,492.36
172.719958713,492.36
172.743026723,495.20
172.766244719,495.20
172.789240376,495.20
172.812065696,495.20
172.835865170,495.20
172.859495843,492.39
172.882685646,492.39
172.906212350,492.39
172.929447018,492.39
172.953315101,472.65
172.977198097,472.65
173.000793345,472.65
173.024259152,472.65
173.048391174,466.83
173.072113080,466.83
173.095243427,466.83
173.119405145,466.83
173.143354350,466.83
173.166125940,475.13
173.189364800,475.13
173.213046194,475.13
173.236326494,475.13
173.260186706,494.74
173.283355997,494.74
173.306513928,494.74
173.329951126,494.74
173.353578855,529.87
173.376999221,529.87
173.400760391,529.87
173.423945139,529.87
173.447345953,529.87
173.471203636,557.23
173.494711267,557.23
173.518235155,557.23
173.541861859,557.23
173.564971694,561.02
173.588247578,561.02
173.611734153,561.02
173.634963637,561.02
173.658522981,560.33
173.681646416,560.33
173.704647065,560.33
173.727571778,560.33
173.750581899,559.37
173.773669238,559.37
173.796898498,559.37
173.819900747,559.37
173.843035190,559.37
173.866119520,558.51
173.889491438,558.51
173.912336053,558.51
173.935747908,558.51
173.959278035,548.96
173.982255484,548.96
174.021286654,548.96
174.044265799,548.96
174.068288445,517.12
174.091870797,517.12
174.119758574,517.12
174.143726307,517.12
174.167013200,519.01
174.190327741,519.01
174.213660586,519.01
174.237208249,519.01
174.260652808,518.91
174.284388890,518.91
174.307259426,518.91
174.330690864,518.91
174.354108990,518.91
174.377217161,515.83
174.400830905,515.83
174.424065925,515.83
174.446712267,515.83
174.470406524,516.71
174.494033549,516.71
174.517251256,516.71
174.540980170,516.71
174.564438265,518.69
174.587290304,518.69
174.610562797,518.69
174.634049660,518.69
174.657195783,516.14
174.680955385,516.14
174.704101476,516.14
174.727285904,516.14
174.750915200,516.14
174.774302894,513.18
174.797802941,513.18
174.820950920,513.18
174.843822128,513.18
174.866926235,520.86
174.889956548,520.86
174.913219857,520.86
174.936327803,520.86
174.959854923,546.01
174.983116311,546.01
175.006249762,546.01
175.029617616,546.01
175.053090526,546.01
175.076474988,558.30
175.131161123,558.30
175.154368079,558.30
175.177490554,529.52
175.200711109,529.52
175.223804368,529.52
175.247392256,529.52
175.271096625,502.42
175.294938117,502.42
175.317416936,502.42
175.339972268,502.42
175.363081495,502.42
175.386742312,463.05
175.410166614,463.05
175.433629445,463.05
175.457478872,463.05
175.481041352,463.82
175.503971728,463.82
175.527326718,463.82
175.551350931,463.82
175.574657760,463.31
175.598409298,463.31
175.621563325,463.31
175.644633799,463.31
175.669247747,462.95
175.692831283,462.95
175.716107104,462.95
175.740074612,462.95
175.763410689,462.95
175.787171603,465.01
175.810876677,465.01
175.834128625,465.01
175.858674188,465.01
175.882376990,466.95
175.905661866,466.95
175.929298811,466.95
175.953206671,466.95
175.977176676,463.51
176.000577042,463.51
176.024108513,463.51
176.047650097,463.51
176.072442095,488.23
176.095784412,488.23
176.119531886,488.23
176.145458105,488.23
176.168878311,488.23
176.192684602,519.34
176.216176777,519.34
176.239184050,519.34
176.262544544,519.34
176.285789260,545.94
176.309431837,545.94
176.332625384,545.94
176.356321626,545.94
176.379770216,583.35
176.403472986,583.35
176.427087882,583.35
176.450343383,583.35
176.475175157,589.48
176.498884871,589.48
176.522152179,589.48
176.544779192,589.48
176.569634231,589.48
176.593431273,589.63
176.616842935,589.63
176.640636394,589.63
176.664080376,589.63
176.687084546,593.90
176.710607985,593.90
176.734333187,593.90
176.757723505,593.90
176.781345665,594.71
176.804823504,594.71
176.828116317,594.71
176.851555467,594.71
176.874806712,591.45
176.897922178,591.45
176.921046797,591.45
176.944372762,591.45
176.968003595,591.45
176.991433625,587.13
177.014739078,587.13
177.038298710,587.13
177.061237310,587.13
177.083785091,561.52
177.118614900,561.52
177.142046915,561.52
177.165774196,561.52
177.190320496,538.71
177.214172387,538.71
177.237474448,538.71
177.260211126,538.71
177.283705989,535.29
177.307164148,535.29
177.330592930,535.29
177.354206034,535.29
177.377626177,539.91
177.401061551,539.91
177.424813665,539.91
177.448186415,539.91
177.471697438,539.91
177.495257006,536.03
177.518947615,536.03
177.542763570,536.03
177.566800679,536.03
177.590235509,536.93
177.613687844,536.93
177.637178611,536.93
177.660368703,536.93
177.684755672,536.11
177.708542570,536.11
177.732080666,536.11
177.755883629,536.11
177.779948322,533.56
177.803023788,533.56
177.826494491,533.56
177.850412239,533.56
177.873880638,533.56
177.897852370,537.76
177.921301153,537.76
177.944532461,537.76
177.967683512,537.76
177.990864228,540.65
178.014008367,540.65
178.037162522,540.65
178.060717449,540.65
178.084004214,564.07
178.120362938,564.07
178.144262701,564.07
178.167892862,564.07
178.191592335,554.86
178.214746362,554.86
178.240367906,554.86
178.263715343,554.86
178.287355424,554.86
178.310921840,529.84
178.334455424,529.84
178.358468437,529.84
178.382032036,529.84
178.405577716,501.24
178.428724479,501.24
178.452167310,501.24
178.475658045,501.24
178.499467471,472.33
178.523126720,472.33
178.547353944,472.33
178.571143818,472.33
178.593903761,437.19
178.616569686,437.19
178.639578048,437.19
178.663204272,437.19
178.686913698,437.19
178.710275119,415.32
178.733628381,415.32
178.757172652,415.32
178.780590491,415.32
178.804129898,415.34
178.827998206,415.34
178.851233418,415.34
178.875231647,415.34
178.898504651,416.88
178.921675574,416.88
178.945166405,416.88
178.968635732,416.88
178.992312069,419.75
179.016040695,419.75
179.039075841,419.75
179.062294733,419.75
179.085901181,418.65
179.119137788,418.65
179.142731245,418.65
179.165965881,418.65
179.189896045,418.65
179.213245722,443.15
179.236870443,443.15
179.260001526,443.15
179.283921770,443.15
179.307543514,472.90
179.331614288,472.90
179.355073726,472.90
179.378710383,472.90
179.402135325,498.89
179.425570764,498.89
179.448379603,498.89
179.471820481,498.89
179.495500114,524.98
179.519066690,524.98
179.542534993,524.98
179.566126433,524.98
179.589275628,524.98
179.612891869,555.19
179.636093385,555.19
179.659313492,555.19
179.682782499,555.19
179.706209553,588.38
179.730020484,588.38
179.754065114,588.38
179.776888417,588.38
179.800042220,570.02
179.822762578,570.02
179.846111936,570.02
179.869228938,570.02
179.892385685,553.16
179.915705250,553.16
179.938851181,553.16
179.962113946,553.16
179.985269221,553.16
180.008033612,539.93
180.030528271,539.93
180.053112628,539.93
180.076742756,539.93
180.114804827,505.24
180.138332171,505.24
180.161680952,505.24
180.185114983,505.24
180.207892589,506.50
180.231276699,506.50
180.254857035,506.50
180.278501884,506.50
180.302307503,505.46
180.328346299,505.46
180.351730921,505.46
180.375524315,505.46
180.399329166,504.44
180.422796061,504.44
180.446283820,504.44
180.469567576,504.44
180.493050151,504.44
180.516838874,508.37
180.540290152,508.37
180.563716983,508.37
180.587340551,508.37
180.610563315,507.25
180.633816607,507.25
180.657016459,507.25
180.680564443,507.25
180.704343309,505.88
180.727650938,505.88
180.750586178,505.88
180.773522091,505.88
180.796561365,505.88
180.819456765,521.25
180.842454150,521.25
180.865634322,521.25
180.889441924,521.25
180.913390457,517.50
180.935866780,517.50
180.958271806,517.50
180.981122182,517.50
181.004630741,502.32
181.028389479,502.32
181.051619731,502.32
181.075107042,502.32
181.098667634,502.32
181.121840062,536.75
181.145653552,536.75
181.168995358,536.75
181.192412876,536.75
181.215966299,537.59
181.239347049,537.59
181.262598485,537.59
181.286295559,537.59
181.309993880,537.59
181.333500647,536.37
181.357371995,536.37
181.382178905,536.37
181.406035724,536.37
181.429537435,536.41
181.453293261,536.41
181.476703356,536.41
181.500560207,536.41
181.523974429,535.56
181.547512908,535.56
181.570996955,535.56
181.594579595,535.56
181.618880868,540.60
181.642244561,540.60
181.665214362,540.60
181.688749322,540.60
181.712027190,540.60
181.735582118,536.01
181.758757490,536.01
181.781832860,536.01
181.805213642,536.01
181.828360405,540.66
181.851898884,540.66
181.875062767,540.66
181.898179866,540.66
181.921431910,553.15
181.944454352,553.15
181.967513242,553.15
181.991159403,553.15
182.014680218,553.15
182.038274250,555.76
182.062037021,555.76
182.085410122,555.76
182.137869991,555.76
182.160846992,510.12
182.184182270,510.12
182.207948016,510.12
182.232408554,510.12
182.255756471,506.20
182.279038404,506.20
182.301953772,506.20
182.325483708,506.20
182.348951979,505.09
182.372378841,505.09
182.395934921,505.09
182.419581753,505.09
182.443174186,505.09
182.469102581,507.09
182.492649700,507.09
182.515822320,507.09
182.539727684,507.09
182.562578795,505.98
182.585711222,505.98
182.609091844,505.98
182.632607251,505.98
182.656078178,503.21
182.679672594,503.21
182.702575834,503.21
182.726226507,503.21
182.750316257,506.41
182.773976562,506.41
182.797751172,506.41
182.820917360,506.41
182.844065531,506.41
182.867246886,507.16
182.890416113,507.16
182.913579677,507.16
182.937595090,507.16
182.960455290,512.39
182.983684645,512.39
183.007020915,512.39
183.030364672,512.39
183.054248052,517.06
183.078075335,517.06
183.112855832,517.06
183.135582942,517.06
183.158241187,520.10
183.181043050,520.10
183.204517145,520.10
183.228041129,520.10
183.251759674,511.98
183.275140648,511.98
183.298674328,511.98
183.321465118,511.98
183.345222129,511.98
183.368601598,510.58
183.391839946,510.58
183.415422874,510.58
183.438921898,510.58
183.461718097,512.64
183.485389474,512.64
183.508872049,512.64
183.533037095,512.64
183.556611031,512.53
183.579646145,512.53
183.603284306,512.53
183.627235910,512.53
183.650758101,512.47
183.674468935,512.47
183.697925174,512.47
183.721413829,512.47
183.745558683,512.47
183.769647633,514.74
183.793528517,514.74
183.817155253,514.74
183.840750917,514.74
183.864579800,514.21
183.888380907,514.21
183.911912698,514.21
183.935730573,514.21
183.959606817,517.50
183.982907597,517.50
184.006227034,517.50
184.029825675,517.50
184.053382395,541.80
184.076912618,541.80
184.112834024,541.80
184.136492793,541.80
184.160127146,574.35
184.183620793,574.35
184.207158889,574.35
184.230606359,574.35
184.254128358,598.42
184.277587925,598.42
184.301011363,598.42
184.324494098,598.42
184.348771146,598.42
184.371528369,601.62
184.395232482,601.62
184.418745170,601.62
184.442260705,601.62
184.465895538,600.21
184.489207455,600.21
184.512292905,600.21
184.535745879,600.21
184.559761005,601.73
184.583487230,601.73
184.607347794,601.73
184.630440700,601.73
184.653992908,601.80
184.677649085,601.80
184.701234221,601.80
184.724748860,601.80
184.748477326,601.80
184.771641241,600.63
184.795119560,600.63
184.818587447,600.63
184.842061701,600.63
184.865199664,604.00
184.888447133,604.00
184.911526631,604.00
184.935274969,604.00
184.959344783,598.03
184.982587067,598.03
185.005871495,598.03
185.029238805,598.03
185.052041052,575.98
185.075121606,575.98
185.098327090,575.98
185.121791777,575.98
185.145330928,575.98
185.168748190,549.51
185.191834665,549.51
185.214920179,549.51
185.238095038,549.51
185.261611662,520.25
185.285132189,520.25
185.308527723,520.25
185.332076059,520.25
185.356527573,488.47
185.380068100,488.47
185.403680373,488.47
185.426940929,488.47
185.450226542,488.47
185.473809278,460.37
185.497322285,460.37
185.521112224,460.37
185.545358295,460.37
185.568432929,424.21
185.591049030,424.21
185.615628514,424.21
185.639353332,424.21
185.663469674,398.27
185.687207196,398.27
185.710883341,398.27
185.734625631,398.27
185.759126266,390.82
185.782810379,390.82
185.806312538,390.82
185.829742664,390.82
185.853131542,390.82
185.876302625,390.52
185.900209301,390.52
185.924029960,390.52
185.947543351,390.52
185.971324298,395.09
185.994787160,395.09
186.018365672,395.09
186.042075706,395.09
186.066558228,416.92
186.089968610,416.92
186.119471703,416.92
186.142689443,416.92
186.166581814,416.92
186.190087557,441.82
186.213395826,441.82
186.236780288,441.82
186.260408977,441.82
186.283792607,475.06
186.307137868,475.06
186.331148193,475.06
186.354681936,475.06
186.378401762,507.04
186.401157705,507.04
186.424396981,507.04
186.447900772,507.04
186.471389651,530.53
186.495110308,530.53
186.518487986,530.53
186.541566364,530.53
186.565379983,530.53
186.589059616,567.02
186.614115585,567.02
186.637566704,567.02
186.660989854,567.02
186.684231242,593.94
186.707916156,593.94
186.731094503,593.94
186.754517877,593.94
186.778220103,599.07
186.801336849,599.07
186.824825984,599.07
186.848595251,599.07
186.872210435,601.34
186.895730066,601.34
186.919192961,601.34
186.942293611,601.34
186.965964317,601.34
186.989151336,598.67
187.012454517,598.67
187.036129830,598.67
187.059260209,598.67
187.082839201,597.54
187.118921121,597.54
187.142494481,597.54
187.165745693,597.54
187.188879944,601.21
187.212055924,601.21
187.234968188,601.21
187.257969605,601.21
187.280865806,598.84
187.304350269,598.84
187.327351750,598.84
187.350128557,598.84
187.373570363,579.38
187.396884488,579.38
187.420408663,579.38
187.443965415,579.38
187.467374389,579.38
187.490199997,548.90
187.512624895,548.90
187.535260676,548.90
187.558595058,548.90
187.582264419,511.92
187.606060405,511.92
187.629378146,511.92
187.652932850,511.92
187.676355232,512.90
187.699518155,512.90
187.723640866,512.90
187.746978575,512.90
187.770599392,512.90
187.794398546,510.80
187.817281850,510.80
187.840360132,510.80
187.863670513,510.80
187.887144672,508.73
187.910652175,508.73
187.933944284,508.73
187.956535073,508.73
187.980020880,508.84
188.003793826,508.84
188.027366514,508.84
188.051019523,508.84
188.074552466,509.65
188.097836895,509.65
188.121262669,509.65
188.144603066,509.65
188.168130442,509.65
188.191843611,509.30
188.215182633,509.30
188.238431221,509.30
188.262044165,509.30
188.285576373,508.01
188.308945954,508.01
188.332450641,508.01
188.355732158,508.01
188.379461104,528.12
188.402883582,528.12
188.425953576,528.12
188.449057235,528.12
188.472277407,528.12
188.495258216,564.71
188.518556117,564.71
188.541597022,564.71
188.565203375,564.71
188.588427163,575.48
188.611673671,575.48
188.634943987,575.48
188.658454883,575.48
188.681532717,549.57
188.704293683,549.57
188.728266312,549.57
188.751772279,549.57
188.776009391,549.57
188.799770017,515.47
188.822894572,515.47
188.845911381,515.47
188.869171074,515.47
188.892559279,486.80
188.915921181,486.80
188.939295115,486.80
188.962901051,486.80
188.985911140,462.74
189.009028239,462.74
189.032238939,462.74
189.055628169,462.74
189.079120728,432.26
189.113240065,432.26
189.136681680,432.26
189.159975868,432.26
189.184716314,432.26
189.208154824,401.67
189.231618999,401.67
189.254881155,401.67
189.278103855,401.67
189.301176442,380.42
189.324124514,380.42
189.347669458,380.42
189.371101664,380.42
189.394577775,347.94
189.417744794,347.94
189.440928838,347.94
189.463945679,347.94
189.487480223,347.94
189.511175344,321.76
189.534220154,321.76
189.556822687,321.76
189.579412163,321.76
189.602386925,291.44
189.626223167,291.44
189.649971154,291.44
189.673606306,291.44
189.697146418,316.25
189.720669505,316.25
189.743423720,316.25
189.768642763,316.25
189.791919127,349.01
189.815102339,349.01
189.838992502,349.01
189.862296931,349.01
189.885759442,349.01
189.909247841,375.36
189.932699503,375.36
189.956023100,375.36
189.979668941,375.36
190.002912185,405.00
190.026083237,405.00
190.050558559,405.00
190.074225168,405.00
190.098293286,429.10
190.122082840,429.10
190.145191427,429.10
190.168249805,429.10
190.192109376,459.83
190.215521038,459.83
190.238941980,459.83
190.262651950,459.83
190.285560246,459.83
190.308959012,487.52
190.332596405,487.52
190.356023843,487.52
190.379951863,487.52
190.403270596,515.27
190.426391663,515.27
190.449492537,515.27
190.472657349,515.27
190.495915185,542.85
190.519541570,542.85
190.542344233,542.85
190.565408947,542.85
190.589212997,542.85
190.612599763,566.31
190.635939584,566.31
190.658709351,566.31
190.681526254,566.31
190.704391126,539.88
190.727791908,539.88
190.751315603,539.88
190.774798146,539.88
190.798417491,527.71
190.829595227,527.71
190.852888647,527.71
190.876436119,527.71
190.899527841,530.44
190.922838414,530.44
190.946586272,530.44
190.969929006,530.44
190.993198810,530.44
191.016736298,529.29
191.040391802,529.29
191.063755560,529.29
191.087934143,529.29
191.119030534,530.43
191.142246770,530.43
191.165623935,530.43
191.189092462,530.43
191.212430619,530.83
191.235921546,530.83
191.258363725,530.83
191.281783963,530.83
191.305371276,530.83
191.328851994,531.76
191.352280073,531.76
191.375724087,531.76
191.398850530,531.76
191.423338300,527.64
191.446762731,527.64
191.470012023,527.64
191.493923019,527.64
191.517319961,528.34
191.540829320,528.34
191.564522169,528.34
191.587874151,528.34
191.611105075,542.71
191.634782948,542.71
191.658178642,542.71
191.681349149,542.71
191.704484616,542.71
191.727632179,580.24
191.750561372,580.24
191.773545925,580.24
191.796940275,580.24
191.820239423,589.39
191.843316618,589.39
191.868078663,589.39
191.891535510,589.39
191.916190482,566.18
191.940558956,566.18
191.963721431,566.18
191.986779297,566.18
192.009947404,566.18
192.033334138,539.85
192.056864521,539.85
192.080101813,539.85
192.114237791,510.65
192.137938097,510.65
192.161240957,510.65
192.184672204,510.65
192.208205787,510.65
192.231437031,483.23
192.254927574,483.23
192.278178947,483.23
192.301682354,483.23
192.325120000,453.48
192.348342892,453.48
192.372075966,453.48
192.395938257,453.48
192.419617858,428.92
192.442847758,428.92
192.465548788,428.92
192.487947063,428.92
192.510630684,428.92
192.533688518,386.30
192.557548858,386.30
192.581076969,386.30
192.604558040,386.30
192.628019399,379.22
192.651711256,379.22
192.674948676,379.22
192.698938009,379.22
192.722436040,378.76
192.745543890,378.76
192.769048386,378.76
192.792121516,378.76
192.815687996,378.76
192.838750950,382.95
192.862330326,382.95
192.885803109,382.95
192.909916795,382.95
192.933560588,404.14
192.959925596,404.14
192.983952945,404.14
193.008044743,404.14
193.031755608,433.68
193.055181415,433.68
193.078163024,433.68
193.114372306,433.68
193.137880417,461.45
193.161497137,461.45
193.184952160,461.45
193.207867240,461.45
193.231620474,486.23
193.255381900,486.23
193.278938588,486.23
193.302774127,486.23
193.326644546,486.23
193.349899567,516.48
193.372871800,516.48
193.395847713,516.48
193.418860298,516.48
193.441694738,541.42
193.464829629,541.42
193.488378284,541.42
193.511875931,541.42
193.538466990,562.54
193.561839228,562.54
193.587573317,562.54
193.611355767,562.54
193.634726213,541.29
193.657600941,541.29
193.680180017,541.29
193.702909847,541.29
193.726198500,541.29
193.750558717,500.55
193.774262895,500.55
193.797857695,500.55
193.821248941,500.55
193.844952446,498.68
193.868047688,498.68
193.891780762,498.68
193.915246377,498.68
193.938628503,499.43
193.964607330,499.43
193.987856879,499.43
194.011204604,499.43
194.035041935,497.99
194.058403645,497.99
194.081585160,497.99
194.114122815,497.99
194.137132745,500.95
194.160878235,500.95
194.184460779,500.95
194.207933018,500.95
194.231640939,499.86
194.255475134,499.86
194.278429639,499.86
194.301566194,499.86
194.324672860,499.86
194.347784455,493.64
194.371027411,493.64
194.394347392,493.64
194.417831055,493.64
194.440939290,488.93
194.464181254,488.93
194.487315825,488.93
194.510801696,488.93
194.534257710,477.57
194.557547675,477.57
194.580466595,477.57
194.603439596,477.57
194.626630296,477.57
194.650220360,479.42
194.673526421,479.42
194.697090341,479.42
194.721542911,479.42
194.745089903,489.69
194.768552061,489.69
194.791789097,489.69
194.815712125,489.69
194.839526000,465.37
194.862216374,465.37
194.884717785,465.37
194.907569697,465.37
194.931046768,465.37
194.955136454,428.64
194.978441715,428.64
195.001692159,428.64
195.030288617,428.64
195.053679063,427.73
195.077594187,427.73
195.113602570,427.73
195.137162682,427.73
195.160905036,431.56
195.183940310,431.56
195.207242818,431.56
195.230672913,431.56
195.254166240,429.51
195.277855825,429.51
195.301621251,429.51
195.324855791,429.51
195.348655874,429.51
195.372339763,430.93
195.395565887,430.93
195.418936205,430.93
195.442514909,430.93
195.465734280,442.70
195.489174167,442.70
195.512996746,442.70
195.536542073,442.70
195.560443309,470.86
195.583959356,470.86
195.607798512,470.86
195.631240798,470.86
195.654880975,502.55
195.678496639,502.55
195.702081551,502.55
195.725194458,502.55
195.748568615,502.55
195.771851668,529.44
195.795399044,529.44
195.818534383,529.44
195.841506136,529.44
195.864128701,557.82
195.887070053,557.82
195.909978830,557.82
195.932849429,557.82
195.955972800,583.17
195.979492144,583.17
196.003366371,583.17
196.026745201,583.17
196.049418838,583.17
196.071797849,549.71
196.094459998,549.71
196.141311578,549.71
196.164743465,549.71
196.188023413,523.44
196.211569221,523.44
196.234744688,523.44
196.258025789,523.44
196.281706734,524.24
196.305060348,524.24
196.328274439,524.24
196.352375645,524.24
196.375454344,527.76
196.398948727,527.76
196.423168462,527.76
196.446566812,527.76
196.470048299,529.22
196.493906398,529.22
196.516837639,529.22
196.540113651,529.22
196.563787236,529.22
196.587096785,526.80
196.610397118,526.80
196.634114480,526.80
196.657474205,526.80
196.680870891,528.93
196.704350394,528.93
196.727688583,528.93
196.751707356,528.93
196.775491215,529.88
196.798584825,529.88
196.821898566,529.88
196.845408501,529.88
196.868686978,529.88
196.891975919,528.29
196.915459838,528.29
196.938740490,528.29
196.962293466,528.29
196.985576774,534.17
197.008738930,534.17
197.032156544,534.17
197.055314251,534.17
197.078619640,574.97
197.113477066,574.97
197.138430602,574.97
197.161806968,574.97
197.185390152,572.80
197.208806006,572.80
197.232160835,572.80
197.255839828,572.80
197.279019584,543.39
197.302753522,543.39
197.325962397,543.39
197.349075240,543.39
197.371651149,505.76
197.394248049,505.76
197.417099481,505.76
197.440857003,505.76
197.464772703,505.76
197.488188237,485.90
197.511450201,485.90
197.535432654,485.90
197.558924893,485.90
197.582749008,487.45
197.606198142,487.45
197.629802031,487.45
197.655050162,487.45
197.678617314,488.13
197.702285875,488.13
197.726074661,488.13
197.749593173,488.13
197.773124708,486.26
197.796519282,486.26
197.819453627,486.26
197.842599718,486.26
197.865974547,486.26
197.889018589,488.54
197.912224265,488.54
197.935887706,488.54
197.958820162,488.54
197.982124463,489.94
198.005539005,489.94
198.028962476,489.94
198.052436666,489.94
198.076340878,492.18
198.099207894,492.18
198.122628996,492.18
198.145828432,492.18
198.169240830,492.18
198.193014672,512.70
198.216065754,512.70
198.238904802,512.70
198.262053613,512.70
198.284829684,543.83
198.307932926,543.83
198.331269963,543.83
198.354084018,543.83
198.377433312,571.99
198.401172466,571.99
198.424332413,571.99
198.447095268,571.99
198.469780457,571.99
198.492651185,548.81
198.516500900,548.81
198.540440568,548.81
198.564069897,548.81
198.587585016,537.08
198.611477804,537.08
198.634554902,537.08
198.657976900,537.08
198.681346322,534.07
198.704813857,534.07
198.728184974,534.07
198.751586812,534.07
198.774729671,534.07
198.798325080,529.61
198.821766982,529.61
198.845125427,529.61
198.868817829,529.61
198.892212787,532.51
198.915853347,532.51
198.939796632,532.51
198.964347443,532.51
198.987784417,532.53
199.011506227,532.53
199.034818272,532.53
199.058083788,532.53
199.081803486,531.43
199.114250900,531.43
199.137644002,531.43
199.160891822,531.43
199.184453534,531.43
199.208159728,529.92
199.231807264,529.92
199.255074765,529.92
199.279099906,529.92
199.302653202,532.61
199.326053056,532.61
199.349153514,532.61
199.374015689,532.61
199.397153364,540.42
199.420554786,540.42
199.443653868,540.42
199.467957381,540.42
199.491706999,579.08
199.515067780,579.08
199.538494739,579.08
199.561876352,579.08
199.585036587,579.08
199.608576219,592.64
199.632035594,592.64
199.655385175,592.64
199.678613507,592.64
199.701955632,594.07
199.725529312,594.07
199.749083920,594.07
199.772491838,594.07
199.795861900,594.92
199.819322714,594.92
199.842547878,594.92
199.866081974,594.92
199.889798023,594.92
199.912993651,594.83
199.936387681,594.83
199.959405514,594.83
199.982996155,594.83
200.006320232,593.64
200.029784534,593.64
200.053134628,593.64
200.076704084,593.64
200.099816542,594.76
200.123162092,594.76
200.147510693,594.76
200.170940371,594.76
200.194795750,597.47
200.217585357,597.47
200.240892858,597.47
200.263945316,597.47
200.287349618,597.47
200.310602718,598.36
200.333919787,598.36
200.356834579,598.36
200.379748508,598.36
200.402582403,579.70
200.425023878,579.70
200.447387464,579.70
200.470124398,579.70
200.493534909,540.96
200.516507622,540.96
200.539800850,540.96
200.563144128,540.96
200.586117641,540.96
200.609296884,542.25
200.632392670,542.25
200.655570058,542.25
200.678571219,542.25
200.701254681,532.24
200.724462789,532.24
200.747874995,532.24
200.771393698,532.24
200.794922418,532.24
200.817975131,503.19
200.841015685,503.19
200.864140176,503.19
200.887406812,503.19
200.910469767,470.64
200.933604401,470.64
200.957086848,470.64
200.980772850,470.64
201.004058654,445.45
201.026694947,445.45
201.049176295,445.45
201.071774635,445.45
201.094954231,410.49
201.122211249,410.49
201.145532062,410.49
201.168905580,410.49
201.192647390,410.49
201.216051532,406.21
201.239494586,406.21
201.263024330,406.21
201.286516633,406.21
201.309822630,405.23
201.334933255,405.23
201.357907152,405.23
201.382751055,405.23
201.406256894,430.95
201.429893231,430.95
201.453350078,430.95
201.477372499,430.95
201.500586751,462.73
201.524124686,462.73
201.547624093,462.73
201.570860265,462.73
201.594663964,462.73
201.618017545,462.25
201.641351638,462.25
201.665054024,462.25
201.688410261,462.25
201.711946117,469.70
201.735506389,469.70
201.758716192,469.70
201.782143535,469.70
201.806641833,494.41
201.830424636,494.41
201.854114637,494.41
201.877721437,494.41
201.900965961,494.41
201.924404856,526.55
201.948034249,526.55
201.971350390,526.55
201.994866853,526.55
202.018451445,560.73
202.041605568,560.73
202.064913997,560.73
202.088905378,560.73
202.119531011,594.33
202.142972017,594.33
202.166462048,594.33
202.190155602,594.33
202.213821379,592.32
202.237090607,592.32
202.260459421,592.32
202.284109646,592.32
202.307521660,592.32
202.330799368,593.41
202.354187702,593.41
202.377508995,593.41
202.401144404,593.41
202.426134164,596.76
202.449791045,596.76
202.472964080,596.76
202.496606785,596.76
202.519691691,597.97
202.542755350,597.97
202.565873728,597.97
202.588589542,597.97
202.611745489,579.47
202.634382551,579.47
202.656833786,579.47
202.679264828,579.47
202.702604522,579.47
202.726754944,541.16
202.750359281,541.16
202.773536060,541.16
202.797314158,541.16
202.820700156,542.06
202.843922632,542.06
202.867312022,542.06
202.890370272,542.06
202.913742670,539.08
202.936946649,539.08
202.960229126,539.08
202.983800534,539.08
203.007281285,539.08
203.030297262,534.19
203.053705532,534.19
203.077123242,534.19
203.113416973,505.44
203.137283424,505.44
203.161098739,505.44
203.184529857,505.44
203.207223783,505.44
203.229636650,474.00
203.252449969,474.00
203.275620412,474.00
203.299490512,474.00
203.322781756,442.37
203.346384781,442.37
203.369866684,442.37
203.393188457,442.37
203.416268819,440.40
203.439704449,440.40
203.462931117,440.40
203.486473149,440.40
203.510101901,440.40
203.533252248,441.04
203.556808392,441.04
203.580119093,441.04
203.605053269,441.04
203.628413026,467.21
203.652034195,467.21
203.675121917,467.21
203.699671192,467.21
203.723194472,499.21
203.746599446,499.21
203.769893347,499.21
203.793411698,499.21
203.816355067,499.21
203.839882026,497.96
203.863443034,497.96
203.886719174,497.96
203.910442616,497.96
203.933734117,501.76
203.956948657,501.76
203.980493408,501.76
204.003907086,501.76
204.027341053,507.78
204.050789451,507.78
204.074736511,507.78
204.098580114,507.78
204.122369125,507.78
204.146274297,535.95
204.170013130,535.95
204.193978623,535.95
204.217485806,535.95
204.241161119,569.04
204.265065747,569.04
204.288749220,569.04
204.312717049,569.04
204.336360650,598.07
204.359615606,598.07
204.383287751,598.07
204.406859383,598.07
204.430322950,598.07
204.454125560,599.32
204.478318703,599.32
204.501803518,599.32
204.525341870,599.32
204.548703867,597.36
204.572431021,597.36
204.595822555,597.36
204.619136136,597.36
204.642312403,599.30
204.665902851,599.30
204.689719670,599.30
204.713329127,599.30
204.736624307,599.45
204.760104994,599.45
204.783642898,599.45
204.806808093,599.45
204.830213675,599.45
204.854050814,603.45
204.877157064,603.45
204.900580439,603.45
204.924058406,603.45
204.947876568,601.36
204.971382952,601.36
204.995270811,601.36
205.018361798,601.36
205.042015222,597.93
205.065655399,597.93
205.088953588,597.93
205.121065286,597.93
205.144312531,594.91
205.167716641,594.91
205.191028205,594.91
205.214681982,594.91
205.237921643,594.91
205.261652156,597.77
205.285074794,597.77
205.308299990,597.77
205.331561635,597.77
205.354548812,589.71
205.377551701,589.71
205.400944547,589.71
205.424177935,589.71
205.447457212,561.21
205.470728072,561.21
205.493646577,561.21
205.518561200,561.21
205.542314754,532.63
205.568108684,532.63
205.591528858,532.63
205.614455138,532.63
205.637085160,532.63
205.659853102,492.79
205.682880984,492.79
205.706545257,492.79
205.730358108,492.79
205.753972236,476.81
205.777532348,476.81
205.801301902,476.81
205.826064268,476.81
205.849446233,473.99
205.872922472,473.99
205.896464760,473.99
205.919945351,473.99
205.943551671,473.99
205.966783587,475.40
205.990425524,475.40
206.014023268,475.40
206.037757782,475.40
206.061624329,481.05
206.085104152,481.05
206.120424528,481.05
206.144214242,481.05
206.167620208,476.91
206.191249921,476.91
206.214563502,476.91
206.237754393,476.91
206.261382122,474.22
206.285003514,474.22
206.308084196,474.22
206.331632628,474.22
206.355188836,483.59
206.378355247,483.59
206.401878367,483.59
206.425270892,483.59
206.448598745,483.59
206.472232490,508.55
206.496000732,508.55
206.519955793,508.55
206.543442944,508.55
206.567084048,531.82
206.590319580,531.82
206.614196656,531.82
206.638386119,531.82
206.661642099,566.30
206.685011873,566.30
206.708518224,566.30
206.731620187,566.30
206.754977544,570.00
206.778432407,570.00
206.802016391,570.00
206.825882746,570.00
206.849434666,570.00
206.872880408,540.91
206.895655327,540.91
206.918063297,540.91
206.940955466,540.91
206.963882386,495.86
206.987394209,495.86
207.011141875,495.86
207.035695599,495.86
207.059242878,492.80
207.082768654,492.80
207.123269953,492.80
207.146789744,492.80
207.170039100,491.17
207.193649389,491.17
207.217231101,491.17
207.240278183,491.17
207.263995384,490.27
207.287474791,490.27
207.310753972,490.27
207.334067521,490.27
207.357530543,490.27
207.380690491,489.40
207.404412460,489.40
207.427739257,489.40
207.451424875,489.40
207.475134108,490.25
207.498327400,490.25
207.521558804,490.25
207.545761099,490.25
207.568998423,491.77
207.592168546,491.77
207.615871988,491.77
207.639240065,491.77
207.664484421,492.31
207.687571695,492.31
207.710957213,492.31
207.734503020,492.31
207.757555222,492.31
207.780130299,514.62
207.803109092,514.62
207.825938059,514.62
207.849521243,514.62
207.872412163,540.70
207.895336108,540.70
207.918608952,540.70
207.942108967,540.70
207.965535958,563.03
207.988792066,563.03
208.012179536,563.03
208.034903158,563.03
208.057466618,563.03
208.079993438,525.98
208.115395798,525.98
208.139281482,525.98
208.163043644,525.98
208.186359753,514.46
208.209702166,514.46
208.233143589,514.46
208.256338385,514.46
208.279903456,514.43
208.303169165,514.43
208.326229943,514.43
208.349850151,514.43
208.373408151,517.47
208.396904070,517.47
208.420634904,517.47
208.444010342,517.47
208.467630774,517.47
208.491526858,514.50
208.514474802,514.50
208.537680478,514.50
208.561072556,514.50
208.584451322,513.73
208.607895176,513.73
208.631425336,513.73
208.654008092,513.73
208.677371978,513.59
208.700972666,513.59
208.724507722,513.59
208.748276604,513.59
208.772295857,513.59
208.795350587,512.19
208.818902955,512.19
208.842104310,512.19
208.865448708,512.19
208.889096628,511.92
208.912491138,511.92
208.935744270,511.92
208.959221661,511.92
208.982250759,527.15
209.005478259,527.15
209.028704095,527.15
209.051933579,527.15
209.075733277,561.03
209.099105163,561.03
209.121922162,561.03
209.145266912,561.03
209.168130599,561.03
209.190752108,564.34
209.213598036,564.34
209.236562685,564.34
209.260501937,564.34
209.283925471,535.54
209.307367726,535.54
209.330848157,535.54
209.354327563,535.54
209.377134035,531.32
209.400606177,531.32
209.423884494,531.32
209.447217115,531.32
209.470935853,531.32
209.494059895,533.98
209.516942303,533.98
209.539907656,533.98
209.563140052,533.98
209.585816922,529.29
209.608835076,529.29
209.631651243,529.29
209.655731329,529.29
209.679353713,514.10
209.702930593,514.10
209.726118669,514.10
209.748958484,514.10
209.771586969,514.10
209.794380064,473.79
209.817852911,473.79
209.841527712,473.79
209.865278866,473.79
209.888717632,470.99
209.912327889,470.99
209.935896993,470.99
209.959248654,470.99
209.983076225,469.96
210.006470831,469.96
210.029811548,469.96
210.053534126,469.96
210.076643608,471.25
210.100159976,471.25
210.123763288,471.25
210.147178790,471.25
210.170545460,471.25
210.194344550,496.77
210.217344176,496.77
210.240648348,496.77
210.264295661,496.77
210.287542905,525.09
210.311209962,525.09
210.334490103,525.09
210.357710019,525.09
210.381059248,526.05
210.404530943,526.05
210.427810924,526.05
210.451765824,526.05
210.475097773,526.05
210.498521723,524.95
210.522123276,524.95
210.545473177,524.95
210.569921075,524.95
210.593494979,531.72
210.616470284,531.72
210.639601143,531.72
210.664046673,531.72
210.687328285,545.12
210.710846253,545.12
210.734327356,545.12
210.759160858,545.12
210.782531368,591.55
210.806690975,591.55
210.829967819,591.55
210.853913791,591.55
210.877391086,591.55
210.901082527,596.09
210.924347244,596.09
210.947766298,596.09
210.972516760,596.09
210.996456844,598.40
211.019763545,598.40
211.043447562,598.40
211.067406206,598.40
211.090747660,596.86
211.120226336,596.86
211.143503084,596.86
211.167652611,596.86
211.191134066,592.81
211.214719746,592.81
211.237993166,592.81
211.261588766,592.81
211.284716937,592.81
211.308270457,593.44
211.331782184,593.44
211.355444761,593.44
211.378978473,593.44
211.402594777,595.93
211.425412928,595.93
211.449029617,595.93
211.473263912,595.93
211.496595382,596.95
211.520519370,596.95
211.543762262,596.95
211.566966817,596.95
211.590733172,593.02
211.614364388,593.02
211.637647921,593.02
211.661359074,593.02
211.684823857,593.02
211.707918939,591.40
211.731420363,591.40
211.754601910,591.40
211.778554826,591.40
211.802162907,593.43
211.825237061,593.43
211.848476081,593.43
211.872559079,593.43
211.895781427,591.55
211.919256738,591.55
211.942875954,591.55
211.965605336,591.55
211.989165992,591.55
212.012428788,588.54
212.035863203,588.54
212.059205104,588.54
212.082904065,588.54
212.113406977,593.50
212.136273449,593.50
212.159140177,593.50
212.182383325,593.50
212.205453831,596.36
212.228668435,596.36
212.252045505,596.36
212.276137463,596.36
212.299383459,582.12
212.322615695,582.12
212.346164671,582.12
212.369435531,582.12
212.392934970,582.12
212.416509258,554.59
212.439818199,554.59
212.463003074,554.59
212.486241103,554.59
212.509662077,517.86
212.532961450,517.86
212.556424696,517.86
212.580068361,517.86
212.603211604,496.08
212.626574625,496.08
212.650130897,496.08
212.673164603,496.08
212.697658998,464.69
212.721646698,464.69
212.745471037,464.69
212.768195011,464.69
212.790933930,464.69
212.813971475,419.36
212.837661221,419.36
212.864493850,419.36
212.888340909,419.36
212.911917757,420.10
212.935653487,420.10
212.959041853,420.10
212.982287497,420.10
213.005764312,421.66
213.029169446,421.66
213.052431826,421.66
213.076027395,421.66
213.099272687,421.66
213.122378041,416.79
213.145847304,416.79
213.169191573,416.79
213.193331340,416.79
213.216575448,415.73
213.240031975,415.73
213.263337811,415.73
213.286961828,415.73
213.310236721,415.73
213.333922914,434.97
213.357344528,434.97
213.380254456,434.97
213.403707111,434.97
213.427011540,464.61
213.450311584,464.61
213.473748975,464.61
213.497061852,464.61
213.520625004,493.34
213.544210268,493.34
213.567565129,493.34
213.591658271,493.34
213.615152654,521.41
213.638257465,521.41
213.661763880,521.41
213.685274775,521.41
213.708689605,521.41
213.732443607,549.98
213.755197310,549.98
213.778528363,549.98
213.801655158,549.98
213.825064580,596.59
213.848685012,596.59
213.871949345,596.59
213.895284974,596.59
213.918301015,602.59
213.941933992,602.59
213.965639770,602.59
213.989198153,602.59
214.012414197,602.72
214.035576128,602.72
214.058841613,602.72
214.082025304,602.72
214.114221132,603.69
214.137695578,603.69
214.160842213,603.69
214.184035473,603.69
214.207651617,603.69
214.230862285,603.67
214.254527614,603.67
214.277469991,603.67
214.300707059,603.67
214.323928383,604.69
214.347139275,604.69
214.370544473,604.69
214.394032776,604.69
214.417262100,605.47
214.440491424,605.47
214.463795180,605.47
214.487327964,605.47
214.511080878,605.47
214.534707711,607.24
214.557840617,607.24
214.581109462,607.24
214.604143392,607.24
214.627165481,602.74
214.650556375,602.74
214.673745378,602.74
214.697078000,602.74
214.719901271,596.28
214.743106819,596.28
214.766628402,596.28
214.790450213,596.28
214.814323832,569.67
214.837475523,569.67
214.860002503,569.67
214.882347593,569.67
214.905198865,569.67
214.928529278,529.02
214.956734435,529.02
214.980251954,529.02
215.004244679,529.02
215.028140251,525.88
215.051766892,525.88
215.075194938,525.88
215.098708521,525.88
215.122013334,524.86
215.145356259,524.86
215.169030676,524.86
215.192416226,524.86
215.216187412,523.16
215.239844965,523.16
215.263477206,523.16
215.287596940,523.16
215.311618849,523.16
215.335804952,521.43
215.360094320,521.43
215.384063493,521.43
215.407799127,521.43
215.431909773,524.76
215.455225082,524.76
215.478916267,524.76
215.502959713,524.76
215.526795124,518.58
215.550852329,518.58
215.574741725,518.58
215.598193195,518.58
215.622194880,518.90
215.645677103,518.90
215.669306272,518.90
215.693077810,518.90
215.716757987,518.90
215.740503509,530.41
215.763890275,530.41
215.786991277,530.41
215.810706143,530.41
215.834205774,556.99
215.857399482,556.99
215.881006506,556.99
215.904301047,556.99
215.927774437,596.47
215.951613272,596.47
215.974994950,596.47
215.998232274,596.47
216.021811522,599.00
216.045239761,599.00
216.068791392,599.00
216.092410609,599.00
216.121163420,599.00
216.144406857,596.66
216.167272176,596.66
216.189959702,596.66
216.212974304,596.66
216.236424622,600.01
216.259325462,600.01
216.282496994,600.01
216.305325385,600.01
216.328439028,600.01
216.352473961,579.66
216.375869751,579.66
216.399281573,579.66
216.423112664,579.66
216.446227938,547.91
216.469478095,547.91
216.492888317,547.91
216.517474232,547.91
216.541232267,516.85
216.565378977,516.85
216.588658158,516.85
216.612010139,516.85
216.635122342,490.13
216.658855607,490.13
216.681927138,490.13
216.705606003,490.13
216.728917888,490.13
216.751385955,449.59
216.774216586,449.59
216.797302965,449.59
216.820871589,449.59
216.844875577,426.73
216.868649740,426.73
216.892227708,426.73
216.916131791,426.73
216.939426556,423.92
216.962863371,423.92
216.986205432,423.92
217.009443012,423.92
217.033008148,423.92
217.056448610,425.85
217.079415947,425.85
217.113410707,425.85
217.136788897,425.85
217.159748138,422.34
217.182842644,422.34
217.205806589,422.34
217.229619760,422.34
217.253207200,406.88
217.276956210,406.88
217.300314496,406.88
217.323829839,406.88
217.346357555,388.92
217.369254779,388.92
217.392807275,388.92
217.416857760,388.92
217.440361135,388.92
217.464123745,406.88
217.487858483,406.88
217.511579269,406.88
217.535236854,406.88
217.559376844,434.94
217.582954972,434.94
217.606477036,434.94
217.630459456,434.94
217.653734573,462.23
217.676910840,462.23
217.700607561,462.23
217.724106392,462.23
217.747913643,492.65
217.771551740,492.65
217.794539717,492.65
217.817956307,492.65
217.841459042,492.65
217.864597037,522.84
217.888287775,522.84
217.911857166,522.84
217.935401150,522.84
217.959030991,520.91
217.982554494,520.91
218.005522055,520.91
218.029259161,520.91
218.052662055,523.63
218.075992724,523.63
218.102312004,523.63
218.125083466,523.63
218.148462168,523.63
218.172006344,508.03
218.195453206,508.03
218.218848740,508.03
218.242557526,508.03
218.266092485,496.37
218.288918284,496.37
218.311485201,496.37
218.334420761,496.37
218.357951849,492.30
218.381536345,492.30
218.404993447,492.30
218.428408310,492.30
218.452243913,513.80
218.475300019,513.80
218.498942115,513.80
218.522137871,513.80
218.545539389,513.80
218.569241294,515.58
218.592568059,515.58
218.616320077,515.58
218.639936094,515.58
218.663503886,511.13
218.686743674,511.13
218.710558285,511.13
218.734278654,511.13
218.757738893,509.15
218.781176027,509.15
218.804330854,509.15
218.827769653,509.15
218.851321412,509.15
218.874622833,513.58
218.897856125,513.58
218.921127882,513.58
218.944503767,513.58
218.967740995,512.56
218.991370164,512.56
219.014383198,512.56
219.037997166,512.56
219.061319131,507.29
219.084789354,507.29
219.119432217,507.29
219.143722386,507.29
219.169519227,520.23
219.193114572,520.23
219.216597626,520.23
219.240240171,520.23
219.263517240,563.06
219.286481121,563.06
219.310134865,563.06
219.333690881,563.06
219.356891309,593.17
219.380382876,593.17
219.403651560,593.17
219.426978261,593.17
219.450390595,593.17
219.473614063,590.02
219.497292097,590.02
219.520801040,590.02
219.544211294,590.02
219.567853007,589.46
219.591950149,589.46
219.615333842,589.46
219.639084484,589.46
219.662618452,591.08
219.686481191,591.08
219.710234809,591.08
219.733675208,591.08
219.757309816,591.08
219.781375630,594.43
219.804784028,594.43
219.828579758,594.43
219.852199007,594.43
219.875830480,591.21
219.899621698,591.21
219.923214962,591.21
219.946587712,591.21
219.970684758,593.53
219.994423592,593.53
220.018203354,593.53
220.042098350,593.53
220.066095906,593.59
220.089877173,593.59
220.120136274,593.59
220.143958021,593.59
220.167108464,593.59
220.190420861,595.58
220.217854297,595.58
220.242110033,595.58
220.265670497,595.58
220.288918061,585.86
220.312303067,585.86
220.335817610,585.86
220.359860415,585.86
220.383248653,577.09
220.406989279,577.09
220.430644240,577.09
220.454544036,577.09
220.478161908,578.86
220.501544642,578.86
220.524856015,578.86
220.547964633,578.86
220.571151461,578.86
220.594194991,580.39
220.617874784,580.39
220.641583377,580.39
220.665063840,580.39
220.688447086,575.38
220.712121119,575.38
220.735613870,575.38
220.759206430,575.38
220.782513355,573.83
220.806302750,573.83
220.829942062,573.83
220.853881795,573.83
220.878372125,573.43
220.901915853,573.43
220.925518397,573.43
220.950535614,573.43
220.974382161,574.28
220.997839583,574.28
221.021434991,574.28
221.044711932,574.28
221.068265996,574.28
221.091673786,577.28
221.120071777,577.28
221.144153783,577.28
221.168036715,577.28
221.191623451,577.06
221.215260748,577.06
221.238608889,577.06
221.264767783,577.06
221.288073076,585.76
221.311618915,585.76
221.334959856,585.76
221.358320894,585.76
221.381459913,595.41
221.404849399,595.41
221.428089379,595.41
221.451188557,595.41
221.474917343,597.46
221.498548976,597.46
221.522414339,597.46
221.546017523,597.46
221.569774821,597.46
221.593227604,597.43
221.617161704,597.43
221.640329171,597.43
221.664066277,597.43
221.687498163,603.76
221.710936354,603.76
221.734253519,603.76
221.758634024,603.76
221.781816500,604.16
221.805828104,604.16
221.829045236,604.16
221.852232192,604.16
221.876068595,608.21
221.898932123,608.21
221.922378761,608.21
221.945756407,608.21
221.969471656,608.21
221.993088281,610.35
222.017029645,610.35
222.040155256,610.35
222.063883369,610.35
222.087747677,607.71
222.120616920,607.71
222.144638349,607.71
222.168171517,607.71
222.191883918,605.44
222.215433694,605.44
222.238937389,605.44
222.262664767,605.44
222.285583911,606.94
222.309819455,606.94
222.333085803,606.94
222.356869917,606.94
222.380034889,590.02
222.403680889,590.02
222.427257161,590.02
222.450822393,590.02
222.474104614,590.02
222.497568821,557.05
222.520578078,557.05
222.544782517,557.05
222.568479175,557.05
222.592235641,527.20
222.615109185,527.20
222.637574148,527.20
222.660312586,527.20
222.684045436,490.64
222.707851566,490.64
222.731404606,490.64
222.754826668,490.64
222.778502334,490.64
222.801609672,489.95
222.824814324,489.95
222.847956319,489.95
222.871066825,489.95
222.894412663,485.95
222.918198633,485.95
222.941129938,485.95
222.964391262,485.95
222.987417512,482.37
223.010567027,482.37
223.033708062,482.37
223.056725351,482.37
223.079335628,482.95
223.113257363,482.95
223.136444383,482.95
223.159975438,482.95
223.183383996,482.95
223.206829675,452.97
223.230707038,452.97
223.253697415,452.97
223.276563311,452.97
223.299565529,425.06
223.323550445,425.06
223.347115197,425.06
223.370735150,425.06
223.394148220,406.88
223.417859885,406.88
223.441475774,406.88
223.464558632,406.88
223.487443504,406.88
223.510610171,408.03
223.534185867,408.03
223.557782876,408.03
223.581499469,408.03
223.605127582,411.95
223.628229992,411.95
223.650698059,411.95
223.673395569,411.95
223.696171896,404.79
223.719875561,404.79
223.743994528,404.79
223.767641424,404.79
223.791222080,403.31
223.815182485,403.31
223.838177214,403.31
223.862055186,403.31
223.885501440,403.31
223.908708428,400.00
223.932496702,400.00
223.955783915,400.00
223.979209721,400.00
224.003260431,399.00
224.026613564,399.00
224.050251565,399.00
224.075124204,399.00
224.098598362,403.02
224.122427917,403.02
224.146213824,403.02
224.169712911,403.02
224.193295455,427.47
224.217214163,427.47
224.240386142,427.47
224.263590026,427.47
224.287132025,427.47
224.310452262,459.99
224.333856884,459.99
224.357769320,459.99
224.380823922,459.99
224.404350498,490.07
224.427795216,490.07
224.451545730,490.07
224.475280436,490.07
224.498904932,517.61
224.521892046,517.61
224.545520350,517.61
224.569175375,517.61
224.592546429,517.61
224.616070860,547.80
224.639556379,547.80
224.662850760,547.80
224.686908701,547.80
224.709878950,590.14
224.732903408,590.14
224.756226429,590.14
224.781039931,590.14
224.804292519,587.79
224.827496179,587.79
224.850367483,587.79
224.873805833,587.79
224.897712413,587.79
224.921196588,560.76
224.944121205,560.76
224.967547843,560.76
224.991341429,560.76
225.014330847,532.53
225.036947907,532.53
225.059595689,532.53
225.083475804,532.53
225.123449193,499.27
225.146859095,499.27
225.170314854,499.27
225.193703284,499.27
225.217414085,499.27
225.240891860,494.27
225.264419748,494.27
225.287762033,494.27
225.311148479,494.27
225.335033810,497.74
225.358370143,497.74
225.381593323,497.74
225.405195804,497.74
225.428581225,497.56
225.452734208,497.56
225.476165902,497.56
225.500017410,497.56
225.523522865,501.14
225.546777501,501.14
225.569792902,501.14
225.593482520,501.14
225.616754212,501.14
225.639885103,498.29
225.662880440,498.29
225.686664971,498.29
225.710367164,498.29
225.733905580,502.77
225.756924597,502.77
225.780378372,502.77
225.803892339,502.77
225.826941661,509.60
225.850358475,509.60
225.873694616,509.60
225.896771587,509.60
225.920060015,536.09
225.943470493,536.09
225.966698121,536.09
225.990182584,536.09
226.013709896,536.09
226.037204023,575.54
226.060523620,575.54
226.083592238,575.54
226.114291952,575.54
226.137574812,603.96
226.160840553,603.96
226.184414809,603.96
226.207739814,603.96
226.231349590,603.49
226.254689508,603.49
226.277952400,603.49
226.300992730,603.49
226.324461224,603.49
226.348051321,602.32
226.371284229,602.32
226.395273753,602.32
226.418595654,602.32
226.441967636,603.37
226.465695558,603.37
226.489252854,603.37
226.513430636,603.37
226.537033981,604.97
226.559967941,604.97
226.583287282,604.97
226.606768961,604.97
226.630020365,604.97
226.653009271,601.58
226.676062081,601.58
226.699322797,601.58
226.722418071,601.58
226.745710212,594.28
226.768790830,594.28
226.792119707,594.28
226.815700811,594.28
226.839135130,572.83
226.862151267,572.83
226.884795753,572.83
226.907757777,572.83
226.931289057,572.83
226.954804560,545.17
226.978161502,545.17
227.001831855,545.17
227.025175900,545.17
227.048416616,516.80
227.071059533,516.80
227.093421327,516.80
227.140108522,516.80
227.163680954,469.65
227.187279978,469.65
227.210653080,469.65
227.234647597,469.65
227.258331966,468.28
227.281506185,468.28
227.305853218,468.28
227.329399154,468.28
227.352829216,465.67
227.376442224,465.67
227.400089057,465.67
227.423178667,465.67
227.446804924,465.67
227.469970247,462.78
227.493405878,462.78
227.516863716,462.78
227.540343219,462.78
227.564298471,463.98
227.590302643,463.98
227.613990949,463.98
227.637467988,463.98
227.661080868,464.68
227.684004332,464.68
227.708038882,464.68
227.731602993,464.68
227.754854142,471.79
227.778268172,471.79
227.802348674,471.79
227.825446700,471.79
227.849141117,471.79
227.872630732,497.02
227.896010266,497.02
227.919692811,497.02
227.943142362,497.02
227.966523176,518.99
227.990921569,518.99
228.014625042,518.99
228.038565575,518.99
228.062486939,547.92
228.086054506,547.92
228.120317334,547.92
228.144012327,547.92
228.167126930,595.12
228.190868100,595.12
228.214524501,595.12
228.237897954,595.12
228.261085166,595.05
228.283946005,595.05
228.307447909,595.05
228.330848019,595.05
228.353732827,599.08
228.376795365,599.08
228.399714989,599.08
228.423174492,599.08
228.446588234,599.08
228.469487026,602.52
228.493051106,602.52
228.517281721,602.52
228.540559718,602.52
228.563691345,603.02
228.587228640,603.02
228.610253642,603.02
228.633432149,603.02
228.656585216,600.86
228.680139952,600.86
228.703728512,600.86
228.727131150,600.86
228.750553052,600.86
228.773910634,601.36
228.797323960,601.36
228.820690085,601.36
228.844478968,601.36
228.867571522,602.82
228.890730829,602.82
228.914235645,602.82
228.937269958,602.82
228.960979032,603.97
228.984544520,603.97
229.007773876,603.97
229.030865566,603.97
229.054208875,603.97
229.077825596,603.66
229.101346891,603.66
229.124859130,603.66
229.148313865,603.66
229.171247473,599.49
229.194254043,599.49
229.217337349,599.49
229.240536529,599.49
229.263752733,594.30
229.286540643,594.30
229.309541261,594.30
229.332125393,594.30
229.354832247,594.30
229.377839201,549.23
229.401262063,549.23
229.424735262,549.23
229.448279565,549.23
229.471439096,540.72
229.495404333,540.72
229.518306709,540.72
229.541362815,540.72
229.564844078,539.49
229.588241596,539.49
229.611512712,539.49
229.635441628,539.49
229.658813898,539.49
229.682281721,539.50
229.705846345,539.50
229.729096469,539.50
229.753334796,539.50
229.776577625,541.62
229.799626595,541.62
229.823344308,541.62
229.847023301,541.62
229.870109040,540.40
229.893638815,540.40
229.917049965,540.40
229.940343866,540.40
229.963708647,540.40
229.987313016,542.41
230.010501667,542.41
230.034410615,542.41
230.057077757,542.41
230.080070726,537.45
230.113518408,537.45
230.136407472,537.45
230.160487045,537.45
230.183969492,526.87
230.207995817,526.87
230.231534873,526.87
230.254825702,526.87
230.278157523,498.98
230.301239133,498.98
230.324434025,498.98
230.347855191,498.98
230.371174020,511.65
230.394433680,511.65
230.417685757,511.65
230.440671206,511.65
230.463938098,511.65
230.487302432,493.87
230.510746286,493.87
230.534312446,493.87
230.557927246,493.87
230.581432734,470.08
230.604695754,470.08
230.628141656,470.08
230.651289507,470.08
230.674168107,422.98
230.728341916,422.98
230.752201328,422.98
230.776083427,422.98
230.799768404,404.64
230.823223491,404.64
230.846739058,404.64
230.869966910,404.64
230.893061225,404.64
230.916321557,402.91
230.939456704,402.91
230.962580010,402.91
230.986396381,402.91
231.009640265,402.32
231.033334363,402.32
231.056911115,402.32
231.080629660,402.32
231.113841980,393.62
231.137639342,393.62
231.161150909,393.62
231.184802830,393.62
231.208139291,413.60
231.231647627,413.60
231.255381308,413.60
231.279856343,413.60
231.303446631,436.12
231.327146744,436.12
231.351051692,436.12
231.374602108,436.12
231.398294701,467.83
231.422162816,467.83
231.445721328,467.83
231.469218975,467.83
231.492608461,467.83
231.516397503,493.32
231.540222258,493.32
231.563555199,493.32
231.587587349,493.32
231.611194373,516.11
231.634761621,516.11
231.658140771,516.11
231.681712883,516.11
231.705363747,556.25
231.728625296,556.25
231.751849148,556.25
231.778541264,556.25
231.802144992,570.69
231.826001299,570.69
231.849708645,570.69
231.873299285,570.69
231.896715459,570.69
231.919778445,570.24
231.943823938,570.24
231.967075566,570.24
231.989956982,570.24
232.013262467,574.33
232.036662449,574.33
232.060012991,574.33
232.083712720,574.33
232.113969357,578.21
232.137222681,578.21
232.160158370,578.21
232.183279053,578.21
232.206972414,578.21
232.230367628,548.28
232.253893691,548.28
232.277517868,548.28
232.301192381,548.28
232.324074213,523.96
232.347498835,523.96
232.370531965,523.96
232.394092429,523.96
232.417492795,497.97
232.440902249,497.97
232.464467864,497.97
232.487919047,497.97
232.511569176,472.46
232.534737507,472.46
232.557856206,472.46
232.580684661,472.46
232.604089123,472.46
232.627544466,444.52
232.651277572,444.52
232.675281496,444.52
232.698997802,444.52
232.721946739,413.71
232.744686969,413.71
232.767607777,413.71
232.791262130,413.71
232.816860954,380.73
232.840648876,380.73
232.866856506,380.73
232.890656781,380.73
232.914341182,381.76
232.938776728,381.76
232.962540522,381.76
232.986585568,381.76
233.010261105,381.76
233.033546493,379.53
233.057145550,379.53
233.080842687,379.53
233.113720154,385.47
233.137533997,385.47
233.160834970,385.47
233.184210247,385.47
233.208086107,385.47
233.231388328,398.50
233.254640244,398.50
233.277847328,398.50
233.301383119,398.50
233.325139585,397.60
233.349681980,397.60
233.372979465,397.60
233.395741936,397.60
233.418595063,388.63
233.441500128,388.63
233.464776204,388.63
233.488939011,388.63
233.513165274,396.52
233.536959309,396.52
233.561326214,396.52
233.585016983,396.52
233.608605031,396.52
233.632762654,423.61
233.656225133,423.61
233.679887774,423.61
233.703679504,423.61
233.726649881,458.18
233.750491340,458.18
233.774335583,458.18
233.798140530,458.18
233.821689889,490.32
233.845579893,490.32
233.870491444,490.32
233.894264487,490.32
233.918115706,488.42
233.941588457,488.42
233.965476156,488.42
233.988902474,488.42
234.012408314,488.42
234.036080907,489.23
234.059351063,489.23
234.082706309,489.23
234.114611349,489.23
234.137967618,490.74
234.161339664,490.74
234.184478523,490.74
234.207794952,490.74
234.231170677,512.66
234.254608292,512.66
234.277586029,512.66
234.301187229,512.66
234.324504714,537.34
234.348138843,537.34
234.371800364,537.34
234.395227514,537.34
234.418333348,576.52
234.441737970,576.52
234.465334179,576.52
234.488944627,576.52
234.512867367,576.52
234.536066611,597.42
234.559613634,597.42
234.583022064,597.42
234.606474719,597.42
234.630099663,600.91
234.653663071,600.91
234.677045357,600.91
234.700580508,600.91
234.723963178,600.42
234.747319832,600.42
234.770951048,600.42
234.794331062,600.42
234.818363627,600.42
234.841939259,601.00
234.865578956,601.00
234.889016666,601.00
234.913905913,601.00
234.936872930,601.35
234.960725845,601.35
234.984108867,601.35
235.007882293,601.35
235.031360964,603.22
235.055204535,603.22
235.078592933,603.22
235.113585817,603.22
235.137310923,598.76
235.161212446,598.76
235.185291028,598.76
235.208577889,598.76
235.232290034,596.59
235.256225318,596.59
235.280093882,596.59
235.304179472,596.59
235.327821504,596.59
235.350732329,598.61
235.374313561,598.61
235.398191212,598.61
235.422155393,598.61
235.445992947,596.41
235.469528387,596.41
235.492514700,596.41
235.515819897,596.41
235.539238919,593.84
235.562625269,593.84
235.586180613,593.84
235.609299791,593.84
235.633009281,592.37
235.656871252,592.37
235.680658695,592.37
235.704301143,592.37
235.728039497,592.37
235.751427447,595.69
235.775449356,595.69
235.799176702,595.69
235.823298868,595.69
235.847123943,596.76
235.871056987,596.76
235.894661963,596.76
235.918509087,596.76
235.941914540,592.99
235.968757506,592.99
235.992189456,592.99
236.016055012,592.99
236.039655220,595.36
236.063543624,595.36
236.087167512,595.36
236.119925330,595.36
236.143228543,598.28
236.166521900,598.28
236.190073051,598.28
236.213525226,598.28
236.237516287,599.62
236.260833164,599.62
236.284226265,599.62
236.307104449,599.62
236.330215756,599.62
236.353029683,598.74
236.376220639,598.74
236.399330057,598.74
236.422940954,598.74
236.446444329,596.17
236.469784310,596.17
236.493317541,596.17
236.516849365,596.17
236.540219330,589.62
236.563720594,589.62
236.587149856,589.62
236.610144073,589.62
236.633446390,589.62
236.657230056,593.28
236.681827076,593.28
236.705718392,593.28
236.729801069,593.28
236.753705473,585.52
236.778109179,585.52
236.801743691,585.52
236.825795841,585.52
236.849203887,586.58
236.872902976,586.58
236.896539345,586.58
236.920670599,586.58
236.944171222,584.39
236.967785991,584.39
236.991388695,584.39
237.018237005,584.39
237.041962206,582.23
237.065473390,582.23
237.089170303,582.23
237.120823372,582.23
237.144242042,582.41
237.168077357,582.41
237.191789279,582.41
237.214873225,582.41
237.237821330,582.41
237.261046110,581.60
237.284417675,581.60
237.308369504,581.60
237.331813742,581.60
237.355278621,576.54
237.379030799,576.54
237.403176549,576.54
237.426711221,576.54
237.450558888,581.80
237.474278490,581.80
237.498129389,581.80
237.521768894,581.80
237.545494799,587.13
237.569384483,587.13
237.592821009,587.13
237.616551555,587.13
237.640065618,587.13
237.663410848,587.28
237.687400596,587.28
237.710788162,587.28
237.734508948,587.28
237.758092324,590.98
237.781873750,590.98
237.805618504,590.98
237.829368890,590.98
237.852961706,586.50
237.876576923,586.50
237.900416238,586.50
237.923941693,586.50
237.947519597,589.32
237.971019260,589.32
237.994501643,589.32
238.017880249,589.32
238.041053636,589.32
238.065351452,592.92
238.088757386,592.92
238.119452556,592.92
238.142561399,592.92
238.166015526,566.01
238.189656342,566.01
238.213649099,566.01
238.237401629,566.01
238.261145583,538.13
238.284622302,538.13
238.307896298,538.13
238.330954804,538.13
238.354506660,513.00
238.377821649,513.00
238.401813702,513.00
238.425336405,513.00
238.448839972,513.00
238.471437641,479.20
238.494311345,479.20
238.517249017,479.20
238.540751657,479.20
238.564906847,445.89
238.588549104,445.89
238.612280418,445.89
238.636307575,445.89
238.660206411,447.64
238.683554200,447.64
238.707246441,447.64
238.730625911,447.64
238.754698029,448.13
238.778122427,448.13
238.801446120,448.13
238.824666292,448.13
238.847802399,448.13
238.871252237,450.92
238.894552250,450.92
238.918427085,450.92
238.942161951,450.92
238.965073991,446.29
238.988744601,446.29
239.012737133,446.29
239.036546592,446.29
239.060164720,414.44
239.083570718,414.44
239.116728669,414.44
239.140606000,414.44
239.165737490,407.89
239.188582778,407.89
239.211291712,407.89
239.234118631,407.89
239.257196977,394.53
239.281020644,394.53
239.304781238,394.53
239.328607657,394.53
239.352615774,394.53
239.376491954,421.54
239.399918848,421.54
239.423857524,421.54
239.447455172,421.54
239.470899955,461.62
239.494619556,461.62
239.518031570,461.62
239.541660355,461.62
239.565637688,483.19
239.589261608,483.19
239.613140412,483.19
239.637142672,483.19
239.660979299,482.04
239.685010009,482.04
239.708989805,482.04
239.732970306,482.04
239.756870454,480.44
239.780793962,480.44
239.804185976,480.44
239.828012074,480.44
239.851905246,480.44
239.875343948,483.45
239.899044862,483.45
239.922560781,483.45
239.946160957,483.45
239.969925711,485.74
239.993465535,485.74
240.017088751,485.74
240.040756193,485.74
240.064006893,513.97
240.087389594,513.97
240.119833297,513.97
240.143392257,513.97
240.169343276,542.83
240.192924956,542.83
240.216455659,542.83
240.239977051,542.83
240.262798466,559.58
240.285585385,559.58
240.309105048,559.58
240.332660520,559.58
240.357202339,559.58
240.381013206,540.59
240.404874505,540.59
240.428724444,540.59
240.452196747,540.59
240.475633433,541.76
240.498716740,541.76
240.521754189,541.76
240.545593728,541.76
240.568732619,546.18
240.592002296,546.18
240.615874571,546.18
240.639256345,546.18
240.662713575,546.18
240.686473882,537.37
240.709790630,537.37
240.733138132,537.37
240.756991495,537.37
240.780312020,530.53
240.804229800,530.53
240.827489172,530.53
240.851425384,530.53
240.875245787,528.07
240.898996941,528.07
240.922414651,528.07
240.946260174,528.07
240.969564635,531.32
240.993149835,531.32
241.016780252,531.32
241.040041032,531.32
241.063563064,531.32
241.087187976,534.27
241.121679222,534.27
241.145299431,534.27
241.169030392,534.27
241.192555464,532.91
241.219795234,532.91
241.242892716,532.91
241.266403132,532.91
241.290093517,553.20
241.313581148,553.20
241.337665266,553.20
241.360948542,553.20
241.384283339,581.83
241.407284757,581.83
241.430709603,581.83
241.454148209,581.83
241.477355229,584.15
241.500393095,584.15
241.523959735,584.15
241.547158722,584.15
241.570756083,584.15
241.594499716,560.52
241.618435961,560.52
241.641872231,560.52
241.664970737,560.52
241.687547126,526.70
241.710133306,526.70
241.733485320,526.70
241.757409308,526.70
241.780957899,513.03
241.804521531,513.03
241.828031850,513.03
241.851709468,513.03
241.875106954,513.03
241.898787771,516.54
241.922466828,516.54
241.946331711,516.54
241.970037521,516.54
241.993132539,517.02
242.016642698,517.02
242.040490813,517.02
242.064432722,517.02
242.088124707,515.47
242.119795504,515.47
242.143549698,515.47
242.167498263,515.47
242.191223112,513.35
242.215028219,513.35
242.239068752,513.35
242.263015236,513.35
242.287228412,509.75
242.311207536,509.75
242.335124484,509.75
242.358999224,509.75
242.383013517,511.73
242.406675518,511.73
242.431311386,511.73
242.455120589,511.73
242.478696796,511.73
242.502309581,510.04
242.525914429,510.04
242.549504173,510.04
242.573267968,510.04
242.596462571,531.20
242.619843897,531.20
242.643375880,531.20
242.667087258,531.20
242.690131268,570.26
242.713531122,570.26
242.736692765,570.26
242.759827944,570.26
242.782887442,570.26
242.805875771,590.53
242.829305161,590.53
242.852436724,590.53
242.875693632,590.53
242.899172943,570.74
242.922699327,570.74
242.946007499,570.74
242.969404921,570.74
242.992683462,540.45
243.015792240,540.45
243.039154526,540.45
243.062557740,540.45
243.085953018,512.54
243.119358395,512.54
243.142780041,512.54
243.166216760,512.54
243.189822120,512.54
243.213140405,484.98
243.236199423,484.98
243.258858180,484.98
243.281781997,443.67
243.323323852,443.67
243.347150015,443.67
243.373080938,443.67
243.396739163,443.67
243.420255466,442.07
243.443973820,442.07
243.467606860,442.07
243.491182396,442.07
243.514783533,441.47
243.539377832,441.47
243.562490163,441.47
243.586039651,441.47
243.609574706,442.23
243.633723817,442.23
243.657192280,442.23
243.681297486,442.23
243.704436121,449.07
243.728963092,449.07
243.752490211,449.07
243.776157012,449.07
243.800159337,448.95
243.823280724,448.95
243.846744930,448.95
243.869931566,448.95
243.893427805,448.95
243.916839243,468.82
243.940558940,468.82
243.964221261,468.82
243.988253763,468.82
244.012103862,501.65
244.036226476,501.65
244.060029023,501.65
244.083458221,501.65
244.114457043,524.23
244.138130116,524.23
244.161479345,524.23
244.185258435,524.23
244.208730866,561.80
244.231652315,561.80
244.255162282,561.80
244.278727834,561.80
244.302088583,597.33
244.325583702,597.33
244.349065509,597.33
244.372365426,597.33
244.396089635,597.33
244.419993911,596.76
244.443174787,596.76
244.466935573,596.76
244.490339203,596.76
244.513915187,595.78
244.537593828,595.78
244.561415863,595.78
244.584925638,595.78
244.608965403,598.23
244.632045733,598.23
244.655629589,598.23
244.679210981,598.23
244.702857462,594.91
244.725969377,594.91
244.749336206,594.91
244.772480633,594.91
244.795923464,594.91
244.819256309,587.43
244.842910534,587.43
244.865793294,587.43
244.889581984,587.43
244.912861293,565.30
244.936563422,565.30
244.959744554,565.30
244.983364890,565.30
245.006823017,535.10
245.029970164,535.10
245.052918013,535.10
245.076310090,535.10
245.100043516,535.10
245.123541995,508.15
245.147601921,508.15
245.171085936,508.15
245.193855126,508.15
245.216321145,469.45
245.239270946,469.45
245.262854098,469.45
245.286977417,469.45
245.310655258,448.41
245.334556141,448.41
245.358125469,448.41
245.381718317,448.41
245.405498048,448.41
245.429500021,449.37
245.453890766,449.37
245.477507743,449.37
245.501219696,449.37
245.524142041,452.40
245.548384496,452.40
245.571362617,452.40
245.594794504,452.40
245.617879794,452.53
245.641036957,452.53
245.664116359,452.53
245.687506037,452.53
245.710193499,452.53
245.733439943,443.26
245.756717620,443.26
245.779876895,443.26
245.803152843,443.26
245.826238997,420.25
245.849840070,420.25
245.872919952,420.25
245.896287198,420.25
245.919746284,412.41
245.943401501,412.41
245.967593972,412.41
245.991116835,412.41
246.014927894,418.70
246.038249859,418.70
246.061536464,418.70
246.084606298,418.70
246.114349713,432.27
246.138062947,432.27
246.161421584,432.27
246.184890527,432.27
246.208477679,432.27
246.231374711,463.59
246.254677252,463.59
246.278138354,463.59
246.301753635,463.59
246.325358067,489.74
246.348831138,489.74
246.371703818,489.74
246.395860993,489.74
246.419721108,488.45
246.443012129,488.45
246.469188878,488.45
246.492537212,488.45
246.516346062,486.22
246.540593350,486.22
246.564135830,486.22
246.587609573,486.22
246.611582937,486.22
246.635041544,487.06
246.658600919,487.06
246.681865156,487.06
246.705307314,487.06
246.728863650,493.45
246.752197295,493.45
246.775205913,493.45
246.798966187,493.45
246.822339768,516.28
246.845826343,516.28
246.869094644,516.28
246.892491202,516.28
246.915840399,551.78
246.939495968,551.78
246.962938254,551.78
246.986382941,551.78
247.010000045,551.78
247.033212057,578.71
247.056936971,578.71
247.080507707,578.71
247.114065374,578.71
247.137794991,592.63
247.161509697,592.63
247.185056945,592.63
247.208638849,592.63
247.232095887,590.20
247.255787425,590.20
247.279181134,590.20
247.302692990,590.20
247.326270574,584.59
247.350219010,584.59
247.373226219,584.59
247.395764207,584.59
247.418481845,584.59
247.441447678,544.15
247.464825548,544.15
247.488329019,544.15
247.511839018,544.15
247.535319961,536.08
247.561220740,536.08
247.584390799,536.08
247.607864894,536.08
247.631378893,533.44
247.654607449,533.44
247.678219498,533.44
247.701572855,533.44
247.724569984,534.55
247.747727596,534.55
247.771318876,534.55
247.794712714,534.55
247.818094999,534.55
247.842092556,537.20
247.866253251,537.20
247.889813651,537.20
247.913128224,537.20
247.936564270,515.91
247.960185278,515.91
247.983853583,515.91
248.007431615,515.91
248.030812333,483.21
248.054179259,483.21
248.077925485,483.21
248.102011651,483.21
248.125179150,483.21
248.148051734,449.48
248.170650138,449.48
248.193628579,449.48
248.217643736,449.48
248.241680846,423.37
248.265583105,423.37
248.289306547,423.37
248.313578923,423.37
248.336838647,431.22
248.361083375,431.22
248.384664959,431.22
248.408171214,431.22
248.432048258,467.11
248.455061419,467.11
248.478556058,467.11
248.502148586,467.11
248.525492728,467.11
248.548970951,485.13
248.573081085,485.13
248.596016869,485.13
248.619528084,485.13
248.643002019,481.23
248.666450130,481.23
248.690166435,481.23
248.714318426,481.23
248.737301955,481.27
248.761257687,481.27
248.784903560,481.27
248.808243413,481.27
248.832392204,483.69
248.856125470,483.69
248.879790479,483.69
248.903831172,483.69
248.927291635,483.69
248.950896611,501.22
248.974402546,501.22
248.997343067,501.22
249.021413457,501.22
249.044717437,524.42
249.067999210,524.42
249.091183221,524.42
249.120473639,524.42
249.144268442,556.87
249.167410789,556.87
249.190095530,556.87
249.213341815,556.87
249.237286411,549.21
249.261091709,549.21
249.284606925,549.21
249.308153180,549.21
249.332276563,549.21
249.355596800,549.85
249.378999886,549.85
249.402528573,549.85
249.425861226,549.85
249.449952736,548.15
249.473576273,548.15
249.497377923,548.15
249.521032596,548.15
249.544379553,548.14
249.567702190,548.14
249.591505217,548.14
249.614523339,548.14
249.637964281,551.16
249.664618924,551.16
249.688209821,551.16
249.712194097,551.16
249.736030788,552.13
249.759615124,552.13
249.783368326,552.13
249.806894966,552.13
249.830659336,552.13
249.854222200,551.68
249.877349090,551.68
249.901052948,551.68
249.924439650,551.68
249.947830160,551.92
249.971550177,551.92
249.994943631,551.92
250.018126842,551.92
250.041667626,554.37
250.065243130,554.37
250.088486214,554.37
250.120457143,554.37
250.144311210,559.41
250.167634743,559.41
250.191512459,559.41
250.215215132,559.41
250.238963438,559.41
250.262559934,596.68
250.285828139,596.68
250.309339930,596.68
250.333025227,596.68
250.356581659,598.11
250.380278988,598.11
250.403217461,598.11
250.426559458,598.11
250.449651820,597.85
250.473030618,597.85
250.496667179,597.85
250.520105529,597.85
250.543692393,597.49
250.568176420,597.49
250.592895617,597.49
250.616348079,597.49
250.639869951,597.49
250.663175308,600.01
250.687780808,600.01
250.711689883,600.01
250.735241995,600.01
250.759095422,596.03
250.782821424,596.03
250.806189405,596.03
250.830025552,596.03
250.853845955,598.60
250.877608181,598.60
250.900826785,598.60
250.924229039,598.60
250.947864192,599.09
250.971577137,599.09
250.995923114,599.09
251.019307864,599.09
251.042599269,599.09
251.066052819,601.35
251.089868006,601.35
251.120447687,601.35
251.144118008,601.35
251.167014016,602.18
251.191038037,602.18
251.214745190,602.18
251.238048627,602.18
251.261752709,601.20
251.285352949,601.20
251.308717890,601.20
251.332278098,601.20
251.355940163,601.69
251.379202128,601.69
251.403124451,601.69
251.426272207,601.69
251.449785790,601.69
251.473562864,601.03
251.497090912,601.03
251.520605007,601.03
251.544270496,601.03
251.566974310,602.94
251.590462709,602.94
251.614121734,602.94
251.637733270,602.94
251.661456296,600.33
251.684938455,600.33
251.710141785,600.33
251.733805770,600.33
251.757887648,601.37
251.781529969,601.37
251.805276003,601.37
251.828519887,601.37
251.851890844,601.37
251.876317654,598.20
251.899928647,598.20
251.923666744,598.20
251.947528140,598.20
251.970701591,599.29
251.993766945,599.29
252.016827499,599.29
252.040131992,599.29
252.063377860,595.81
252.086409422,595.81
252.119789423,595.81
252.143455424,595.81
252.166672332,575.69
252.189582676,575.69
252.212771295,575.69
252.236052684,575.69
252.260104321,544.70
252.283493679,544.70
252.306010291,544.70
252.328697337,544.70
252.351880196,544.70
252.375603190,506.93
252.400106032,506.93
252.423474494,506.93
252.447724822,506.93
252.471467944,505.78
252.494451441,505.78
252.518085153,505.78
252.541830131,505.78
252.565191425,504.33
252.588671120,504.33
252.612065150,504.33
252.635206857,504.33
252.659109372,504.33
252.682631084,502.18
252.706375710,502.18
252.730199344,502.18
252.753497981,502.18
252.776918187,500.32
252.803332956,500.32
252.827042189,500.32
252.851388390,500.32
252.875050423,506.20
252.897964384,506.20
252.921753874,506.20
252.946193516,506.20
252.969646715,503.73
252.993558254,503.73
253.016831483,503.73
253.039673538,503.73
253.063338931,498.83
253.086700705,498.83
253.120367269,498.83
253.143978902,498.83
253.166947455,498.83
253.189951496,519.97
253.213377206,519.97
253.237119208,519.97
253.260844954,519.97
253.284249768,546.94
253.307708022,546.94
253.331142117,546.94
253.354574995,546.94
253.377900864,588.92
253.401599217,588.92
253.424499898,588.92
253.447701285,588.92
253.470929713,588.92
253.494405312,590.03
253.518011280,590.03
253.541284509,590.03
253.564417000,590.03
253.588067256,590.07
253.611615720,590.07
253.634810612,590.07
253.658606438,590.07
253.681876627,593.80
253.705007102,593.80
253.728511789,593.80
253.752545474,593.80
253.776164402,595.72
253.800077094,595.72
253.823222065,595.72
253.846692128,595.72
253.870079150,595.72
253.893534940,594.31
253.917084172,594.31
253.940318424,594.31
253.963477283,594.31
253.987376375,594.50
254.010960807,594.50
254.034444246,594.50
254.057912485,594.50
254.081607190,597.13
254.114211374,597.13
254.137845375,597.13
254.161926837,597.13
254.185210337,596.19
254.208507854,596.19
254.231358229,596.19
254.254480320,596.19
254.277432201,596.19
254.300419826,590.51
254.323609822,590.51
254.347076460,590.51
254.370694013,590.51
254.393416291,570.02
254.416556142,570.02
254.439939484,570.02
254.463867440,570.02
254.487508544,540.78
254.511379892,540.78
254.534549279,540.78
254.557809451,540.78
254.580661779,540.78
254.603558235,512.73
254.627131883,512.73
254.650763868,512.73
254.673852646,512.73
254.697086930,480.81
254.719979482,480.81
254.743367176,480.81
254.766481842,480.81
254.788976950,444.21
254.811666972,444.21
254.834570276,444.21
254.860465999,444.21
254.884297922,422.25
254.907816785,422.25
254.931441889,422.25
254.954931088,422.25
254.978100636,422.25
255.001422089,421.17
255.025035705,421.17
255.048300261,421.17
255.072066008,421.17
255.094991840,423.80
255.120587591,423.80
255.143796115,423.80
255.166886845,423.80
255.190213227,423.80
255.214156671,422.40
255.237450059,422.40
255.260917146,422.40
255.284460906,422.40
255.307569172,425.76
255.330957698,425.76
255.354564978,425.76
255.378296388,425.76
255.401833812,414.80
255.424666331,414.80
255.447473314,414.80
255.470386347,414.80
255.494305822,407.60
255.518382612,407.60
255.542019269,407.60
255.565910073,407.60
255.589276838,407.60
255.612664692,436.97
255.636246436,436.97
255.659885333,436.97
255.683294883,436.97
255.706798098,463.96
255.730108895,463.96
255.753279978,463.96
255.776641975,463.96
255.800096422,500.71
255.824016730,500.71
255.848561429,500.71
255.872027876,500.71
255.899554657,527.20
255.923060784,527.20
255.948310100,527.20
255.971966277,527.20
255.995483636,529.58
256.018539742,529.58
256.042311312,529.58
256.065432443,529.58
256.089077676,528.48
256.120169138,528.48
256.143610753,528.48
256.167175056,528.48
256.190828705,528.48
256.214246415,526.47
256.237975009,526.47
256.260795721,526.47
256.284177878,526.47
256.307678821,531.05
256.331338678,531.05
256.355194441,531.05
256.378832634,531.05
256.401823491,559.44
256.425421620,559.44
256.449151973,559.44
256.472438578,559.44
256.496413126,596.12
256.519724147,596.12
256.543007360,596.12
256.566877107,596.12
256.590346786,596.12
256.613896114,593.66
256.637518242,593.66
256.660396394,593.66
256.683722519,593.66
256.706748961,591.43
256.729815691,591.43
256.753054295,591.43
256.776234818,591.43
256.799535791,588.72
256.822748347,588.72
256.846207146,588.72
256.869558647,588.72
256.892994693,588.72
256.916705015,562.27
256.939546590,562.27
256.962762890,562.27
256.985597074,562.27
257.008052597,526.01
257.030561272,526.01
257.053843685,526.01
257.077668760,526.01
257.101630988,508.78
257.125084923,508.78
257.150032474,508.78
257.173779116,508.78
257.197318396,508.78
257.220962093,514.12
257.244895905,514.12
257.268796244,514.12
257.292291075,514.12
257.314991369,508.73
257.338485848,508.73
257.361968391,508.73
257.385752666,508.73
257.409394794,511.61
257.432952858,511.61
257.455942755,511.61
257.479516691,511.61
257.502838624,511.61
257.526120557,507.22
257.549881951,507.22
257.573286605,507.22
257.596723387,507.22
257.620218186,508.14
257.644050749,508.14
257.667815407,508.14
257.691782852,508.14
257.715001264,511.00
257.738539135,511.00
257.762046350,511.00
257.785508733,511.00
257.809138766,508.56
257.832791583,508.56
257.855928329,508.56
257.879506361,508.56
257.903589167,508.56
257.926998141,536.86
257.951224853,536.86
257.974526338,536.86
257.998610359,536.86
258.022520779,575.15
258.048642361,575.15
258.072066279,575.15
258.096176221,575.15
258.120269011,591.83
258.143541375,591.83
258.167178832,591.83
258.190600062,591.83
258.214289167,592.18
258.237703805,592.18
258.260739687,592.18
258.284412440,592.18
258.307993832,592.18
258.331157076,591.02
258.354772388,591.02
258.378130193,591.02
258.401966020,591.02
258.425544820,589.74
258.448733152,589.74
258.472298736,589.74
258.495441851,589.74
258.518507429,594.03
258.541839282,594.03
258.565067678,594.03
258.588003207,594.03
258.611139889,594.03
258.634060346,592.01
258.657590537,592.01
258.680888374,592.01
258.703811902,592.01
258.727361358,568.36
258.750716155,568.36
258.774693072,568.36
258.798173535,568.36
258.821613837,541.00
258.845307871,541.00
258.868829998,541.00
258.891894296,541.00
258.915183685,516.03
258.938891158,516.03
258.962333157,516.03
258.986056118,516.03
259.009632998,516.03
259.033718940,481.20
259.056942216,481.20
259.080296949,481.20
259.113082640,481.20
259.136272923,452.12
259.159854539,452.12
259.182886997,452.12
259.206507685,452.12
259.229853555,422.67
259.253402658,422.67
259.276667055,422.67
259.300812453,422.67
259.324039025,398.43
259.347230205,398.43
259.370309287,398.43
259.393334769,398.43
259.416771551,398.43
259.440021419,372.18
259.463595547,372.18
259.487027593,372.18
259.510896573,372.18
259.534254186,342.24
259.558081533,342.24
259.581390602,342.24
259.604409075,342.24
259.627129625,301.42
259.650124547,301.42
259.673513393,301.42
259.697065024,301.42
259.720772594,313.87
259.744338402,313.87
259.767977842,313.87
259.791239839,313.87
259.814759918,313.87
259.838524544,336.54
259.861737356,336.54
259.885026264,336.54
259.908424838,336.54
259.931353039,352.32
259.954587771,352.32
259.977576068,352.32
260.000573901,352.32
260.023759481,377.44
260.047141959,377.44
260.070257297,377.44
260.094060260,377.44
260.121048795,377.44
260.144792845,393.74
260.168534207,393.74
260.192043534,393.74
260.215302938,393.74
260.238748681,416.67
260.261857395,416.67
260.285103648,416.67
260.308071145,416.67
260.331254484,445.86
260.354700834,445.86
260.378242066,445.86
260.402127942,445.86
260.425770134,445.86
260.450494452,469.48
260.475277969,469.48
260.498997699,469.48
260.522803094,469.48
260.546401702,492.22
260.570448059,492.22
260.593619527,492.22
260.617305720,492.22
260.640743206,532.65
260.664067571,532.65
260.687007100,532.65
260.710280200,532.65
260.733554869,547.15
260.757074244,547.15
260.780602132,547.15
260.803955201,547.15
260.827728467,547.15
260.851025216,552.51
260.874311373,552.51
260.897832060,552.51
260.921782576,552.51
260.945220735,566.49
260.969168403,566.49
260.992280573,566.49
261.015766732,566.49
261.039064249,566.32
261.062185124,566.32
261.085789108,566.32
261.114119259,566.32
261.137389255,579.20
261.161048568,579.20
261.184448198,579.20
261.208187448,579.20
261.231803624,579.20
261.254808050,587.46
261.278377186,587.46
261.301533133,587.46
261.325026268,587.46
261.348436842,589.44
261.371837944,589.44
261.394743200,589.44
261.418360369,589.44
261.441908736,594.14
261.465343503,594.14
261.489172577,594.14
261.512500654,594.14
261.535529592,595.79
261.558925190,595.79
261.582175378,595.79
261.605495583,595.79
261.628946382,595.79
261.652081369,598.35
261.675380613,598.35
261.698686002,598.35
261.722072448,598.35
261.745376109,599.79
261.768745242,599.79
261.791688035,599.79
261.815187538,599.79
261.838553600,599.43
261.861901805,599.43
261.886064548,599.43
261.909077293,599.43
261.932524188,599.43
261.956098572,598.75
261.979935999,598.75
262.003352589,598.75
262.027127487,598.75
262.050526925,599.11
262.074546882,599.11
262.098340597,599.11
262.121927781,599.11
262.145676343,600.97
262.168699200,600.97
262.192804918,600.97
262.216241733,600.97
262.240436572,597.14
262.263931179,597.14
262.287047349,597.14
262.310272065,597.14
262.333575758,597.14
262.356749945,590.23
262.379797155,590.23
262.402819533,590.23
262.425569843,590.23
262.449017634,571.60
262.472441104,571.60
262.495899711,571.60
262.518943944,571.60
262.541876817,543.75
262.565043612,543.75
262.588348809,543.75
262.611768951,543.75
262.635088260,543.75
262.658128846,514.76
262.680911701,514.76
262.703941855,514.76
262.727059049,514.76
262.750733626,483.78
262.774110696,483.78
262.797467221,483.78
262.820590368,483.78
262.843666890,483.78
262.866629939,457.83
262.890160291,457.83
262.913327822,457.83
262.937568294,457.83
262.961462745,426.53
262.984632900,426.53
263.006833253,426.53
263.029413417,426.53
263.052212528,383.03
263.075531005,383.03
263.099191950,383.03
263.122384666,383.03
263.146187116,383.03
263.169337943,379.25
263.192704005,379.25
263.216083730,379.25
263.242090846,379.25
263.265654574,382.49
263.290296906,382.49
263.313140338,382.49
263.336353662,382.49
263.359381255,385.06
263.382448434,385.06
263.405461563,385.06
263.428344707,385.06
263.451666352,400.32
263.474790555,400.32
263.498589389,400.32
263.522114205,400.32
263.546083473,400.32
263.569551712,408.78
263.592837132,408.78
263.615742229,408.78
263.638780318,408.78
263.662105131,406.54
263.685047732,406.54
263.708530467,406.54
263.731639630,406.54
263.754733656,407.50
263.778160902,407.50
263.801795831,407.50
263.825388775,407.50
263.848670324,407.50
263.871335705,402.83
263.894301250,402.83
263.917047464,402.83
263.940462231,402.83
263.964204136,402.15
263.987823609,402.15
264.011220807,402.15
264.035427838,402.15
264.058417383,439.15
264.081974967,439.15
264.114402893,439.15
264.138042846,439.15
264.161765327,447.65
264.184676280,447.65
264.207848611,447.65
264.231098543,447.65
264.254559902,448.40
264.278019372,448.40
264.301656157,448.40
264.324502213,448.40
264.348057460,448.40
264.371580868,450.78
264.395158804,450.78
264.418677603,450.78
264.442263603,450.78
264.465281277,452.67
264.489179600,452.67
264.512487261,452.67
264.535972396,452.67
264.559374362,478.25
264.582767784,478.25
264.606162870,478.25
264.629854055,478.25
264.653176084,478.25
264.676378656,506.07
264.700233715,506.07
264.723224668,506.07
264.746871949,506.07
264.769846358,526.62
264.792875168,526.62
264.815772232,526.62
264.838778641,526.62
264.861786715,549.20
264.885071207,549.20
264.908372116,549.20
264.931867171,549.20
264.955299921,549.20
264.979175845,549.90
265.003410332,549.90
265.026579368,549.90
265.049379119,549.90
265.071900658,513.92
265.094857179,513.92
265.120717701,513.92
265.144203412,513.92
265.167309599,501.63
265.190605196,501.63
265.214213724,501.63
265.237006179,501.63
265.260506194,501.63
265.284248580,500.70
265.307741363,500.70
265.331228962,500.70
265.363781721,500.70
265.386873316,500.03
265.410144912,500.03
265.433323676,500.03
265.456966412,500.03
265.480183576,499.52
265.503224578,499.52
265.526660208,499.52
265.550131327,499.52
265.573340715,479.28
265.596243443,479.28
265.619282173,479.28
265.642637066,479.28
265.666007992,479.28
265.689319557,453.93
265.712555025,453.93
265.735700124,453.93
265.758777638,453.93
265.782284373,432.02
265.805458080,432.02
265.829174130,432.02
265.852632225,432.02
265.876082863,409.90
265.899518781,409.90
265.922469062,409.90
265.945539376,409.90
265.968852477,409.90
265.992024264,405.92
266.016257824,405.92
266.039521228,405.92
266.062928474,405.92
266.086146918,412.26
266.114785905,412.26
266.137996732,412.26
266.161102247,412.26
266.184228786,405.77
266.207113466,405.77
266.231062830,405.77
266.254388955,405.77
266.277642919,375.54
266.301395353,375.54
266.324669318,375.54
266.347779472,375.54
266.370574327,375.54
266.393731074,347.80
266.417166961,347.80
266.440002552,347.80
266.462944833,347.80
266.485509285,308.78
266.508233163,308.78
266.531809659,308.78
266.555372843,308.78
266.578599735,310.07
266.602213415,310.07
266.625634166,310.07
266.648701056,310.07
266.672374385,310.07
266.695938529,344.08
266.719431760,344.08
266.742837726,344.08
266.766230699,344.08
266.789419479,371.61
266.813171241,371.61
266.836655640,371.61
266.860120711,371.61
266.883852728,399.10
266.906713440,399.10
266.929843307,399.10
266.954017058,399.10
266.977302862,428.91
267.000626171,428.91
267.024261612,428.91
267.047034195,428.91
267.070277599,428.91
267.093812910,453.13
267.121305579,453.13
267.144601368,453.13
267.168760239,453.13
267.192120956,485.11
267.215952527,485.11
267.239277084,485.11
267.263603029,485.11
267.286901218,516.15
267.310195566,516.15
267.333855935,516.15
267.357592113,516.15
267.381413604,530.32
267.405028500,530.32
267.428632837,530.32
267.452323222,530.32
267.475821093,530.32
267.501844337,570.07
267.525505858,570.07
267.549130867,570.07
267.572678210,570.07
267.596043728,578.47
267.619426654,578.47
267.642388774,578.47
267.665950806,578.47
267.689748937,577.43
267.713823102,577.43
267.737123723,577.43
267.760245750,577.43
267.783895623,573.86
267.807241044,573.86
267.830951718,573.86
267.854008656,573.86
267.877627744,573.86
267.901132655,574.11
267.924894689,574.11
267.948418577,574.11
267.971935616,574.11
267.995482192,576.99
268.018569786,576.99
268.041599780,576.99
268.064964049,576.99
268.088963206,575.17
268.120560498,575.17
268.144314532,575.17
268.167927189,575.17
268.191409700,574.77
268.215081717,574.77
268.238494851,574.77
268.262186836,574.77
268.285525761,574.77
268.308278280,575.19
268.331732982,575.19
268.355070788,575.19
268.378609075,575.19
268.402131458,580.41
268.425766579,580.41
268.448712476,580.41
268.472161738,580.41
268.498528122,586.03
268.521801543,586.03
268.545884157,586.03
268.569197738,586.03
268.592405237,584.94
268.615477984,584.94
268.639134192,584.94
268.662271195,584.94
268.685492775,584.94
268.708817428,588.69
268.732279427,588.69
268.755697681,588.69
268.778544537,588.69
268.801870502,567.16
268.824801454,567.16
268.848509568,567.16
268.871654539,567.16
268.895611871,540.39
268.918867115,540.39
268.942167448,540.39
268.965740232,540.39
268.989356888,540.39
269.012823911,512.40
269.036737435,512.40
269.059496578,512.40
269.082503499,512.40
269.115111235,476.69
269.139220473,476.69
269.163111373,476.69
269.187223331,476.69
269.211150999,464.19
269.234580485,464.19
269.257974323,464.19
269.282859954,464.19
269.306502915,462.18
269.329954353,462.18
269.353643203,462.18
269.376782574,462.18
269.400371070,462.80
269.423817580,462.80
269.447017944,462.80
269.470703657,462.80
269.494110871,462.80
269.517083104,467.21
269.540872402,467.21
269.564746982,467.21
269.590407854,467.21
269.614104063,467.85
269.637447533,467.85
269.660934139,467.85
269.684332489,467.85
269.707523701,466.41
269.731122725,466.41
269.754355857,466.41
269.777299450,466.41
269.800952651,492.68
269.824609691,492.68
269.848505711,492.68
269.872098847,492.68
269.895591118,492.68
269.918810650,519.52
269.942756814,519.52
269.966089724,519.52
269.989801517,519.52
270.013326364,545.08
270.036326534,545.08
270.059735316,545.08
270.083359236,545.08
270.114422155,582.50
270.138222301,582.50
270.161593035,582.50
270.185171291,582.50
270.208750379,591.30
270.232266138,591.30
270.255634984,591.30
270.279335929,591.30
270.302766279,589.79
270.325837809,589.79
270.348888763,589.79
270.372576973,589.79
270.395518645,589.79
270.418420605,592.41
270.441482119,592.41
270.464899670,592.41
270.487962240,592.41
270.510793511,584.94
270.533510189,584.94
270.556669528,584.94
270.580096038,584.94
270.603591893,584.94
270.627357128,557.29
270.650558259,557.29
270.673596605,557.29
270.697080044,557.29
270.719977204,529.20
270.743900392,529.20
270.767178837,529.20
270.790898886,529.20
270.814136178,502.54
270.837625121,502.54
270.860933326,502.54
270.883810294,502.54
270.907287717,472.47
270.930908885,472.47
270.955045740,472.47
270.979059745,472.47
271.002860691,472.47
271.026063071,446.27
271.049206634,446.27
271.072230163,446.27
271.095488672,446.27
271.120091324,414.91
271.143594475,414.91
271.167375037,414.91
271.190579785,414.91
271.214314778,388.26
271.237485638,388.26
271.260657617,388.26
271.284019359,388.26
271.307185002,388.26
271.330713721,359.55
271.354042118,359.55
271.377918618,359.55
271.402065680,359.55
271.425234492,334.58
271.447784704,334.58
271.470099457,334.58
271.492859048,334.58
271.516380055,297.74
271.540344651,297.74
271.564130110,297.74
271.587424970,297.74
271.611181181,297.74
271.634364904,323.78
271.664408899,323.78
271.687908626,323.78
271.711288191,323.78
271.735272532,353.02
271.758673442,353.02
271.781929102,353.02
271.805793185,353.02
271.829324177,374.32
271.852845728,374.32
271.876575730,374.32
271.899615324,374.32
271.923172652,401.27
271.947298466,401.27
271.970826257,401.27
271.994347905,401.27
272.018231988,439.09
272.042133608,439.09
272.065894298,439.09
272.089243943,439.09
272.120652978,467.34
272.144555173,467.34
272.167890162,467.34
272.191474690,467.34
272.214915345,467.34
272.238424672,493.36
272.261942671,493.36
272.285589248,493.36
272.308692843,493.36
272.332221210,528.32
272.355731529,528.32
272.378967125,528.32
272.402634374,528.32
272.425615567,560.70
272.448959741,560.70
272.472334410,560.70
272.495571350,560.70
272.519070981,593.29
272.542762135,593.29
272.565588254,593.29
272.588635080,593.29
272.612083030,593.29
272.635362595,594.01
272.658707952,594.01
272.682153791,594.01
272.706895100,594.01
272.730574189,595.62
272.754641155,595.62
272.777837006,595.62
272.801373406,595.62
272.824597738,598.03
272.847549907,598.03
272.871626024,598.03
272.895002390,598.03
272.918380676,598.03
272.941896371,600.40
272.965971753,600.40
272.989728891,600.40
273.013378155,600.40
273.036812122,595.71
273.060248328,595.71
273.084269917,595.71
273.114630812,595.71
273.138069290,594.10
273.161937149,594.10
273.185545198,594.10
273.208835578,594.10
273.232072102,598.45
273.255522165,598.45
273.278557279,598.45
273.301506055,598.45
273.324618834,598.45
273.348886986,585.62
273.372828382,585.62
273.395878664,585.62
273.418486157,585.62
273.441101586,547.19
273.463943577,547.19
273.487711563,547.19
273.511118393,547.19
273.534417190,530.70
273.557875413,530.70
273.581070656,530.70
273.604014473,530.70
273.627692218,530.70
273.651194441,527.19
273.674510774,527.19
273.698157319,527.19
273.721473812,527.19
273.744956707,525.84
273.768332624,525.84
273.791315705,525.84
273.815161900,525.84
273.838265271,525.23
273.861824295,525.23
273.885119732,525.23
273.908320607,525.23
273.931285160,525.23
273.954667446,516.65
273.978300262,516.65
274.001536850,516.65
274.024558332,516.65
274.047707719,487.72
274.070554671,487.72
274.093558392,487.72
274.120272300,487.72
274.143662234,461.97
274.167969074,461.97
274.191196414,461.97
274.213771619,461.97
274.236344839,420.11
274.259211215,420.11
274.282776895,420.11
274.306868501,420.11
274.330220610,420.11
274.353540655,416.21
274.377245408,416.21
274.400179433,416.21
274.423409461,416.21
274.447000901,448.97
274.470306258,448.97
274.493960003,448.97
274.517796246,448.97
274.540881984,469.79
274.564128940,469.79
274.587392185,469.79
274.610831911,469.79
274.634064435,469.79
274.657418912,473.74
274.681298676,473.74
274.705209576,473.74
274.728354675,473.74
274.750791349,457.64
274.773285433,457.64
274.796664871,457.64
274.830376171,457.64
274.853560087,442.41
274.877358569,442.41
274.900577653,442.41
274.923746785,442.41
274.946967788,457.15
274.970273401,457.15
274.993497029,457.15
275.017101845,457.15
275.040460003,483.12
275.063727183,483.12
275.087517058,483.12
275.119302736,483.12
275.142781983,510.58
275.166007595,510.58
275.188913587,510.58
275.211691322,510.58
275.235084552,510.58
275.258372213,532.01
275.282527115,532.01
275.305784407,532.01
275.328921698,532.01
275.351865643,516.01
275.375370714,516.01
275.398497733,516.01
275.422150390,516.01
275.445611044,487.52
275.469043027,487.52
275.492375072,487.52
275.515623276,487.52
275.539493631,487.52
275.562659691,460.29
275.585996088,460.29
275.609788938,460.29
275.633736511,460.29
275.657224110,432.04
275.680343128,432.04
275.703466691,432.04
275.726664271,432.04
275.749694072,419.38
275.773376489,419.38
275.797243997,419.38
275.820868717,419.38
275.843548403,419.38
275.866251097,394.64
275.889636775,394.64
275.913493178,394.64
275.937221291,394.64
275.960606521,380.55
275.983955047,380.55
276.007452406,380.55
276.030498015,380.55
276.054192721,377.02
276.077563998,377.02
276.100766186,377.02
276.124453947,377.02
276.147771272,377.02
276.171199894,377.55
276.195689361,377.55
276.219003326,377.55
276.242290027,377.55
276.265811642,396.48
276.289512427,396.48
276.312843352,396.48
276.336305959,396.48
276.359569971,418.95
276.383058242,418.95
276.406599314,418.95
276.429563547,418.95
276.453031530,447.95
276.476325686,447.95
276.500169065,447.95
276.523440886,447.95
276.546868804,447.95
276.570040495,474.04
276.593091513,474.04
276.615695870,474.04
276.638155745,474.04
276.660672645,465.53
276.683835952,465.53
276.707392416,465.53
276.730921903,465.53
276.754441886,488.05
276.778373842,488.05
276.801825985,488.05
276.825165710,488.05
276.848762366,488.05
276.872349038,516.88
276.895931775,516.88
276.919502862,516.88
276.942785787,516.88
276.968231201,542.49
276.991717071,542.49
277.015047805,542.49
277.038842031,542.49
277.062281277,546.87
277.085140901,546.87
277.114531768,546.87
277.137957574,546.87
277.161539190,542.21
277.184659105,542.21
277.207628330,542.21
277.230578707,542.21
277.253499867,542.21
277.276320770,539.19
277.299293611,539.19
277.322017810,539.19
277.345161597,539.19
277.368035812,525.89
277.391142319,525.89
277.414418012,525.89
277.437703080,525.89
277.460840723,499.97
277.484297090,499.97
277.507320971,499.97
277.529997393,499.97
277.553206781,499.97
277.576480745,475.31
277.601017508,475.31
277.624531059,475.31
277.648020386,475.31
277.671535409,482.59
277.694705053,482.59
277.718180075,482.59
277.741767132,482.59
277.764868582,464.30
277.788162323,464.30
277.811325566,464.30
277.834732076,464.30
277.858241531,464.30
277.882354993,433.09
277.905810880,433.09
277.928366660,433.09
277.950794983,433.09
277.973731855,396.68
277.997342144,396.68
278.021433878,396.68
278.044820099,396.68
278.067992207,387.55
278.092059108,387.55
278.122088223,387.55
278.145735696,387.55
278.169080957,387.02
278.192415178,387.02
278.216072187,387.02
278.239225222,387.02
278.262613108,392.91
278.286009058,392.91
278.309353231,392.91
278.332805533,392.91
278.356395694,392.91
278.379538585,402.32
278.402800485,402.32
278.426406613,402.32
278.450048230,402.32
278.473826808,432.38
278.497084069,432.38
278.520034733,432.38
278.543107511,432.38
278.566275331,458.92
278.589532847,458.92
278.612517176,458.92
278.635163325,458.92
278.658678509,458.92
278.682077658,476.38
278.705468072,476.38
278.728909239,476.38
278.752014369,476.38
278.775045291,472.99
278.798391288,472.99
278.821854951,472.99
278.844961297,472.99
278.868428256,473.15
278.891796558,473.15
278.915331325,473.15
278.938479592,473.15
278.961682292,473.15
278.985087298,482.63
279.013611595,482.63
279.036971608,482.63
279.060509448,482.63
279.083860501,467.39
279.115574435,467.39
279.139048242,467.39
279.162344799,467.39
279.185793741,438.42
279.208860119,438.42
279.232108355,438.42
279.255808693,438.42
279.279087649,413.50
279.302788915,413.50
279.326027135,413.50
279.349531022,413.50
279.372668825,413.50
279.395452735,378.77
279.418591274,378.77
279.441938008,378.77
279.466056942,378.77
279.489630302,354.99
279.512246563,354.99
279.534607973,354.99
279.557779568,354.99
279.581591171,308.85
279.605251092,308.85
279.628824772,308.85
279.652331219,308.85
279.676114597,321.80
279.699441970,321.80
279.722844192,321.80
279.746511025,321.80
279.769911871,321.80
279.793643729,353.36
279.816975166,353.36
279.840178090,353.36
279.863777434,353.36
279.887176584,380.60
279.910551381,380.60
279.934108741,380.60
279.957500915,380.60
279.980700767,410.58
280.003828393,410.58
280.028077569,410.58
280.051618961,410.58
280.074949214,410.58
280.097890822,436.57
280.122173247,436.57
280.145807375,436.57
280.169385663,436.57
280.193168689,468.64
280.216429950,468.64
280.239940493,468.64
280.263533757,468.64
280.287056204,495.22
280.310484219,495.22
280.334146668,495.22
280.357323127,495.22
280.380963528,495.22
280.404247668,522.53
280.427699075,522.53
280.451136145,522.53
280.474498271,522.53
280.497498856,552.52
280.520926134,552.52
280.544239555,552.52
280.567827027,552.52
280.591227361,595.72
280.614089129,595.72
280.637216212,595.72
280.660369087,595.72
280.683746284,593.67
280.707207803,593.67
280.730811819,593.67
280.753493201,593.67
280.776689821,593.67
280.799776647,593.38
280.823056019,593.38
280.846062909,593.38
280.869532076,593.38
280.892696599,593.57
280.915431805,593.57
280.938753002,593.57
280.962306394,593.57
280.986303823,564.12
281.009928255,564.12
281.032678182,564.12
281.055282122,564.12
281.078282228,564.12
281.102094470,525.99
281.133639122,525.99
281.157113345,525.99
281.181306552,525.99
281.204664677,523.88
281.228146420,523.88
281.251954471,523.88
281.275338005,523.88
281.298942693,523.88
281.322579830,525.06
281.345550591,525.06
281.368876332,525.06
281.393069379,525.06
281.416529329,526.58
281.440528134,526.58
281.463858131,526.58
281.487335234,526.58
281.511499449,525.28
281.535040456,525.28
281.558920220,525.28
281.583537048,525.28
281.606813924,524.02
281.630254355,524.02
281.653710113,524.02
281.677222161,524.02
281.700794497,526.67
281.724085357,526.67
281.747477787,526.67
281.770549413,526.67
281.793810513,526.67
281.816946940,524.91
281.840329834,524.91
281.863623031,524.91
281.887392553,524.91
281.910497587,516.20
281.932949943,516.20
281.955356601,516.20
281.978329794,516.20
282.001922162,522.55
282.025583939,522.55
282.048715182,522.55
282.072175644,522.55
282.095495465,522.55
282.120248167,550.34
282.144590720,550.34
282.168036942,550.34
282.191396572,550.34
282.217712363,550.24
282.241098489,550.24
282.264142403,550.24
282.288567517,550.24
282.312092652,546.92
282.335580667,546.92
282.359019529,546.92
282.382329462,546.92
282.406014343,544.61
282.429448214,544.61
282.452606977,544.61
282.476086576,544.61
282.499055385,544.61
282.521976193,546.53
282.545613522,546.53
282.568785021,546.53
282.592351501,546.53
282.615921501,545.46
282.639283850,545.46
282.662573367,545.46
282.686152359,545.46
282.709638742,539.07
282.733175909,539.07
282.756990872,539.07
282.780539304,539.07
282.804061239,542.24
282.828132749,542.24
282.851759037,542.24
282.875343405,542.24
282.899072991,542.24
282.922137161,555.11
282.945484630,555.11
282.968579297,555.11
282.991664395,555.11
283.014671252,584.01
283.038011298,584.01
283.060989291,584.01
283.084781597,584.01
283.114957145,578.93
283.138292646,578.93
283.161358225,578.93
283.184661149,578.93
283.207327715,543.22
283.229523395,543.22
283.252107047,543.22
283.275520661,543.22
283.299199623,543.22
283.322533428,519.89
283.346729707,519.89
283.370130809,519.89
283.393806602,519.89
283.417070774,518.46
283.440590118,518.46
283.463885490,518.46
283.487710565,518.46
283.511435223,520.04
283.534784804,520.04
283.558637815,520.04
283.582098022,520.04
283.605793335,521.24
283.629254950,521.24
283.652919735,521.24
283.675927872,521.24
283.699606577,521.24
283.722806909,520.48
283.746352205,520.48
283.769638137,520.48
283.793173993,520.48
283.816011568,520.09
283.839571872,520.09
283.863191344,520.09
283.886498909,520.09
283.910556307,521.43
283.933875264,521.43
283.958024278,521.43
283.981765832,521.43
284.005295896,521.43
284.028647621,518.88
284.052696250,518.88
284.075466369,518.88
284.099097586,518.88
284.122564288,523.56
284.145843885,523.56
284.169182202,523.56
284.192901804,523.56
284.215976790,560.59
284.239089121,560.59
284.262198059,560.59
284.285555609,560.59
284.311226561,560.59
284.334333643,589.51
284.357678328,589.51
284.381220520,589.51
284.404594102,589.51
284.428027844,588.79
284.451614324,588.79
284.474948833,588.79
284.498515441,588.79
284.521903295,589.32
284.545308045,589.32
284.568417143,589.32
284.591503266,589.32
284.614718766,589.35
284.637864601,589.35
284.660928067,589.35
284.683906732,589.35
284.706761459,589.35
284.730043616,574.50
284.753320140,574.50
284.776860508,574.50
284.799801061,574.50
284.822900847,544.96
284.845767927,544.96
284.869148357,544.96
284.892470417,544.96
284.916241540,511.40
284.939865460,511.40
284.963257858,511.40
284.986344556,511.40
285.009425271,511.40
285.032799716,482.94
285.055960143,482.94
285.079181243,482.94
285.102431399,482.94
285.125403152,456.08
285.148838111,456.08
285.172370766,456.08
285.195925150,456.08
285.219675984,426.66
285.243041661,426.66
285.266884241,426.66
285.290029691,426.66
285.314732312,426.66
285.337944804,398.76
285.362095163,398.76
285.384963203,398.76
285.408117390,398.76
285.430648594,354.29
285.453526105,354.29
285.477220971,354.29
285.500890396,354.29
285.524379979,347.77
285.547740312,347.77
285.571516810,347.77
285.594719670,347.77
285.618362087,347.77
285.641943127,346.57
285.665510759,346.57
285.689163544,346.57
285.712487045,346.57
285.735732849,365.99
285.759866279,365.99
285.783239701,365.99
285.807007239,365.99
285.830685976,397.23
285.853738882,397.23
285.876950446,397.23
285.900287995,397.23
285.923753066,422.42
285.947088535,422.42
285.970630758,422.42
285.993679152,422.42
286.017266464,422.42
286.040593261,452.91
286.063631991,452.91
286.087096870,452.91
286.114924807,452.91
286.138419478,480.85
286.161780259,480.85
286.184353224,480.85
286.206725226,480.85
286.229453744,480.85
286.252813885,470.55
286.277444730,470.55
286.300974537,470.55
286.324792380,470.55
286.348516557,496.12
286.372025629,496.12
286.395156807,496.12
286.418879353,496.12
286.442112517,528.63
286.465855607,528.63
286.489246661,528.63
286.512148013,528.63
286.535419353,547.79
286.558853512,547.79
286.582012339,547.79
286.605071293,547.79
286.628479787,547.79
286.651766904,549.86
286.675445385,549.86
286.698435378,549.86
286.721635837,549.86
286.745135437,531.73
286.768315640,531.73
286.791729222,531.73
286.815180149,531.73
286.838676068,503.11
286.862132050,503.11
286.886012230,503.11
286.909121392,503.11
286.931690836,503.11
286.954366138,468.03
286.977132769,468.03
287.000646416,468.03
287.024631909,468.03
287.048204084,444.73
287.071458529,444.73
287.095058737,444.73
287.140187290,444.73
287.163851179,449.57
287.187434011,449.57
287.210811560,449.57
287.234601371,449.57
287.257899591,485.20
287.282558308,485.20
287.306307638,485.20
287.329527170,485.20
287.353194067,484.88
287.376705154,484.88
287.400034991,484.88
287.423566174,484.88
287.446738538,484.88
287.470188888,483.44
287.493728264,483.44
287.517141782,483.44
287.540434531,483.44
287.563609102,485.55
287.586889018,485.55
287.610217832,485.55
287.634214204,485.55
287.657450120,486.01
287.680721973,486.01
287.704199556,486.01
287.727884213,486.01
287.751615431,505.08
287.775074293,505.08
287.798302977,505.08
287.821453644,505.08
287.844831770,505.08
287.868126375,537.22
287.891920985,537.22
287.914995651,537.22
287.938323472,537.22
287.961434107,567.69
287.985181997,567.69
288.008699388,567.69
288.032104874,567.69
288.055327734,591.90
288.078675619,591.90
288.102114642,591.90
288.125462143,591.90
288.148906445,591.90
288.172210010,593.37
288.195389286,593.37
288.218135596,593.37
288.241436089,593.37
288.264703397,594.19
288.287747567,594.19
288.310808601,594.19
288.334484778,594.19
288.357515796,583.79
288.380656383,583.79
288.403365477,583.79
288.426468175,583.79
288.450010975,583.79
288.473280363,555.36
288.496500951,555.36
288.520089255,555.36
288.543699159,555.36
288.567132262,530.19
288.590088687,530.19
288.612846133,530.19
288.635579227,530.19
288.659113515,486.56
288.683176000,486.56
288.706638063,486.56
288.729934364,486.56
288.753430283,482.46
288.776774040,482.46
288.800112389,482.46
288.823279440,482.46
288.846531101,482.46
288.870312687,484.43
288.894164130,484.43
288.916790887,484.43
288.939831153,484.43
288.962785434,480.03
288.985835684,480.03
289.008819181,480.03
289.032045241,480.03
289.056277328,475.06
289.079398331,475.06
289.102097441,475.06
289.124541956,475.06
289.147518445,475.06
289.171338047,430.69
289.196605539,430.69
289.220184627,430.69
289.243825060,430.69
289.267636278,430.41
289.290855170,430.41
289.314524275,430.41
289.338215300,430.41
289.361581714,435.49
289.385166562,435.49
289.408752274,435.49
289.431784636,435.49
289.455407948,461.69
289.478978524,461.69
289.502017286,461.69
289.525611894,461.69
289.549262375,461.69
289.572774006,493.00
289.596406407,493.00
289.619768340,493.00
289.643396261,493.00
289.666848659,531.41
289.689893949,531.41
289.712844966,531.41
289.736496951,531.41
289.759723843,535.63
289.783064528,535.63
289.806672896,535.63
289.829827659,535.63
289.853274970,534.92
289.876966763,534.92
289.899958580,534.92
289.923516516,534.92
289.946783600,534.92
289.969886651,539.40
289.993291209,539.40
290.016804600,539.40
290.040284391,539.40
290.063859031,541.95
290.086868288,541.95
290.115185543,541.95
290.138528532,541.95
290.161865121,581.94
290.185522994,581.94
290.208631741,581.94
290.231994826,581.94
290.255459865,591.12
290.278605924,591.12
290.302094035,591.12
290.325541601,591.12
290.348875055,591.12
290.372183131,591.80
290.395840908,591.80
290.419061816,591.80
290.442498759,591.80
290.465604081,596.83
290.488743836,596.83
290.512252875,596.83
290.535722010,596.83
290.558610850,573.41
290.581225767,573.41
290.603990157,573.41
290.627365819,573.41
290.651089901,573.41
290.674582268,560.47
290.698146187,560.47
290.721663323,560.47
290.744926279,560.47
290.768466519,562.64
290.791871429,562.64
290.815309811,562.64
290.838621696,562.64
290.861848012,563.75
290.885029591,563.75
290.909531634,563.75
290.933176963,563.75
290.956828724,563.75
290.980575141,563.47
291.003701552,563.47
291.027360097,563.47
291.050961873,563.47
291.074564738,560.72
291.098194194,560.72
291.121685921,560.72
291.144816748,560.72
291.167587155,557.06
291.190693501,557.06
291.213704583,557.06
291.236563726,557.06
291.259566776,557.06
291.282834148,551.38
291.306320371,551.38
291.329369277,551.38
291.352552808,551.38
291.375392272,523.76
291.398948351,523.76
291.422220044,523.76
291.445397175,523.76
291.468725892,495.52
291.492296148,495.52
291.515585249,495.52
291.538896526,495.52
291.562053689,495.52
291.585224580,487.46
291.609083415,487.46
291.632643719,487.46
291.657881738,487.46
291.680515375,466.42
291.702961298,466.42
291.725817050,466.42
291.750157779,466.42
291.773951237,440.69
291.797424724,440.69
291.820779873,440.69
291.844483283,440.69
291.867467484,437.05
291.890961195,437.05
291.914048501,437.05
291.937182720,437.05
291.960532109,437.05
291.983792378,441.32
292.006938597,441.32
292.030703031,441.32
292.054340519,441.32
292.077970232,439.79
292.101942957,439.79
292.125426395,439.79
292.148578631,439.79
292.172080342,435.96
292.195436387,435.96
292.218684879,435.96
292.242269311,435.96
292.265234280,435.96
292.288423828,440.77
292.311431037,440.77
292.334437638,440.77
292.357708499,440.77
292.380844638,467.08
292.403732262,467.08
292.426495180,467.08
292.449956507,467.08
292.473836910,479.99
292.497800387,479.99
292.521076911,479.99
292.543630324,479.99
292.566187480,479.99
292.588947742,466.70
292.612562415,466.70
292.636356481,466.70
292.662378349,466.70
292.685710714,502.11
292.709408428,502.11
292.732348404,502.11
292.755496863,502.11
292.779019439,516.73
292.802588063,516.73
292.826453586,516.73
292.849581405,516.73
292.872794664,516.73
292.895941812,516.76
292.919854343,516.76
292.942787056,516.76
292.966113373,516.76
292.988950756,511.38
293.012163856,511.38
293.035691168,511.38
293.059082349,511.38
293.083039234,485.20
293.114808016,485.20
293.138268095,485.20
293.162020241,485.20
293.185465375,461.32
293.208457512,461.32
293.231090670,461.32
293.253438383,461.32
293.276324823,461.32
293.299957032,418.64
293.324127135,418.64
293.347716143,418.64
293.371160541,418.64
293.394928047,416.31
293.418187484,416.31
293.441402472,416.31
293.465422653,416.31
293.488697833,440.82
293.512421499,440.82
293.535761992,440.82
293.558721809,440.82
293.582006141,440.82
293.604930214,483.65
293.627892271,483.65
293.651012441,483.65
293.674280390,483.65
293.697945911,487.19
293.721100898,487.19
293.746540263,487.19
293.769826260,487.19
293.793394852,470.81
293.816766065,470.81
293.840729734,470.81
293.863914225,470.81
293.886721368,442.25
293.909653153,442.25
293.933425363,442.25
293.956622975,442.25
293.980112430,442.25
294.003556252,416.19
294.027946357,416.19
294.051904618,416.19
294.075411897,416.19
294.098010814,410.15
294.120515713,410.15
294.143421865,410.15
294.167167867,410.15
294.191055215,411.30
294.214599614,411.30
294.238022221,411.30
294.261641789,411.30
294.285224141,411.30
294.308511898,449.60
294.332170283,449.60
294.355743963,449.60
294.379185513,449.60
294.402887834,455.43
294.425973221,455.43
294.449633718,455.43
294.472875170,455.43
294.496253327,451.03
294.519757726,451.03
294.542946378,451.03
294.566184918,451.03
294.589826727,451.03
294.613198868,455.71
294.636658435,455.71
294.660232115,455.71
294.683085531,455.71
294.706442856,453.85
294.730117241,453.85
294.753354149,453.85
294.776958773,453.85
294.801477872,472.60
294.824442297,472.60
294.847721254,472.60
294.871171892,472.60
294.894829253,503.62
294.918269939,503.62
294.942065894,503.62
294.965015407,503.62
294.988362908,503.62
295.011772170,531.02
295.035621597,531.02
295.059224525,531.02
295.082506746,531.02
295.113962821,557.62
295.137588629,557.62
295.161166533,557.62
295.184911287,557.62
295.208233028,596.90
295.232329466,596.90
295.256073196,596.90
295.279873535,596.90
295.303815635,596.19
295.327359426,596.19
295.350785489,596.19
295.374509122,596.19
295.398404246,595.49
295.421903429,595.49
295.446139485,595.49
295.469092805,595.49
295.493116666,595.49
295.516783211,596.24
295.540814497,596.24
295.564537010,596.24
295.588103906,596.24
295.611492656,599.22
295.635449732,599.22
295.658904147,599.22
295.682094142,599.22
295.705850224,600.82
295.729030652,600.82
295.752486698,600.82
295.776063994,600.82
295.799342663,597.86
295.823000376,597.86
295.849734060,597.86
295.872819638,597.86
295.896452135,597.86
295.920155128,595.48
295.944511697,595.48
295.968075201,595.48
295.991428655,595.48
296.014977022,596.27
296.038425773,596.27
296.061734137,596.27
296.085605549,596.27
296.114604411,597.18
296.138167307,597.18
296.162186624,597.18
296.185574062,597.18
296.207996049,570.66
296.230329586,570.66
296.253175546,570.66
296.276258468,570.66
296.299856628,570.66
296.322915390,551.46
296.347264375,551.46
296.371222507,551.46
296.394567161,551.46
296.417590210,552.27
296.441292692,552.27
296.464809539,552.27
296.488918297,552.27
296.512031300,551.80
296.535195727,551.80
296.558589309,551.80
296.581906506,551.80
296.605169494,549.25
296.629195499,549.25
296.652222325,549.25
296.675459009,549.25
296.699170514,549.25
296.722712322,547.75
296.746172753,547.75
296.769567326,547.75
296.792783370,547.75
296.816314778,548.90
296.839766920,548.90
296.863067125,548.90
296.887278764,548.90
296.910412567,551.68
296.933558018,551.68
296.957804122,551.68
296.981355049,551.68
297.005119452,551.68
297.028716844,551.03
297.052530494,551.03
297.076219088,551.03
297.099852928,551.03
297.123583026,549.74
297.147019008,549.74
297.170520239,549.74
297.193682331,549.74
297.216967079,561.57
297.240136082,561.57
297.263264573,561.57
297.286393384,561.57
297.309389905,561.57
297.332433211,585.37
297.356373935,585.37
297.379639900,585.37
297.403278988,585.37
297.427218977,556.54
297.450799792,556.54
297.474527874,556.54
297.498403222,556.54
297.521838532,536.51
297.545008495,536.51
297.568914755,536.51
297.592827287,536.51
297.617022830,525.96
297.640483261,525.96
297.664234446,525.96
297.687335897,525.96
297.710913769,525.96
297.734231798,526.37
297.757848998,526.37
297.781232628,526.37
297.805070375,526.37
297.828347380,529.39
297.851859843,529.39
297.875641877,529.39
297.902340265,529.39
297.926122715,527.79
297.949961838,527.79
297.974048868,527.79
297.997624468,527.79
298.021539688,528.14
298.045700607,528.14
298.069129549,528.14
298.092814654,528.14
298.121350791,524.11
298.144813462,524.11
298.168512359,524.11
298.192054583,524.11
298.215612071,524.11
298.238822322,532.77
298.262027102,532.77
298.285560910,532.77
298.308991996,532.77
298.332006181,538.07
298.355890617,538.07
298.379542122,538.07
298.402969560,538.07
298.426215780,570.43
298.449525105,570.43
298.472656348,570.43
298.496032809,570.43
298.519643770,570.43
298.542882918,583.52
298.566339476,583.52
298.589705538,583.52
298.612876781,583.52
298.636185786,595.92
298.659342629,595.92
298.682719699,595.92
298.706149249,595.92
298.729415822,596.38
298.753150495,596.38
298.776484332,596.38
298.799683256,596.38
298.823477419,595.79
298.846622389,595.79
298.869891234,595.79
298.893228015,595.79
298.916752990,595.79
298.942645193,595.85
298.966845056,595.85
298.992309094,595.85
299.016162009,595.85
299.039549255,595.11
299.062806227,595.11
299.086251842,595.11
299.114897260,595.11
299.138237145,597.71
299.161543878,597.71
299.185062581,597.71
299.208641989,597.71
299.232113204,599.49
299.256254475,599.49
299.279739162,599.49
299.303290793,599.49
299.327001179,599.49
299.350287719,598.31
299.373455251,598.31
299.396921825,598.31
299.420712276,598.31
299.443933472,599.39
299.467658353,599.39
299.490576058,599.39
299.514389100,599.39
299.537749306,599.03
299.561387146,599.03
299.584813849,599.03
299.608460009,599.03
299.631381106,599.03
299.654951906,598.53
299.678750324,598.53
299.701814398,598.53
299.725632177,598.53
299.748557113,598.68
299.772459565,598.68
299.795871323,598.68
299.819439147,598.68
299.842959962,598.01
299.866395881,598.01
299.889458835,598.01
299.912697311,598.01
299.936419824,598.71
299.959605340,598.71
299.983380270,598.71
300.006949694,598.71
300.032858217,598.12
300.056304983,598.12
300.079718917,598.12
300.103323894,598.12
300.126698947,598.12
300.149458666,599.94
300.172690742,599.94
300.196317510,599.94
300.219901398,599.94
300.243063202,597.60
300.266572849,597.60
300.289373208,597.60
300.312471138,597.60
300.335558541,596.84
300.358813497,596.84
300.381890115,596.84
300.404910188,596.84
300.427643027,596.84
300.450707773,584.83
300.473632133,584.83
300.496804528,584.83
300.520171038,584.83
300.543581644,553.58
300.567395007,553.58
300.590268167,553.58
300.613230959,553.58
300.636351322,527.09
300.659781480,527.09
300.682748689,527.09
300.706114399,527.09
300.729484461,527.09
300.753140669,495.29
300.776651501,495.29
300.799338418,495.29
300.821813078,495.29
300.844765022,451.48
300.868354190,451.48
300.892267714,451.48
300.915672496,451.48
300.939250240,449.09
300.963013522,449.09
300.986559074,449.09
301.009900751,449.09
301.036028540,449.09
301.059416842,447.08
301.083334814,447.08
301.114444581,447.08
301.137640369,447.08
301.160632026,446.02
301.184090312,446.02
301.207327124,446.02
301.230875588,446.02
301.254243634,446.08
301.277727617,446.08
301.301337681,446.08
301.324822112,446.08
301.348064684,418.99
301.371219863,418.99
301.394491363,418.99
301.417677647,418.99
301.441419681,418.99
301.465164051,405.23
301.488507360,405.23
301.511216134,405.23
301.533769706,405.23
301.556330542,392.35
301.579770845,392.35
301.603372653,392.35
301.626837948,392.35
301.649877349,412.50
301.673393557,412.50
301.696768898,412.50
301.720263729,412.50
301.743892770,412.50
301.767075117,433.37
301.790293881,433.37
301.813699367,433.37
301.836960723,433.37
301.860184703,467.15
301.883336202,467.15
301.906395060,467.15
301.929709473,467.15
301.953386770,472.16
301.977149220,472.16
302.000573907,472.16
302.023574172,472.16
302.047387119,471.15
302.070788540,471.15
302.094031913,471.15
302.120891487,471.15
302.144889075,471.15
302.168770983,469.65
302.191967922,469.65
302.215524674,469.65
302.238652077,469.65
302.261914841,468.98
302.285078980,468.98
302.308039437,468.98
302.330966486,468.98
302.354216034,486.30
302.377226987,486.30
302.400637401,486.30
302.423860773,486.30
302.447382325,486.30
302.470933124,489.81
302.494212753,489.81
302.517284827,489.81
302.541185327,489.81
302.564012886,498.06
302.586512377,498.06
302.609125470,498.06
302.632028710,498.06
302.655841433,476.22
302.679705772,476.22
302.703134907,476.22
302.726821452,476.22
302.750889666,476.22
302.773818218,481.37
302.797378970,481.37
302.820904969,481.37
302.844579066,481.37
302.868094249,494.01
302.891426199,494.01
302.914607554,494.01
302.938351668,494.01
302.961486271,490.10
302.985010734,490.10
303.008685919,490.10
303.031655752,490.10
303.054977685,492.82
303.078339843,492.82
303.101945395,492.82
303.125173599,492.82
303.148935313,492.82
303.172042172,496.63
303.195364681,496.63
303.218520468,496.63
303.242040099,496.63
303.265187150,495.41
303.288891999,495.41
303.312024010,495.41
303.335270262,495.41
303.359028456,483.16
303.381873392,483.16
303.404895802,483.16
303.428639179,483.16
303.451926968,483.16
303.475414983,478.53
303.499380443,478.53
303.522626504,478.53
303.546102966,478.53
303.569451940,479.39
303.592169226,479.39
303.614735918,479.39
303.637542901,479.39
303.660936931,476.84
303.684541587,476.84
303.708665162,476.84
303.731867029,476.84
303.755537542,476.84
303.778819475,478.45
303.802784583,478.45
303.827004447,478.45
303.850956851,478.45
303.874460226,480.25
303.897919537,480.25
303.921063996,480.25
303.944931567,480.25
303.968312221,482.33
303.991542985,482.33
304.014909910,482.33
304.038180354,482.33
304.061401326,482.33
304.084877789,475.26
304.115065561,475.26
304.138363270,475.26
304.161506801,475.26
304.185627015,462.07
304.209271608,462.07
304.232673990,462.07
304.256000595,462.07
304.279434209,455.79
304.302734798,455.79
304.325489877,455.79
304.348979556,455.79
304.372213552,469.38
304.395794272,469.38
304.419309519,469.38
304.442836734,469.38
304.465870568,500.59
304.489533561,500.59
304.512723108,500.59
304.536199091,500.59
304.559753251,500.59
304.582881198,527.15
304.606010104,527.15
304.629009314,527.15
304.651899242,527.15
304.675075445,568.07
304.698026078,568.07
304.721049063,568.07
304.744664824,568.07
304.767960197,557.57
304.791227441,557.57
304.814412476,557.57
304.837872171,557.57
304.861192504,557.57
304.885470128,526.62
304.908787101,526.62
304.932167115,526.62
304.955224533,526.62
304.978479841,499.64
305.002005040,499.64
305.025511071,499.64
305.048448488,499.64
305.071169134,465.19
305.094151255,465.19
305.130978144,465.19
305.155076662,465.19
305.178838920,465.19
305.202815741,474.59
305.227254967,474.59
305.251323212,474.59
305.277564859,474.59
305.301069034,476.57
305.324715195,476.57
305.347796165,476.57
305.371222963,476.57
305.394412703,475.87
305.417711563,475.87
305.441479230,475.87
305.464622377,475.87
305.487801940,480.56
305.511428868,480.56
305.534741201,480.56
305.557882780,480.56
305.581929906,480.56
305.604969404,479.07
305.628712653,479.07
305.651574837,479.07
305.675203206,479.07
305.698626772,479.01
305.721938049,479.01
305.745460816,479.01
305.769105825,479.01
305.792592592,491.56
305.815974653,491.56
305.839335371,491.56
305.862734617,491.56
305.885863588,491.56
305.909271730,515.78
305.932628479,515.78
305.956239983,515.78
305.980006274,515.78
306.003560241,540.19
306.026831102,540.19
306.049725958,540.19
306.072767343,540.19
306.095881306,577.13
306.121041148,577.13
306.144994865,577.13
306.168528576,577.13
306.191948878,583.36
306.215460093,583.36
306.239565364,583.36
306.262912257,583.36
306.286370447,583.36
306.309743773,582.67
306.333955412,582.67
306.357186848,582.67
306.380578190,582.67
306.404200767,583.08
306.427218024,583.08
306.450197745,583.08
306.473331388,583.08
306.496776298,581.63
306.520563165,581.63
306.544256110,581.63
306.567544827,581.63
306.591200684,581.63
306.614687387,579.11
306.638071368,579.11
306.661306708,579.11
306.684890404,579.11
306.708076560,580.97
306.731058681,580.97
306.754626089,580.97
306.778551549,580.97
306.801611335,583.04
306.824535599,583.04
306.847568537,583.04
306.870433729,583.04
306.894555095,583.04
306.918513835,587.65
306.941793432,587.65
306.965252454,587.65
306.988828374,587.65
307.012054594,586.34
307.035696659,586.34
307.058926431,586.34
307.082099434,586.34
307.105358518,586.34
307.128331871,586.34
307.151290152,586.34
307.174155344,586.34
307.197001720,586.34
307.220244964,581.07
307.243531888,581.07
307.267145921,581.07
307.290739217,581.07
307.313971709,553.07
307.337069927,553.07
307.359646540,553.07
307.382406962,553.07
307.405041399,511.67
307.428295044,511.67
307.452265976,511.67
307.475894089,511.67
307.499645179,511.67
307.523484109,509.78
307.546918588,509.78
307.570267273,509.78
307.593956442,509.78
307.617099685,510.47
307.640582292,510.47
307.664144292,510.47
307.687010956,510.47
307.710381049,506.90
307.734143627,506.90
307.757692763,506.90
307.780957031,506.90
307.804678841,512.89
307.827553697,512.89
307.851639639,512.89
307.874835650,512.89
307.898189168,512.89
307.921556413,512.17
307.944568615,512.17
307.967563376,512.17
307.990859005,512.17
308.014158537,509.73
308.037314229,509.73
308.060203101,509.73
308.082918851,509.73
308.114182859,505.33
308.137640986,505.33
308.160906214,505.33
308.184199155,505.33
308.207400350,505.33
308.230599274,490.86
308.255011524,490.86
308.278199727,490.86
308.301551388,490.86
308.324728328,491.74
308.347744785,491.74
308.370251381,491.74
308.393025756,491.74
308.418917574,499.53
308.443037789,499.53
308.466588044,499.53
308.490136348,499.53
308.514025519,503.37
308.537252827,503.37
308.560736138,503.37
308.584455452,503.37
308.607962859,503.37
308.631483770,501.94
308.654498372,501.94
308.677464205,501.94
308.701241567,501.94
308.724658093,504.49
308.747999546,504.49
308.771701804,504.49
308.794743094,504.49
308.817955265,500.77
308.841766612,500.77
308.865215618,500.77
308.888602640,500.77
308.911890813,500.77
308.934819685,504.69
308.957907760,504.69
308.981350142,504.69
309.004558218,504.69
309.028239611,509.79
309.051232292,509.79
309.074383983,509.79
309.098124673,509.79
309.121287724,508.89
309.144478488,508.89
309.167968487,508.89
309.190699885,508.89
309.214337149,525.93
309.238068815,525.93
309.261610943,525.93
309.285132270,525.93
309.308690206,525.93
309.331506981,556.81
309.355019796,556.81
309.378618660,556.81
309.401921553,556.81
309.425554562,592.60
309.448901359,592.60
309.472303197,592.60
309.495616394,592.60
309.519174394,597.55
309.542500263,597.55
309.566334618,597.55
309.589621830,597.55
309.612835442,597.55
309.635606265,590.25
309.658489345,590.25
309.681489706,590.25
309.705099930,590.25
309.728745131,570.60
309.752785024,570.60
309.776081933,570.60
309.798534896,570.60
309.821115925,529.62
309.844153374,529.62
309.868691257,529.62
309.892154792,529.62
309.915524886,529.62
309.939182215,521.60
309.963133115,521.60
309.986333510,521.60
310.010377980,521.60
310.033766058,518.45
310.057142935,518.45
310.080922985,518.45
310.104303959,518.45
310.127506947,518.35
310.151631737,518.35
310.175178825,518.35
310.198543286,518.35
310.222160199,521.99
310.245014830,521.99
310.268427644,521.99
310.291996652,521.99
310.315687710,521.99
310.339350286,519.97
310.363030656,519.97
310.386114026,519.97
310.409574552,519.97
310.432917158,520.65
310.456241427,520.65
310.479831107,520.65
310.503607925,520.65
310.527043076,518.77
310.550859318,518.77
310.574682697,518.77
310.598064247,518.77
310.622063020,518.77
310.645605883,524.41
310.668924072,524.41
310.692561401,524.41
310.715804517,524.41
310.739163570,542.41
310.762547200,542.41
310.785140229,542.41
310.809015960,542.41
310.832627336,583.19
310.856357978,583.19
310.879647047,583.19
310.902781298,583.19
310.925797787,583.19
310.949800848,587.94
310.973034876,587.94
310.996357417,587.94
311.020443039,587.94
311.043301510,588.95
311.066720469,588.95
311.090286948,588.95
311.121644206,588.95
311.145428128,592.06
311.168749230,592.06
311.192040794,592.06
311.215120388,592.06
311.238012684,589.68
311.261156183,589.68
311.284153121,589.68
311.306889095,589.68
311.330283765,589.68
311.353262014,585.64
311.376301864,585.64
311.399212880,585.64
311.422841536,585.64
311.446688116,556.04
311.470107330,556.04
311.493368590,556.04
311.519103895,556.04
311.541498489,523.08
311.564392641,523.08
311.587706574,523.08
311.612211305,523.08
311.635719864,504.44
311.659492394,504.44
311.683131547,504.44
311.706398087,504.44
311.730111001,504.44
311.753747561,502.60
311.777265625,502.60
311.800895593,502.60
311.824428569,502.60
311.847461826,502.89
311.870505804,502.89
311.893478101,502.89
311.916888995,502.89
311.940249585,504.64
311.963667615,504.64
311.987212590,504.64
312.010472283,504.64
312.033908745,504.64
312.057543674,486.58
312.080476258,486.58
312.103073319,486.58
312.130044670,486.58
312.154096883,443.68
312.178772464,443.68
312.202561506,443.68
312.226331381,443.68
312.249780323,441.56
312.273122288,441.56
312.296787393,441.56
312.320264336,441.56
312.343588253,453.82
312.367199822,453.82
312.389944052,453.82
312.413328130,453.82
312.436959826,453.82
312.460496386,480.62
312.483568460,480.62
312.506770744,480.62
312.530618251,480.62
312.554669312,517.61
312.578563860,517.61
312.602782091,517.61
312.626480988,517.61
312.649682120,526.23
312.672758450,526.23
312.696451171,526.23
312.719545998,526.23
312.742672761,529.76
312.765766307,529.76
312.789909370,529.76
312.813691212,529.76
312.837103418,529.76
312.860560072,526.51
312.884452668,526.51
312.908087597,526.51
312.931461114,526.51
312.954786279,527.64
312.978343607,527.64
313.001731909,527.64
313.025085714,527.64
313.048594689,543.49
313.071766317,543.49
313.095273180,543.49
313.121037413,543.49
313.144245489,581.98
313.167525405,581.98
313.190734057,581.98
313.214236408,581.98
313.237617094,581.98
313.260786385,559.67
313.283656569,559.67
313.307132936,559.67
313.330455253,559.67
313.353152410,528.67
313.375798656,528.67
313.398296547,528.67
313.421306189,528.67
313.445035614,501.18
313.468596334,501.18
313.491916859,501.18
313.515246312,501.18
313.538711191,501.18
313.561921827,504.81
313.585356721,504.81
313.608648222,504.81
313.632264014,504.81
313.658380635,508.99
313.681315588,508.99
313.704689617,508.99
313.727961694,508.99
313.751691824,504.37
313.774693369,504.37
313.797786499,504.37
313.821127280,504.37
313.845224582,504.37
313.868918776,503.88
313.892997741,503.88
313.916970306,503.88
313.940498577,503.88
313.963461658,483.20
313.986314594,483.20
314.009897618,483.20
314.033806022,483.20
314.057650169,460.73
314.081278025,460.73
314.104612374,460.73
314.127886499,460.73
314.152020537,457.60
314.175770891,457.60
314.200033859,457.60
314.223505874,457.60
314.246805311,457.60
314.270215533,481.14
314.294110976,481.14
314.317820978,481.14
314.341605572,481.14
314.364906129,508.50
314.388573122,508.50
314.412279571,508.50
314.436392713,508.50
314.460147772,542.03
314.483543593,542.03
314.506541811,542.03
314.529714238,542.03
314.553376911,541.78
314.577179361,541.78
314.600461742,541.78
314.623495736,541.78
314.647124200,541.78
314.670675768,541.01
314.694089574,541.01
314.717997658,541.01
314.741292934,541.01
314.764407729,541.69
314.787847360,541.69
314.811515056,541.69
314.835236322,541.69
314.858535279,548.80
314.881340918,548.80
314.904675683,548.80
314.928036561,548.80
314.951641825,548.80
314.974899437,569.54
314.998066392,569.54
315.021117250,569.54
315.044663762,569.54
315.068243778,590.59
315.092034164,590.59
315.120763936,590.59
315.144331279,590.59
315.167945568,587.06
315.191183148,587.06
315.214828381,587.06
315.238143210,587.06
315.261175859,588.19
315.284490912,588.19
315.307911054,588.19
315.331543679,588.19
315.354825579,588.19
315.377895638,591.59
315.401079265,591.59
315.425013717,591.59
315.448631910,591.59
315.472121973,589.87
315.495380545,589.87
315.518217640,589.87
315.541464052,589.87
315.564753985,588.55
315.587898860,588.55
315.611588445,588.55
315.634997227,588.55
315.658521787,588.55
315.681542404,584.98
315.706036639,584.98
315.729848049,584.98
315.753939591,584.98
315.777498007,556.44
315.801218217,556.44
315.824377972,556.44
315.847445022,556.44
315.870090275,517.24
315.893601746,517.24
315.917394309,517.24
315.940970901,517.24
315.964658726,517.24
315.988127701,513.50
316.011189151,513.50
316.034649709,513.50
316.058068475,513.50
316.081907246,509.05
316.105793538,509.05
316.128905196,509.05
316.151821845,509.05
316.176024332,510.94
316.199478074,510.94
316.223282317,510.94
316.247089728,510.94
316.270318092,510.94
316.293759418,507.35
316.317346858,507.35
316.340843577,507.35
316.364617835,507.35
316.387589428,506.15
316.410435324,506.15
316.433457605,506.15
316.457156727,506.15
316.480617925,505.11
316.504060020,505.11
316.527397537,505.11
316.550739182,505.11
316.573811160,505.11
316.596995044,492.96
316.620826711,492.96
316.644312358,492.96
316.667514129,492.96
316.690084086,458.33
316.712674810,458.33
316.736420940,458.33
316.760744709,458.33
316.784076658,471.82
316.807589121,471.82
316.831023247,471.82
316.853797110,471.82
316.877183940,471.82
316.900410640,512.03
316.923604923,512.03
316.946807207,512.03
316.970069811,512.03
316.993577378,509.21
317.017445654,509.21
317.040975045,509.21
317.064446868,509.21
317.087885186,504.01
317.114697111,504.01
317.137555423,504.01
317.160650090,504.01
317.183969686,506.03
317.207294020,506.03
317.230931412,506.03
317.254552805,506.03
317.278082932,506.03
317.301865446,505.17
317.325444694,505.17
317.348668066,505.17
317.372147025,505.17
317.395794850,507.50
317.418970349,507.50
317.442101880,507.50
317.465713512,507.50
317.489289016,506.96
317.512802535,506.96
317.536429784,506.96
317.559653188,506.96
317.582861200,519.88
317.606468480,519.88
317.630137105,519.88
317.653616448,519.88
317.676857516,519.88
317.699754676,549.09
317.722758973,549.09
317.746096139,549.09
317.769152788,549.09
317.792441185,565.29
317.816157203,565.29
317.839797027,565.29
317.863069488,565.29
317.886445117,538.45
317.909558952,538.45
317.932998678,538.45
317.955873950,538.45
317.978458275,538.45
318.001552237,501.17
318.025171358,501.17
318.049133458,501.17
318.072871940,501.17
318.097023450,505.54
318.122212669,505.54
318.145375432,505.54
318.169321084,505.54
318.192934893,504.33
318.216657086,504.33
318.239955499,504.33
318.262665297,504.33
318.286221281,504.33
318.309898066,506.74
318.333229439,506.74
318.356783119,506.74
318.380036219,506.74
318.403594411,502.07
318.427273244,502.07
318.450711754,502.07
318.474316090,502.07
318.498156237,507.22
318.521308024,507.22
318.545091115,507.22
318.568838429,507.22
318.592767377,506.77
318.616714437,506.77
318.640123251,506.77
318.663474752,506.77
318.687238386,506.77
318.710642208,501.46
318.735076922,501.46
318.758596298,501.46
318.782099705,501.46
318.805749417,507.81
318.829468891,507.81
318.854326234,507.81
318.877799337,507.81
318.900702769,533.55
318.923917341,533.55
318.947702159,533.55
318.971425376,533.55
318.995184307,568.12
319.018504960,568.12
319.042070383,568.12
319.065225274,568.12
319.089028813,568.12
319.115047865,580.45
319.138388998,580.45
319.161107276,580.45
319.184384441,580.45
319.208035274,583.07
319.231471608,583.07
319.254801669,583.07
319.278091666,583.07
319.301258205,582.03
319.324827181,582.03
319.348454909,582.03
319.372071534,582.03
319.395218361,582.03
319.418429253,584.23
319.441714353,584.23
319.465432483,584.23
319.489038451,584.23
319.512360416,584.13
319.535224904,584.13
319.558425331,584.13
319.582577546,584.13
319.606165882,584.03
319.629910188,584.03
319.653174968,584.03
319.675792029,584.03
319.699473006,583.57
319.723206240,583.57
319.746481325,583.57
319.770061021,583.57
319.793099526,583.57
319.816178033,580.41
319.839577150,580.41
319.862801226,580.41
319.885811828,580.41
319.908895230,582.50
319.932184235,582.50
319.955639769,582.50
319.978904358,582.50
320.002483766,568.06
320.025623296,568.06
320.049435763,568.06
320.072109593,568.06
320.094686269,568.06
320.119938368,532.16
320.144227449,532.16
320.167561030,532.16
320.191570843,532.16
320.214979081,529.17
320.238019026,529.17
320.261365088,529.17
320.285540311,529.17
320.308838083,529.64
320.332528469,529.64
320.355784641,529.64
320.378865195,529.64
320.402735198,529.64
320.426291790,528.83
320.449876574,528.83
320.473562543,528.83
320.497085151,528.83
320.521040563,527.55
320.545086888,527.55
320.569172414,527.55
320.592823503,527.55
320.616247325,529.25
320.639738636,529.25
320.663626208,529.25
320.687399570,529.25
320.711094403,528.65
320.735137401,528.65
320.758628392,528.65
320.782160407,528.65
320.806251309,531.96
320.829775644,531.96
320.853277419,531.96
320.876558104,531.96
320.900389899,531.96
320.924158781,530.44
320.949991399,530.44
320.973586711,530.44
320.997653293,530.44
321.020756215,539.58
321.043994083,539.58
321.067799094,539.58
321.091705065,539.58
321.121118397,580.95
321.144438922,580.95
321.168795011,580.95
321.192631862,580.95
321.216638603,581.96
321.240255803,581.96
321.264057230,581.96
321.287662942,581.96
321.311516337,581.96
321.335010656,584.34
321.358823059,584.34
321.381892381,584.34
321.405185641,584.34
321.428629208,584.58
321.452099143,584.58
321.475591926,584.58
321.499107013,584.58
321.521937932,586.62
321.545719518,586.62
321.569168845,586.62
321.592618107,586.62
321.616585232,585.93
321.639741755,585.93
321.662911142,585.93
321.686396693,585.93
321.710167975,585.93
321.734107803,590.27
321.757726060,590.27
321.780646164,590.27
321.803976033,590.27
321.827489009,589.24
321.851588839,589.24
321.874639313,589.24
321.898241441,589.24
321.921638927,587.67
321.945323616,587.67
321.968724526,587.67
321.992637890,587.67
322.016648215,587.87
322.040262887,587.87
322.064139386,587.87
322.087636905,587.87
322.114704866,587.87
322.138074287,588.37
322.161494589,588.37
322.185142254,588.37
322.208822943,588.37
322.232305614,584.46
322.256033632,584.46
322.279522223,584.46
322.303134655,584.46
322.327059443,584.87
322.350856614,584.87
322.374468502,584.87
322.397856996,584.87
322.421460468,585.30
322.445139237,585.30
322.468795542,585.30
322.492116867,585.30
322.515632018,585.30
322.538421881,584.84
322.562268844,584.84
322.585330518,584.84
322.609239210,584.84
322.632404309,562.03
322.655922884,562.03
322.679423955,562.03
322.702598591,562.03
322.725875851,530.63
322.748661170,530.63
322.771933503,530.63
322.795146186,530.63
322.818719226,530.63
322.842976306,504.80
322.866314463,504.80
322.888843907,504.80
322.911733611,504.80
322.935502781,469.05
322.959428529,469.05
322.983150275,469.05
323.006954293,469.05
323.030308483,472.14
323.053685009,472.14
323.079587739,472.14
323.102948009,472.14
323.129742846,465.35
323.153248461,465.35
323.176848093,465.35
323.200649744,465.35
323.224576708,470.61
323.247965169,470.61
323.271944966,470.61
323.295503222,470.61
323.318739042,470.61
323.342740599,467.66
323.366531433,467.66
323.390097337,467.66
323.414103662,467.66
323.437669758,466.78
323.461403887,466.78
323.485482789,466.78
323.509852126,466.78
323.533914580,464.02
323.557753895,464.02
323.581023123,464.02
323.605111689,464.02
323.629054493,484.44
323.652623565,484.44
323.676979590,484.44
323.700392916,484.44
323.723996740,484.44
323.747576468,507.42
323.771620682,507.42
323.795015831,507.42
323.818883371,507.42
323.841868212,539.45
323.865867945,539.45
323.889432312,539.45
323.913336908,539.45
323.936929340,574.39
323.960093960,574.39
323.983964827,574.39
324.007677292,574.39
324.031266845,578.82
324.055069711,578.82
324.078287099,578.82
324.101711049,578.82
324.125897344,578.82
324.149500080,580.49
324.173280259,580.49
324.196608336,580.49
324.219604313,580.49
324.242915206,582.41
324.266564535,582.41
324.290227624,582.41
324.313854968,582.41
324.337189029,586.25
324.361090809,586.25
324.384640361,586.25
324.408046071,586.25
324.432007275,586.25
324.455563291,583.34
324.479116554,583.34
324.502893181,583.34
324.526835697,583.34
324.550505858,585.34
324.573943856,585.34
324.597343486,585.34
324.620937262,585.34
324.644301340,587.38
324.667667017,587.38
324.691068727,587.38
324.714243875,587.38
324.737497103,585.59
324.760787451,585.59
324.784401996,585.59
324.808024412,585.59
324.831405354,585.59
324.854611126,563.01
324.877848514,563.01
324.900899083,563.01
324.923866772,563.01
324.946448601,523.93
324.969239712,523.93
324.993401526,523.93
325.017067688,523.93
325.040801689,515.83
325.064574347,515.83
325.088227324,515.83
325.115342965,515.83
325.140007346,517.68
325.163956998,517.68
325.187623767,517.68
325.210795394,517.68
325.233614761,517.68
325.256957847,513.47
325.280328676,513.47
325.303401678,513.47
325.327205569,513.47
325.350792881,515.29
325.374471874,515.29
325.397780751,515.29
325.420624854,515.29
325.444312264,486.80
325.467871319,486.80
325.491960045,486.80
325.515362363,486.80
325.538706376,486.80
325.561849875,459.97
325.585553957,459.97
325.608734544,459.97
325.632556803,459.97
325.655849584,434.17
325.679545921,434.17
325.703123249,434.17
325.727134246,434.17
325.751175547,408.12
325.774799500,408.12
325.798257242,408.12
325.821406629,408.12
325.844963445,399.12
325.868227329,399.12
325.891047593,399.12
325.914338741,399.12
325.938265449,399.12
325.962213501,405.58
325.985962608,405.58
326.009457246,405.58
326.032616042,405.58
326.056090200,420.33
326.079837354,420.33
326.103472603,420.33
326.127092395,420.33
326.150275063,420.33
326.173197151,419.56
326.197543480,419.56
326.223199168,419.56
326.246943730,419.56
326.270356320,418.80
326.293142983,418.80
326.316493620,418.80
326.339934786,418.80
326.363214511,420.04
326.386920384,420.04
326.409936618,420.04
326.432704112,420.04
326.456412962,440.62
326.479884113,440.62
326.503117757,440.62
326.526632908,440.62
326.549834776,440.62
326.573335943,466.86
326.596864214,466.86
326.620082338,466.86
326.643945653,466.86
326.667063968,497.79
326.690029545,497.79
326.713131475,497.79
326.736117916,497.79
326.759202599,518.42
326.782283121,518.42
326.805232953,518.42
326.828906667,518.42
326.852119606,532.64
326.875527044,532.64
326.898708624,532.64
326.922126206,532.64
326.945399562,532.64
326.968302386,534.30
326.990968376,534.30
327.013810335,534.30
327.037407856,534.30
327.060999072,510.29
327.084662609,510.29
327.115561685,510.29
327.138613951,510.29
327.162396529,505.81
327.185925697,505.81
327.209268270,505.81
327.235212953,505.81
327.258346564,512.20
327.281446575,512.20
327.305313666,512.20
327.328827473,512.20
327.352329024,512.20
327.375862160,511.92
327.399741283,511.92
327.423358131,511.92
327.447652780,511.92
327.471118746,513.28
327.494636842,513.28
327.518306619,513.28
327.541496294,513.28
327.565416762,511.89
327.589248269,511.89
327.613007455,511.89
327.636421645,511.89
327.659768058,511.30
327.683254505,511.30
327.707455552,511.30
327.730933711,511.30
327.754451039,511.30
327.777404711,514.46
327.800694516,514.46
327.824555559,514.46
327.847934709,514.46
327.871492549,531.13
327.894748369,531.13
327.917742906,531.13
327.941109064,531.13
327.964394772,569.79
327.987770754,569.79
328.011212112,569.79
328.034385083,569.79
328.057966827,569.79
328.081505819,585.46
328.105279821,585.46
328.128874877,585.46
328.152109033,585.46
328.175386710,587.33
328.198732451,587.33
328.222148017,587.33
328.246105574,587.33
328.269003662,589.10
328.292354427,589.10
328.316251951,589.10
328.339775422,589.10
328.363209004,589.90
328.386878461,589.90
328.410092329,589.90
328.433314677,589.90
328.456657314,589.90
328.480338227,592.86
328.504023237,592.86
328.527424178,592.86
328.550596062,592.86
328.574465681,594.35
328.597922432,594.35
328.621594673,594.35
328.644755932,594.35
328.668097737,594.61
328.691690777,594.61
328.715916273,594.61
328.739464032,594.61
328.763182258,594.61
328.786225084,594.45
328.810466067,594.45
328.833660031,594.45
328.857629427,594.45
328.881389381,595.63
328.904489584,595.63
328.927547610,595.63
328.951663568,595.63
328.975188927,594.15
328.998724463,594.15
329.022480833,594.15
329.045878479,594.15
329.069366206,596.10
329.092668458,596.10
329.121486551,596.10
329.144748227,596.10
329.168051440,596.10
329.191500318,597.14
329.215420114,597.14
329.238395643,597.14
329.261632199,597.14
329.284704113,586.97
329.308412739,586.97
329.332193205,586.97
329.355829126,586.97
329.378951473,555.68
329.401632790,555.68
329.424299900,555.68
329.447759114,555.68
329.471726367,555.68
329.495394704,527.46
329.518828638,527.46
329.542185131,527.46
329.565227285,527.46
329.588709476,524.17
329.612322260,524.17
329.635907396,524.17
329.659595638,524.17
329.682702560,522.48
329.705946444,522.48
329.729282394,522.48
329.752336452,522.48
329.775507407,522.48
329.798508984,520.99
329.821682755,520.99
329.845112594,520.99
329.868770147,520.99
329.891973646,509.52
329.915271259,509.52
329.937899392,509.52
329.961174860,509.52
329.984713820,473.12
330.008494862,473.12
330.032125023,473.12
330.055541645,473.12
330.079088093,473.44
330.102318440,473.44
330.130364844,473.44
330.153806010,473.44
330.177104231,473.44
330.200566902,473.14
330.224227847,473.14
330.247313137,473.14
330.271441511,473.14
330.294745332,486.50
330.318037057,486.50
330.341510351,486.50
330.364535833,486.50
330.387962791,509.46
330.413993812,509.46
330.437602340,509.46
330.460794351,509.46
330.484068924,539.80
330.506711009,539.80
330.529638281,539.80
330.552425328,539.80
330.575463802,539.80
330.598347682,534.80
330.621876241,534.80
330.645261727,534.80
330.669078866,534.80
330.691940026,505.14
330.715219334,505.14
330.738478866,505.14
330.762013698,505.14
330.785430032,481.70
330.808739997,481.70
330.831920104,481.70
330.855068979,481.70
330.878581954,481.70
330.902117970,459.59
330.925769795,459.59
330.949305778,459.59
330.973188486,459.59
330.996568531,475.45
331.020066466,475.45
331.043541905,475.45
331.067028832,475.45
331.090571280,472.54
331.121445876,472.54
331.144686176,472.54
331.167302693,472.54
331.190733683,472.54
331.214179969,469.88
331.237858099,469.88
331.261014686,469.88
331.284307434,469.88
331.308033724,465.04
331.332057457,465.04
331.355657313,465.04
331.379074959,465.04
331.402663295,454.49
331.426162479,454.49
331.450272133,454.49
331.473845685,454.49
331.497532230,450.61
331.521083637,450.61
331.544026398,450.61
331.567125769,450.61
331.590621783,450.61
331.614066438,455.79
331.637115248,455.79
331.660268603,455.79
331.683750186,455.79
331.707808927,481.43
331.731584018,481.43
331.755300323,481.43
331.778840147,481.43
331.802264961,507.74
331.826215125,507.74
331.850080264,507.74
331.874015260,507.74
331.897633581,536.38
331.921149788,536.38
331.944840557,536.38
331.968795874,536.38
331.992577908,536.38
332.016102627,556.04
332.039651187,556.04
332.063898283,556.04
332.088554855,556.04
332.115483454,561.28
332.139522931,561.28
332.163038530,561.28
332.186516209,561.28
332.209934271,563.91
332.233694769,563.91
332.257495812,563.91
332.280945106,563.91
332.304383137,568.10
332.328007569,568.10
332.351770467,568.10
332.375300595,568.10
332.398727969,582.47
332.421813195,582.47
332.445127992,582.47
332.471512296,582.47
332.495174425,582.47
332.518856394,581.36
332.542394906,581.36
332.565907657,581.36
332.590449732,581.36
332.614045268,582.10
332.637650341,582.10
332.661044914,582.10
332.684011867,582.10
332.707857486,581.82
332.731294877,581.82
332.754725803,581.82
332.778361756,581.82
332.801559431,585.02
332.824956149,585.02
332.848560325,585.02
332.872043156,585.02
332.896117354,585.02
332.919619129,584.75
332.943066600,584.75
332.967151069,584.75
332.991245811,584.75
333.014960869,582.49
333.038492276,582.49
333.061372892,582.49
333.084794634,582.49
333.115163209,584.67
333.138730936,584.67
333.162279528,584.67
333.185184208,584.67
333.208488157,584.20
333.232060589,584.20
333.255725950,584.20
333.279577233,584.20
333.302676156,584.20
333.325765094,585.23
333.349626009,585.23
333.372911238,585.23
333.396806425,585.23
333.420028357,585.66
333.442975310,585.66
333.466461661,585.66
333.490213903,585.66
333.515405777,585.98
333.538972257,585.98
333.562661170,585.98
333.586011328,585.98
333.609381165,585.47
333.633020894,585.47
333.657280182,585.47
333.680917286,585.47
333.704046385,585.47
333.727787107,582.68
333.751752919,582.68
333.775451593,582.68
333.799002680,582.68
333.822264357,581.43
333.845680883,581.43
333.869397860,581.43
333.892901652,581.43
333.915912797,578.51
333.939101800,578.51
333.961944432,578.51
333.984868152,578.51
334.008151557,578.51
334.031236367,576.12
334.054451675,576.12
334.078053355,576.12
334.101783837,576.12
334.125684689,558.22
334.149291425,558.22
334.173073939,558.22
334.196193022,558.22
334.218825603,528.25
334.242683478,528.25
334.266436296,528.25
334.289879991,528.25
334.313584776,518.58
334.337398651,518.58
334.362347610,518.58
334.386271534,518.58
334.409995104,518.58
334.433029770,517.89
334.456819676,517.89
334.480889970,517.89
334.504776837,517.89
334.528663545,516.26
334.552211208,516.26
334.575500949,516.26
334.599001252,516.26
334.623194971,512.24
334.646921165,512.24
334.670900769,512.24
334.693887243,512.24
334.716769683,515.04
334.740235745,515.04
334.764624603,515.04
334.788110569,515.04
334.811598488,515.04
334.834565761,516.79
334.858676503,516.79
334.882112614,516.79
334.906042010,516.79
334.929773739,518.20
334.953032440,518.20
334.976018945,518.20
335.000301177,518.20
335.023773640,522.05
335.047550618,522.05
335.070872167,522.05
335.094395446,522.05
335.121592304,544.20
335.144535353,544.20
335.168045416,544.20
335.190886639,544.20
335.213870136,544.20
335.237086916,569.52
335.260905783,569.52
335.284399654,569.52
335.307866517,569.52
335.331131905,576.49
335.354850259,576.49
335.378112575,576.49
335.401627214,576.49
335.424841786,574.39
335.447948420,574.39
335.471472820,574.39
335.495392328,574.39
335.519083769,574.39
335.542734794,580.38
335.565833236,580.38
335.588531738,580.38
335.614289987,580.38
335.637801074,579.81
335.663576188,579.81
335.687042538,579.81
335.710262966,579.81
335.733409313,580.34
335.756890896,580.34
335.780579905,580.34
335.804179985,580.34
335.827515775,582.33
335.850683530,582.33
335.874480092,582.33
335.897736009,582.33
335.921230168,582.33
335.944970761,582.03
335.967949970,582.03
335.991714021,582.03
336.015452918,582.03
336.039268937,583.95
336.063021627,583.95
336.086369768,583.95
336.115518905,583.95
336.139163337,582.54
336.162518871,582.54
336.186241352,582.54
336.209406644,582.54
336.232471998,581.81
336.255866187,581.81
336.279716415,581.81
336.303231150,581.81
336.326547483,581.81
336.349525412,590.40
336.373002899,590.40
336.396543714,590.40
336.419908400,590.40
336.443611585,589.29
336.466863117,589.29
336.490059897,589.29
336.513216324,589.29
336.536949462,589.35
336.560599462,589.35
336.583874547,589.35
336.606834972,589.35
336.629959174,589.35
336.652795886,587.90
336.675895288,587.90
336.699002371,587.90
336.722214831,587.90
336.744906388,590.00
336.767697787,590.00
336.790871398,590.00
336.814186643,590.00
336.837150268,559.70
336.860574635,559.70
336.883612916,559.70
336.906964610,559.70
336.930047052,559.70
336.953064757,530.83
336.975939069,530.83
336.999013319,530.83
337.022455990,530.83
337.045737346,501.32
337.069018351,501.32
337.093022404,501.32
337.121419787,501.32
337.144387156,475.15
337.166808663,475.15
337.189358171,475.15
337.212839242,475.15
337.236622588,442.49
337.260043018,442.49
337.283997822,442.49
337.307203498,442.49
337.329914512,442.49
337.353475328,439.90
337.377820569,439.90
337.400926211,439.90
337.425043161,439.90
337.448201381,442.95
337.471498001,442.95
337.495207715,442.95
337.519351513,442.95
337.542850568,444.61
337.566189333,444.61
337.589064925,444.61
337.612420811,444.61
337.636131196,444.61
337.659844078,443.68
337.683204571,443.68
337.713062100,443.68
337.736313376,443.68
337.759867023,440.44
337.783277470,440.44
337.806677675,440.44
337.829872823,440.44
337.852731743,464.01
337.876349903,464.01
337.899864414,464.01
337.923544495,464.01
337.947021246,497.72
337.970074344,497.72
337.993439894,497.72
338.017838447,497.72
338.041541793,524.35
338.065433620,524.35
338.088723969,524.35
338.115277459,524.35
338.138803234,524.35
338.162467603,554.01
338.186173061,554.01
338.209605267,554.01
338.232757950,554.01
338.255969642,576.51
338.279426616,576.51
338.302759558,576.51
338.326620697,576.51
338.350086119,577.70
338.373143281,577.70
338.396433182,577.70
338.419931213,577.70
338.443534525,573.97
338.467370448,573.97
338.490583292,573.97
338.513644902,573.97
338.537325175,573.97
338.561167818,576.88
338.584610521,576.88
338.607951878,576.88
338.630657260,576.88
338.653819895,579.20
338.677173380,579.20
338.700420912,579.20
338.723940608,579.20
338.747294861,580.47
338.770561145,580.47
338.793898087,580.47
338.817994748,580.47
338.841902032,580.47
338.865202205,584.04
338.888279943,584.04
338.911694549,584.04
338.935395687,584.04
338.958928214,585.92
338.982519334,585.92
339.005476367,585.92
339.028565465,585.92
339.052166410,590.09
339.075837659,590.09
339.099462539,590.09
339.122475925,590.09
339.145793314,590.09
339.169349745,591.27
339.192887969,591.27
339.216265934,591.27
339.239713661,591.27
339.262829480,592.72
339.286225941,592.72
339.309222047,592.72
339.332175207,592.72
339.355107312,578.93
339.378622239,578.93
339.402041837,578.93
339.424823348,578.93
339.448174593,578.93
339.470952968,553.20
339.493976434,553.20
339.517041372,553.20
339.541438741,553.20
339.565009253,520.60
339.588790839,520.60
339.612334631,520.60
339.635657748,520.60
339.658532508,520.45
339.682638258,520.45
339.706180417,520.45
339.729808818,520.45
339.753176831,522.91
339.776677038,522.91
339.800669635,522.91
339.824389525,522.91
339.847768642,522.91
339.871629750,520.22
339.895119973,520.22
339.918432306,520.22
339.942254788,520.22
339.965815572,519.33
339.989526310,519.33
340.012886227,519.33
340.035755707,519.33
340.059110280,517.77
340.082470838,517.77
340.105818627,517.77
340.129461684,517.77
340.152858722,517.77
340.176014925,516.06
340.199977761,516.06
340.223415119,516.06
340.247487397,516.06
340.270558287,522.83
340.293977021,522.83
340.317578350,522.83
340.341787973,522.83
340.365058417,532.20
340.388819107,532.20
340.412025423,532.20
340.435023384,532.20
340.458437254,557.83
340.481939253,557.83
340.505300931,557.83
340.528547407,557.83
340.552044190,557.83
340.575286890,584.90
340.598241363,584.90
340.621252988,584.90
340.644248774,584.90
340.667971639,574.17
340.691265220,574.17
340.714594033,574.17
340.738377507,574.17
340.761824370,554.71
340.785102718,554.71
340.808595853,554.71
340.831887226,554.71
340.854950020,554.71
340.878191120,550.89
340.904299229,550.89
340.927168485,550.89
340.950644372,550.89
340.974182595,548.57
340.997249709,548.57
341.020685148,548.57
341.043767974,548.57
341.067012690,545.02
341.089934554,545.02
341.114759257,545.02
341.138089222,545.02
341.161342514,545.02
341.184639583,543.41
341.208156462,543.41
341.231190200,543.41
341.254972298,543.41
341.278177622,535.83
341.301271808,535.83
341.324906129,535.83
341.348830661,535.83
341.371707724,539.09
341.394829655,539.09
341.418924301,539.09
341.442750560,539.09
341.466409457,537.29
341.490193443,537.29
341.513443791,537.29
341.536676635,537.29
341.560727089,537.29
341.584368065,538.48
341.607941969,538.48
341.631558178,538.48
341.654939183,538.48
341.678332445,547.73
341.702126352,547.73
341.725716544,547.73
341.749485362,547.73
341.773181859,569.14
341.796451120,569.14
341.819954111,569.14
341.843560783,569.14
341.867191712,569.14
341.891218229,573.87
341.920410278,573.87
341.943636145,573.87
341.966963231,573.87
341.990128202,579.16
342.013588024,579.16
342.036606082,579.16
342.060274099,579.16
342.083917731,583.82
342.115055627,583.82
342.138602618,583.82
342.162674416,583.82
342.185875932,577.90
342.209176744,577.90
342.232785113,577.90
342.256411945,577.90
342.279762966,581.60
342.303441800,581.60
342.326811381,581.60
342.350364773,581.60
342.373714642,581.60
342.396620602,583.12
342.419901927,583.12
342.443245940,583.12
342.466762691,583.12
342.489936367,585.53
342.513153978,585.53
342.536735467,585.53
342.560511357,585.53
342.583993900,585.35
342.607703581,585.35
342.631232685,585.35
342.654806620,585.35
342.678065705,585.16
342.701916092,585.16
342.726110835,585.16
342.749222077,585.16
342.773028720,585.16
342.796550399,585.38
342.820509844,585.38
342.843705119,585.38
342.867410289,585.38
342.890292313,582.08
342.914316590,582.08
342.938091104,582.08
342.962085781,582.08
342.985602564,578.62
343.011401070,578.62
343.034864700,578.62
343.058339531,578.62
343.082058109,583.01
343.105153223,583.01
343.129111419,583.01
343.152649675,583.01
343.176422877,583.01
343.200024877,588.33
343.223850112,588.33
343.247201005,588.33
343.270770781,588.33
343.294201612,585.89
343.317943773,585.89
343.341094312,585.89
343.365052189,585.89
343.388508171,585.90
343.411637910,585.90
343.435085989,585.90
343.458606228,585.90
343.482198212,585.90
343.505386767,585.30
343.528195766,585.30
343.551597572,585.30
343.575390231,585.30
343.598466561,584.89
343.622236979,584.89
343.645379614,584.89
343.668452648,584.89
343.692030392,584.96
343.715709673,584.96
343.739189176,584.96
343.762699079,584.96
343.786070165,583.95
343.809302401,583.95
343.832565709,583.95
343.856214430,583.95
343.879481674,583.95
343.902468180,586.23
343.925414396,586.23
343.948469286,586.23
343.971469231,586.23
343.994442232,583.03
344.021959062,583.03
344.045080001,583.03
344.068445678,583.03
344.091750843,559.67
344.121529970,559.67
344.144632861,559.67
344.167876233,559.67
344.190812721,559.67
344.213827739,529.83
344.238025682,529.83
344.262178505,529.83
344.285360948,529.83
344.308024953,499.88
344.330812864,499.88
344.354468337,499.88
344.378098882,499.88
344.401587761,474.59
344.424954622,474.59
344.448539854,474.59
344.471807579,474.59
344.495152136,475.34
344.518816601,475.34
344.542212839,475.34
344.565656373,475.34
344.588690623,475.34
344.611767945,477.53
344.634958228,477.53
344.657893661,477.53
344.681201738,477.53
344.704283636,481.18
344.727473856,481.18
344.750853293,481.18
344.774232731,481.18
344.797832331,460.45
344.821348474,460.45
344.845526353,460.45
344.869117697,460.45
344.892212652,460.45
344.914749712,433.54
344.937186803,433.54
344.960014906,433.54
344.983562633,433.54
345.006850390,407.30
345.030356453,407.30
345.053828180,407.30
345.077288995,407.30
345.100536143,425.50
345.124096286,425.50
345.147725775,425.50
345.171141053,425.50
345.194523115,425.50
345.217579509,459.48
345.241165669,459.48
345.264913335,459.48
345.288354565,459.48
345.312015862,491.78
345.335272514,491.78
345.358439629,491.78
345.382469283,491.78
345.406129460,510.90
345.429639491,510.90
345.453397845,510.90
345.476962405,510.90
345.500742199,509.42
345.524399464,509.42
345.548045401,509.42
345.571914188,509.42
345.595771551,509.42
345.619291054,509.01
345.642973887,509.01
345.666621040,509.01
345.690300737,509.01
345.714154676,508.99
345.737473057,508.99
345.761677625,508.99
345.785392074,508.99
345.808746744,529.07
345.832423497,529.07
345.855573076,529.07
345.878543709,529.07
345.902136237,559.89
345.925973920,559.89
345.950407802,559.89
345.973868936,559.89
345.997230806,559.89
346.021602479,590.22
346.045376001,590.22
346.068384810,590.22
346.092164893,590.22
346.123403685,592.29
346.146603857,592.29
346.170447780,592.29
346.193991123,592.29
346.217555619,590.75
346.241247796,590.75
346.264141468,590.75
346.287736908,590.75
346.311140378,589.75
346.334437799,589.75
346.358380283,589.75
346.381584711,589.75
346.404709138,589.72
346.428340226,589.72
346.452222678,589.72
346.475664772,589.72
346.499244852,589.72
346.522183261,592.66
346.545697932,592.66
346.569549535,592.66
346.593298417,592.66
346.616787936,590.41
346.639912075,590.41
346.662719730,590.41
346.685740443,590.41
346.708905286,586.54
346.732044753,586.54
346.756085831,586.54
346.779611414,586.54
346.803170022,586.54
346.826283696,568.86
346.850294181,568.86
346.873391216,568.86
346.896581019,568.86
346.920211692,536.75
346.943779164,536.75
346.967138281,536.75
346.990076754,536.75
347.012743319,500.42
347.035632351,500.42
347.059685524,500.42
347.083534344,500.42
347.107147608,500.42
347.131155181,485.59
347.154726781,485.59
347.178114218,485.59
347.202930121,485.59
347.226480440,483.92
347.250501005,483.92
347.274291296,483.92
347.297628397,483.92
347.321085084,486.03
347.345091440,486.03
347.368522559,486.03
347.391939693,486.03
347.415495709,490.28
347.438477670,490.28
347.462654557,490.28
347.486090795,490.28
347.509698363,490.28
347.533047848,490.78
347.557092414,490.78
347.580349130,490.78
347.604153885,490.78
347.627516362,491.10
347.651059322,491.10
347.674495144,491.10
347.697845781,491.10
347.721541095,495.21
347.745063510,495.21
347.768731975,495.21
347.792371512,495.21
347.816002952,513.68
347.839532952,513.68
347.863185032,513.68
347.886385204,513.68
347.910210279,513.68
347.933504084,550.97
347.956371291,550.97
347.980011340,550.97
348.003923136,550.97
348.027313102,581.71
348.051354883,581.71
348.074784049,581.71
348.098094942,581.71
348.122535160,593.96
348.146274218,593.96
348.169720152,593.96
348.193189607,593.96
348.220538402,592.65
348.243789551,592.65
348.267073979,592.65
348.289909058,592.65
348.312806411,592.65
348.335877141,594.36
348.359487237,594.36
348.382539887,594.36
348.405663418,594.36
348.428785476,582.90
348.451905647,582.90
348.475177307,582.90
348.498429160,582.90
348.522037496,554.71
348.545935724,554.71
348.569172440,554.71
348.591905342,554.71
348.614819334,554.71
348.638131763,511.89
348.661859621,511.89
348.685644023,511.89
348.709146694,511.89
348.732886744,511.61
348.756186661,511.61
348.779363696,511.61
348.803108994,511.61
348.826555632,511.48
348.850259842,511.48
348.873873458,511.48
348.896912508,511.48
348.920405835,511.48
348.943730648,509.54
348.967822126,509.54
348.991324189,509.54
349.014879021,509.54
349.037809397,506.58
349.061657096,506.58
349.085197048,506.58
349.108619974,506.58
349.132164021,507.39
349.155331969,507.39
349.178708078,507.39
349.201820377,507.39
349.225032549,507.39
349.248426898,510.67
349.271520221,510.67
349.294569319,510.67
349.318585948,510.67
349.341611781,496.10
349.364143817,496.10
349.386734830,496.10
349.410423935,496.10
349.434366419,477.51
349.457753953,477.51
349.481242192,477.51
349.505021442,477.51
349.528161037,501.33
349.551635100,501.33
349.575784018,501.33
349.599252545,501.33
349.622668079,501.33
349.646009116,539.80
349.668908292,539.80
349.692604086,539.80
349.716079205,539.80
349.739450514,547.10
349.762907361,547.10
349.786182157,547.10
349.809099733,547.10
349.832861192,546.73
349.856421239,546.73
349.880322187,546.73
349.904001884,546.73
349.927355785,546.73
349.950591413,546.94
349.974826093,546.94
349.998210139,546.94
350.022085422,546.94
350.045334074,545.09
350.068208098,545.09
350.091997108,545.09
350.116370894,545.09
350.139683579,546.47
350.163373548,546.47
350.186687481,546.47
350.209771619,546.47
350.233090000,546.47
350.256482750,545.72
350.279451879,545.72
350.302489008,545.72
350.325779741,545.72
350.349604016,557.12
350.372898780,557.12
350.395891494,557.12
350.419008272,557.12
350.441903000,572.58
350.464822113,572.58
350.488614323,572.58
350.511908096,572.58
350.535109708,572.58
350.558627163,544.40
350.581703589,544.40
350.604908593,544.40
350.628013211,544.40
350.651523210,509.12
350.674479251,509.12
350.698063235,509.12
350.721739572,509.12
350.745331684,484.71
350.768906676,484.71
350.792317570,484.71
350.815684112,484.71
350.838557176,454.90
350.862036519,454.90
350.885100464,454.90
350.908532863,454.90
350.932024302,454.90
350.955377787,430.55
350.978739081,430.55
351.001977013,430.55
351.025512548,430.55
351.048422444,398.81
351.071650648,398.81
351.095089895,398.81
351.121169555,398.81
351.144333695,371.29
351.167067973,371.29
351.189855692,371.29
351.213032983,371.29
351.237373264,371.29
351.261169890,345.45
351.285106838,345.45
351.308699334,345.45
351.332134965,345.45
351.355431009,347.44
351.379208372,347.44
351.404750394,347.44
351.428532909,347.44
351.451639159,363.72
351.474243260,363.72
351.497694794,363.72
351.521166841,363.72
351.544521063,388.65
351.568232184,388.65
351.591525573,388.65
351.614439661,388.65
351.638034877,388.65
351.661607437,413.87
351.685070108,413.87
351.708567179,413.87
351.731693621,413.87
351.754957602,444.00
351.778061996,444.00
351.801132790,444.00
351.824275361,444.00
351.847880370,470.51
351.871284128,470.51
351.895108786,470.51
351.918191101,470.51
351.941560074,470.51
351.965261788,471.60
351.989412242,471.60
352.012659934,471.60
352.036608338,471.60
352.060045633,470.32
352.082812327,470.32
352.105472749,470.32
352.128265076,470.32
352.152004229,469.97
352.176456608,469.97
352.199945166,469.97
352.223508030,469.97
352.247295025,469.97
352.270503900,493.98
352.293573254,493.98
352.317126998,493.98
352.340408483,493.98
352.363902546,496.56
352.387130334,496.56
352.414466809,496.56
352.438056425,496.56
352.461915484,497.35
352.485594221,497.35
352.509152445,497.35
352.532036645,497.35
352.555355090,499.05
352.578705695,499.05
352.602345008,499.05
352.625613916,499.05
352.649085643,499.05
352.671904466,503.52
352.695630148,503.52
352.719327989,503.52
352.742892485,503.52
352.766835673,499.79
352.790183558,499.79
352.813498995,499.79
352.837451176,499.79
352.861156217,496.99
352.884765193,496.99
352.908619805,496.99
352.932064267,496.99
352.955652027,523.09
352.980182422,523.09
353.004465454,523.09
353.027921885,523.09
353.051634542,523.09
353.074723161,556.20
353.099123154,556.20
353.122819523,556.20
353.146458260,556.20
353.169930019,589.09
353.193412497,589.09
353.216566557,589.09
353.240947702,589.09
353.264309443,589.71
353.287580368,589.71
353.311274561,589.71
353.334303659,589.71
353.357502294,588.22
353.380881732,588.22
353.404052303,588.22
353.427324508,588.22
353.450363077,588.22
353.473402319,587.93
353.496708988,587.93
353.519932008,587.93
353.543136211,587.93
353.566730724,575.41
353.590160434,575.41
353.613761986,575.41
353.636714155,575.41
353.660054744,545.81
353.683506662,545.81
353.707112023,545.81
353.730395779,545.81
353.753240139,545.81
353.775918768,508.09
353.799158204,508.09
353.822923983,508.09
353.846486174,508.09
353.869741611,499.79
353.893447612,499.79
353.916798953,499.79
353.939938996,499.79
353.963538148,499.43
353.987036083,499.43
354.010947751,499.43
354.034669401,499.43
354.057801956,499.43
354.081075632,498.59
354.105013572,498.59
354.128264240,498.59
354.151588158,498.59
354.174842954,502.44
354.198053397,502.44
354.221434371,502.44
354.244621999,502.44
354.268271775,483.61
354.291634029,483.61
354.314372531,483.61
354.336874711,483.61
354.359810783,483.61
354.383559601,446.28
354.407940330,446.28
354.431501498,446.28
354.455843859,446.28
354.479287329,446.05
354.502632687,446.05
354.526360256,446.05
354.549891024,446.05
354.573733603,457.76
354.597110128,457.76
354.619926648,457.76
354.643157923,457.76
354.666868277,457.76
354.690275427,486.86
354.714197175,486.86
354.737642821,486.86
354.761143348,486.86
354.784810149,518.55
354.808110706,518.55
354.831531040,518.55
354.855493845,518.55
354.878647104,537.84
354.901573192,537.84
354.925220889,537.84
354.948729672,537.84
354.972552283,537.84
354.995817031,538.33
355.018602638,538.33
355.041884507,538.33
355.065556972,538.33
355.088729367,536.22
355.115022694,536.22
355.138454644,536.22
355.161790690,536.22
355.185068526,533.82
355.208652478,533.82
355.231894122,533.82
355.255639132,533.82
355.279000617,547.96
355.302810364,547.96
355.326234314,547.96
355.349948924,547.96
355.373680366,547.96
355.397268638,591.32
355.420193478,591.32
355.443699957,591.32
355.467586953,591.32
355.490941110,590.94
355.514828298,590.94
355.538152151,590.94
355.561620261,590.94
355.585269430,587.15
355.611073920,587.15
355.634313324,587.15
355.658053854,587.15
355.681106887,587.45
355.704193074,587.45
355.728237831,587.45
355.751528500,587.45
355.775221637,587.45
355.798349904,592.85
355.821294808,592.85
355.844655750,592.85
355.868196725,592.85
355.891573251,590.96
355.915241940,590.96
355.938445056,590.96
355.962234194,590.96
355.985751009,589.35
356.009370226,589.35
356.033019331,589.35
356.056558290,589.35
356.079523899,589.35
356.103346478,590.65
356.126951742,590.65
356.150648079,590.65
356.174724165,590.65
356.198345717,594.46
356.221511553,594.46
356.245460373,594.46
356.269192039,594.46
356.292782359,590.88
356.315992387,590.88
356.339254095,590.88
356.362826719,590.88
356.386608049,584.63
356.409810941,584.63
356.433836242,584.63
356.457119006,584.63
356.480453067,584.63
356.503932346,581.66
356.528005200,581.66
356.552113702,581.66
356.575388114,581.66
356.598412156,584.80
356.621744489,584.80
356.644923636,584.80
356.668351587,584.80
356.692123381,586.32
356.715019709,586.32
356.738344106,586.32
356.761897338,586.32
356.785444201,586.32
356.809005785,584.73
356.832581097,584.73
356.855780789,584.73
356.879611815,584.73
356.902917044,584.69
356.926431619,584.69
356.950348439,584.69
356.973671844,584.69
356.997091571,583.74
357.020378559,583.74
357.043834510,583.74
357.067218171,583.74
357.090976877,585.98
357.115719179,585.98
357.139059256,585.98
357.162722441,585.98
357.185948693,585.98
357.209714727,583.13
357.233501881,583.13
357.256637348,583.13
357.280703322,583.13
357.303960198,587.57
357.327450165,587.57
357.350865795,587.57
357.374152464,587.57
357.397344475,593.08
357.420315748,593.08
357.443522928,593.08
357.466560314,593.08
357.489809254,593.08
357.513184467,601.28
357.536417215,601.28
357.559332456,601.28
357.583383837,601.28
357.606810123,584.62
357.630354427,584.62
357.653343428,584.62
357.676891924,584.62
357.700212737,554.25
357.723172617,554.25
357.745624140,554.25
357.768233169,554.25
357.791394172,554.25
357.815102222,514.88
357.838809887,514.88
357.862172717,514.88
357.886128865,514.88
357.909335725,516.47
357.932346166,516.47
357.955956966,516.47
357.979734777,516.47
358.003228712,519.01
358.026303090,519.01
358.048848086,519.01
358.072199875,519.01
358.095955701,516.05
358.121875840,516.05
358.145381423,516.05
358.168974847,516.05
358.192672305,516.05
358.216703526,514.79
358.241108287,514.79
358.265004467,514.79
358.288927431,514.79
358.312263124,510.70
358.335992934,510.70
358.359916218,510.70
358.383682444,510.70
358.407381565,514.21
358.431082895,514.21
358.454488189,514.21
358.478133965,514.21
358.501703549,508.32
358.525538032,508.32
358.549915785,508.32
358.573021844,508.32
358.596640260,508.32
358.619716750,526.84
358.643542209,526.84
358.666730829,526.84
358.689868792,526.84
358.721166017,552.67
358.745289911,552.67
358.768464962,552.67
358.792515960,552.67
358.815579682,552.30
358.838080229,552.30
358.860935757,552.30
358.884262138,552.30
358.908416752,521.39
358.932260227,521.39
358.955671825,521.39
358.979282818,521.39
359.002621583,521.39
359.026048765,519.12
359.049904944,519.12
359.073175037,519.12
359.096704876,519.12
359.122551094,523.51
359.145878499,523.51
359.169658166,523.51
359.193156837,523.51
359.216635571,521.74
359.240138179,521.74
359.263773747,521.74
359.286831421,521.74
359.310449486,518.62
359.333838715,518.62
359.357286218,518.62
359.380665879,518.62
359.404027301,518.62
359.427433107,517.62
359.451041859,517.62
359.474405425,517.62
359.497836159,517.62
359.521364910,523.60
359.544262870,523.60
359.567680997,523.60
359.591505623,523.60
359.614901093,522.24
359.638303091,522.24
359.661820386,522.24
359.684462056,522.24
359.707960663,522.24
359.731312708,524.64
359.754701842,524.64
359.778048191,524.64
359.801904306,524.64
359.825181215,558.83
359.848427947,558.83
359.871200305,558.83
359.894282364,558.83
359.917439879,569.87
359.940925846,569.87
359.964461541,569.87
359.988340153,569.87
360.012288333,541.95
360.035634746,541.95
360.058933799,541.95
360.082008593,541.95
360.105413375,541.95
360.128938478,512.59
360.152532510,512.59
360.176320049,512.59
360.199674462,512.59
360.222606599,483.99
360.245406446,483.99
360.268306646,483.99
360.292177321,483.99
360.316324704,453.73
360.340007249,453.73
360.363279389,453.73
360.386891790,453.73
360.410224347,453.73
360.434122926,451.83
360.457875552,451.83
360.481157645,451.83
360.504622907,451.83
360.528041642,454.92
360.551510840,454.92
360.575296939,454.92
360.599141982,454.92
360.622731086,454.59
360.646267261,454.59
360.669200774,454.59
360.692620788,454.59
360.716354182,452.51
360.740231033,452.51
360.763870826,452.51
360.787485978,452.51
360.814522802,452.51
360.837972129,455.46
360.862119863,455.46
360.885695047,455.46
360.909297975,455.46
360.932679941,476.61
360.956568184,476.61
360.980269802,476.61
361.004073372,476.61
361.027785870,504.12
361.051191868,504.12
361.074568937,504.12
361.098085689,504.12
361.122634804,532.53
361.146015458,532.53
361.169533873,532.53
361.192654204,532.53
361.216011465,532.53
361.239084947,566.44
361.263227498,566.44
361.286869626,566.44
361.310513579,566.44
361.333681110,594.03
361.357181157,594.03
361.380820662,594.03
361.404357381,594.03
361.428103575,598.42
361.451475333,598.42
361.474754609,598.42
361.498053918,598.42
361.521520557,598.42
361.544729016,597.25
361.567873827,597.25
361.590574697,597.25
361.614126457,597.25
361.637646856,597.76
361.660937525,597.76
361.684449284,597.76
361.707551438,597.76
361.731002525,595.63
361.754675278,595.63
361.778139805,595.63
361.801668140,595.63
361.825467198,597.21
361.848834828,597.21
361.872572862,597.21
361.895895275,597.21
361.919492411,597.21
361.942915785,592.36
361.966502009,592.36
361.989340673,592.36
362.012991025,592.36
362.036586594,591.34
362.060099953,591.34
362.083693857,591.34
362.106945805,591.34
362.129888470,592.17
362.153344932,592.17
362.176623185,592.17
362.199960446,592.17
362.223463725,592.17
362.246875643,592.10
362.270609229,592.10
362.293897594,592.10
362.317961519,592.10
362.341442782,589.48
362.364386983,589.48
362.387233486,589.48
362.410401497,589.48
362.433409059,583.59
362.456513133,583.59
362.479495894,583.59
362.503043462,583.59
362.526916057,583.59
362.549437725,560.67
362.572637001,560.67
362.595372239,560.67
362.619045472,560.67
362.642499022,534.47
362.666094623,534.47
362.689509229,534.47
362.713665379,534.47
362.736597260,529.67
362.760060378,529.67
362.783726059,529.67
362.807008408,529.67
362.830713033,529.67
362.854127671,527.99
362.877261282,527.99
362.900852402,527.99
362.924214016,527.99
362.947611918,533.32
362.971283135,533.32
362.994217351,533.32
363.017484020,533.32
363.040813889,531.76
363.064123054,531.76
363.087616861,531.76
363.111059915,531.76
363.133891954,528.05
363.157327393,528.05
363.180240233,528.05
363.203480853,528.05
363.226705697,528.05
363.250180112,529.94
363.273505757,529.94
363.296630599,529.94
363.320294264,529.94
363.343549220,513.21
363.366924274,513.21
363.389776538,513.21
363.413141543,513.21
363.436785272,485.78
363.461310387,485.78
363.485833518,485.78
363.508852919,485.78
363.531404955,485.78
363.553771165,469.77
363.576723558,469.77
363.600322454,469.77
363.624052680,469.77
363.647459734,486.10
363.670859108,486.10
363.694273970,486.10
363.717284667,486.10
363.741032429,489.32
363.764640445,489.32
363.788940086,489.32
363.812566182,489.32
363.836119318,489.32
363.859519908,491.11
363.883650106,491.11
363.907251466,491.11
363.931225151,491.11
363.954730638,489.75
363.977909849,489.75
364.004032295,489.75
364.027711544,489.75
364.051003940,491.27
364.074696246,491.27
364.097862241,491.27
364.122523229,491.27
364.146207375,492.18
364.169776414,492.18
364.193025451,492.18
364.216536378,492.18
364.239901191,492.18
364.263467447,489.11
364.287099496,489.11
364.310629751,489.11
364.334250535,489.11
364.358070426,511.86
364.381369223,511.86
364.405212954,511.86
364.429117358,511.86
364.452697310,545.74
364.476229357,545.74
364.499842237,545.74
364.522915016,545.74
364.546392630,576.18
364.569725412,576.18
364.593152434,576.18
364.616273692,576.18
364.639065123,576.18
364.662416657,596.12
364.685651645,596.12
364.708667206,596.12
364.732350295,596.12
364.755404993,598.34
364.778619373,598.34
364.802017563,598.34
364.826089937,598.34
364.849692801,598.88
364.873354098,598.88
364.896967458,598.88
364.920102509,598.88
364.943707325,598.88
364.967024842,597.81
364.991186721,597.81
365.020764502,597.81
365.044050627,597.81
365.067314767,599.37
365.091586279,599.37
365.116582407,599.37
365.139828723,599.37
365.162585402,599.53
365.185881190,599.53
365.209393558,599.53
365.232608609,599.53
365.256236562,599.68
365.279343644,599.68
365.302550248,599.68
365.326200377,599.68
365.349704328,599.68
365.373242359,593.39
365.396858472,593.39
365.420256182,593.39
365.443997416,593.39
365.467570359,591.96
365.491381930,591.96
365.514768696,591.96
365.538563850,591.96
365.561687509,591.66
365.585623689,591.66
365.609420252,591.66
365.633325935,591.66
365.657363493,592.09
365.680756242,592.09
365.704070367,592.09
365.727833489,592.09
365.751512611,592.09
365.775010290,586.82
365.798535841,586.82
365.821789901,586.82
365.845121178,586.82
365.868810444,584.01
365.892253818,584.01
365.915855978,584.01
365.939145719,584.01
365.962479620,587.68
365.986029139,587.68
366.009586083,587.68
366.032772655,587.68
366.056691587,588.36
366.079893998,588.36
366.105949947,588.36
366.129585483,588.36
366.153117563,588.36
366.176638122,590.33
366.200915362,590.33
366.223953228,590.33
366.247631197,590.33
366.271005354,591.57
366.294227926,591.57
366.317892615,591.57
366.341414167,591.57
366.364505441,593.15
366.387940655,593.15
366.411399134,593.15
366.434583049,593.15
366.458196090,593.15
366.481231779,596.77
366.504786739,596.77
366.528308450,596.77
366.551706672,596.77
366.575375649,599.69
366.598784847,599.69
366.621952250,599.69
366.645505386,599.69
366.668657141,597.01
366.692077763,597.01
366.715640083,597.01
366.738885695,597.01
366.762113355,599.91
366.785370647,599.91
366.808737093,599.91
366.832138451,599.91
366.855544673,599.91
366.878344488,600.18
366.902015513,600.18
366.925343590,600.18
366.948795188,600.18
366.972267427,598.82
366.995577616,598.82
367.018492152,598.82
367.042532621,598.82
367.066129598,597.14
367.089577868,597.14
367.118510234,597.14
367.141391202,597.14
367.165370902,595.22
367.189038695,595.22
367.212469398,595.22
367.236217960,595.22
367.259591413,595.22
367.282542494,592.89
367.305756650,592.89
367.329295033,592.89
367.352844681,592.89
367.375930323,595.94
367.398928476,595.94
367.422177896,595.94
367.444953711,595.94
367.467838839,591.16
367.490846720,591.16
367.513868458,591.16
367.537255480,591.16
367.560953993,591.16
367.584248982,571.78
367.608016488,571.78
367.630853327,571.78
367.653951738,571.78
367.677029412,542.44
367.700275312,542.44
367.724374086,542.44
367.747798292,542.44
367.771241315,516.33
367.794467822,516.33
367.818119295,516.33
367.841590862,516.33
367.865066493,516.33
367.889797274,486.45
367.913048998,486.45
367.935625259,486.45
367.958610100,486.45
367.981638173,446.59
368.005448080,446.59
368.029228578,446.59
368.052476078,446.59
368.076201952,443.64
368.099752336,443.64
368.123901158,443.64
368.147428630,443.64
368.195602689,444.25
368.218921294,444.25
368.241736501,444.25
368.265063746,444.25
368.288567761,439.77
368.312014624,439.77
368.335439982,439.77
368.358971550,439.77
368.381831301,439.77
368.405225331,440.73
368.428793155,440.73
368.452427731,440.73
368.476064868,440.73
368.499437170,443.07
368.523236676,443.07
368.546590994,443.07
368.570662791,443.07
368.594005972,468.33
368.618029130,468.33
368.641089940,468.33
368.664645603,468.33
368.688107410,492.78
368.711606689,492.78
368.735036911,492.78
368.758544830,492.78
368.781821067,492.78
368.805420091,525.71
368.829295598,525.71
368.852978240,525.71
368.876811058,525.71
368.900094847,555.66
368.923601934,555.66
368.947336704,555.66
368.970743246,555.66
368.994505760,592.58
369.017837805,592.58
369.040739413,592.58
369.064017602,592.58
369.087979126,595.91
369.111343620,595.91
369.135185527,595.91
369.158025790,595.91
369.181312939,595.91
369.204974363,597.32
369.229325780,597.32
369.252861124,597.32
369.279074770,597.32
369.301903898,599.95
369.325090405,599.95
369.348638805,599.95
369.372227653,599.95
369.396002583,600.92
369.419085953,600.92
369.442334733,600.92
369.465902269,600.92
369.489412652,598.03
369.512828602,598.03
369.536445195,598.03
369.559430484,598.03
369.583168966,598.03
369.606932856,598.48
369.631440018,598.48
369.655163300,598.48
369.678670931,598.48
369.702080961,599.00
369.725953205,599.00
369.749619462,599.00
369.773385112,599.00
369.796581251,600.42
369.819807887,600.42
369.843051419,600.42
369.866360040,600.42
369.889607508,595.44
369.912773055,595.44
369.936278671,595.44
369.959921023,595.44
369.983668913,595.44
370.007160672,577.80
370.030432141,577.80
370.053648760,577.80
370.076612577,577.80
370.099708652,550.70
370.124511530,550.70
370.148511454,550.70
370.172047118,550.70
370.195249626,522.62
370.218546822,522.62
370.242117302,522.62
370.265648774,522.62
370.289340055,493.26
370.312155774,493.26
370.336256340,493.26
370.359609345,493.26
370.383639382,493.26
370.407110053,465.98
370.431164475,465.98
370.454491048,465.98
370.478457692,465.98
370.501680008,435.29
370.525351897,435.29
370.548514564,435.29
370.571677423,435.29
370.594147379,402.69
370.616867769,402.69
370.640169989,402.69
370.663991192,402.69
370.687748586,402.69
370.710879861,381.92
370.734464549,381.92
370.757928052,381.92
370.781353442,381.92
370.804999250,380.16
370.828583555,380.16
370.852556375,380.16
370.876505899,380.16
370.899499764,385.87
370.922825570,385.87
370.946318736,385.87
370.969747775,385.87
370.993237390,395.53
371.016953055,395.53
371.039682469,395.53
371.063228373,395.53
371.086894118,395.53
371.110369301,422.61
371.133853092,422.61
371.157394195,422.61
371.180512734,422.61
371.203901419,448.74
371.227551356,448.74
371.251257486,448.74
371.274915711,448.74
371.297833735,478.68
371.321115475,478.68
371.344612162,478.68
371.367727853,478.68
371.391256861,478.68
371.414542057,511.43
371.438019640,511.43
371.461265444,511.43
371.484858580,511.43
371.508187105,545.87
371.531602095,545.87
371.554938716,545.87
371.578014631,545.87
371.601498485,585.81
371.624713633,585.81
371.648076335,585.81
371.671862113,585.81
371.694930187,585.81
371.718102134,595.28
371.741506116,595.28
371.765093524,595.28
371.788816006,595.28
371.812267380,600.25
371.835509665,600.25
371.859128209,600.25
371.882485694,600.25
371.905851820,599.76
371.929596862,599.76
371.952785385,599.76
371.975969621,599.76
371.999267841,598.30
372.022956211,598.30
372.046199103,598.30
372.069528108,598.30
372.092628150,598.30
372.117599862,600.21
372.141117061,600.21
372.164693589,600.21
372.188144356,600.21
372.211193038,602.30
372.234259736,602.30
372.257425347,602.30
372.280415468,602.30
372.303610968,593.06
372.326829732,593.06
372.349912590,593.06
372.373210715,593.06
372.397351185,593.06
372.421689610,562.79
372.446266149,562.79
372.469643795,562.79
372.492420442,562.79
372.514896925,532.25
372.537620963,532.25
372.561240659,532.25
372.585063238,532.25
372.608582581,508.10
372.631734688,508.10
372.655604788,508.10
372.678754911,508.10
372.702219789,508.10
372.725617851,509.45
372.748859047,509.45
372.772276629,509.45
372.795740900,509.45
372.818439402,506.39
372.841888216,506.39
372.865490889,506.39
372.889284699,506.39
372.912599496,509.29
372.935824500,509.29
372.959125665,509.29
372.982260555,509.29
373.005277941,509.29
373.028281374,501.26
373.052921210,501.26
373.076876847,501.26
373.100115067,501.26
373.123663818,474.32
373.146900502,474.32
373.170035937,474.32
373.193194188,474.32
373.216729212,449.98
373.240042569,449.98
373.263646265,449.98
373.287899217,449.98
373.311605282,423.80
373.334863406,423.80
373.358123931,423.80
373.380478140,423.80
373.403321796,423.80
373.426707666,406.58
373.450156928,406.58
373.475559909,406.58
373.499507097,406.58
373.523234187,440.71
373.546395958,440.71
373.569528417,440.71
373.593823161,440.71
373.617077733,466.65
373.640691350,466.65
373.664082276,466.65
373.687120493,466.65
373.710876927,466.65
373.734413839,464.52
373.757609274,464.52
373.781020360,464.52
373.804327125,464.52
373.827441728,461.29
373.850790861,461.29
373.874339005,461.29
373.897512488,461.29
373.921049079,462.18
373.944517766,462.18
373.968373881,462.18
373.991757863,462.18
374.015628026,468.80
374.039119273,468.80
374.063504547,468.80
374.086394219,468.80
374.110004699,468.80
374.133366248,486.13
374.157657025,486.13
374.181105423,486.13
374.204869665,486.13
374.227898283,516.42
374.251036470,516.42
374.274064639,516.42
374.297070633,516.42
374.320961628,537.25
374.344105863,537.25
374.367157969,537.25
374.390315228,537.25
374.413728490,537.25
374.436814548,548.24
374.460896138,548.24
374.499530184,548.24
374.522998774,548.24
374.546158050,518.97
374.568879176,518.97
374.591380427,518.97
374.614275667,518.97
374.637841379,480.11
374.662391838,480.11
374.685769772,480.11
374.709142489,480.11
374.732962668,478.95
374.755940597,478.95
374.779559462,478.95
374.802847346,478.95
374.826300673,478.95
374.849763119,480.15
374.873293087,480.15
374.896569931,480.15
374.920189820,480.15
374.943570217,479.32
374.967210746,479.32
374.991264047,479.32
375.014669117,479.32
375.037941546,481.23
375.061660923,481.23
375.085058953,481.23
375.109057886,481.23
375.132795344,483.48
375.156018620,483.48
375.179463018,483.48
375.203024154,483.48
375.226647306,483.48
375.250645311,482.79
375.274222607,482.79
375.297162072,482.79
375.320863465,482.79
375.344395801,491.52
375.367756710,491.52
375.391354646,491.52
375.414498081,491.52
375.437726605,522.98
375.461296221,522.98
375.484595850,522.98
375.507822134,522.98
375.531543495,554.88
375.555249721,554.88
375.578446852,554.88
375.601734801,554.88
375.625301409,554.88
375.648662830,590.71
375.672637859,590.71
375.695834638,590.71
375.719525407,590.71
375.742910349,593.52
375.766567582,593.52
375.789977388,593.52
375.813389210,593.52
375.836387171,595.72
375.859720048,595.72
375.882975517,595.72
375.906164008,595.72
375.929918586,599.63
375.952924707,599.63
375.976157807,599.63
375.999574365,599.63
376.023298575,599.63
376.046819326,599.62
376.071384186,599.62
376.094468356,599.62
376.117791601,599.62
376.141073086,597.91
376.164215944,597.91
376.187751960,597.91
376.210771393,597.91
376.233658505,594.22
376.256634674,594.22
376.279273527,594.22
376.301697626,594.22
376.324367392,594.22
376.347580843,551.26
376.370717974,551.26
376.393592766,551.26
376.416853258,551.26
376.440008533,550.21
376.463207105,550.21
376.486514286,550.21
376.509893212,550.21
376.532904997,539.68
376.556340403,539.68
376.579889731,539.68
376.603236336,539.68
376.627585065,539.68
376.650584786,511.00
376.673817822,511.00
376.696980105,511.00
376.721018207,511.00
376.744423469,483.73
376.767911740,483.73
376.791520524,483.73
376.814811321,483.73
376.837670656,445.48
376.860252677,445.48
376.883476272,445.48
376.906800861,445.48
376.930940500,445.48
376.954330466,420.58
376.978458968,420.58
377.002018728,420.58
377.025294228,420.58
377.048797635,415.56
377.072303762,415.56
377.095360604,415.56
377.119740534,415.56
377.142975586,417.38
377.166114412,417.38
377.189639548,417.38
377.212843591,417.38
377.236370071,417.38
377.259741892,430.83
377.283078642,430.83
377.306284445,430.83
377.329833197,430.83
377.353293147,467.72
377.376945452,467.72
377.400723518,467.72
377.424441712,467.72
377.447890750,463.63
377.471809746,463.63
377.495287521,463.63
377.518846257,463.63
377.542375392,481.58
377.565407754,481.58
377.589355678,481.58
377.613014191,481.58
377.636399421,481.58
377.660201519,504.33
377.685104719,504.33
377.708064247,504.33
377.731212258,504.33
377.754013513,530.30
377.776973330,530.30
377.799884282,530.30
377.822842371,530.30
377.846774487,552.91
377.870188869,552.91
377.893390865,552.91
377.916003798,552.91
377.938459033,552.91
377.961176287,537.10
377.984501228,537.10
378.009190345,537.10
378.032912218,537.10
378.056730957,531.81
378.080361405,531.81
378.103443176,531.81
378.127484445,531.81
378.150943052,530.16
378.174483195,530.16
378.198061483,530.16
378.221466169,530.16
378.244573923,530.16
378.267514796,529.29
378.290469237,529.29
378.313384157,529.29
378.336609033,529.29
378.359904534,529.13
378.383571943,529.13
378.407236824,529.13
378.431127627,529.13
378.454697179,504.27
378.478219722,504.27
378.501639097,504.27
378.525077831,504.27
378.548827385,470.94
378.571851522,470.94
378.594913132,470.94
378.617780500,470.94
378.640788029,470.94
378.664857075,433.78
378.689636081,433.78
378.713176864,433.78
378.737212374,433.78
378.760789830,437.92
378.784504503,437.92
378.808477228,437.92
378.832863237,437.92
378.856179122,448.05
378.880036997,448.05
378.903473843,448.05
378.927093700,448.05
378.950775381,479.98
378.974364293,479.98
378.997895892,479.98
379.021650630,479.98
379.044639056,479.98
379.068236064,494.65
379.091934769,494.65
379.118238336,494.65
379.141682351,494.65
379.165279775,494.92
379.188494827,494.92
379.211913753,494.92
379.235535497,494.92
379.258846966,498.57
379.282491623,498.57
379.305489808,498.57
379.328632379,498.57
379.352203723,498.57
379.375797915,499.92
379.399027271,499.92
379.422557110,499.92
379.445592608,499.92
379.469320882,523.31
379.492739744,523.31
379.516262895,523.31
379.539853599,523.31
379.563117868,552.92
379.586211862,552.92
379.610253323,552.92
379.633801595,552.92
379.657483500,595.42
379.681137085,595.42
379.705244307,595.42
379.730122162,595.42
379.753466463,595.42
379.777394259,597.09
379.800918434,597.09
379.824347825,597.09
379.847781727,597.09
379.871419760,596.46
379.895197634,596.46
379.918897011,596.46
379.942228032,596.46
379.965497677,595.28
379.988697464,595.28
380.012025733,595.28
380.035347474,595.28
380.058561662,595.28
380.081843531,586.02
380.105154520,586.02
380.127875038,586.02
380.150453154,586.02
380.173430955,545.77
380.196754488,545.77
380.220703756,545.77
380.244622112,545.77
380.268137551,537.41
380.291864673,537.41
380.315338416,537.41
380.338744158,537.41
380.362454191,538.24
380.386524869,538.24
380.410570746,538.24
380.434393933,538.24
380.457564120,538.24
380.480874597,537.68
380.504906650,537.68
380.528188519,537.68
380.551966969,537.68
380.575592586,537.70
380.598886550,537.70
380.622221411,537.70
380.646217976,537.70
380.669627910,537.28
380.693294999,537.28
380.716391810,537.28
380.739564269,537.28
380.763140157,537.28
380.786772717,538.23
380.810500415,538.23
380.834315538,538.23
380.857163993,538.23
380.880325540,538.83
380.904113911,538.83
380.927569733,538.83
380.951298295,538.83
380.974713253,541.70
380.998387478,541.70
381.022031175,541.70
381.046509857,541.70
381.070236403,552.41
381.094143847,552.41
381.118222940,552.41
381.141809324,552.41
381.165742464,552.41
381.189446770,595.13
381.212992865,595.13
381.236279790,595.13
381.259501306,595.13
381.283079754,602.45
381.306560441,602.45
381.329972071,602.45
381.353738457,602.45
381.376581696,601.83
381.400085519,601.83
381.423323835,601.83
381.446955020,601.83
381.470591997,603.84
381.494003339,603.84
381.516828018,603.84
381.540385794,603.84
381.564152436,603.84
381.587200222,600.04
381.610934703,600.04
381.634234428,600.04
381.657965774,600.04
381.681528702,597.37
381.704850923,597.37
381.728437179,597.37
381.752272718,597.37
381.775648219,598.67
381.799331980,598.67
381.825865758,598.67
381.849101354,598.67
381.873066399,596.98
381.896289771,596.98
381.918999473,596.98
381.942319165,596.98
381.965848141,596.98
381.989248795,592.02
382.012941548,592.02
382.036501340,592.02
382.059673479,592.02
382.083108693,589.53
382.106377474,589.53
382.129836784,589.53
382.153483361,589.53
382.176831310,592.14
382.200173212,592.14
382.223500265,592.14
382.246946647,592.14
382.270500007,592.14
382.294464411,590.22
382.317735816,590.22
382.341261143,590.22
382.364752358,590.22
382.388316950,590.70
382.411769540,590.70
382.435419957,590.70
382.458253404,590.70
382.481855213,586.41
382.505512733,586.41
382.528966636,586.41
382.552854207,586.41
382.576421071,586.41
382.599585595,588.28
382.623401965,588.28
382.646780859,588.28
382.670404811,588.28
382.694096317,592.95
382.717305288,592.95
382.740542068,592.95
382.764688939,592.95
382.787940087,589.51
382.811493031,589.51
382.835152535,589.51
382.857955550,589.51
382.881384557,589.45
382.904606297,589.45
382.927788644,589.45
382.951125585,589.45
382.974527743,589.45
382.997100867,589.37
383.020552658,589.37
383.044031649,589.37
383.067638065,589.37
383.091274786,592.13
383.117563153,592.13
383.140866750,592.13
383.164599311,592.13
383.188080862,587.96
383.211613934,587.96
383.235460417,587.96
383.258741773,587.96
383.282011194,587.96
383.305032707,586.14
383.327968492,586.14
383.351028694,586.14
383.374151648,586.14
383.397119753,588.40
383.420181747,588.40
383.443465856,588.40
383.467014351,588.40
383.490336860,569.76
383.513752618,569.76
383.536817748,569.76
383.559915583,569.76
383.583588432,569.76
383.607519908,541.17
383.631612666,541.17
383.654202270,541.17
383.676964837,541.17
383.700036015,498.28
383.723820289,498.28
383.747507699,498.28
383.771004546,498.28
383.794570289,496.04
383.818058976,496.04
383.840923144,496.04
383.864348438,496.04
383.887843333,496.07
383.911512086,496.07
383.935199591,496.07
383.958510676,496.07
383.982034308,496.07
384.006220667,497.32
384.029883212,497.32
384.053653022,497.32
384.077574642,497.32
384.100707356,502.36
384.125085014,502.36
384.148887720,502.36
384.172182933,502.36
384.195846374,502.90
384.219276980,502.90
384.242554113,502.90
384.265774348,502.90
384.289291804,502.90
384.312704394,506.34
384.336258457,506.34
384.359322627,506.34
384.382730545,506.34
384.405824220,505.56
384.429293802,505.56
384.452726585,505.56
384.476477291,505.56
384.499761591,524.37
384.523096260,524.37
384.546360689,524.37
384.569188600,524.37
384.592002911,524.37
384.614698373,553.77
384.638099667,553.77
384.661936582,553.77
384.685405140,553.77
384.708605216,583.69
384.732153296,583.69
384.755436060,583.69
384.778887723,583.69
384.801931380,592.90
384.825292066,592.90
384.848785041,592.90
384.871902715,592.90
384.895549324,592.90
384.918576182,593.81
384.942017156,593.81
384.968065168,593.81
384.991220444,593.81
385.014841676,594.12
385.037922838,594.12
385.061136994,594.12
385.084279341,594.12
385.107482169,595.47
385.131161866,595.47
385.155044125,595.47
385.178623213,595.47
385.202027003,593.85
385.225493610,593.85
385.248958552,593.85
385.272026370,593.85
385.295355791,593.85
385.318607708,593.65
385.342735090,593.65
385.365748059,593.65
385.389393740,593.65
385.412944412,590.56
385.436261577,590.56
385.459351891,590.56
385.483748716,590.56
385.506565396,593.08
385.529942145,593.08
385.553547409,593.08
385.576800414,593.08
385.600074890,593.08
385.623767579,593.64
385.646885670,593.64
385.670431574,593.64
385.693963397,593.64
385.717429076,600.04
385.741183430,600.04
385.764830486,600.04
385.787992738,600.04
385.811156717,601.86
385.834483930,601.86
385.857513635,601.86
385.881062739,601.86
385.904445665,604.29
385.927803022,604.29
385.950940121,604.29
385.974056100,604.29
385.997847254,604.29
386.022725589,605.91
386.047130926,605.91
386.070517212,605.91
386.094991767,605.91
386.118464229,605.21
386.142266808,605.21
386.165394211,605.21
386.189048531,605.21
386.212066013,607.60
386.235568332,607.60
386.258969658,607.60
386.282186694,607.60
386.305349809,607.60
386.328371482,606.23
386.352162701,606.23
386.375344472,606.23
386.398956392,606.23
386.422344758,609.60
386.445513473,609.60
386.468699309,609.60
386.492214748,609.60
386.515547369,608.55
386.539063544,608.55
386.561899840,608.55
386.584969770,608.55
386.607989843,608.55
386.631127230,608.14
386.654299594,608.14
386.677290131,608.14
386.700562399,608.14
386.723557832,602.96
386.746526737,602.96
386.770168450,602.96
386.793921972,602.96
386.817961385,580.89
386.841454200,580.89
386.864198750,580.89
386.887008390,580.89
386.909861165,580.89
386.933590495,536.14
386.957605204,536.14
386.981141603,536.14
387.004844725,536.14
387.028586151,529.46
387.052130998,529.46
387.100036959,529.46
387.124642075,529.46
387.148405037,525.37
387.171909436,525.37
387.195120391,525.37
387.219146589,525.37
387.242933807,523.56
387.266385277,523.56
387.289945613,523.56
387.313419900,523.56
387.336587015,523.68
387.360248984,523.68
387.383418883,523.68
387.406718512,523.68
387.430192447,524.07
387.453627405,524.07
387.476717079,524.07
387.500558090,524.07
387.523896471,524.07
387.547383782,519.40
387.570841269,519.40
387.593598139,519.40
387.617055594,519.40
387.640306550,519.54
387.663838726,519.54
387.687254612,519.54
387.710767331,519.54
387.733542698,522.85
387.756930103,522.85
387.780680265,522.85
387.804168856,522.85
387.827849993,522.85
387.851429881,545.91
387.874546596,545.91
387.898242773,545.91
387.921908198,545.91
387.945707481,587.17
387.969496843,587.17
387.992841752,587.17
388.016532489,587.17
388.039912311,590.91
388.063628425,590.91
388.087019319,590.91
388.110692648,590.91
388.133782514,591.95
388.157258721,591.95
388.181205269,591.95
388.205160617,591.95
388.228725049,591.95
388.252123399,595.15
388.275143760,595.15
388.297939447,595.15
388.321128195,595.15
388.344056491,588.29
388.367191606,588.29
388.390546659,588.29
388.414381558,588.29
388.438001319,567.94
388.461229235,567.94
388.484134811,567.94
388.507400487,567.94
388.530787285,538.08
388.554473798,538.08
388.577693138,538.08
388.600742268,538.08
388.623955143,538.08
388.647600984,511.78
388.671540652,511.78
388.694945018,511.78
388.717898147,511.78
388.740696106,472.71
388.763787060,472.71
388.787632967,472.71
388.811579132,472.71
388.835380654,457.71
388.859080607,457.71
388.882684336,457.71
388.905841947,457.71
388.929272105,457.71
388.952749112,462.00
388.976472233,462.00
388.999870583,462.00
389.022854528,462.00
389.046373520,457.59
389.070417157,457.59
389.093744146,457.59
389.118611377,457.59
389.142019199,460.15
389.165186538,460.15
389.188407478,460.15
389.211890405,460.15
389.237857072,460.70
389.261722243,460.70
389.285132049,460.70
389.308233244,460.70
389.331613418,467.06
389.354874006,467.06
389.379160174,467.06
389.402435803,467.06
389.425841736,467.06
389.449049460,483.63
389.472821990,483.63
389.495953393,483.63
389.519711971,483.63
389.542899759,515.38
389.565885592,515.38
389.589140772,515.38
389.612761684,515.38
389.636572679,549.54
389.659772531,549.54
389.683245793,549.54
389.706470893,549.54
389.729873819,549.54
389.753535212,579.05
389.777080060,579.05
389.800640171,579.05
389.824055833,579.05
389.847779755,601.92
389.871090040,601.92
389.894626855,601.92
389.918061046,601.92
389.941164864,602.16
389.964600238,602.16
389.988171902,602.16
390.011742126,602.16
390.035440896,603.89
390.058965071,603.89
390.082040281,603.89
390.105094723,603.89
390.128754772,603.89
390.152087777,602.55
390.175930612,602.55
390.199413251,602.55
390.222913458,602.55
390.246585347,600.43
390.269774446,600.43
390.293522912,600.43
390.316783884,600.43
390.340020441,599.42
390.363721386,599.42
390.387034423,599.42
390.410530086,599.42
390.434054741,599.42
390.457182048,601.42
390.480791536,601.42
390.504182462,601.42
390.527851023,601.42
390.551156156,601.10
390.574719211,601.10
390.597568531,601.10
390.621451175,601.10
390.645111671,597.50
390.668851305,597.50
390.692799325,597.50
390.716156971,597.50
390.739451032,598.53
390.763343915,598.53
390.786778585,598.53
390.809841027,598.53
390.833719799,598.53
390.856916194,601.11
390.880524435,601.11
390.904132611,601.11
390.927790900,601.11
390.951302851,599.97
390.975167766,599.97
390.998502211,599.97
391.021761616,599.97
391.045183326,596.55
391.068292744,596.55
391.091629878,596.55
391.117482176,596.55
391.140921838,596.55
391.164475870,592.02
391.187927148,592.02
391.211074935,592.02
391.233920927,592.02
391.257260332,579.00
391.282292397,579.00
391.305119764,579.00
391.328148222,579.00
391.351422666,581.51
391.374195569,581.51
391.397509438,581.51
391.421111438,581.51
391.444344282,581.51
391.467852393,571.49
391.491526074,571.49
391.515194859,571.49
391.538795931,571.49
391.562043687,571.81
391.585328084,571.81
391.608523647,571.81
391.632577941,571.81
391.656460744,569.84
391.679861110,569.84
391.703287972,569.84
391.726871252,569.84
391.750513637,566.48
391.773946355,566.48
391.797603492,566.48
391.821144596,566.48
391.844216286,566.48
391.867472650,566.54
391.891711330,566.54
391.915179952,566.54
391.939098916,566.54
391.962630964,562.86
391.986046754,562.86
392.009622802,562.86
392.033273186,562.86
392.057253079,565.52
392.080912936,565.52
392.104190004,565.52
392.127183998,565.52
392.150881487,568.78
392.174223068,568.78
392.197579017,568.78
392.221153369,568.78
392.244774570,568.78
392.267848052,586.19
392.291422884,586.19
392.314938611,586.19
392.338382018,586.19
392.362060531,584.28
392.385345119,584.28
392.408592235,584.28
392.432062202,584.28
392.455559337,588.39
392.478719348,588.39
392.502483334,588.39
392.525745619,588.39
392.549327171,588.39
392.572559982,584.73
392.596174623,584.73
392.619096775,584.73
392.642351539,584.73
392.665701057,573.03
392.689163503,573.03
392.712577693,573.03
392.736051500,573.03
392.759208503,546.32
392.781582841,546.32
392.803924315,546.32
392.826522336,546.32
392.849883341,546.32
392.873574110,503.38
392.896965804,503.38
392.920373082,503.38
392.944188493,503.38
392.967321240,509.40
392.990527267,509.40
393.014851324,509.40
393.038191433,509.40
393.061933147,505.47
393.085622604,505.47
393.108551509,505.47
393.131919970,505.47
393.155359792,505.47
393.178815295,507.66
393.202248237,507.66
393.225823357,507.66
393.249245067,507.66
393.272888700,502.84
393.296563757,502.84
393.320311871,502.84
393.344129618,502.84
393.367557888,505.27
393.391081167,505.27
393.414674303,505.27
393.438114222,505.27
393.461750846,507.49
393.485198317,507.49
393.509388932,507.49
393.532848434,507.49
393.556208736,507.49
393.579457324,497.87
393.602667096,497.87
393.626159175,497.87
393.649726390,497.87
393.672493725,486.19
393.694961824,486.19
393.717597957,486.19
393.740463917,486.19
393.763943420,480.34
393.787538636,480.34
393.811454528,480.34
393.834939951,480.34
393.858163451,480.34
393.881318406,515.87
393.905153976,515.87
393.928918571,515.87
393.953150946,515.87
393.976990965,516.53
394.000360867,516.53
394.023666959,516.53
394.047577315,516.53
394.070954097,517.10
394.094045979,517.10
394.118797913,517.10
394.141717281,517.10
394.165121007,515.53
394.188618974,515.53
394.211976619,515.53
394.235330425,515.53
394.259190508,515.53
394.282198997,519.68
394.305541315,519.68
394.328896976,519.68
394.352199325,519.68
394.375728652,518.33
394.398977944,518.33
394.424509727,518.33
394.448246192,518.33
394.472343302,516.12
394.496075768,516.12
394.519726121,516.12
394.543162871,516.12
394.566516325,516.12
394.589766129,527.18
394.613178015,527.18
394.636671566,527.18
394.660142972,527.18
394.683302120,554.71
394.706922744,554.71
394.730237829,554.71
394.753877942,554.71
394.777535430,595.85
394.800833811,595.85
394.823772700,595.85
394.846871206,595.85
394.870487095,595.48
394.894038598,595.48
394.917855865,595.48
394.940730849,595.48
394.964094318,595.48
394.987619422,596.76
395.010974379,596.76
395.034321656,596.76
395.058132235,596.76
395.081194197,599.75
395.104543170,599.75
395.128124114,599.75
395.151649313,599.75
395.175230737,602.05
395.198118713,602.05
395.221291205,602.05
395.244686290,602.05
395.268029248,602.05
395.291498254,600.00
395.315102719,600.00
395.338297834,600.00
395.361554838,600.00
395.384693697,599.30
395.407806156,599.30
395.431107897,599.30
395.454159139,599.30
395.479780010,601.04
395.502706067,601.04
395.525877982,601.04
395.549199403,601.04
395.572183988,601.04
395.595675267,570.52
395.619395444,570.52
395.642494527,570.52
395.665597513,570.52
395.688316751,546.94
395.712053089,546.94
395.735478799,546.94
395.758524473,546.94
395.781709028,512.22
395.804436971,512.22
395.827469172,512.22
395.850534078,512.22
395.874099566,512.22
395.898102211,482.12
395.922155608,482.12
395.944917023,482.12
395.968023817,482.12
395.990823344,441.88
396.013936635,441.88
396.037362185,441.88
396.061413279,441.88
396.084972270,434.80
396.108632767,434.80
396.132019917,434.80
396.155196216,434.80
396.179274862,434.80
396.202656732,430.29
396.226026249,430.29
396.249573625,430.29
396.273042440,430.29
396.296251923,433.98
396.319872484,433.98
396.343072335,433.98
396.366916066,433.98
396.390139982,434.88
396.413364186,434.88
396.436874089,434.88
396.460170070,434.88
396.483674597,434.82
396.507230101,434.82
396.530776228,434.82
396.554000816,434.82
396.577191964,434.82
396.600498280,460.30
396.624107385,460.30
396.647333924,460.30
396.670527952,460.30
396.694386083,486.10
396.717974771,486.10
396.741273312,486.10
396.765036818,486.10
396.788552705,519.77
396.811741677,519.77
396.835999045,519.77
396.859465075,519.77
396.883145284,519.77
396.906785141,545.03
396.929967744,545.03
396.953380910,545.03
396.976975135,545.03
397.000094793,592.87
397.023781466,592.87
397.047196040,592.87
397.070918362,592.87
397.094499626,598.77
397.118921796,598.77
397.142285009,598.77
397.165878401,598.77
397.188936459,600.07
397.212111415,600.07
397.235694279,600.07
397.258834705,600.07
397.282517155,600.07
397.305672462,601.11
397.328617814,601.11
397.352060005,601.11
397.375822519,601.11
397.399096323,600.86
397.423001943,600.86
397.446113345,600.86
397.469480079,600.86
397.493526884,600.59
397.517277494,600.59
397.540912615,600.59
397.567281335,600.59
397.590120830,600.59
397.613460332,602.28
397.636580662,602.28
397.659704513,602.28
397.683329970,602.28
397.706455036,604.82
397.729531558,604.82
397.752872468,604.82
397.776690182,604.82
397.799967283,600.44
397.822889371,600.44
397.846033830,600.44
397.869550069,600.44
397.892768129,600.44
397.915697642,595.37
397.938732979,595.37
397.961888862,595.37
397.985016265,595.37
398.008206613,581.06
398.031418528,581.06
398.055151538,581.06
398.079126631,581.06
398.102402771,551.03
398.125152537,551.03
398.147646845,551.03
398.170492772,551.03
398.193818193,551.03
398.217782054,511.08
398.241458551,511.08
398.264812356,511.08
398.288657879,511.08
398.311539071,507.87
398.334822444,507.87
398.358202425,507.87
398.381422341,507.87
398.404855091,507.94
398.428422755,507.94
398.451459405,507.94
398.475144638,507.94
398.498599917,510.85
398.521886393,510.85
398.546070608,510.85
398.569381117,510.85
398.593813111,510.85
398.617447719,506.41
398.641079640,506.41
398.666345467,506.41
398.690166702,506.41
398.713239544,506.77
398.736991402,506.77
398.760911902,506.77
398.784596527,506.77
398.808413794,508.42
398.831774191,508.42
398.855941318,508.42
398.879522646,508.42
398.903267400,515.69
398.926829848,515.69
398.951184401,515.69
398.974248315,515.69
398.998257232,515.69
399.021517564,536.09
399.045381423,536.09
399.068817662,536.09
399.092696433,536.09
399.118914879,570.01
399.142137739,570.01
399.165728827,570.01
399.189067113,570.01
399.212497943,601.99
399.235431711,601.99
399.258959887,601.99
399.282411101,601.99
399.305734762,601.80
399.329172152,601.80
399.352571814,601.80
399.375564368,601.80
399.398914717,601.80
399.422166121,600.96
399.445395957,600.96
399.469085670,600.96
399.492004847,600.96
399.515146809,599.64
399.538578472,599.64
399.561839284,599.64
399.585074656,599.64
399.608704144,602.31
399.631676793,602.31
399.655065255,602.31
399.678633943,602.31
399.702054021,602.31
399.725948857,602.76
399.750195632,602.76
399.773635999,602.76
399.797397649,602.76
399.820479355,599.82
399.843507461,599.82
399.866741105,599.82
399.890466370,599.82
399.914760923,596.14
399.938783312,596.14
399.962186813,596.14
399.984923972,596.14
400.007754955,596.14
400.031065784,574.58
400.054135650,574.58
400.077182412,574.58
400.100536185,574.58
400.131138970,575.67
400.154100579,575.67
400.177032875,575.67
400.199871635,575.67
400.222345782,540.35
400.245084444,540.35
400.268223623,540.35
400.291615413,540.35
400.315794636,522.34
400.339705024,522.34
400.363714741,522.34
400.387364133,522.34
400.410928085,522.34
400.434705863,520.49
400.458019668,520.49
400.481727686,520.49
400.505122996,520.49
400.528203422,522.78
400.551738157,522.78
400.575414334,522.78
400.599329746,522.78
400.622687104,493.99
400.645333349,493.99
400.668015530,493.99
400.691012244,493.99
400.719942817,456.31
400.743769972,456.31
400.767318756,456.31
400.791180759,456.31
400.814709510,456.31
400.837836721,454.45
400.861319136,454.45
400.885118482,454.45
400.908792707,454.45
400.932109456,456.13
400.955192699,456.13
400.978177988,456.13
401.001366095,456.13
401.024330904,478.69
401.047393474,478.69
401.070606190,478.69
401.093684632,478.69
401.118953755,459.27
401.141808227,459.27
401.164794060,459.27
401.188130713,459.27
401.211605928,459.27
401.235588029,466.83
401.259116012,466.83
401.282198198,466.83
401.305500163,466.83
401.329121492,453.56
401.352125117,453.56
401.374614944,453.56
401.397238949,453.56
401.420314671,417.22
401.444235939,417.22
401.468163863,417.22
401.491732935,417.22
401.515273495,417.22
401.539045513,419.99
401.561923569,419.99
401.585099484,419.99
401.608358248,419.99
401.631455507,444.82
401.654407003,444.82
401.677616839,444.82
401.701111382,444.82
401.724833896,472.40
401.747926162,472.40
401.771909479,472.40
401.794775374,472.40
401.817885945,472.40
401.841108005,459.46
401.864491858,459.46
401.887465211,459.46
401.910800713,459.46
401.933926419,458.58
401.957335393,458.58
401.980614030,458.58
402.003681080,458.58
402.027116166,444.73
402.050671094,444.73
402.074369159,444.73
402.097600755,444.73
402.121120610,444.73
402.144623697,460.34
402.168737095,460.34
402.192178742,460.34
402.215533251,460.34
402.239036466,484.36
402.262452576,484.36
402.285927823,484.36
402.308975929,484.36
402.332403975,513.28
402.355907734,513.28
402.379121122,513.28
402.402534608,513.28
402.425829341,513.28
402.449039368,557.32
402.472749498,557.32
402.496266473,557.32
402.519946874,557.32
402.543622091,560.51
402.566409714,560.51
402.589888321,560.51
402.613144141,560.51
402.636620732,561.61
402.660095435,561.61
402.683685211,561.61
402.706869766,561.61
402.730351637,568.91
402.753873732,568.91
402.777313331,568.91
402.800864418,568.91
402.824286064,568.91
402.847389467,585.17
402.870683464,585.17
402.894018357,585.17
402.917447075,585.17
402.941293910,589.18
402.964439489,589.18
402.987929584,589.18
403.011545600,589.18
403.034827405,603.47
403.058002424,603.47
403.081713386,603.47
403.104907893,603.47
403.128882154,603.47
403.152435449,600.58
403.176796274,600.58
403.200151456,600.58
403.223371179,600.58
403.246616279,601.10
403.270101158,601.10
403.293368723,601.10
403.317395080,601.10
403.340267280,600.73
403.363347866,600.73
403.386489925,600.73
403.409337836,600.73
403.432114835,600.73
403.455151229,591.57
403.479023856,591.57
403.502437950,591.57
403.525604425,591.57
403.548585714,567.07
403.572084449,567.07
403.596023381,567.07
403.619200353,567.07
403.641613955,533.11
403.664060550,533.11
403.686912846,533.11
403.710535294,533.11
403.734197679,533.11
403.757270553,507.30
403.781269934,507.30
403.804731005,507.30
403.827665957,507.30
403.851142068,505.12
403.874562754,505.12
403.897749038,505.12
403.921925572,505.12
403.945203665,501.56
403.968512830,501.56
403.992200463,501.56
404.016043362,501.56
404.039819252,503.79
404.063671047,503.79
404.087528538,503.79
404.111583088,503.79
404.135572933,503.79
404.159260950,502.41
404.183729424,502.41
404.207592803,502.41
404.230812367,502.41
404.254520832,502.06
404.278257074,502.06
404.301951139,502.06
404.325729526,502.06
404.349231173,505.29
404.372701716,505.29
404.396157506,505.29
404.419730802,505.29
404.443004638,514.81
404.466991283,514.81
404.490299200,514.81
404.513647693,514.81
404.537066587,514.81
404.560496266,540.93
404.583912632,540.93
404.607331846,540.93
404.630094348,540.93
404.653435193,571.59
404.676801479,571.59
404.699914930,571.59
404.723555650,571.59
404.747042929,597.02
404.770143292,597.02
404.793824621,597.02
404.817118297,597.02
404.840796522,597.02
404.864362810,598.60
404.887719784,598.60
404.914594142,598.60
404.938202670,598.60
404.961741405,594.00
404.985010026,594.00
405.008085716,594.00
405.031419713,594.00
405.054786831,591.27
405.078216253,591.27
405.101633131,591.27
405.125323612,591.27
405.148801643,591.27
405.172004599,569.58
405.195341316,569.58
405.218775698,569.58
405.242414275,569.58
405.265292170,538.35
405.287858255,538.35
405.310497748,538.35
405.333686719,538.35
405.357310256,501.88
405.381013857,501.88
405.404328110,501.88
405.427860062,501.88
405.451415053,505.59
405.474768474,505.59
405.498325898,505.59
405.521696440,505.59
405.545730509,505.59
405.568932761,507.54
405.592111044,507.54
405.615352848,507.54
405.638683229,507.54
405.661917737,501.99
405.685032468,501.99
405.708392641,501.99
405.731823119,501.99
405.755346559,486.23
405.778518058,486.23
405.802237916,486.23
405.825030146,486.23
405.848198286,486.23
405.871999200,456.69
405.896008117,456.69
405.919375331,456.69
405.943328247,456.69
405.969195297,430.10
405.992628015,430.10
406.015571992,430.10
406.038412703,430.10
406.061455657,405.50
406.084849815,405.50
406.108160196,405.50
406.131969014,405.50
406.155961803,401.13
406.179367961,401.13
406.202018078,401.13
406.224528642,401.13
406.247671053,401.13
406.271333534,384.78
406.295627254,384.78
406.319164742,384.78
406.343204443,384.78
406.367161743,424.20
406.390411963,424.20
406.414044492,424.20
406.437488634,424.20
406.460821607,423.93
406.484215765,423.93
406.507520546,423.93
406.531048049,423.93
406.554671970,423.93
406.578282898,418.30
406.602155590,418.30
406.625772374,418.30
406.649167524,418.30
406.672699603,427.06
406.696607239,427.06
406.720269080,427.06
406.743882184,427.06
406.767524153,439.45
406.791348108,439.45
406.815530179,439.45
406.839041330,439.45
406.862742531,471.87
406.886483445,471.87
406.910497322,471.87
406.934308732,471.87
406.957903309,471.87
406.981420956,499.87
407.005251503,499.87
407.028592348,499.87
407.052413231,499.87
407.076063295,530.03
407.099891314,530.03
407.125783997,530.03
407.149046217,530.03
407.172854524,562.36
407.196247818,562.36
407.219717144,562.36
407.243151911,562.36
407.266466356,600.19
407.289191514,600.19
407.313203535,600.19
407.336701758,600.19
407.360122892,600.19
407.383597626,599.92
407.407309164,599.92
407.430639193,599.92
407.454429515,599.92
407.477931195,598.66
407.501391593,598.66
407.525223772,598.66
407.548591049,598.66
407.571919255,597.22
407.595536359,597.22
407.619132055,597.22
407.642450564,597.22
407.665494158,597.22
407.688460183,597.92
407.712028262,597.92
407.735567062,597.92
407.758998852,597.92
407.782421938,598.97
407.805602526,598.97
407.829117549,598.97
407.852448922,598.97
407.875638118,597.96
407.899266326,597.96
407.922457986,597.96
407.945658029,597.96
407.969526528,597.13
407.992899374,597.13
408.016213531,597.13
408.039535208,597.13
408.062714771,597.13
408.085813886,596.87
408.112611923,596.87
408.136035521,596.87
408.160051478,596.87
408.183641574,594.24
408.206810161,594.24
408.230369505,594.24
408.254149939,594.24
408.277699107,593.11
408.301425301,593.11
408.324411390,593.11
408.347351686,593.11
408.370766996,593.11
408.394163618,594.71
408.417683345,594.71
408.440904317,594.71
408.464220010,594.71
408.488306752,596.70
408.511912528,596.70
408.535251517,596.70
408.559027728,596.70
408.582669760,600.86
408.605964941,600.86
408.629139256,600.86
408.652481413,600.86
408.676261464,601.66
408.699470499,601.66
408.722933938,601.66
408.746161086,601.66
408.769641709,601.66
408.792914073,601.13
408.816548106,601.13
408.839926455,601.13
408.863127395,601.13
408.886561777,601.59
408.909834398,601.59
408.933458606,601.59
408.956966269,601.59
408.979975527,605.74
409.003247795,605.74
409.026452383,605.74
409.049554761,605.74
409.073175770,605.74
409.096599752,606.51
409.121226948,606.51
409.144585457,606.51
409.168422628,606.51
409.191952468,605.93
409.215572644,605.93
409.238707023,605.93
409.261691384,605.93
409.284864835,604.88
409.307838540,604.88
409.330944375,604.88
409.354395589,604.88
409.377589585,604.88
409.400639866,594.59
409.423377025,594.59
409.446441611,594.59
409.469967258,594.59
409.493159750,564.37
409.516351569,564.37
409.539199769,564.37
409.562960779,564.37
409.586341880,532.59
409.609800807,532.59
409.632746608,532.59
409.655909243,532.59
409.679043782,532.59
409.702358162,500.51
409.726268774,500.51
409.750015960,500.51
409.773153155,500.51
409.796419087,487.88
409.819787229,487.88
409.843296236,487.88
409.866910236,487.88
409.890312490,485.92
409.914088988,485.92
409.937570827,485.92
409.960888344,485.92
409.984507048,481.62
410.008009719,481.62
410.031209955,481.62
410.055108183,481.62
410.078360771,481.62
410.102038132,479.61
410.125800102,479.61
410.149334742,479.61
410.172932774,479.61
410.196973691,481.80
410.220155430,481.80
410.243915960,481.80
410.267544713,481.80
410.291125689,482.74
410.314606888,482.74
410.338324313,482.74
410.361766728,482.74
410.385475513,482.74
410.409139242,477.27
410.432957085,477.27
410.457102483,477.27
410.480779940,477.27
410.504237747,473.94
410.527656385,473.94
410.551301234,473.94
410.574921602,473.94
410.597629064,473.03
410.620110059,473.03
410.642618991,473.03
410.665563160,473.03
410.689081639,472.36
410.712783992,472.36
410.736261959,472.36
410.760046297,472.36
410.783697066,472.36
410.807039319,486.38
410.830800137,486.38
410.854108726,486.38
410.877781255,486.38
410.901404888,494.03
410.924956167,494.03
410.948134899,494.03
410.971284350,494.03
410.994515690,491.70
411.017893815,491.70
411.041309605,491.70
411.064619282,491.70
411.088252547,491.70
411.111881843,487.95
411.135826183,487.95
411.159586106,487.95
411.183608783,442.87
411.254309342,442.87
411.277452585,442.87
411.303668119,442.87
411.327809678,442.87
411.351488287,420.71
411.375035406,420.71
411.398475805,420.71
411.421487654,420.71
411.445238264,443.15
411.469008490,443.15
411.492381112,443.15
411.516090121,443.15
411.539317237,470.05
411.562596194,470.05
411.586091665,470.05
411.609380829,470.05
411.632831276,502.77
411.656630494,502.77
411.679597511,502.77
411.703186487,502.77
411.726610149,502.77
411.749921458,524.53
411.773279232,524.53
411.797018481,524.53
411.820098684,524.53
411.843627531,523.29
411.867007097,523.29
411.890228932,523.29
411.913758964,523.29
411.937110433,526.88
411.960101514,526.88
411.983398199,526.88
412.006793253,526.88
412.030232083,523.64
412.053700578,523.64
412.077166545,523.64
412.100528542,523.64
412.125442013,523.64
412.148647913,530.92
412.171814804,530.92
412.194899614,530.92
412.218151947,530.92
412.241587673,560.78
412.264778884,560.78
412.288523382,560.78
412.311458975,560.78
412.334131716,558.06
412.357216687,558.06
412.380862047,558.06
412.404652466,558.06
412.428119936,558.06
412.451558959,543.39
412.475100766,543.39
412.498576397,543.39
412.521870746,543.39
412.545340296,543.17
412.568912888,543.17
412.591956482,543.17
412.615360496,543.17
412.638007317,541.07
412.661304834,541.07
412.685087316,541.07
412.708467202,541.07
412.732241012,542.13
412.755576417,542.13
412.778860718,542.13
412.802458878,542.13
412.826068078,542.13
412.849457276,542.41
412.873075724,542.41
412.896684957,542.41
412.921090166,542.41
412.945037162,541.51
412.968955614,541.51
412.992936243,541.51
413.016547043,541.51
413.040210580,544.01
413.064449004,544.01
413.088027900,544.01
413.111804014,544.01
413.135760610,546.51
413.159237937,546.51
413.182979107,546.51
413.206530034,546.51
413.230118754,546.51
413.253744211,546.83
413.277321987,546.83
413.300278668,546.83
413.324157919,546.83
413.348255669,570.51
413.371746116,570.51
413.395901530,570.51
413.419283208,570.51
413.442711606,595.64
413.465919778,595.64
413.489422289,595.64
413.513081730,595.64
413.536512336,597.39
413.559870238,597.39
413.583298348,597.39
413.606509496,597.39
413.629833861,597.39
413.653267059,599.58
413.677517386,599.58
413.700798615,599.58
413.724059395,599.58
413.747544274,598.97
413.771322756,598.97
413.794288525,598.97
413.817186037,598.97
413.840209631,601.08
413.863570860,601.08
413.886651959,601.08
413.909712737,601.08
413.933348977,591.59
413.956922817,591.59
413.980669491,591.59
414.004165890,591.59
414.027612656,591.59
414.050268758,559.67
414.073422049,559.67
414.096337961,559.67
414.125096437,559.67
414.149602895,523.94
414.173011037,523.94
414.196313546,523.94
414.220211326,523.94
414.243147910,525.53
414.266953593,525.53
414.290557001,525.53
414.313780341,525.53
414.337611272,525.66
414.360714546,525.66
414.383774076,525.66
414.407456717,525.66
414.431002653,525.66
414.454482700,524.09
414.478120380,524.09
414.501595211,524.09
414.524887288,524.09
414.548535625,524.30
414.572011639,524.30
414.595277412,524.30
414.619451322,524.30
414.642805000,523.46
414.666421336,523.46
414.690263019,523.46
414.713848283,523.46
414.737975506,525.41
414.761527457,525.41
414.786688867,525.41
414.810390517,525.41
414.834145159,525.41
414.857846424,521.82
414.881581930,521.82
414.904934391,521.82
414.928669161,521.82
414.952526044,532.48
414.976064396,532.48
415.000235074,532.48
415.023885011,532.48
415.048004105,562.48
415.071782395,562.48
415.095172905,562.48
415.119655844,562.48
415.143430294,597.44
415.166646146,597.44
415.190242674,597.44
415.213408381,597.44
415.237112110,597.44
415.260575389,597.54
415.284133613,597.54
415.307655100,597.54
415.331032522,597.54
415.354371031,598.38
415.377744708,598.38
415.401003857,598.38
415.424342014,598.38
415.450612781,598.65
415.473690711,598.65
415.497017828,598.65
415.520418610,598.65
415.543686494,597.55
415.567457136,597.55
415.591355972,597.55
415.614616912,597.55
415.638318178,597.55
415.661727984,598.54
415.685705956,598.54
415.708826447,598.54
415.732224701,598.54
415.755760236,596.76
415.779026809,596.76
415.802231236,596.76
415.825893269,596.76
415.849592455,598.84
415.873065301,598.84
415.896911272,598.84
415.920425143,598.84
415.943831589,598.84
415.967051377,598.52
415.990257661,598.52
416.013525641,598.52
416.036816406,598.52
416.059738782,600.01
416.083231597,600.01
416.106835037,600.01
416.130433326,600.01
416.153962813,599.68
416.177281610,599.68
416.200288179,599.68
416.223610528,599.68
416.246834220,599.68
416.270280251,600.72
416.294021324,600.72
416.317168439,600.72
416.340667270,600.72
416.363879986,602.63
416.387234592,602.63
416.410638125,602.63
416.434233566,602.63
416.457440233,603.94
416.480827799,603.94
416.504474312,603.94
416.528065720,603.94
416.551906027,605.36
416.575048150,605.36
416.599217804,605.36
416.623024031,605.36
416.646837778,605.36
416.670246688,605.23
416.694496055,605.23
416.717264158,605.23
416.740720812,605.23
416.764216411,606.16
416.787610473,606.16
416.811025111,606.16
416.835034924,606.16
416.858281624,605.59
416.881567397,605.59
416.904474765,605.59
416.927368405,605.59
416.950537984,605.59
416.973642891,607.10
416.996878839,607.10
417.019762399,607.10
417.043048139,607.10
417.067100641,589.99
417.091236887,589.99
417.114655685,589.99
417.137212841,589.99
417.159913999,549.91
417.182752087,549.91
417.206066244,549.91
417.229758261,549.91
417.253409862,549.91
417.276844788,535.77
417.300353539,535.77
417.323201899,535.77
417.347185439,535.77
417.370939409,532.61
417.394331615,532.61
417.417893135,532.61
417.441286621,532.61
417.464566377,529.89
417.487796277,529.89
417.510788222,529.89
417.533701126,529.89
417.556990643,529.89
417.580424353,529.90
417.603718542,529.90
417.626371027,529.90
417.649860610,529.90
417.673401938,502.59
417.696896161,502.59
417.720058060,502.59
417.743153302,502.59
417.766406242,472.30
417.789463180,472.30
417.812503318,472.30
417.835973093,472.30
417.859419891,472.30
417.882651359,443.20
417.905651272,443.20
417.928604017,443.20
417.952089088,443.20
417.975958227,413.98
417.999583620,413.98
418.022572781,413.98
418.045639031,413.98
418.068606752,393.00
418.092289393,393.00
418.118972293,393.00
418.142709463,393.00
418.166389736,428.25
418.189724213,428.25
418.212919168,428.25
418.236455536,428.25
418.259711452,428.25
418.283274892,438.37
418.307279649,438.37
418.330274730,438.37
418.353942363,438.37
418.377277512,442.57
418.400846648,442.57
418.424245382,442.57
418.447695028,442.57
418.470770110,443.21
418.494596881,443.21
418.518352995,443.21
418.541820114,443.21
418.565781286,443.33
418.589299669,443.33
418.612496673,443.33
418.638036263,443.33
418.661506006,443.33
418.684512063,466.26
418.707573865,466.26
418.730623315,466.26
418.754281572,466.26
418.777582417,488.02
418.800826365,488.02
418.824103273,488.02
418.847342165,488.02
418.871165320,507.88
418.894866906,507.88
418.918687596,507.88
418.942331773,507.88
418.966122479,507.88
418.989884546,540.42
419.013602707,540.42
419.036978369,540.42
419.060994070,540.42
419.084427524,577.93
419.107817330,577.93
419.131405026,577.93
419.154832816,577.93
419.178078876,586.10
419.201429385,586.10
419.224773879,586.10
419.248645866,586.10
419.272376188,582.18
419.295679304,582.18
419.320220611,582.18
419.343487504,582.18
419.366864989,582.18
419.390388301,580.26
419.414812742,580.26
419.437938961,580.26
419.461769380,580.26
419.485049617,577.40
419.508507359,577.40
419.531545321,577.40
419.555126265,577.40
419.577855839,579.67
419.601257485,579.67
419.624920894,579.67
419.648310828,579.67
419.672063710,579.67
419.696088787,575.45
419.719526241,575.45
419.742993072,575.45
419.766860195,575.45
419.790410450,581.28
419.813523261,581.28
419.836660520,581.28
419.859903380,581.28
419.883160096,590.08
419.906398700,590.08
419.929426774,590.08
419.952533792,590.08
419.976024335,588.18
419.999620575,588.18
420.022949069,588.18
420.046195449,588.18
420.069733032,588.18
420.092930804,585.32
420.119847018,585.32
420.143193527,585.32
420.166850248,585.32
420.190242870,584.93
420.213777989,584.93
420.237803226,584.93
420.261618573,584.93
420.285035963,587.84
420.308885102,587.84
420.331872087,587.84
420.354928257,587.84
420.378060012,587.84
420.400904212,590.29
420.424091711,590.29
420.446791013,590.29
420.469951728,590.29
420.493085499,574.94
420.516526377,574.94
420.540011480,574.94
420.563549512,574.94
420.586720531,546.65
420.609750108,546.65
420.633282604,546.65
420.656585945,546.65
420.680124488,546.65
420.704447393,520.96
420.729231486,520.96
420.753017073,520.96
420.776178044,520.96
420.798842593,487.71
420.821268612,487.71
420.844250445,487.71
420.868315523,487.71
420.892211830,459.00
420.915918824,459.00
420.939502456,459.00
420.963208073,459.00
420.986581975,461.59
421.010362505,461.59
421.033846072,461.59
421.057374279,461.59
421.080937655,461.59
421.104240708,464.21
421.128267577,464.21
421.151708999,464.21
421.175059220,464.21
421.198502787,462.08
421.222157652,462.08
421.245392192,462.08
421.269112401,462.08
421.292297437,462.89
421.315721803,462.89
421.339082424,462.89
421.362453222,462.89
421.385431919,462.89
421.409285442,466.95
421.432594031,466.95
421.456049757,466.95
421.479443179,466.95
421.502706647,476.45
421.526220455,476.45
421.549990521,476.45
421.573638890,476.45
421.597260602,503.73
421.620904939,503.73
421.643950645,503.73
421.667412227,503.73
421.690694960,535.64
421.714172990,535.64
421.740558735,535.64
421.763662681,535.64
421.786432000,535.64
421.809796077,560.09
421.834033317,560.09
421.857338738,560.09
421.881376551,560.09
421.904478513,595.94
421.927504283,595.94
421.951581713,595.94
421.975106240,595.94
421.998469677,592.82
422.021491287,592.82
422.044345278,592.82
422.067257415,592.82
422.090401938,592.82
422.113555325,592.21
422.136479045,592.21
422.159550383,592.21
422.182991966,592.21
422.205858405,592.21
422.229036753,592.21
422.252848259,592.21
422.276847224,592.21
422.300438408,563.45
422.323897463,563.45
422.346598812,563.45
422.369171585,563.45
422.392227979,563.45
422.416083038,518.70
422.440219860,518.70
422.463936454,518.70
422.487557878,518.70
422.511469386,515.03
422.534568788,515.03
422.557960226,515.03
422.581404081,515.03
422.604950112,514.91
422.627969930,514.91
422.651155957,514.91
422.674767941,514.91
422.698407766,512.23
422.721783812,512.23
422.745060080,512.23
422.768683489,512.23
422.791651786,512.23
422.814591602,514.60
422.837959744,514.60
422.861559536,514.60
422.884699323,514.60
422.908037864,511.62
422.931477142,511.62
422.955031782,511.62
422.978520085,511.62
423.001791169,512.49
423.025460818,512.49
423.049284069,512.49
423.072726035,512.49
423.096239427,512.49
423.119973972,514.36
423.144058602,514.36
423.167756891,514.36
423.191596238,514.36
423.215841830,519.10
423.239199507,519.10
423.262581569,519.10
423.286344979,519.10
423.309421213,547.73
423.332613097,547.73
423.356136888,547.73
423.379239043,547.73
423.402473615,586.38
423.425564441,586.38
423.449247050,586.38
423.472695032,586.38
423.496400842,586.38
423.519806840,585.71
423.543108613,585.71
423.566473586,585.71
423.589826303,585.71
423.613230733,587.41
423.636751005,587.41
423.659955144,587.41
423.683012626,587.41
423.706823525,588.25
423.730607927,588.25
423.754609772,588.25
423.778038874,588.25
423.801218885,588.25
423.826547946,590.16
423.849840822,590.16
423.873081762,590.16
423.896133164,590.16
423.919090581,593.73
423.941792891,593.73
423.964930950,593.73
423.988025968,593.73
424.011003641,585.61
424.034426055,585.61
424.057644083,585.61
424.081064545,585.61
424.104286893,585.61
424.127534809,556.98
424.151665359,556.98
424.175161214,556.98
424.198454251,556.98
424.221169233,525.07
424.244178842,525.07
424.267776619,525.07
424.292520264,525.07
424.316200025,508.29
424.339545126,508.29
424.363363705,508.29
424.386569989,508.29
424.409564526,508.29
424.432830330,506.36
424.455954309,506.36
424.478806060,506.36
424.501991832,506.36
424.525355493,507.89
424.549203544,507.89
424.572567206,507.89
424.595837586,507.89
424.619224768,498.74
424.642525101,498.74
424.666027804,498.74
424.689343657,498.74
424.712725910,500.30
424.736157637,500.30
424.758724777,500.30
424.781964341,500.30
424.805876361,500.30
424.829233814,497.34
424.853070345,497.34
424.876464855,497.34
424.899441856,497.34
424.925208073,493.82
424.948685784,493.82
424.972153574,493.82
424.995581397,493.82
425.018851201,498.61
425.042144654,498.61
425.065662557,498.61
425.088853352,498.61
425.112706748,498.61
425.135841382,523.94
425.159260341,523.94
425.182354559,523.94
425.205907087,523.94
425.228967064,563.82
425.252384359,563.82
425.275693715,563.82
425.299008928,563.82
425.322828627,565.12
425.346276129,565.12
425.369689199,565.12
425.392559959,565.12
425.415360286,565.12
425.438979087,532.24
425.462736641,532.24
425.486078990,532.24
425.509657470,532.24
425.533145965,530.07
425.556305784,530.07
425.579697830,530.07
425.603416823,530.07
425.626653123,536.54
425.650560983,536.54
425.673427487,536.54
425.696734635,536.54
425.720179738,533.78
425.743445542,533.78
425.767027670,533.78
425.790163745,533.78
425.812919367,533.78
425.836728666,534.04
425.860304170,534.04
425.883933979,534.04
425.907674316,534.04
425.931222684,539.56
425.954341767,539.56
425.978219610,539.56
426.002013932,539.56
426.025523772,535.89
426.049402223,535.89
426.072921854,535.89
426.096812978,535.89
426.121013289,535.89
426.144556280,536.32
426.168201577,536.32
426.191830170,536.32
426.215049349,536.32
426.238395635,534.81
426.261382332,534.81
426.284451622,534.81
426.308057590,534.81
426.331074336,547.23
426.354223755,547.23
426.377845691,547.23
426.401140872,547.23
426.424501333,547.23
426.448288136,577.79
426.471525012,577.79
426.494803840,577.79
426.518262383,577.79
426.541237464,582.62
426.564406243,582.62
426.587461517,582.62
426.611373697,582.62
426.634949584,581.12
426.658095899,581.12
426.681642347,581.12
426.704949336,581.12
426.728384678,583.31
426.751722355,583.31
426.775316771,583.31
426.798268044,583.31
426.821381111,583.31
426.844432225,586.45
426.868703224,586.45
426.892356169,586.45
426.915791736,586.45
426.939179589,584.76
426.962483730,584.76
426.985725502,584.76
427.009081708,584.76
427.032675324,587.67
427.056282508,587.67
427.080028734,587.67
427.103313386,587.67
427.126653464,587.67
427.150538699,585.24
427.174805379,585.24
427.198688150,585.24
427.222111236,585.24
427.245437810,585.09
427.268792351,585.09
427.292502576,585.09
427.316136033,585.09
427.339181099,586.52
427.362922493,586.52
427.387100179,586.52
427.410647427,586.52
427.434322004,589.71
427.458440362,589.71
427.482049466,589.71
427.505887469,589.71
427.529669728,589.71
427.553290640,591.16
427.577721930,591.16
427.601386747,591.16
427.625572146,591.16
427.649227939,590.47
427.672738930,590.47
427.696242177,590.47
427.719856209,590.47
427.742979420,592.53
427.766866415,592.53
427.790419647,592.53
427.813813709,592.53
427.837732193,589.73
427.860758826,589.73
427.883851093,589.73
427.907118465,589.73
427.930127306,589.73
427.953046131,591.54
427.976156061,591.54
427.999582860,591.54
428.025831546,591.54
428.049368138,586.80
428.072768856,586.80
428.096402056,586.80
428.120281308,586.80
428.143640841,588.18
428.166944854,588.18
428.190568614,588.18
428.213515215,588.18
428.236813532,588.18
428.260116680,589.31
428.283741753,589.31
428.307132967,589.31
428.330579445,589.31
428.353748672,586.45
428.377349616,586.45
428.400791679,586.45
428.424138028,586.45
428.447517754,588.17
428.470737670,588.17
428.493836848,588.17
428.516924730,588.17
428.540157510,588.17
428.563135791,588.38
428.586409692,588.38
428.609774793,588.38
428.633350841,588.38
428.656855912,583.72
428.680196821,583.72
428.703788869,583.72
428.727303989,583.72
428.750745635,577.08
428.774260434,577.08
428.797929475,577.08
428.821437298,577.08
428.845016098,577.47
428.868841237,577.47
428.892455397,577.47
428.915917588,577.47
428.939608389,577.47
428.963035155,579.76
428.986867462,579.76
429.010396214,579.76
429.034235625,579.76
429.057738616,576.61
429.081483882,576.61
429.104995833,576.61
429.128426759,576.61
429.152167449,580.75
429.175912171,580.75
429.199195735,580.75
429.222395331,580.75
429.246004947,580.75
429.269806854,581.02
429.293203187,581.02
429.316340382,581.02
429.339510826,581.02
429.362931128,580.60
429.386500711,580.60
429.409962838,580.60
429.433795785,580.60
429.457133654,580.49
429.480391554,580.49
429.503817233,580.49
429.527280639,580.49
429.550237928,580.34
429.573166704,580.34
429.596663711,580.34
429.620024045,580.34
429.644273829,580.34
429.667740819,587.26
429.691154881,587.26
429.714073994,587.26
429.737438583,587.26
429.760974566,592.67
429.784258707,592.67
429.808174151,592.67
429.831390547,592.67
429.854721280,594.13
429.878218511,594.13
429.902621736,594.13
429.926172792,594.13
429.949505861,594.13
429.972580815,592.10
429.996110238,592.10
430.019151464,592.10
430.042000304,592.10
430.065248764,590.08
430.088522824,590.08
430.114911417,590.08
430.137348667,590.08
430.160262596,559.24
430.183935893,559.24
430.207671590,559.24
430.231009556,559.24
430.254472514,559.24
430.278168244,546.46
430.301642562,546.46
430.324932079,546.46
430.348698049,546.46
430.372020942,546.96
430.395585150,546.96
430.418917099,546.96
430.442203223,546.96
430.465629190,546.85
430.488803793,546.85
430.512250303,546.85
430.535837167,546.85
430.558964602,545.07
430.582633227,545.07
430.607126822,545.07
430.631011385,545.07
430.654583465,545.07
430.677931126,545.32
430.701758601,545.32
430.725195543,545.32
430.749269421,545.32
430.772458584,544.43
430.796187210,544.43
430.819195667,544.43
430.842779843,544.43
430.866361875,542.71
430.889701345,542.71
430.913407314,542.71
430.936672702,542.71
430.959933355,542.71
430.983453082,539.85
431.007057866,539.85
431.030466808,539.85
431.054169706,539.85
431.077495415,549.11
431.101301257,549.11
431.126550220,549.11
431.149633623,549.11
431.173191398,578.95
431.196332593,578.95
431.219075895,578.95
431.242556390,578.95
431.266340249,587.47
431.289571013,587.47
431.313263446,587.47
431.336521058,587.47
431.359413066,587.47
431.382729943,586.68
431.407011023,586.68
431.430444029,586.68
431.454564660,586.68
431.477841088,589.49
431.501288846,589.49
431.524780669,589.49
431.549049269,589.49
431.572898664,588.66
431.596264566,588.66
431.619480194,588.66
431.643270708,588.66
431.667125255,588.70
431.690593718,588.70
431.714016260,588.70
431.737293904,588.70
431.760770207,588.70
431.783947530,588.72
431.807365817,588.72
431.830951529,588.72
431.853883025,588.72
431.876948827,591.75
431.900534891,591.75
431.923827192,591.75
431.947230854,591.75
431.970710804,593.13
431.993742302,593.13
432.017860724,593.13
432.041617190,593.13
432.064928851,593.13
432.088338241,590.68
432.112653050,590.68
432.135916966,590.68
432.159459189,590.68
432.182811779,592.56
432.215591645,592.56
432.238771592,592.56
432.262062933,592.56
432.285855079,593.84
432.309276277,593.84
432.332717252,593.84
432.356375989,593.84
432.379458015,595.09
432.402689611,595.09
432.425829206,595.09
432.449120162,595.09
432.472751731,595.09
432.495915806,594.90
432.518961800,594.90
432.542448151,594.90
432.565957222,594.90
432.589399732,593.27
432.613100613,593.27
432.636526388,593.27
432.659516477,593.27
432.682520710,591.61
432.705616688,591.61
432.729151680,591.61
432.752509453,591.61
432.775698745,591.98
432.798494368,591.98
432.821465129,591.98
432.843887787,591.98
432.866551089,591.98
432.889432793,547.07
432.912976552,547.07
432.936771035,547.07
432.960220905,547.07
432.984122173,542.68
433.007424873,542.68
433.030613877,542.68
433.054314054,542.68
433.078032056,542.91
433.101433062,542.91
433.127323536,542.91
433.150625725,542.91
433.174306606,542.91
433.197744540,539.89
433.222150198,539.89
433.245600324,539.89
433.270671430,539.89
433.293275530,538.26
433.316628472,538.26
433.340169639,538.26
433.363726295,538.26
433.387312199,538.84
433.410396593,538.84
433.433596573,538.84
433.457081963,538.84
433.480341688,534.81
433.503841191,534.81
433.527521624,534.81
433.550563394,534.81
433.574612567,534.81
433.598509547,536.34
433.622079226,536.34
433.646407699,536.34
433.670097892,536.34
433.693489842,539.50
433.717071074,539.50
433.740818932,539.50
433.764394020,539.50
433.788059157,542.30
433.811058846,542.30
433.834616142,542.30
433.858163133,542.30
433.881910895,542.30
433.905662241,586.70
433.929214385,586.70
433.952421500,586.70
433.976224783,586.70
433.999585244,585.87
434.022950186,585.87
434.046278007,585.87
434.069701125,585.87
434.092765871,586.37
434.116414560,586.37
434.139741741,586.37
434.163251228,586.37
434.186700682,591.19
434.210006743,591.19
434.233310436,591.19
434.256840948,591.19
434.280394403,591.19
434.303903986,587.52
434.327138750,587.52
434.350217288,587.52
434.374570401,587.52
434.398082000,585.57
434.421169243,585.57
434.444840908,585.57
434.468370011,585.57
434.491919851,582.23
434.515396089,582.23
434.538619525,582.23
434.561852529,582.23
434.584475766,582.23
434.607544448,583.28
434.631609494,583.28
434.654872962,583.28
434.678659604,583.28
434.701792543,584.10
434.724845961,584.10
434.748480090,584.10
434.771913160,584.10
434.795251029,579.04
434.819005415,579.04
434.842078129,579.04
434.865168476,579.04
434.888539849,579.04
434.911955031,578.79
434.935379333,578.79
434.959122199,578.79
434.982184897,578.79
435.005716625,580.48
435.029167391,580.48
435.052779151,580.48
435.076680835,580.48
435.100171826,581.10
435.125668376,581.10
435.148938340,581.10
435.172417011,581.10
435.195685536,577.81
435.219296688,577.81
435.243270180,577.81
435.266500080,577.81
435.289647323,577.81
435.313273420,578.60
435.337240000,578.60
435.362244705,578.60
435.385315915,578.60
435.408767481,579.95
435.432217448,579.95
435.455371411,579.95
435.479083748,579.95
435.502519346,573.93
435.526331717,573.93
435.549762323,573.93
435.573154785,573.93
435.597174166,573.16
435.620556292,573.16
435.643762735,573.16
435.668171625,573.16
435.691788281,573.16
435.715363433,571.86
435.739033018,571.86
435.762019491,571.86
435.785297520,571.86
435.808352442,574.53
435.831275586,574.53
435.854241195,574.53
435.876910928,574.53
435.899203442,574.20
435.922545983,574.20
435.945401478,574.20
435.968492497,574.20
435.991233783,574.20
436.014535652,552.87
436.037206665,552.87
436.059571051,552.87
436.082279889,552.87
436.105422044,515.24
436.129100973,515.24
436.153176515,515.24
436.176445807,515.24
436.200484260,515.24
436.223881202,516.67
436.247237760,516.67
436.271550040,516.67
436.294781476,516.67
436.318287251,515.64
436.341733377,515.64
436.364540776,515.64
436.388118712,515.64
436.415931961,517.31
436.439172709,517.31
436.463527326,517.31
436.487234320,517.31
436.510372954,527.03
436.533952554,527.03
436.557491770,527.03
436.580689253,527.03
436.604565977,527.26
436.627646371,527.26
436.650834542,527.26
436.674869508,527.26
436.698196049,527.26
436.721609343,527.12
436.745130830,527.12
436.767916405,527.12
436.791418948,527.12
436.814848242,528.39
436.838258976,528.39
436.861740495,528.39
436.885015515,528.39
436.907718305,527.70
436.931101807,527.70
436.954729983,527.70
436.977852298,527.70
437.001314745,527.70
437.024496868,546.29
437.047852849,546.29
437.071347232,546.29
437.094837967,546.29
437.120695514,585.04
437.144279338,585.04
437.167567734,585.04
437.191039237,585.04
437.214769111,587.13
437.238353447,587.13
437.261959735,587.13
437.285311652,587.13
437.308394318,587.13
437.331607834,591.07
437.354679876,591.07
437.377800847,591.07
437.401194045,591.07
437.424652971,593.84
437.448528159,593.84
437.472582644,593.84
437.495877953,593.84
437.518633895,576.67
437.542017045,576.67
437.565837672,576.67
437.589336215,576.67
437.612624419,565.63
437.636432086,565.63
437.659711298,565.63
437.682766508,565.63
437.706068217,565.63
437.729448775,567.25
437.752828468,567.25
437.775997663,567.25
437.798681637,567.25
437.822029746,566.14
437.845532289,566.14
437.868958384,566.14
437.892557504,566.14
437.915968654,567.67
437.939065656,567.67
437.962793450,567.67
437.986429306,567.67
438.009822984,567.67
438.033527898,564.43
438.056760358,564.43
438.079939889,564.43
438.103193437,564.43
438.126758733,566.40
438.150073818,566.40
438.173087875,566.40
438.196061452,566.40
438.219523771,557.42
438.242762855,557.42
438.266056596,557.42
438.289139582,557.42
438.312505803,557.42
438.336187900,529.66
438.360592342,529.66
438.383407101,529.66
438.406263109,529.66
438.429455696,489.77
438.453381508,489.77
438.477207927,489.77
438.500364322,489.77
438.560594201,514.22
438.584078375,514.22
438.607634295,514.22
438.631739917,514.22
438.655362685,513.70
438.678902157,513.70
438.702011992,513.70
438.725764682,513.70
438.749420890,510.08
438.772897097,510.08
438.796449657,510.08
438.819655620,510.08
438.842833072,510.08
438.866475328,513.03
438.889887278,513.03
438.913175003,513.03
438.936823308,513.03
438.959766196,513.81
438.983558663,513.81
439.007228408,513.81
439.030750439,513.81
439.054287351,512.72
439.077856326,512.72
439.100789519,512.72
439.127290240,512.72
439.151059891,508.32
439.174453216,508.32
439.198175890,508.32
439.221570336,508.32
439.245039054,508.32
439.269142180,520.90
439.292410193,520.90
439.315928512,520.90
439.339729683,520.90
439.362513689,546.30
439.385567235,546.30
439.409091571,546.30
439.432825476,546.30
439.456058576,585.41
439.479110842,585.41
439.502186564,585.41
439.525735860,585.41
439.549425349,585.41
439.572814643,582.74
439.596521732,582.74
439.619914642,582.74
439.644601455,582.74
439.668173631,584.76
439.691746286,584.76
439.715064155,584.76
439.738065605,584.76
439.761018381,587.23
439.784488892,587.23
439.808393200,587.23
439.832003552,587.23
439.855664401,586.40
439.878896957,586.40
439.902561102,586.40
439.925914043,586.40
439.949448203,586.40
439.973384543,586.00
439.996593418,586.00
440.019477618,586.00
440.043039394,586.00
440.066810740,587.23
440.090524678,587.23
440.114538363,587.23
440.138306669,587.23
440.161904541,587.93
440.185533870,587.93
440.208977468,587.93
440.232701166,587.93
440.256478240,589.80
440.280128529,589.80
440.303609695,589.80
440.327173327,589.80
440.350657982,589.80
440.374389104,589.78
440.397700445,589.78
440.421438158,589.78
440.445395043,589.78
440.469041427,588.72
440.492760645,588.72
440.516343989,588.72
440.539453279,588.72
440.562769644,592.18
440.586485662,592.18
440.610046030,592.18
440.633957377,592.18
440.657119917,593.11
440.680301112,593.11
440.703683942,593.11
440.726898289,593.11
440.750339776,593.11
440.774060945,592.64
440.797009082,592.64
440.820341575,592.64
440.843616916,592.64
440.867105282,593.04
440.890734579,593.04
440.914044928,593.04
440.937638064,593.04
440.961380322,593.09
440.985019442,593.09
441.008407936,593.09
441.032367284,593.09
441.055923684,593.09
441.079202865,594.05
441.103085060,594.05
441.127263707,594.05
441.150944716,594.05
441.174276441,597.20
441.197194113,597.20
441.220518702,597.20
441.243746234,597.20
441.267204969,596.40
441.290670808,596.40
441.313836771,596.40
441.337423923,596.40
441.360734208,595.31
441.384155278,595.31
441.407697021,595.31
441.431280973,595.31
441.454520089,595.31
441.477660132,595.99
441.501396982,595.99
441.524624610,595.99
441.548453877,595.99
441.571578879,597.35
441.594509256,597.35
441.617814677,597.35
441.641282243,597.35
441.664368046,597.76
441.688111903,597.76
441.711028616,597.76
441.734092946,597.76
441.757419263,597.76
441.780707115,595.74
441.803917335,595.74
441.827472103,595.74
441.850560849,595.74
441.874049728,594.14
441.897524879,594.14
441.920937917,594.14
441.944207113,594.14
441.967674488,596.28
441.990544575,596.28
442.013844076,596.28
442.037125881,596.28
442.061006156,596.28
442.084103607,594.40
442.107432836,594.40
442.130275019,594.40
442.153927260,594.40
442.176858116,586.81
442.199930766,586.81
442.222844023,586.81
442.245813952,586.81
442.269058988,569.94
442.292494970,569.94
442.315694118,569.94
442.339336598,569.94
442.362775653,569.94
442.385962800,540.27
442.409356958,540.27
442.432536105,540.27
442.455556051,540.27
442.478896672,513.73
442.502404815,513.73
442.525624891,513.73
442.549231403,513.73
442.572784603,484.72
442.595925862,484.72
442.618647116,484.72
442.641251792,484.72
442.664263034,484.72
442.687904618,442.84
442.711758781,442.84
442.735469583,442.84
442.759465988,442.84
442.782966771,444.25
442.806425089,444.25
442.830075154,444.25
442.854134120,444.25
442.877859993,448.50
442.901254439,448.50
442.924056174,448.50
442.947405915,448.50
442.971003755,448.50
442.995152034,443.57
443.018472399,443.57
443.042028863,443.57
443.065049768,443.57
443.088920219,448.01
443.113128947,448.01
443.136979334,448.01
443.160616054,448.01
443.184027748,453.43
443.207383442,453.43
443.230947329,453.43
443.254446352,453.43
443.278285123,471.37
443.302064534,471.37
443.325397347,471.37
443.349156949,471.37
443.372996296,471.37
443.397710437,500.08
443.421175123,500.08
443.444751971,500.08
443.468333459,500.08
443.491593472,529.38
443.515062862,529.38
443.538649758,529.38
443.561978571,529.38
443.585103926,565.25
443.608755463,565.25
443.632154581,565.25
443.655316096,565.25
443.679276116,598.90
443.702289598,598.90
443.725683659,598.90
443.749054489,598.90
443.772491303,598.90
443.798380914,599.24
443.821558557,599.24
443.844906954,599.24
443.868174391,599.24
443.891770567,600.15
443.915536857,600.15
443.938948071,600.15
443.962456246,600.15
443.986091975,600.59
444.009531861,600.59
444.032772865,600.59
444.056418386,600.59
444.079872960,601.57
444.103757236,601.57
444.127296099,601.57
444.150621328,601.57
444.174288641,601.57
444.198161525,600.26
444.221498594,600.26
444.245274292,600.26
444.268781859,600.26
444.292184529,599.02
444.315607039,599.02
444.339041198,599.02
444.361971638,599.02
444.385470149,600.52
444.409152534,600.52
444.432744902,600.52
444.456578105,600.52
444.479902182,600.52
444.503298164,599.59
444.527569676,599.59
444.551301854,599.59
444.574900110,599.59
444.598414045,600.86
444.621380230,600.86
444.644622322,600.86
444.668330659,600.86
444.691615152,602.19
444.715314593,602.19
444.738492717,602.19
444.762065788,602.19
444.785559595,601.26
444.809526976,601.26
444.832739019,601.26
444.856012920,601.26
444.881085049,601.26
444.905104782,598.54
444.928924769,598.54
444.952928246,598.54
444.976996491,598.54
445.000464154,599.78
445.023969545,599.78
445.047722715,599.78
445.071419628,599.78
445.095124702,599.14
445.120520451,599.14
445.143187592,599.14
445.166519157,599.14
445.190098309,597.71
445.213482611,597.71
445.237350310,597.71
445.260616274,597.71
445.284461765,597.71
445.307876915,598.18
445.331290849,598.18
445.354381868,598.18
445.377361109,598.18
445.400204636,598.55
445.423740588,598.55
445.447311676,598.55
445.470726794,598.55
445.494273561,593.59
445.517737544,593.59
445.541104917,593.59
445.564577188,593.59
445.588064691,593.59
445.611557282,591.02
445.634769038,591.02
445.658128539,591.02
445.681778540,591.02
445.705023928,590.80
445.727936768,590.80
445.750970410,590.80
445.774152949,590.80
445.797829414,589.86
445.821250548,589.86
445.845160616,589.86
445.869043356,589.86
445.892535434,589.86
445.916711841,584.89
445.940555508,584.89
445.963902082,584.89
445.987362864,584.89
446.010817887,581.95
446.034458191,581.95
446.057742716,581.95
446.080878663,581.95
446.103889936,581.86
446.128443819,581.86
446.152158941,581.86
446.175592523,581.86
446.198797879,583.98
446.222627050,583.98
446.245564210,583.98
446.269588263,583.98
446.293673213,583.98
446.316955913,581.72
446.340610554,581.72
446.364102377,581.72
446.387269652,581.72
446.410701347,580.29
446.434115825,580.29
446.458057221,580.29
446.481148015,580.29
446.504836032,585.93
446.528479537,585.93
446.551620380,585.93
446.575261933,585.93
446.598490136,585.93
446.621661284,587.15
446.645103506,587.15
446.668912773,587.15
446.692588630,587.15
446.715803361,582.74
446.739833847,582.74
446.763133443,582.74
446.786860501,582.74
446.810271555,587.36
446.834025077,587.36
446.857219745,587.36
446.880481293,587.36
446.903959260,587.36
446.928139986,592.81
446.951382270,592.81
446.976105724,592.81
446.999280167,592.81
447.022305648,594.42
447.046052194,594.42
447.069815892,594.42
447.093243875,594.42
447.116808274,593.08
447.140159520,593.08
447.163454028,593.08
447.186812058,593.08
447.210337193,594.66
447.233690678,594.66
447.256729600,594.66
447.280018605,594.66
447.303637533,594.66
447.326884457,597.44
447.350575067,597.44
447.373623460,597.44
447.396545261,597.44
447.419949723,596.65
447.443502794,596.65
447.466599029,596.65
447.490195269,596.65
447.513767445,593.86
447.537665320,593.86
447.561009013,593.86
447.584420164,593.86
447.607749937,593.86
447.630679065,595.50
447.654572493,595.50
447.678308638,595.50
447.701870542,595.50
447.725300956,598.52
447.748898924,598.52
447.771765044,598.52
447.795142818,598.52
447.818720978,597.03
447.842477700,597.03
447.865598798,597.03
447.889209183,597.03
447.912767342,595.41
447.936353374,595.41
447.959735244,595.41
447.985875034,595.41
448.008997636,595.41
448.032094159,598.26
448.055743135,598.26
448.079439217,598.26
448.103361125,598.26
448.127630813,597.61
448.151025514,597.61
448.174148437,597.61
448.198207083,597.61
448.221575960,596.13
448.245140904,596.13
448.268574966,596.13
448.291470430,596.13
448.314940077,596.13
448.338752384,594.24
448.361710696,594.24
448.384665969,594.24
448.407948382,594.24
448.430855526,596.11
448.453964400,596.11
448.477083611,596.11
448.500528297,596.11
448.523669428,573.45
448.547257540,573.45
448.570659858,573.45
448.593928255,573.45
448.617213387,573.45
448.641477955,541.51
448.664363787,541.51
448.687498582,541.51
448.711010245,541.51
448.734495252,513.94
448.758078820,513.94
448.781751349,513.94
448.805146211,513.94
448.828516976,487.17
448.851999967,487.17
448.875362604,487.17
448.898728858,487.17
448.922285001,459.36
448.945691511,459.36
448.968948516,459.36
448.992487859,459.36
449.016329606,459.36
449.039850837,428.78
449.062474138,428.78
449.085151200,428.78
449.108145929,428.78
449.131943932,394.89
449.155898160,394.89
449.179567361,394.89
449.203082320,394.89
449.226758785,391.74
449.249545480,391.74
449.272845301,391.74
449.296393604,391.74
449.319794578,391.74
449.343378338,391.56
449.366380011,391.56
449.389414389,391.56
449.413882543,391.56
449.437354622,391.88
449.460868781,391.88
449.484330460,391.88
449.507814315,391.88
449.531038774,412.96
449.554639111,412.96
449.578147510,412.96
449.601939368,412.96
449.625457879,439.52
449.649116104,439.52
449.672585783,439.52
449.695920228,439.52
449.719383955,439.52
449.742969731,465.21
449.766236495,465.21
449.789454683,465.21
449.812700487,465.21
449.836079445,497.30
449.859703909,497.30
449.882822064,497.30
449.905589878,497.30
449.929278407,523.38
449.953151899,523.38
449.976389127,523.38
449.999937974,523.38
450.023420613,523.38
450.046606929,548.10
450.070110368,548.10
450.094326199,548.10
450.121311278,548.10
450.144798237,591.30
450.167886695,591.30
450.191720250,591.30
450.215101224,591.30
450.238357588,592.57
450.261901604,592.57
450.285197392,592.57
450.308313467,592.57
450.332040333,591.31
450.355541724,591.31
450.379026379,591.31
450.402465369,591.31
450.425657156,591.31
450.449229620,592.88
450.472878981,592.88
450.496314131,592.88
450.520108902,592.88
450.543276657,592.30
450.566360763,592.30
450.589908043,592.30
450.613619932,592.30
450.636832392,589.50
450.660521017,589.50
450.683899783,589.50
450.707611736,589.50
450.731137992,589.50
450.754542133,593.87
450.778109605,593.87
450.801043054,593.87
450.823644434,593.87
450.847205538,590.59
450.870643697,590.59
450.894156448,590.59
450.918138068,590.59
450.941562690,593.96
450.964891951,593.96
450.987905401,593.96
451.010859810,593.96
451.033969932,593.96
451.056815156,589.24
451.080110976,589.24
451.103343404,589.24
451.131141165,589.24
451.154524859,565.10
451.178327405,565.10
451.201891453,565.10
451.225733840,565.10
451.249448257,544.91
451.273131027,544.91
451.296638818,544.91
451.320878265,544.91
451.344509834,512.16
451.368106842,512.16
451.391143524,512.16
451.413752008,512.16
451.436175915,512.16
451.458903793,476.23
451.482208734,476.23
451.505704109,476.23
451.528879288,476.23
451.552192133,465.15
451.575887286,465.15
451.599228163,465.15
451.623482203,465.15
451.647206509,466.91
451.670623227,466.91
451.694025289,466.91
451.717587737,466.91
451.740652963,465.79
451.765143901,465.79
451.788753581,465.79
451.811868632,465.79
451.835717355,465.79
451.858940599,471.15
451.882166883,471.15
451.905687538,471.15
451.929097728,471.15
451.952816018,469.08
451.976233376,469.08
451.999288905,469.08
452.022474773,469.08
452.046636588,470.89
452.070087098,470.89
452.093497192,470.89
452.117125112,470.89
452.140402533,470.89
452.164254840,485.96
452.187529285,485.96
452.211039668,485.96
452.234672516,485.96
452.257837135,515.33
452.280836601,515.33
452.304244935,515.33
452.328190523,515.33
452.351685450,545.06
452.375801280,545.06
452.398971115,545.06
452.422395193,545.06
452.446073162,587.47
452.470447268,587.47
452.494368919,587.47
452.517560483,587.47
452.540899504,587.47
452.564951589,593.35
452.588565558,593.35
452.612077765,593.35
452.635902712,593.35
452.658966946,594.17
452.682589330,594.17
452.706394341,594.17
452.730357209,594.17
452.754107115,592.32
452.778717191,592.32
452.801600463,592.32
452.825229727,592.32
452.849155091,589.65
452.873437451,589.65
452.896566806,589.65
452.919562367,589.65
452.943072110,589.65
452.967064227,587.03
452.990524594,587.03
453.013776830,587.03
453.037623665,587.03
453.060973086,586.39
453.084204330,586.39
453.107411190,586.39
453.131136743,586.39
453.154254610,588.48
453.177370685,588.48
453.200849099,588.48
453.225603689,588.48
453.248878485,588.48
453.272016864,585.37
453.295072682,585.37
453.318176469,585.37
453.342046440,585.37
453.365958684,582.93
453.389817999,582.93
453.413551681,582.93
453.437758520,582.93
453.461331688,584.68
453.485006201,584.68
453.508802603,584.68
453.532309178,584.68
453.555914826,587.69
453.580016960,587.69
453.603758386,587.69
453.627168256,587.69
453.650597967,587.69
453.673563511,586.64
453.696857092,586.64
453.720602966,586.64
453.744535882,586.64
453.768231259,587.46
453.792065934,587.46
453.815665630,587.46
453.839812885,587.46
453.863314500,588.94
453.887564859,588.94
453.911256045,588.94
453.934715867,588.94
453.958534958,593.29
453.982968392,593.29
454.006801627,593.29
454.030245065,593.29
454.054154205,593.29
454.077186854,594.74
454.100568628,594.74
454.124017539,594.74
454.147838453,594.74
454.171196227,594.89
454.194290733,594.89
454.217557657,594.89
454.240526658,594.89
454.266266219,596.21
454.290281792,596.21
454.313837680,596.21
454.337407616,596.21
454.360648236,596.21
454.384292668,581.55
454.407265093,581.55
454.430487185,581.55
454.453980000,581.55
454.477152875,552.35
454.500847645,552.35
454.524322347,552.35
454.547702457,552.35
454.571216136,524.19
454.594822552,524.19
454.618500650,524.19
454.642043993,524.19
454.665731658,498.04
454.689205049,498.04
454.712640775,498.04
454.736080758,498.04
454.759370530,498.04
454.782550190,471.50
454.805133778,471.50
454.827647414,471.50
454.850863361,471.50
454.874490226,441.13
454.898062914,441.13
454.921482736,441.13
454.945392324,441.13
454.968876499,437.15
454.992714917,437.15
455.016567673,437.15
455.040590382,437.15
455.064825701,437.15
455.088463638,438.92
455.112187879,438.92
455.136193596,438.92
455.160280818,438.92
455.184029956,439.76
455.208029049,439.76
455.231431303,439.76
455.255616862,439.76
455.279764404,435.69
455.303422725,435.69
455.327399033,435.69
455.350802439,435.69
455.374216085,450.24
455.399151797,450.24
455.423006056,450.24
455.446330485,450.24
455.470280809,476.33
455.493744184,476.33
455.517454921,476.33
455.540860695,476.33
455.564967917,476.33
455.588243194,502.94
455.612015532,502.94
455.635379545,502.94
455.658997674,502.94
455.682262774,531.62
455.705571939,531.62
455.728815215,531.62
455.752248893,531.62
455.775156485,539.37
455.797660937,539.37
455.820631186,539.37
455.844104577,539.37
455.867863571,539.37
455.891318049,541.74
455.914811408,541.74
455.938570786,541.74
455.961760462,541.74
455.984781399,543.71
456.008075524,543.71
456.031397521,543.71
456.054900416,543.71
456.078345326,544.07
456.101260694,544.07
456.128644242,544.07
456.151997888,544.07
456.175592208,542.56
456.199190464,542.56
456.222370763,542.56
456.245395445,542.56
456.268666561,542.56
456.291967630,545.76
456.315522078,545.76
456.339030637,545.76
456.364566803,545.76
456.388268389,546.93
456.414157935,546.93
456.437371707,546.93
456.461220238,546.93
456.484311672,547.49
456.507693702,547.49
456.530939922,547.49
456.554172702,547.49
456.578023761,549.56
456.601912869,549.56
456.624573130,549.56
456.648239195,549.56
456.671614825,549.56
456.694834356,552.59
456.718436997,552.59
456.741583376,552.59
456.764823356,552.59
456.787961382,573.44
456.812118333,573.44
456.835603084,573.44
456.859132219,573.44
456.882280358,601.97
456.905840566,601.97
456.929133379,601.97
456.952596497,601.97
456.976088704,601.97
456.999289068,601.79
457.022778331,601.79
457.046025159,601.79
457.070367135,601.79
457.093758701,603.40
457.117417278,603.40
457.140319110,603.40
457.163110797,603.40
457.186164151,602.24
457.209686214,602.24
457.233012499,602.24
457.256408641,602.24
457.279458635,602.24
457.302216465,591.25
457.324867831,591.25
457.347187576,591.25
457.369704316,591.25
457.392649252,551.30
457.419925215,551.30
457.443490031,551.30
457.467468995,551.30
457.491125908,550.12
457.515056008,550.12
457.538520663,550.12
457.561693506,550.12
457.584967631,550.12
457.608788481,546.41
457.632048141,546.41
457.655076183,546.41
457.678405444,546.41
457.701653520,546.50
457.724691226,546.50
457.747974022,546.50
457.771503542,546.50
457.794868227,522.98
457.818094095,522.98
457.841257946,522.98
457.864662696,522.98
457.888223064,493.02
457.911937225,493.02
457.935599130,493.02
457.958723365,493.02
457.982640601,493.02
458.005472832,463.11
458.027827682,463.11
458.050488135,463.11
458.073954390,463.11
458.097312995,431.18
458.123228782,431.18
458.146505147,431.18
458.170145067,431.18
458.193327319,433.44
458.216742309,433.44
458.240743098,433.44
458.264456299,433.44
458.288215069,433.44
458.311416393,444.10
458.335056537,444.10
458.358965357,444.10
458.382820416,444.10
458.406468401,482.73
458.430112866,482.73
458.453436847,482.73
458.477543301,482.73
458.501278262,484.18
458.524860806,484.18
458.548754330,484.18
458.572285513,484.18
458.595642327,482.92
458.619908975,482.92
458.643485983,482.92
458.667352114,482.92
458.691156068,482.92
458.714640339,488.97
458.738185699,488.97
458.762193656,488.97
458.785478788,488.97
458.809552890,509.99
458.832728837,509.99
458.855889008,509.99
458.879153117,509.99
458.902236231,531.47
458.925362225,531.47
458.948336410,531.47
458.971517862,531.47
458.995060181,531.47
459.019148075,548.61
459.042615898,548.61
459.066221450,548.61
459.089767130,548.61
459.113358858,564.97
459.136832792,564.97
459.160245990,564.97
459.184352028,564.97
459.207761259,547.45
459.231449052,547.45
459.255557842,547.45
459.278696157,547.45
459.302432750,527.79
459.325711515,527.79
459.349284107,527.79
459.373089213,527.79
459.396908528,527.79
459.420737699,512.53
459.445273630,512.53
459.468827117,512.53
459.492236699,468.42
459.562224482,468.42
459.586172567,468.42
459.610101867,468.42
459.634180384,468.84
459.658173653,468.84
459.682358604,468.84
459.706213471,468.84
459.730050194,468.84
459.754601869,468.88
459.778507361,468.88
459.802207314,468.88
459.826222599,468.88
459.850071290,466.79
459.873600874,466.79
459.897239482,466.79
459.920700137,466.79
459.944313881,468.93
459.967764552,468.93
459.991169302,468.93
460.014715141,468.93
460.038262037,482.85
460.061628162,482.85
460.085955739,482.85
460.109484074,482.85
460.132821015,482.85
460.157066959,498.31
460.180006200,498.31
460.202923776,498.31
460.226519984,498.31
460.250074272,518.70
460.273682384,518.70
460.296880892,518.70
460.320515308,518.70
460.343883962,536.07
460.367279047,536.07
460.391114554,536.07
460.413960034,536.07
460.437033036,551.41
460.460201911,551.41
460.483118271,551.41
460.506143881,551.41
460.529322388,551.41
460.552223228,590.28
460.575504105,590.28
460.601101584,590.28
460.624048665,590.28
460.647437479,573.68
460.670891221,573.68
460.693847454,573.68
460.717139626,573.68
460.740440183,555.31
460.763461089,555.31
460.786696621,555.31
460.809965497,555.31
460.833251430,555.31
460.856534194,538.77
460.879914848,538.77
460.903225005,538.77
460.926400696,538.77
460.950245771,521.40
460.973925756,521.40
460.997940177,521.40
461.021213085,521.40
461.044567787,513.79
461.068049018,513.79
461.091765387,513.79
461.115171865,513.79
461.138739945,513.79
461.162244664,512.67
461.185632262,512.67
461.209462520,512.67
461.233333196,512.67
461.256530487,511.39
461.280236361,511.39
461.303633143,511.39
461.326609887,511.39
461.350011789,514.12
461.373646046,514.12
461.396789641,514.12
461.419686769,514.12
461.442610073,514.12
461.467368823,512.86
461.491131593,512.86
461.514690105,512.86
461.538533580,512.86
461.562355614,515.30
461.586026863,515.30
461.609454174,515.30
461.633121775,515.30
461.657164164,532.82
461.680495249,532.82
461.703807070,532.82
461.727661937,532.82
461.751536388,549.91
461.776264545,549.91
461.800216918,549.91
461.823303584,549.91
461.847093362,566.09
461.871430219,566.09
461.895077084,566.09
461.918017604,566.09
461.941218928,566.09
461.964942882,584.94
461.988807989,584.94
462.012065249,584.94
462.035639249,584.94
462.059014494,591.20
462.082277803,591.20
462.105722361,591.20
462.129165384,591.20
462.152320531,592.78
462.175467902,592.78
462.198366886,592.78
462.222028887,592.78
462.245380196,592.78
462.268669680,584.03
462.292172128,584.03
462.315671599,584.03
462.338941659,584.03
462.362191559,579.65
462.385213489,579.65
462.408419228,579.65
462.431924139,579.65
462.455279193,580.17
462.478210017,580.17
462.501121641,580.17
462.524073490,580.17
462.547539585,580.17
462.570800077,579.67
462.593887799,579.67
462.617243237,579.67
462.640596882,579.67
462.663768733,577.05
462.687060394,577.05
462.710286102,577.05
462.733368768,577.05
462.756785102,579.95
462.780877572,579.95
462.804343314,579.95
462.827695360,579.95
462.851294160,579.95
462.874656157,580.85
462.897660295,580.85
462.920733329,580.85
462.944493219,580.85
462.967636046,580.67
462.990803545,580.67
463.014040709,580.67
463.037541044,580.67
463.060853761,581.15
463.084256367,581.15
463.107935968,581.15
463.131129739,581.15
463.154433144,581.15
463.177530563,577.79
463.200962129,577.79
463.224264413,577.79
463.247355848,577.79
463.270725141,587.41
463.294309317,587.41
463.317920726,587.41
463.341359396,587.41
463.364908851,590.12
463.388014046,590.12
463.411351883,590.12
463.434573495,590.12
463.458051846,590.12
463.482235581,590.09
463.505316167,590.09
463.528545299,590.09
463.551563132,590.09
463.574570086,592.96
463.597615727,592.96
463.620704506,592.96
463.644029831,592.96
463.667185138,592.43
463.690796770,592.43
463.713493192,592.43
463.736546674,592.43
463.759339257,592.43
463.782609765,574.59
463.805817425,574.59
463.829023708,574.59
463.852356713,574.59
463.875247665,557.04
463.898474493,557.04
463.921312037,557.04
463.944483952,557.04
463.968028863,535.78
463.991401741,535.78
464.014761882,535.78
464.037974342,535.78
464.061053520,535.78
464.084217147,520.75
464.107013026,520.75
464.130125741,520.75
464.153336633,520.75
464.177136971,506.48
464.200322998,506.48
464.223351840,506.48
464.246610636,506.48
464.269766647,486.27
464.292681632,486.27
464.315898027,486.27
464.339127991,486.27
464.362360195,486.27
464.385721937,468.38
464.408771963,468.38
464.432289162,468.38
464.456156893,468.38
464.479459658,450.48
464.502931449,450.48
464.526191269,450.48
464.550146937,450.48
464.573394245,430.96
464.597586076,430.96
464.620491620,430.96
464.642860774,430.96
464.665709550,430.96
464.688937082,402.91
464.712447689,402.91
464.735834103,402.91
464.759179876,402.91
464.782181293,418.00
464.805675996,418.00
464.829827123,418.00
464.853592997,418.00
464.877043763,434.65
464.900161022,434.65
464.922913700,434.65
464.946648310,434.65
464.970024388,450.36
464.994470173,450.36
465.017444550,450.36
465.040162573,450.36
465.063876478,450.36
465.087284524,468.50
465.110575033,468.50
465.133785892,468.50
465.156826830,468.50
465.179908376,482.47
465.203864812,482.47
465.227427644,482.47
465.250870219,482.47
465.274660477,501.55
465.297888233,501.55
465.321619227,501.55
465.345222859,501.55
465.368934620,501.55
465.392213577,518.49
465.415571254,518.49
465.438950820,518.49
465.462317169,518.49
465.485663070,535.87
465.509337712,535.87
465.532322201,535.87
465.555453987,535.87
465.578935986,556.26
465.602066525,556.26
465.625382730,556.26
465.648694071,556.26
465.671718528,556.26
465.695019277,587.91
465.718648958,587.91
465.741914858,587.91
465.765944351,587.91
465.788977801,589.97
465.812388535,589.97
465.835803269,589.97
465.859624791,589.97
465.883523435,592.04
465.907004762,592.04
465.930316135,592.04
465.953373809,592.04
465.976193496,592.04
466.000394607,594.83
466.023596923,594.83
466.046564451,594.83
466.069274761,594.83
466.091918734,576.86
466.114406674,576.86
466.136925782,576.86
466.160367460,576.86
466.183807634,550.46
466.207369122,550.46
466.230814288,550.46
466.254393664,550.46
466.277398538,550.46
466.300436211,550.22
466.323462077,550.22
466.346476646,550.22
466.369889428,550.22
466.392893790,550.79
466.415924295,550.79
466.439035762,550.79
466.461834393,550.79
466.484764993,539.64
466.508135023,539.64
466.531418555,539.64
466.554612615,539.64
466.577886867,539.64
466.601053950,524.59
466.624210825,524.59
466.647414773,524.59
466.670601633,524.59
466.693680715,504.37
466.716836214,504.37
466.740495079,504.37
466.763231469,504.37
466.786194582,485.45
466.809564419,485.45
466.833174612,485.45
466.856821156,485.45
466.880512982,485.45
466.904139110,469.55
466.928054938,469.55
466.951729387,469.55
466.975067736,469.55
466.998679528,448.34
467.022407610,448.34
467.045912297,448.34
467.069460473,448.34
467.093183850,450.05
467.116961724,450.05
467.140681774,450.05
467.164494785,450.05
467.188393428,463.07
467.211971396,463.07
467.234884492,463.07
467.257685363,463.07
467.280876767,463.07
467.304731346,427.18
467.328405955,427.18
467.351880850,427.18
467.374929052,427.18
467.398074023,425.98
467.421556917,425.98
467.445120005,425.98
467.468372305,425.98
467.492195300,435.68
467.515337743,435.68
467.538238199,435.68
467.561498243,435.68
467.585046227,435.68
467.607892954,452.06
467.631082470,452.06
467.654282129,452.06
467.677447709,452.06
467.700227619,469.11
467.723418831,469.11
467.746369176,469.11
467.769233119,469.11
467.793074738,484.61
467.816267998,484.61
467.839388776,484.61
467.862894743,484.61
467.885936577,484.61
467.909152973,498.73
467.932474426,498.73
467.955332674,498.73
467.980812487,498.73
468.003978994,517.59
468.028081544,517.59
468.051127570,517.59
468.074117275,517.59
468.097091524,531.60
468.122932654,531.60
468.147036740,531.60
468.170262512,531.60
468.193889633,547.58
468.217354831,547.58
468.240677084,547.58
468.264003465,547.58
468.287258070,547.58
468.310118749,580.09
468.333083462,580.09
468.355602474,580.09
468.379723584,580.09
468.403029261,580.10
468.426500444,580.10
468.449957706,580.10
468.472998740,580.10
468.496432514,579.03
468.519766959,579.03
468.543288990,579.03
468.566769453,579.03
468.589878520,579.03
468.613076323,580.27
468.636864630,580.27
468.660311748,580.27
468.683901140,580.27
468.707225729,582.22
468.730547150,582.22
468.754467074,582.22
468.777946865,582.22
468.801439264,584.27
468.824785357,584.27
468.847829591,584.27
468.871117827,584.27
468.895208217,584.27
468.918660168,587.72
468.942383481,587.72
468.965395331,587.72
468.988923794,587.72
469.011863515,588.42
469.036993276,588.42
469.060036358,588.42
469.083415572,588.42
469.106671072,589.39
469.130156879,589.39
469.153121624,589.39
469.176081185,589.39
469.199271628,589.39
469.222583577,575.27
469.245583362,575.27
469.268255720,575.27
469.291433011,575.27
469.314739008,557.32
469.337845930,557.32
469.361183639,557.32
469.385046507,557.32
469.408020531,541.55
469.432339436,541.55
469.455513367,541.55
469.478452896,541.55
469.501611627,541.55
469.524818999,523.45
469.548250949,523.45
469.571415376,523.45
469.594015061,523.45
469.616352726,493.04
469.639675811,493.04
469.663055377,493.04
469.686229756,493.04
469.709840140,485.73
469.734017667,485.73
469.756642728,485.73
469.779990261,485.73
469.803494021,485.73
469.827120245,484.33
469.850743493,484.33
469.873845040,484.33
469.896899866,484.33
469.920149126,487.06
469.943881272,487.06
469.967440487,487.06
469.990794133,487.06
470.013563963,486.38
470.037071914,486.38
470.060439128,486.38
470.084789585,486.38
470.108587043,487.25
470.131872976,487.25
470.155254141,487.25
470.179016143,487.25
470.202330108,487.25
470.225877292,503.02
470.249396411,503.02
470.272780553,503.02
470.296283992,503.02
470.319756551,518.64
470.343064755,518.64
470.366474529,518.64
470.389448490,518.64
470.412720535,534.21
470.435655487,534.21
470.458828267,534.21
470.481669650,534.21
470.505134465,534.21
470.528295628,553.60
470.551481527,553.60
470.574536033,553.60
470.597574635,553.60
470.620751702,574.31
470.644257733,574.31
470.667586002,574.31
470.690546683,574.31
470.713602085,562.62
470.736734800,562.62
470.759566199,562.62
470.783079750,562.62
470.806302098,562.62
470.828979960,545.07
470.852118658,545.07
470.875378895,545.07
470.898813053,545.07
470.922349356,526.12
470.945591704,526.12
470.968739939,526.12
470.991932175,526.12
471.015016505,506.79
471.038551209,506.79
471.061570002,506.79
471.085979788,506.79
471.109713341,506.79
471.132979690,491.72
471.155860849,491.72
471.179247263,491.72
471.202691118,491.72
471.225915801,474.65
471.249306279,474.65
471.272825494,474.65
471.296217956,474.65
471.320179737,451.26
471.344038924,451.26
471.367727581,451.26
471.391399502,451.26
471.415052287,451.26
471.438335019,438.53
471.461916603,438.53
471.485953232,438.53
471.509296574,438.53
471.532972079,414.28
471.556758721,414.28
471.580135535,414.28
471.603976578,414.28
471.627559858,424.05
471.651110369,424.05
471.674754194,424.05
471.698484836,424.05
471.721719888,442.69
471.744803994,442.69
471.768386666,442.69
471.792013498,442.69
471.815432040,442.69
471.839055417,459.29
471.862121987,459.29
471.885208589,459.29
471.908559482,459.29
471.932051401,476.69
471.955526840,476.69
471.978774948,476.69
472.001571979,476.69
472.024743446,496.58
472.048437832,496.58
472.071557810,496.58
472.095128386,496.58
472.121852150,496.58
472.145974925,514.14
472.170024642,514.14
472.193118924,514.14
472.216755869,514.14
472.240007273,531.71
472.262700335,531.71
472.286219358,531.71
472.310117330,531.71
472.333268125,548.94
472.357259665,548.94
472.380555742,548.94
472.403742409,548.94
472.427005462,569.37
472.450225345,569.37
472.473323084,569.37
472.496493847,569.37
472.519689539,569.37
472.542751789,586.07
472.566074010,586.07
472.589284997,586.07
472.612333839,586.07
472.635504570,573.70
472.658162592,573.70
472.680562594,573.70
472.703322536,573.70
472.726762647,573.70
472.750665034,541.61
472.774178074,541.61
472.797940460,541.61
472.821414426,541.61
472.844854825,542.28
472.868388568,542.28
472.891833575,542.28
472.915389302,542.28
472.938706947,541.65
472.961637324,541.65
472.985078842,541.65
473.008567721,541.65
473.032086680,543.29
473.055679528,543.29
473.078548784,543.29
473.101636346,543.29
473.125162858,543.29
473.148325045,542.82
473.171933733,542.82
473.195490293,542.82
473.219810509,542.82
473.242959256,543.32
473.266340454,543.32
473.289362703,543.32
473.313021632,543.32
473.336299021,543.99
473.359337814,543.99
473.382992295,543.99
473.406257523,543.99
473.429915748,543.99
473.453182865,545.27
473.476264795,545.27
473.499390085,545.27
473.522733715,545.27
473.545845629,544.44
473.569039017,544.44
473.592020210,544.44
473.615224093,544.44
473.638416137,565.19
473.661650005,565.19
473.684860641,565.19
473.707958059,565.19
473.731259544,565.19
473.755098251,578.40
473.778195541,578.40
473.801468833,578.40
473.825221331,578.40
473.848714562,560.82
473.871742220,560.82
473.894892087,560.82
473.918023906,560.82
473.941037995,542.98
473.964668572,542.98
473.988227691,542.98
474.011809755,542.98
474.035262218,542.98
474.058286035,522.26
474.081855971,522.26
474.104958990,522.26
474.129672235,522.26
474.153410044,520.60
474.177087245,520.60
474.200600637,520.60
474.225030742,520.60
474.248621958,519.66
474.274504689,519.66
474.298364932,519.66
474.321887155,519.66
474.345321602,519.31
474.369496568,519.31
474.392783205,519.31
474.416052497,519.31
474.439734147,519.31
474.463599606,520.08
474.487101125,520.08
474.510572820,520.08
474.533962593,520.08
474.557493969,519.25
474.580680028,519.25
474.603568516,519.25
474.626678479,519.25
474.650013660,525.26
474.673433066,525.26
474.697108635,525.26
474.720201413,525.26
474.743263247,544.17
474.766564412,544.17
474.789419395,544.17
474.812674640,544.17
474.835710265,544.17
474.858490304,562.71
474.881566410,562.71
474.904488019,562.71
474.927565629,562.71
474.950714376,565.96
474.974024789,565.96
474.997138175,565.96
475.020186921,565.96
475.043594135,565.96
475.067669965,567.24
475.090504148,567.24
475.113817761,567.24
475.137193582,567.24
475.160043510,553.43
475.183261986,553.43
475.206382476,553.43
475.229919516,553.43
475.253295817,536.66
475.278016519,536.66
475.301738520,536.66
475.324956260,536.66
475.348336658,519.23
475.371974850,519.23
475.395346192,519.23
475.418534427,519.23
475.441838664,519.23
475.465330295,499.64
475.488377633,499.64
475.511321193,499.64
475.534827576,499.64
475.558310855,484.66
475.581817046,484.66
475.605247780,484.66
475.628882197,484.66
475.652575910,463.71
475.676377977,463.71
475.700075082,463.71
475.723655386,463.71
475.747468173,463.71
475.770958428,442.82
475.794816399,442.82
475.817886713,442.82
475.840532798,442.82
475.864060301,408.99
475.887963681,408.99
475.911659634,408.99
475.935799497,408.99
475.959477850,415.13
475.983103018,415.13
476.006570073,415.13
476.030527981,415.13
476.053947835,432.06
476.077088614,432.06
476.100813144,432.06
476.124728524,432.06
476.148291483,432.06
476.171968365,448.40
476.195502780,448.40
476.218495077,448.40
476.241750001,448.40
476.265089054,464.84
476.288467692,464.84
476.312198462,464.84
476.335357993,464.84
476.359170555,483.52
476.383135568,483.52
476.406621535,483.52
476.430203375,483.52
476.453740606,483.52
476.476866857,501.45
476.500399416,501.45
476.523653892,501.45
476.547361558,501.45
476.571044903,516.85
476.594332084,516.85
476.617735970,516.85
476.641071663,516.85
476.664444476,539.75
476.688057965,539.75
476.711391258,539.75
476.734864584,539.75
476.758128885,562.83
476.781455906,562.83
476.804508588,562.83
476.827552501,562.83
476.850612063,562.83
476.873848203,588.80
476.897358010,588.80
476.920473541,588.80
476.943732177,588.80
476.966957821,586.18
476.989898182,586.18
477.013042193,586.18
477.035758807,586.18
477.059015363,586.18
477.081633640,584.51
477.104174284,584.51
477.128330946,584.51
477.150799749,584.51
477.173711822,542.15
477.197357918,542.15
477.220545130,542.15
477.244106777,542.15
477.267126787,541.51
477.291012022,541.51
477.314279811,541.51
477.337400301,541.51
477.360411479,541.51
477.383507105,536.51
477.406809646,536.51
477.429758807,536.51
477.453797708,536.51
477.477283227,518.16
477.500672712,518.16
477.524042902,518.16
477.547821832,518.16
477.571096469,498.82
477.594677701,498.82
477.617972049,498.82
477.641717411,498.82
477.665031504,481.72
477.689062533,481.72
477.712232112,481.72
477.734915350,481.72
477.757752829,481.72
477.781007402,442.09
477.804371991,442.09
477.827974599,442.09
477.851611192,442.09
477.875301289,443.68
477.898862169,443.68
477.922096197,443.68
477.945358193,443.68
477.968409339,452.62
477.991698343,452.62
478.014536815,452.62
478.037911196,452.62
478.061722831,452.62
478.084995291,451.85
478.108518795,451.85
478.132033946,451.85
478.155266662,451.85
478.178541554,485.19
478.201635709,485.19
478.224893961,485.19
478.247766449,485.19
478.271277248,494.49
478.295129171,494.49
478.318587297,494.49
478.341838638,494.49
478.365658336,494.49
478.388612329,494.26
478.415209948,494.26
478.438660490,494.26
478.462115161,494.26
478.485263204,510.73
478.508478863,510.73
478.532315010,510.73
478.556097909,510.73
478.579403585,527.29
478.603330581,527.29
478.626561377,527.29
478.649837294,527.29
478.673391581,543.31
478.696600521,543.31
478.719579762,543.31
478.742919999,543.31
478.766493551,543.31
478.790033311,576.81
478.813367020,576.81
478.836914779,576.81
478.860544492,576.81
478.883967034,586.34
478.907464169,586.34
478.930878487,586.34
478.954095459,586.34
478.977344111,587.67
479.000729405,587.67
479.024190091,587.67
479.047770363,587.67
479.071354891,587.67
479.095044892,589.66
479.118304585,589.66
479.141543573,589.66
479.165567082,589.66
479.188507986,593.97
479.211543420,593.97
479.234641670,593.97
479.258076693,593.97
479.281452066,592.58
479.304655630,592.58
479.328182365,592.58
479.351364424,592.58
479.374501683,592.58
479.397700447,596.02
479.421254927,596.02
479.444227319,596.02
479.469515931,596.02
479.492915913,596.15
479.516164821,596.15
479.539184927,596.15
479.562425835,596.15
479.585640694,597.55
479.609122437,597.55
479.632412274,597.55
479.655223833,597.55
479.678669223,597.55
479.702677564,580.94
479.725854471,580.94
479.748891377,580.94
479.772016988,580.94
479.795220071,564.22
479.818238673,564.22
479.841622527,564.22
479.864964716,564.22
479.887821907,547.55
479.911518021,547.55
479.934576495,547.55
479.957687801,547.55
479.980908805,547.55
480.004784216,530.58
480.027816194,530.58
480.050924204,530.58
480.074352379,530.58
480.097573702,516.55
480.123114413,516.55
480.145911956,516.55
480.169205281,516.55
480.192272395,499.21
480.215378901,499.21
480.238796995,499.21
480.262003183,499.21
480.284991256,483.00
480.308367334,483.00
480.331462928,483.00
480.354596283,483.00
480.378079402,483.00
480.401455255,466.08
480.424776676,466.08
480.448158354,466.08
480.472081670,466.08
480.495393651,448.91
480.522841999,448.91
480.546165884,448.91
480.569592522,448.91
480.593264891,426.20
480.616833995,426.20
480.639806548,426.20
480.663480101,426.20
480.686915379,435.34
480.711444046,435.34
480.734871740,435.34
480.758858481,435.34
480.782336704,435.34
480.805849679,451.97
480.829762947,451.97
480.853375155,451.97
480.876683648,451.97
480.899716490,467.23
480.923123191,467.23
480.946560422,467.23
480.969995700,467.23
480.993335489,477.02
481.017100083,477.02
481.040520481,477.02
481.064034513,477.02
481.088054438,477.02
481.111272305,489.74
481.134337147,489.74
481.157471110,489.74
481.181511132,489.74
481.204948458,503.43
481.228599867,503.43
481.252284876,503.43
481.275581912,503.43
481.298922182,520.64
481.322535318,520.64
481.345474686,520.64
481.368599785,520.64
481.391937686,520.64
481.416611187,535.03
481.440236067,535.03
481.463374062,535.03
481.487230977,535.03
481.510576975,548.96
481.534058685,548.96
481.557076231,548.96
481.580934906,548.96
481.605956603,574.66
481.629188167,574.66
481.653032794,574.66
481.677442995,574.66
481.700743392,580.07
481.725377084,580.07
481.748658472,580.07
481.771835092,580.07
481.794947230,580.07
481.819238070,582.18
481.842791526,582.18
481.866169204,582.18
481.889238398,582.18
481.912783469,583.20
481.936004953,583.20
481.959462664,583.20
481.982945174,583.20
482.006579783,593.18
482.029785715,593.18
482.053021023,593.18
482.076289835,593.18
482.099717945,595.47
482.124124275,595.47
482.147404863,595.47
482.170758348,595.47
482.194220699,595.47
482.217440839,586.35
482.240833525,586.35
482.264059873,586.35
482.288099670,586.35
482.311243841,571.65
482.334720591,571.65
482.358228031,571.65
482.381424714,571.65
482.404772887,567.06
482.428177925,567.06
482.451999288,567.06
482.475175875,567.06
482.498951605,567.06
482.522382404,568.86
482.545901971,568.86
482.569582980,568.86
482.593392151,568.86
482.622692553,568.12
482.645633713,568.12
482.669096480,568.12
482.692546510,568.12
482.715948668,571.59
482.739271465,571.59
482.762993467,571.59
482.786461641,571.59
482.810005817,569.94
482.833733899,569.94
482.856965750,569.94
482.880068161,569.94
482.903509935,569.94
482.926589145,571.05
482.950289323,571.05
482.973532183,571.05
482.997263049,571.05
483.020841048,571.03
483.044246950,571.03
483.067528883,571.03
483.091504647,571.03
483.114571793,570.35
483.137831870,570.35
483.160773446,570.35
483.184104243,570.35
483.207268703,570.35
483.231459061,580.03
483.254655873,580.03
483.277856781,580.03
483.301164857,580.03
483.324451046,581.53
483.347690450,581.53
483.370861981,581.53
483.393920007,581.53
483.417237300,572.19
483.440448096,572.19
483.463435113,572.19
483.486798006,572.19
483.510159428,554.62
483.534367003,554.62
483.557454501,554.62
483.580600528,554.62
483.603810556,554.62
483.626948743,535.61
483.650192979,535.61
483.673585057,535.61
483.696806604,535.61
483.720050712,517.41
483.743327301,517.41
483.766641682,517.41
483.789850525,517.41
483.813142026,497.80
483.836777019,497.80
483.860022631,497.80
483.882865710,497.80
483.906239996,497.80
483.929544840,482.75
483.953109848,482.75
483.976373701,482.75
484.000079958,482.75
484.023778375,463.75
484.046793809,463.75
484.069999356,463.75
484.092971237,463.75
484.116373843,441.47
484.139239547,441.47
484.162585448,441.47
484.185920085,441.47
484.209097249,441.47
484.232410157,423.60
484.255762491,423.60
484.279137032,423.60
484.302467765,423.60
484.326098022,435.46
484.349783511,435.46
484.372724704,435.46
484.396247055,435.46
484.419901760,457.46
484.443187244,457.46
484.466878461,457.46
484.490038665,457.46
484.513058386,457.46
484.536085340,476.29
484.559535754,476.29
484.582705973,476.29
484.606248229,476.29
484.629396560,494.48
484.652791614,494.48
484.676075050,494.48
484.699109300,494.48
484.722492353,512.07
484.745303529,512.07
484.768326834,512.07
484.791325179,512.07
484.814670153,512.07
484.838034806,519.96
484.861328003,519.96
484.884745201,519.96
484.908224831,519.96
484.931233577,519.61
484.954549462,519.61
484.977998212,519.61
485.001327025,519.61
485.024837888,522.32
485.048273039,522.32
485.071427162,522.32
485.094731750,522.32
485.117924434,522.32
485.141404513,523.68
485.164859023,523.68
485.188050203,523.68
485.210813569,523.68
485.233160771,501.74
485.255778632,501.74
485.279197526,501.74
485.302380129,501.74
485.325926449,488.27
485.349236574,488.27
485.372874222,488.27
485.396068506,488.27
485.419667370,488.27
485.443149465,490.64
485.466454022,490.64
485.490053686,490.64
485.513425795,490.64
485.536607279,490.37
485.560237631,490.37
485.583730574,490.37
485.607339038,490.37
485.630749740,489.70
485.654438494,489.70
485.678066190,489.70
485.701584861,489.70
485.724756777,489.70
485.748375641,486.05
485.771431747,486.05
485.794638286,486.05
485.818144382,486.05
485.841641261,495.21
485.865154652,495.21
485.888463081,495.21
485.912013560,495.21
485.935627689,514.97
485.959116023,514.97
485.982180001,514.97
486.005491982,514.97
486.028966365,533.46
486.052922961,533.46
486.076119549,533.46
486.099321096,533.46
486.123552832,533.46
486.147031183,551.33
486.170320635,551.33
486.193420326,551.33
486.216718034,551.33
486.240005983,579.23
486.263180938,579.23
486.286263828,579.23
486.309411359,579.23
486.332715148,592.33
486.355774294,592.33
486.379104195,592.33
486.402511313,592.33
486.425776157,592.33
486.448908840,575.02
486.472553529,575.02
486.496050504,575.02
486.519608408,575.02
486.542952709,556.70
486.566401363,556.70
486.590015812,556.70
486.613607732,556.70
486.636768127,535.64
486.660047467,535.64
486.683749725,535.64
486.707203787,535.64
486.730304341,535.64
486.752900090,515.11
486.775279612,515.11
486.798061987,515.11
486.822591166,515.11
486.845821002,485.46
486.869463802,485.46
486.892966185,485.46
486.916369239,485.46
486.940183850,480.95
486.964813478,480.95
486.988078546,480.95
487.011586977,480.95
487.034843342,480.95
487.057964728,482.64
487.081219077,482.64
487.104597042,482.64
487.130487293,482.64
487.153961611,480.25
487.176825843,480.25
487.199866141,480.25
487.223454157,480.25
487.246652248,482.15
487.270253577,482.15
487.293420788,482.15
487.316742721,482.15
487.340904791,492.89
487.364375942,492.89
487.387926806,492.89
487.411275043,492.89
487.434402350,492.89
487.457708186,509.84
487.481243338,509.84
487.504615672,509.84
487.528488107,509.84
487.551602549,528.55
487.574832641,528.55
487.598027021,528.55
487.621263257,528.55
487.644804616,546.38
487.668297335,546.38
487.691534371,546.38
487.714660558,546.38
487.737835865,546.38
487.760606016,577.46
487.783744875,577.46
487.807043543,577.46
487.830340996,577.46
487.853769618,588.01
487.876944094,588.01
487.900204362,588.01
487.923776698,588.01
487.946699714,571.51
487.969627018,571.51
487.992768277,571.51
488.015606941,571.51
488.038476420,571.51
488.061830514,553.98
488.084958205,553.98
488.107924741,553.98
488.131162705,553.98
488.154277404,537.67
488.177301606,537.67
488.200393872,537.67
488.223428121,537.67
488.246947945,519.31
488.270161204,519.31
488.293120093,519.31
488.316146567,519.31
488.339822776,519.31
488.363094404,504.64
488.386149294,504.64
488.409432987,504.64
488.433043499,504.64
488.456277431,487.85
488.479313249,487.85
488.502727727,487.85
488.525947578,487.85
488.549077381,469.72
488.572815735,469.72
488.596254661,469.72
488.619548882,469.72
488.642748350,469.72
488.666096491,449.78
488.689570490,449.78
488.712736101,449.78
488.735948400,449.78
488.759758755,435.76
488.783230546,435.76
488.806064793,435.76
488.828885184,435.76
488.852556881,424.13
488.875489914,424.13
488.898377794,424.13
488.922770843,424.13
488.946105096,424.13
488.969470070,425.54
488.992572224,425.54
489.016026094,425.54
489.039304635,425.54
489.062487238,425.55
489.085701074,425.55
489.108669467,425.55
489.132152266,425.55
489.155654169,425.93
489.179029670,425.93
489.202213682,425.93
489.225269340,425.93
489.248562408,425.93
489.271823637,429.04
489.295280227,429.04
489.318843731,429.04
489.341846940,429.04
489.364687844,422.98
489.388938075,422.98
489.412476651,422.98
489.435853176,422.98
489.459687755,427.11
489.482892087,427.11
489.506237860,427.11
489.529469424,427.11
489.553463621,427.11
489.577177910,446.12
489.601007177,446.12
489.624642874,446.12
489.648454764,446.12
489.672080989,467.27
489.695694157,467.27
489.719148411,467.27
489.742794060,467.27
489.766691296,482.79
489.790578163,482.79
489.814287749,482.79
489.837585777,482.79
489.861139489,499.78
489.884889011,499.78
489.908394850,499.78
489.931883601,499.78
489.955287487,499.78
489.978959312,519.46
490.002203260,519.46
490.025655242,519.46
490.049481789,519.46
490.072791786,535.16
490.095993462,535.16
490.122390502,535.16
490.145773428,535.16
490.169316995,551.76
490.192846707,551.76
490.215671194,551.76
490.238741156,551.76
490.261837678,568.44
490.285520575,568.44
490.308645226,568.44
490.331946167,568.44
490.355118786,568.44
490.378205740,585.85
490.401528057,585.85
490.424678660,585.85
490.447878192,585.85
490.470899353,576.73
490.494187686,576.73
490.517491827,576.73
490.540775455,576.73
490.564189261,558.87
490.588175746,558.87
490.611495055,558.87
490.634491064,558.87
490.657739268,558.87
490.680941712,546.09
490.704246301,546.09
490.727692427,546.09
490.750856630,546.09
490.773511003,519.99
490.796948330,519.99
490.820511001,519.99
490.843641284,519.99
490.867167636,509.41
490.890609602,509.41
490.914029872,509.41
490.937345501,509.41
490.960709066,509.41
490.984018551,511.77
491.013186184,511.77
491.036659094,511.77
491.060239366,511.77
491.083555539,509.77
491.107316549,509.77
491.130532849,509.77
491.153558202,509.77
491.176711781,510.63
491.200103923,510.63
491.223734948,510.63
491.246869135,510.63
491.270356797,513.19
491.293871725,513.19
491.317265114,513.19
491.340525735,513.19
491.364140535,513.19
491.387010687,515.97
491.410485486,515.97
491.433670489,515.97
491.457040678,515.97
491.480866073,539.68
491.504118629,539.68
491.527479827,539.68
491.551503688,539.68
491.574973463,555.02
491.598645608,555.02
491.622148791,555.02
491.645283393,555.02
491.668386732,555.02
491.691177811,570.04
491.714398142,570.04
491.737490473,570.04
491.760614260,570.04
491.783660125,588.15
491.806796488,588.15
491.829979539,588.15
491.853091358,588.15
491.876160520,585.60
491.899335219,585.60
491.922232027,585.60
491.945449191,585.60
491.968783476,585.60
491.992100225,566.90
492.015272748,566.90
492.038497368,566.90
492.062372524,566.90
492.085482998,547.94
492.109043110,547.94
492.132970522,547.94
492.155960611,547.94
492.179218287,526.14
492.202390106,526.14
492.225748616,526.14
492.249075317,526.14
492.272426466,526.14
492.295363787,500.26
492.318625751,500.26
492.342023941,500.26
492.365344050,500.26
492.388450652,486.84
492.411642632,486.84
492.435035605,486.84
492.458180384,486.84
492.481600015,469.08
492.504733241,469.08
492.528133415,469.08
492.550556490,469.08
492.574027256,469.08
492.597382246,449.56
492.620634322,449.56
492.643960991,449.56
492.667183147,449.56
492.690627353,439.23
492.713780548,439.23
492.737157906,439.23
492.760557568,439.23
492.784016366,442.26
492.807719936,442.26
492.831065133,442.26
492.854556540,442.26
492.878272493,442.26
492.901575034,463.59
492.924971272,463.59
492.948448055,463.59
492.972193128,463.59
492.996236702,483.10
493.019715085,483.10
493.043525631,483.10
493.067414515,483.10
493.090901090,502.25
493.123861438,502.25
493.147035337,502.25
493.170319381,502.25
493.193822692,521.45
493.217244275,521.45
493.240808770,521.45
493.264326354,521.45
493.287969570,542.52
493.311581267,542.52
493.335077762,542.52
493.358234381,542.52
493.381997183,542.52
493.405050953,560.82
493.428124339,560.82
493.450934042,560.82
493.473955939,560.82
493.497088558,572.20
493.520025238,572.20
493.543223586,572.20
493.566112010,572.20
493.589417527,583.24
493.612674755,583.24
493.635711533,583.24
493.658782967,583.24
493.681868033,583.24
493.704807178,572.88
493.727722962,572.88
493.750740635,572.88
493.773606339,572.88
493.796429866,554.28
493.819568725,554.28
493.842307739,554.28
493.865304453,554.28
493.888923157,532.04
493.912865737,532.04
493.936006388,532.04
493.959066334,532.04
493.982710895,532.04
494.006000827,511.74
494.029214311,511.74
494.052069935,511.74
494.075303258,511.74
494.098445829,492.52
494.123357093,492.52
494.146222796,492.52
494.169502553,492.52
494.192687908,473.13
494.215937168,473.13
494.238926362,473.13
494.261909027,473.13
494.285087470,473.13
494.308065495,451.62
494.331323011,451.62
494.354753713,451.62
494.378132159,451.62
494.401007591,433.45
494.424357172,433.45
494.447711649,433.45
494.470927661,433.45
494.494426012,419.58
494.517867979,419.58
494.541031702,419.58
494.563750492,419.58
494.586654564,419.58
494.609086023,394.95
494.632484020,394.95
494.655678880,394.95
494.679414994,394.95
494.702918593,397.26
494.726222509,397.26
494.749948927,397.26
494.773767314,397.26
494.797246657,411.42
494.820731759,411.42
494.843931419,411.42
494.866673985,411.42
494.889838444,411.42
494.913514397,430.52
494.936946380,430.52
494.960382010,430.52
494.983823144,430.52
495.007571546,447.09
495.031021481,447.09
495.054581080,447.09
495.077915397,447.09
495.100994256,464.10
495.124296892,464.10
495.147648234,464.10
495.170917558,464.10
495.194710952,464.10
495.224270429,478.15
495.248105264,478.15
495.271338300,478.15
495.294870924,478.15
495.318408187,495.55
495.341872778,495.55
495.365050677,495.55
495.388517572,495.55
495.411831760,511.02
495.435399072,511.02
495.458634380,511.02
495.482189020,511.02
495.505818636,524.83
495.529347324,524.83
495.552677193,524.83
495.575595089,524.83
495.599164897,524.83
495.622527598,561.54
495.646009565,561.54
495.669476364,561.54
495.693108604,561.54
495.716547819,577.50
495.739997721,577.50
495.763516456,577.50
495.786923350,577.50
495.810427749,582.13
495.833681426,582.13
495.856945726,582.13
495.880234314,582.13
495.903855259,582.13
495.927369514,584.55
495.951047099,584.55
495.975011440,584.55
495.998411165,584.55
496.021802955,589.97
496.045429948,589.97
496.068683240,589.97
496.091741106,589.97
496.114750555,595.98
496.138695535,595.98
496.161821978,595.98
496.184895300,595.98
496.208264882,595.98
496.232395496,598.74
496.255412209,598.74
496.278637181,598.74
496.301469893,598.74
496.324094409,586.01
496.346578125,586.01
496.369322451,586.01
496.393768461,586.01
496.417037657,558.84
496.441166160,558.84
496.464669343,558.84
496.487774953,558.84
496.510653329,558.84
496.535134987,558.40
496.558076148,558.40
496.581351488,558.40
496.604633069,558.40
496.627856473,560.89
496.650922946,560.89
496.674175887,560.89
496.697603837,560.89
496.720645799,540.60
496.743820818,540.60
496.767165311,540.60
496.790406283,540.60
496.813589014,540.60
496.837722157,522.66
496.860887256,522.66
496.883790176,522.66
496.906896747,522.66
496.929849779,500.23
496.953464996,500.23
496.976954259,500.23
497.000320032,500.23
497.023495211,480.71
497.047083675,480.71
497.070056324,480.71
497.093346129,480.71
497.116324058,480.71
497.140458160,455.51
497.163641596,455.51
497.187284908,455.51
497.210572441,455.51
497.233715588,435.41
497.256768910,435.41
497.279883576,435.41
497.303404359,435.41
497.326746869,442.41
497.350029761,442.41
497.373323886,442.41
497.396408632,442.41
497.419859174,444.83
497.443580952,444.83
497.466703843,444.83
497.489590667,444.83
497.512677365,444.83
497.535715423,425.40
497.558967787,425.40
497.581903443,425.40
497.605228320,425.40
497.628379883,402.35
497.651709560,402.35
497.675209191,402.35
497.698770263,402.35
497.721697984,402.35
497.744763466,396.66
497.767210220,396.66
497.789716624,396.66
497.812347061,396.66
497.834750231,370.39
497.857345596,370.39
497.879827967,370.39
497.902368451,370.39
497.924729477,345.20
497.947932081,345.20
497.971024155,345.20
497.994315272,345.20
498.017742806,345.20
498.040544093,351.27
498.063660807,351.27
498.086514127,351.27
498.109935293,351.27
498.134306102,364.01
498.157698308,364.01
498.180643660,364.01
498.203641718,364.01
498.226926978,371.16
498.250101293,371.16
498.273038614,371.16
498.296511237,371.16
498.320599931,371.16
498.343964744,387.14
498.368864615,387.14
498.392429079,387.14
498.416431756,387.14
498.439819226,403.18
498.463061126,403.18
498.486076687,403.18
498.509607358,403.18
498.533506226,421.53
498.557744586,421.53
498.581095767,421.53
498.604433444,421.53
498.627358380,421.53
498.651502947,439.01
498.674826768,439.01
498.697756856,439.01
498.720852099,439.01
498.744004142,456.13
498.767612926,456.13
498.790828938,456.13
498.814162743,456.13
498.837682310,504.45
498.860674287,504.45
498.884042301,504.45
498.907037542,504.45
498.930536789,541.15
498.954519817,541.15
498.977624244,541.15
499.001413862,541.15
499.024808116,541.15
499.048346948,561.44
499.072095445,561.44
499.095141407,561.44
499.118556909,561.44
499.141710072,570.46
499.165129350,570.46
499.188214993,570.46
499.211267546,570.46
499.235232815,581.03
499.258558012,581.03
499.281950698,581.03
499.305496089,581.03
499.328691461,581.03
499.352042226,585.35
499.375366591,585.35
499.398692876,585.35
499.422499871,585.35
499.445538088,586.20
499.468497105,586.20
499.491479162,586.20
499.514718534,586.20
499.537772272,586.41
499.560959099,586.41
499.584146407,586.41
499.607285330,586.41
499.630353180,586.41
499.653178211,585.68
499.676208493,585.68
499.698798449,585.68
499.721355861,585.68
499.744405055,547.11
499.767346856,547.11
499.790158799,547.11
499.813096151,547.11
499.835943935,547.11
499.858951272,547.09
499.882313333,547.09
499.905463968,547.09
499.928813358,547.09
499.952071194,530.74
499.975074595,530.74
499.998199790,530.74
500.021827966,530.74
500.044670854,510.54
500.068816188,510.54
500.091952935,510.54
500.115238676,510.54
500.138569601,510.54
500.161754252,493.86
500.185126938,493.86
500.208554056,493.86
500.231855413,493.86
500.255055840,471.25
500.278113610,471.25
500.301415127,471.25
500.324995975,471.25
500.348186674,453.28
500.371630721,453.28
500.394432520,453.28
500.417622131,453.28
500.441016929,453.28
500.465646237,435.07
500.488531173,435.07
500.512238326,435.07
500.535664356,435.07
500.558997746,421.35
500.582238782,421.35
500.605153862,421.35
500.628001261,421.35
500.651284090,406.83
500.674806153,406.83
500.697954484,406.83
500.721031166,406.83
500.744239498,406.83
500.768696708,426.99
500.791835599,426.99
500.814746743,426.99
500.837724384,426.99
500.860568199,409.27
500.883935029,409.27
500.907030111,409.27
500.930355948,409.27
500.953563544,403.94
500.976794212,403.94
500.999914446,403.94
501.022850263,403.94
501.045989794,403.94
501.070119544,403.74
501.093327684,403.74
501.116601840,403.74
501.140361954,403.74
501.163747632,406.83
501.186904955,406.83
501.210162311,406.83
501.233461460,406.83
501.256725440,411.08
501.280070222,411.08
501.303229561,411.08
501.325771773,411.08
501.348313537,411.08
501.371062055,394.39
501.394497237,394.39
501.417647424,394.39
501.440605161,394.39
501.464118808,406.49
501.487257827,406.49
501.516085903,406.49
501.539360668,406.49
501.563143918,422.77
501.587093410,422.77
501.610407311,422.77
501.633608219,422.77
501.656811270,440.99
501.681130335,440.99
501.704787024,440.99
501.728229598,440.99
501.751640780,440.99
501.775996069,460.72
501.799429875,460.72
501.823097156,460.72
501.846991192,460.72
501.870368133,479.88
501.893737683,479.88
501.916843709,479.88
501.940383533,479.88
501.963715098,501.94
501.987073863,501.94
502.010675671,501.94
502.034241287,501.94
502.057506260,520.96
502.081324966,520.96
502.104586930,520.96
502.129853366,520.96
502.153479366,520.96
502.176839572,535.74
502.200366851,535.74
502.224015348,535.74
502.247120062,535.74
502.269990310,553.12
502.293356244,553.12
502.316547263,553.12
502.340313905,553.12
502.363836224,589.15
502.387033516,589.15
502.409777778,589.15
502.432499896,589.15
502.455296031,589.15
502.478301992,589.02
502.501295826,589.02
502.523794901,589.02
502.546146071,589.02
502.569103808,553.21
502.591887750,553.21
502.615368757,553.21
502.638925381,553.21
502.662235602,547.66
502.685799842,547.66
502.708937900,547.66
502.732033463,547.66
502.755661095,547.66
502.779093813,546.44
502.802780455,546.44
502.826017331,546.44
502.849363520,546.44
502.872782798,546.63
502.896372414,546.63
502.919651658,546.63
502.943280987,546.63
502.966512519,544.51
502.989533264,544.51
503.012925054,544.51
503.036235947,544.51
503.059794235,544.51
503.083014150,547.56
503.106397204,547.56
503.130208807,547.56
503.153487123,547.56
503.176775296,547.54
503.200561778,547.54
503.223470042,547.54
503.247375918,547.54
503.270458040,547.82
503.293854214,547.82
503.317259508,547.82
503.340273693,547.82
503.363235366,547.82
503.387440285,548.32
503.410529544,548.32
503.433641106,548.32
503.456685340,548.32
503.480199531,557.66
503.503461943,557.66
503.526535201,557.66
503.549895407,557.66
503.573096058,568.56
503.596527849,568.56
503.622417427,568.56
503.645403516,568.56
503.668429766,568.56
503.691118092,565.72
503.714164949,565.72
503.737422818,565.72
503.760668974,565.72
503.783751736,545.80
503.806913859,545.80
503.829946701,545.80
503.853892577,545.80
503.876932811,526.24
503.900061173,526.24
503.922763131,526.24
503.945932070,526.24
503.969550935,526.24
503.993183719,506.66
504.016152592,506.66
504.038863478,506.66
504.062253124,506.66
504.085205357,484.30
504.107976531,484.30
504.131266624,484.30
504.154478955,484.30
504.177977306,464.49
504.201428713,464.49
504.224453906,464.49
504.247674206,464.49
504.270747016,464.49
504.294770077,444.69
504.318027882,444.69
504.341161588,444.69
504.364488609,444.69
504.387589644,427.08
504.410630742,427.08
504.433680607,427.08
504.457261359,427.08
504.480762526,414.62
504.504158188,414.62
504.527272663,414.62
504.550619876,414.62
504.573291625,414.62
504.597362367,407.04
504.620870990,407.04
504.643862263,407.04
504.669619872,407.04
504.692979694,414.07
504.716776576,414.07
504.740039021,414.07
504.763719230,414.07
504.787265677,434.10
504.810480633,434.10
504.834532686,434.10
504.857763130,434.10
504.881100807,452.58
504.904500917,452.58
504.927490398,452.58
504.950573225,452.58
504.973817525,452.58
504.997126753,477.60
505.020592048,477.60
505.043844380,477.60
505.067617166,477.60
505.091342464,497.62
505.114794862,497.62
505.138284445,497.62
505.162093584,497.62
505.185133274,519.18
505.208845995,519.18
505.232345306,519.18
505.255523493,519.18
505.279358904,519.18
505.303118442,540.00
505.326630490,540.00
505.350578766,540.00
505.374164798,540.00
505.397684045,554.20
505.421000506,554.20
505.444161605,554.20
505.467034189,554.20
505.489773011,568.82
505.512884062,568.82
505.536029929,568.82
505.559056882,568.82
505.582094588,568.82
505.605910510,589.16
505.628862551,589.16
505.651799392,589.16
505.674750344,589.16
505.697753874,578.20
505.722766834,578.20
505.745904413,578.20
505.769294603,578.20
505.792314484,559.25
505.815517600,559.25
505.838392104,559.25
505.861446673,559.25
505.884697118,538.66
505.908543281,538.66
505.931570522,538.66
505.954761222,538.66
505.977846448,538.66
506.000905402,520.94
506.024404201,520.94
506.047660693,520.94
506.070827840,520.94
506.093781449,500.20
506.117090966,500.20
506.140398530,500.20
506.163121545,500.20
506.186433013,500.20
506.210343401,478.27
506.233722327,478.27
506.256872034,478.27
506.279832011,478.27
506.302953301,457.80
506.326231554,457.80
506.349556527,457.80
506.372916188,457.80
506.395732163,437.80
506.418881486,437.80
506.442042585,437.80
506.464862208,437.80
506.487936331,437.80
506.511073621,424.08
506.533541817,424.08
506.555938555,424.08
506.578306173,424.08
506.600902497,384.92
506.623508070,384.92
506.645883592,384.92
506.668234858,384.92
506.690693485,360.23
506.714461823,360.23
506.737027715,360.23
506.762571018,360.23
506.786189466,360.23
506.809381126,353.35
506.832316814,353.35
506.855191350,353.35
506.878306497,353.35
506.901725679,361.85
506.924896890,361.85
506.948128166,361.85
506.971065614,361.85
506.994312794,369.80
507.017389541,369.80
507.040492783,369.80
507.063596665,369.80
507.087210826,369.80
507.111491138,384.06
507.134759374,384.06
507.158261917,384.06
507.181397640,384.06
507.204613012,400.34
507.227684862,400.34
507.250659559,400.34
507.273538383,400.34
507.296868988,417.05
507.320511724,417.05
507.343875162,417.05
507.367237831,417.05
507.390830679,417.05
507.413729471,434.66
507.436783945,434.66
507.460289432,434.66
507.483414243,434.66
507.506227850,448.00
507.529708569,448.00
507.553566796,448.00
507.576958746,448.00
507.600180902,489.35
507.623910519,489.35
507.647074595,489.35
507.670263694,489.35
507.693903103,489.35
507.716945608,530.10
507.740010930,530.10
507.763000956,530.10
507.786860559,530.10
507.815175669,557.97
507.838515330,557.97
507.862255604,557.97
507.885602018,557.97
507.908863118,566.46
507.932159930,566.46
507.955221988,566.46
507.978426608,566.46
508.001503002,579.77
508.025179147,579.77
508.048550521,579.77
508.071822693,579.77
508.095217747,579.77
508.118247484,582.73
508.141648170,582.73
508.164802261,582.73
508.187978561,582.73
508.210956906,583.99
508.234082740,583.99
508.257099294,583.99
508.280172328,583.99
508.302899726,584.24
508.326495902,584.24
508.349361542,584.24
508.372022475,584.24
508.395030997,584.24
508.417959645,584.20
508.440698435,584.20
508.463996784,584.20
508.486713526,584.20
508.509287418,544.92
508.533906166,544.92
508.556775902,544.92
508.579618501,544.92
508.602549198,544.92
508.625631992,543.46
508.648604481,543.46
508.671548522,543.46
508.695298043,543.46
508.718490439,532.71
508.741733587,532.71
508.764786109,532.71
508.787689925,532.71
508.810967793,511.02
508.834067516,511.02
508.857213031,511.02
508.880072942,511.02
508.903486236,511.02
508.926492102,492.19
508.949326061,492.19
508.972237941,492.19
508.995425473,492.19
509.018313129,475.29
509.041548341,475.29
509.064666335,475.29
509.087269668,475.29
509.110034667,452.55
509.133266102,452.55
509.156355873,452.55
509.179283561,452.55
509.202760504,452.55
509.225947107,435.61
509.249310385,435.61
509.272498556,435.61
509.295600903,435.61
509.318965652,419.69
509.342450147,419.69
509.365642190,419.69
509.388800889,419.69
509.412032677,402.08
509.435361906,402.08
509.458496861,402.08
509.481682985,402.08
509.505234360,402.08
509.528490212,415.75
509.551688656,415.75
509.574694137,415.75
509.598219369,415.75
509.621416212,407.39
509.644711873,407.39
509.667629897,407.39
509.690536881,407.39
509.713740189,400.23
509.737291948,400.23
509.760509720,400.23
509.783663011,400.23
509.807032753,400.23
509.830127291,402.88
509.853330887,402.88
509.876651924,402.88
509.899796479,402.88
509.923249101,406.35
509.946570490,406.35
509.970044521,406.35
509.993351830,406.35
510.016516737,405.11
510.038992036,405.11
510.061250469,405.11
510.084301326,405.11
510.107855358,405.11
510.130957609,394.11
510.154181300,394.11
510.178200553,394.11
510.201455414,394.11
510.225071846,412.57
510.248879256,412.57
510.272100292,412.57
510.295444273,412.57
510.318689086,433.20
510.341694439,433.20
510.364746609,433.20
510.387927132,433.20
510.411522956,433.20
510.434725400,455.30
510.458136390,455.30
510.481865847,455.30
510.505212581,455.30
510.528829269,475.38
510.552475014,475.38
510.575636337,475.38
510.598856413,475.38
510.622127561,495.14
510.645492502,495.14
510.668955685,495.14
510.692604342,495.14
510.715798273,495.14
510.739133358,513.04
510.762521500,513.04
510.785760456,513.04
510.809284695,513.04
510.832319009,533.42
510.855447052,533.42
510.878834426,533.42
510.902029317,533.42
510.925744055,548.41
510.948921602,548.41
510.971706441,548.41
510.994507440,548.41
511.017461336,548.41
511.040282399,568.49
511.063340905,568.49
511.086350675,568.49
511.109627839,568.49
511.133064942,588.17
511.156367130,588.17
511.179592006,588.17
511.202826450,588.17
511.225942781,570.63
511.249150728,570.63
511.272133009,570.63
511.295273756,570.63
511.318640874,570.63
511.341567794,552.65
511.365016096,552.65
511.388261805,552.65
511.411813436,552.65
511.435324491,533.18
511.458680089,533.18
511.481936965,533.18
511.505079248,533.18
511.528260923,515.85
511.551802091,515.85
511.575120056,515.85
511.598536134,515.85
511.621898803,515.85
511.645095775,504.71
511.668072968,504.71
511.691301811,504.71
511.713841623,504.71
511.737135716,481.33
511.760569362,481.33
511.783859359,481.33
511.807396014,481.33
511.830979838,469.54
511.854705936,469.54
511.877795930,469.54
511.901435915,469.54
511.924856345,469.54
511.948191110,472.15
511.971818839,472.15
511.995080515,472.15
512.023484554,472.15
512.046822136,472.55
512.070001827,472.55
512.093161678,472.55
512.116767198,472.55
512.140181420,480.04
512.163708924,480.04
512.186968936,480.04
512.210537912,480.04
512.234335274,499.61
512.257377908,499.61
512.280562239,499.61
512.303945453,499.61
512.327133528,499.61
512.350506886,519.77
512.373750770,519.77
512.397188768,519.77
512.421047347,519.77
512.444110589,542.17
512.467731502,542.17
512.491367742,542.17
512.514803597,542.17
512.538647680,555.64
512.561898956,555.64
512.584819828,555.64
512.607712252,555.64
512.630605412,555.64
512.653515564,569.83
512.676635959,569.83
512.699766402,569.83
512.722957037,569.83
512.745815637,589.10
512.768976160,589.10
512.791938505,589.10
512.815063123,589.10
512.838267359,577.64
512.861463531,577.64
512.884669366,577.64
512.907874306,577.64
512.931072557,577.64
512.954237337,557.69
512.977625158,557.69
513.000824178,557.69
513.024132511,557.69
513.047666190,542.55
513.071371711,542.55
513.094822094,542.55
513.118360189,542.55
513.141279494,517.85
513.164117997,517.85
513.187843039,517.85
513.211180684,517.85
513.234378039,517.85
513.258151497,507.55
513.281495351,507.55
513.304617505,507.55
513.328069264,507.55
513.351722177,507.41
513.375285680,507.41
513.398576253,507.41
513.422619474,507.41
513.446094945,506.05
513.469353581,506.05
513.492664122,506.05
513.515458465,506.05
513.538614508,506.05
513.562013754,507.13
513.585308262,507.13
513.609225626,507.13
513.633049805,507.13
513.656265433,506.89
513.679628614,506.89
513.702791569,506.89
513.726375745,506.89
513.749656462,517.30
513.772524694,517.30
513.795596128,517.30
513.818856236,517.30
513.842187417,517.30
513.865952395,535.25
513.889040949,535.25
513.912537444,535.25
513.936435672,535.25
513.959599811,553.73
513.983164563,553.73
514.006290205,553.73
514.029756236,553.73
514.052858615,566.05
514.076663081,566.05
514.099961078,566.05
514.123835305,566.05
514.147460218,566.05
514.171208971,582.96
514.194424631,582.96
514.217750692,582.96
514.241562551,582.96
514.264515360,582.56
514.287707243,582.56
514.310813685,582.56
514.334470502,582.56
514.357448879,561.95
514.380710780,561.95
514.403500738,561.95
514.426272873,561.95
514.449332755,561.95
514.472286908,543.13
514.495745194,543.13
514.518705779,543.13
514.541667452,543.13
514.564685125,521.22
514.587924849,521.22
514.611081980,521.22
514.634566667,521.22
514.657545396,501.29
514.681534473,501.29
514.704825013,501.29
514.727793438,501.29
514.751094123,501.29
514.774251030,482.22
514.797456162,482.22
514.820595661,482.22
514.844351583,482.22
514.867318343,459.05
514.890603924,459.05
514.913777599,459.05
514.937261102,459.05
514.960631484,442.48
514.984545743,442.48
515.007413431,442.48
515.030507841,442.48
515.053524459,442.48
515.078270408,419.27
515.101395123,419.27
515.124862466,419.27
515.148362449,419.27
515.171620605,404.96
515.194903049,404.96
515.217649328,404.96
515.240374038,404.96
515.262826201,393.58
515.286090181,393.58
515.308760458,393.58
515.331321423,393.58
515.354751645,393.58
515.378134251,373.74
515.401872572,373.74
515.425446796,373.74
515.448920443,373.74
515.472165671,385.01
515.495559669,385.01
515.518610751,385.01
515.542262575,385.01
515.565751614,402.17
515.589319502,402.17
515.612436313,402.17
515.635613924,402.17
515.658772399,402.17
515.681539734,421.65
515.704478398,421.65
515.727600297,421.65
515.751389083,421.65
515.774726120,441.55
515.798147510,441.55
515.821210464,441.55
515.844478861,441.55
515.867264691,452.11
515.891192359,452.11
515.914245361,452.11
515.937568126,452.11
515.961677684,452.11
515.985631625,471.71
516.009172120,471.71
516.032539493,471.71
516.055425677,471.71
516.078675802,487.31
516.101792964,487.31
516.125040240,487.31
516.148133659,487.31
516.171837036,499.38
516.195819649,499.38
516.221406088,499.38
516.245100345,499.38
516.268437926,499.38
516.291740435,536.54
516.315092512,536.54
516.338110602,536.54
516.361449527,536.54
516.384747683,567.14
516.408133969,567.14
516.431498751,567.14
516.454947693,567.14
516.478312218,575.87
516.501414213,575.87
516.524416462,575.87
516.547806748,575.87
516.570807589,577.15
516.593913488,577.15
516.617204156,577.15
516.640212550,577.15
516.663495762,577.15
516.686736382,576.66
516.709800744,576.66
516.732878514,576.66
516.755733018,576.66
516.778685283,574.84
516.801694668,574.84
516.824609172,574.84
516.847305658,574.84
516.869873534,574.84
516.892464803,556.74
516.915187497,556.74
516.938240211,556.74
516.962031877,556.74
516.985105551,537.29
517.009001475,537.29
517.032498802,537.29
517.055798718,537.29
517.079382158,541.70
517.102774076,541.70
517.126120169,541.70
517.149715865,541.70
517.172899269,545.28
517.196001199,545.28
517.218656661,545.28
517.241481756,545.28
517.264802121,545.28
517.287910227,546.86
517.312658257,546.86
517.335660410,546.86
517.359025095,546.86
517.382168754,533.57
517.405306845,533.57
517.428165381,533.57
517.451333584,533.57
517.474291545,516.74
517.497284546,516.74
517.520455853,516.74
517.543100434,516.74
517.566336350,516.74
517.589277479,498.06
517.612613588,498.06
517.635976481,498.06
517.659464432,498.06
517.682774141,478.47
517.705991017,478.47
517.729365910,478.47
517.752567586,478.47
517.775832846,462.56
517.799706690,462.56
517.822687787,462.56
517.846034584,462.56
517.869234403,462.56
517.892061003,467.49
517.915068692,467.49
517.938354753,467.49
517.961883024,467.49
517.984971642,468.14
518.008274567,468.14
518.031420466,468.14
518.054829856,468.14
518.078280110,445.52
518.102084993,445.52
518.125011593,445.52
518.147880017,445.52
518.171356320,445.52
518.194473482,431.06
518.217721942,431.06
518.240843809,431.06
518.264535634,431.06
518.288002241,415.99
518.316310663,415.99
518.339426098,415.99
518.363483207,415.99
518.386690739,412.31
518.410011872,412.31
518.432376994,412.31
518.455124232,412.31
518.478886074,412.31
518.501886916,400.96
518.525625269,400.96
518.549334599,400.96
518.572842390,400.96
518.596197059,412.29
518.619921525,412.29
518.643085696,412.29
518.666484622,412.29
518.689948252,427.24
518.714353270,427.24
518.738319914,427.24
518.761743928,427.24
518.785554283,448.96
518.809028186,448.96
518.832134724,448.96
518.855285487,448.96
518.878557244,448.96
518.901767751,467.00
518.925793628,467.00
518.949313644,467.00
518.973514531,467.00
518.997935996,488.25
519.021491084,488.25
519.045415232,488.25
519.069457429,488.25
519.092806082,505.61
519.116738326,505.61
519.140478568,505.61
519.164221882,505.61
519.188148718,524.43
519.211729630,524.43
519.234958346,524.43
519.258223638,524.43
519.281734149,524.43
519.305221012,540.08
519.328866565,540.08
519.351871758,540.08
519.375164379,540.08
519.398215077,560.41
519.421551442,560.41
519.444957632,560.41
519.468147211,560.41
519.491115732,574.92
519.514266751,574.92
519.537286760,574.92
519.560150544,574.92
519.583282555,574.92
519.606383013,569.55
519.629707122,569.55
519.653127488,569.55
519.676244491,569.55
519.699043954,559.61
519.722233757,559.61
519.745234631,559.61
519.768447378,559.61
519.791787904,544.37
519.815121965,544.37
519.838081493,544.37
519.861156447,544.37
519.884235594,544.37
519.907244083,531.34
519.930449567,531.34
519.953323878,531.34
519.976692340,531.34
519.999782238,516.31
520.022934697,516.31
520.045632975,516.31
520.068554999,516.31
520.091665122,516.31
520.114680363,499.90
520.138016888,499.90
520.161206148,499.90
520.184382703,499.90
520.207297975,486.27
520.230061694,486.27
520.253080583,486.27
520.276282035,486.27
520.299602176,472.12
520.322172996,472.12
520.344616455,472.12
520.366993257,472.12
520.389323499,417.86
520.450649934,417.86
520.473000944,417.86
520.495402258,417.86
520.518023575,417.86
520.540294936,388.57
520.562760027,388.57
520.585364000,388.57
520.608068805,388.57
520.631695062,362.62
520.654857985,362.62
520.678037804,362.62
520.701718141,362.62
520.725353326,362.62
520.748583770,366.94
520.772067913,366.94
520.795647897,366.94
520.819173800,366.94
520.842608182,376.93
520.866126661,376.93
520.889955928,376.93
520.914090575,376.93
520.937458972,387.62
520.961025676,387.62
520.984167831,387.62
521.007091551,387.62
521.030523981,402.45
521.054043645,402.45
521.077310665,402.45
521.100637558,402.45
521.123977667,402.45
521.147708949,415.93
521.171328357,415.93
521.194473424,415.93
521.217964191,415.93
521.241090186,430.12
521.264259701,430.12
521.287462113,430.12
521.310708717,430.12
521.334486111,445.74
521.357694155,445.74
521.380579282,445.74
521.403412282,445.74
521.426496068,445.74
521.449707568,491.36
521.472688569,491.36
521.497253940,491.36
521.520114076,491.36
521.543269159,545.16
521.566372305,545.16
521.589690110,545.16
521.612866793,545.16
521.636131350,574.56
521.659260448,574.56
521.682280874,574.56
521.705230771,574.56
521.728278300,574.56
521.751526568,568.88
521.774852693,568.88
521.798154786,568.88
521.821029642,568.88
521.844121460,559.55
521.867259135,559.55
521.890109351,559.55
521.913301426,559.55
521.936361340,548.07
521.960315408,548.07
521.983750335,548.07
522.006774440,548.07
522.030037652,548.07
522.053215968,532.46
522.076093607,532.46
522.099114065,532.46
522.124306036,532.46
522.147560288,518.91
522.170728715,518.91
522.193753012,518.91
522.216743102,518.91
522.239954569,502.82
522.263086996,502.82
522.286126878,502.82
522.308620641,502.82
522.330971779,502.82
522.353256004,472.53
522.375511781,472.53
522.397977384,472.53
522.420428331,472.53
522.442780364,431.77
522.465082158,431.77
522.487225933,431.77
522.510131189,431.77
522.532753562,431.77
522.555334334,380.04
522.577798594,380.04
522.601113934,380.04
522.624745535,380.04
522.647812745,364.37
522.672119425,364.37
522.695412462,364.37
522.718676730,364.37
522.742144489,371.04
522.765935579,371.04
522.789149127,371.04
522.812194097,371.04
522.835834273,371.04
522.859534739,382.29
522.882975905,382.29
522.906185005,382.29
522.929589499,382.29
522.953214635,397.04
522.976286997,397.04
522.999487713,397.04
523.022841006,397.04
523.046190907,408.97
523.070093807,408.97
523.093299163,408.97
523.117055884,408.97
523.140750686,408.97
523.163993802,423.70
523.187623002,423.70
523.210839302,423.70
523.234103730,423.70
523.257468896,438.66
523.280844141,438.66
523.304216091,438.66
523.327629705,438.66
523.350685779,471.72
523.373837374,471.72
523.396825319,471.72
523.419867697,471.72
523.443054364,471.72
523.466218471,511.31
523.489457651,511.31
523.512486781,511.31
523.535426725,511.31
523.558221836,561.68
523.581430872,561.68
523.604443105,561.68
523.627556620,561.68
523.650906137,571.39
523.674060900,571.39
523.697253360,571.39
523.720485532,571.39
523.743998923,571.39
523.767278647,565.08
523.790450210,565.08
523.813435244,565.08
523.836518038,565.08
523.859696321,554.54
523.882928845,554.54
523.906076632,554.54
523.929293348,554.54
523.952931572,540.41
523.976208161,540.41
523.998900742,540.41
524.021875727,540.41
524.045065339,540.41
524.067963267,526.96
524.091342416,526.96
524.114397722,526.96
524.137720455,526.96
524.160851730,512.69
524.183980029,512.69
524.206993062,512.69
524.229802861,512.69
524.252719126,512.69
524.276747947,494.69
524.299904246,494.69
524.323055489,494.69
524.346216716,494.69
524.369230933,480.91
524.392291839,480.91
524.414672065,480.91
524.437673163,480.91
524.460027788,444.36
524.482242125,444.36
524.504426380,444.36
524.526737422,444.36
524.549198225,444.36
524.571364176,400.27
524.593676466,400.27
524.615893138,400.27
524.638807706,400.27
524.661434143,369.29
524.685713271,369.29
524.708849666,369.29
524.731946764,369.29
524.755249913,369.29
524.779099372,358.26
524.802804542,358.26
524.826031657,358.26
524.849692538,358.26
524.873151177,369.08
524.896312692,369.08
524.919719682,369.08
524.943277330,369.08
524.967196869,379.51
524.990553907,379.51
525.013749438,379.51
525.037145676,379.51
525.060695868,394.10
525.083871911,394.10
525.107020274,394.10
525.130890725,394.10
525.154280883,394.10
525.178022213,409.51
525.201443251,409.51
525.225147876,409.51
525.248771861,409.51
525.272076289,424.98
525.295769939,424.98
525.318797468,424.98
525.341907687,424.98
525.365361525,439.85
525.388880452,439.85
525.412231986,439.85
525.435494014,439.85
525.458660809,439.85
525.481823380,472.09
525.504741693,472.09
525.527974345,472.09
525.551008210,472.09
525.574015420,519.01
525.597251016,519.01
525.619989838,519.01
525.642895286,519.01
525.665925119,567.36
525.689746450,567.36
525.712790812,567.36
525.736099689,567.36
525.759401590,567.36
525.782369086,570.69
525.805495561,570.69
525.828308496,570.69
525.851696798,570.69
525.875072139,562.80
525.898222455,562.80
525.921173279,562.80
525.944193577,562.80
525.967090321,552.32
525.990140795,552.32
526.013181764,552.32
526.036294639,552.32
526.059629244,552.32
526.082763879,538.50
526.105855313,538.50
526.130570638,538.50
526.153697017,538.50
526.176654402,523.94
526.199593930,523.94
526.222803062,523.94
526.246035234,523.94
526.269228429,508.44
526.292408920,508.44
526.315278752,508.44
526.338426187,508.44
526.361586902,508.44
526.385013764,496.89
526.408567636,496.89
526.431833248,496.89
526.455001580,496.89
526.477852275,479.50
526.501053567,479.50
526.524204810,479.50
526.547268948,479.50
526.570829219,464.85
526.594402291,464.85
526.617234587,464.85
526.640248164,464.85
526.662879433,464.85
526.685066281,449.55
526.707488619,449.55
526.730219570,449.55
526.752538867,449.55
526.775415963,418.13
526.797734172,418.13
526.820023261,418.13
526.842268926,418.13
526.864594815,418.13
526.886847072,387.23
526.909793577,387.23
526.932361389,387.23
526.954841200,387.23
526.978225534,358.93
527.001428585,358.93
527.024766198,358.93
527.048489000,358.93
527.071845557,358.93
527.095151778,364.23
527.118591920,364.23
527.141977854,364.23
527.165763760,364.23
527.189097630,373.72
527.212783727,373.72
527.236580225,373.72
527.260137169,373.72
527.283359325,387.99
527.306873740,387.99
527.330060663,387.99
527.353540678,387.99
527.376814514,401.31
527.400243073,401.31
527.423654863,401.31
527.447056829,401.31
527.470368873,401.31
527.493885273,415.10
527.517329735,415.10
527.540570035,415.10
527.564094850,415.10
527.587300366,433.04
527.610661339,433.04
527.633891623,433.04
527.657220724,433.04
527.680799844,457.37
527.704160082,457.37
527.727216988,457.37
527.750424871,457.37
527.775804396,457.37
527.798639635,497.63
527.821618748,497.63
527.844704422,497.63
527.867819537,497.63
527.890922299,543.67
527.913941733,543.67
527.936866701,543.67
527.960211323,543.67
527.983436550,575.33
528.006391471,575.33
528.029437209,575.33
528.052188095,575.33
528.075115912,575.33
528.098150609,569.17
528.124074620,569.17
528.147314664,569.17
528.170361650,569.17
528.193380316,561.62
528.216461894,561.62
528.239451023,561.62
528.262504953,561.62
528.285727876,548.14
528.308862927,548.14
528.332161564,548.14
528.355188390,548.14
528.378358609,548.14
528.401401915,533.70
528.424281954,533.70
528.447303852,533.70
528.470566456,533.70
528.493874149,518.98
528.516992560,518.98
528.539969145,518.98
528.562754303,518.98
528.585887754,503.60
528.609355417,503.60
528.632420995,503.60
528.655642319,503.60
528.678367029,503.60
528.700552468,483.75
528.722827893,483.75
528.744727026,483.75
528.766957042,483.75
528.789215731,438.05
528.811535444,438.05
528.856297689,438.05
528.878536537,438.05
528.900858331,438.05
528.923049978,382.86
528.945021016,382.86
528.967172407,382.86
528.989349047,382.86
529.011350133,346.87
529.033377011,346.87
529.055441713,346.87
529.077487856,346.87
529.099786737,346.87
529.123577635,317.36
529.145584737,317.36
529.167642815,317.36
529.189807135,317.36
529.212264930,285.96
529.234726245,285.96
529.257149928,285.96
529.279543114,285.96
529.301961932,285.96
529.324233869,254.35
529.346581871,254.35
529.368829167,254.35
529.391338195,254.35
529.413697109,223.17
529.435997270,223.17
529.458352696,223.17
529.480619417,223.17
529.503036475,223.17
529.525295100,192.51
529.547546684,192.51
529.569957727,192.51
529.592317729,192.51
529.615016071,155.08
529.637372392,155.08
