timestamp,gpu_power
.000669800,73.75
.024723711,73.75
.048449074,73.72
.072299975,73.72
.095818199,73.72
.119008162,73.72
.142701813,73.73
.167428948,73.73
.191282441,73.73
.214946331,73.73
.238300649,73.85
.262613155,73.85
.286385975,73.85
.309618243,73.85
.332878352,73.85
.355980762,73.89
.379629708,73.89
.403382783,73.89
.427169331,73.89
.450725668,73.86
.474301364,73.86
.498100136,73.86
.521488855,73.86
.544923206,73.99
.568275156,73.99
.591886789,73.99
.615482614,73.99
.638870180,73.99
.662305075,73.92
.685828580,73.92
.709609207,73.92
.734247670,73.92
.758013001,73.88
.781629818,73.88
.804779846,73.88
.828337110,73.88
.851749477,73.85
.876334755,73.85
.899620432,73.85
.922880221,73.85
.946447502,73.84
.970481956,73.84
.993712849,73.84
1.017209761,73.84
1.040603407,73.84
1.063684089,73.88
1.087114376,73.88
1.110898268,73.88
1.134291786,73.88
1.157449814,73.88
1.180832036,73.88
1.204298516,73.88
1.227692002,73.88
1.250890830,73.76
1.273943864,73.76
1.297355015,73.76
1.320745141,73.76
1.344283366,73.76
1.370362743,73.75
1.393602852,73.75
1.417294358,73.75
1.440480706,73.75
1.463716238,73.74
1.487064604,73.74
1.510310121,73.74
1.533591958,73.74
1.557197831,73.70
1.586306975,73.70
1.609497867,73.70
1.632758456,73.70
1.656047397,73.70
1.680393472,73.64
1.703582828,73.64
1.726986939,73.64
1.750472746,73.64
1.774182141,73.58
1.797568683,73.58
1.820912889,73.58
1.844322408,73.58
1.867840920,73.58
1.892405686,73.58
1.917363512,73.58
1.942146073,73.58
1.966687478,73.40
1.991998270,73.40
2.017125954,73.40
2.041795778,73.40
2.142724379,73.39
2.237559141,73.38
2.318733823,73.38
2.367568918,73.32
2.405764260,73.32
2.431399952,73.32
2.457474369,73.32
2.483110796,73.47
2.508405075,73.47
2.533486936,73.47
2.558351001,73.47
2.585704379,73.58
2.610943714,73.58
2.636068646,73.58
2.660958664,73.58
2.685803658,73.57
2.710832301,73.57
2.736043763,73.57
2.760972054,73.57
2.786082586,73.64
2.811396578,73.64
2.836197602,73.64
2.861359016,73.64
2.885968358,73.67
2.910459683,73.67
2.934696380,73.67
2.959330235,73.67
2.983590644,73.86
3.008070129,73.86
3.032960691,73.86
3.057869941,73.86
3.083012378,73.89
3.107803163,73.89
3.132560155,73.89
3.158488714,73.89
3.183531502,73.99
3.208640403,73.99
3.233577621,73.99
3.258416215,73.99
3.282874579,74.10
3.307301551,74.10
3.331507112,74.10
3.356176167,74.10
3.381153354,74.11
3.407234683,74.11
3.432104509,74.11
3.456997791,74.11
3.481586653,74.06
3.506366013,74.06
3.530870266,74.06
3.555214517,74.06
3.585515933,73.98
3.610026010,73.98
3.634072145,73.98
3.658004166,73.98
3.682697702,74.13
3.707041728,74.13
3.732215750,74.13
3.757571278,74.13
3.783245946,74.27
3.808524161,74.27
3.833236864,74.27
3.858067874,74.27
3.883229863,74.45
3.908153289,74.45
3.933179469,74.45
3.957962925,74.45
3.983188916,74.59
4.008361561,74.59
4.033098105,74.59
4.058011259,74.59
4.083222689,74.61
4.109285842,74.61
4.133704558,74.61
4.158116842,74.61
4.183109229,74.61
4.209315104,74.46
4.234694216,74.46
4.259400232,74.46
4.283806307,74.46
4.308242047,74.45
4.332856062,74.45
4.357334618,74.45
4.382396063,74.45
4.407371257,74.54
4.432875597,74.54
4.458364577,74.54
4.483865046,74.54
4.509329066,74.89
4.533707793,74.89
4.557942294,74.89
4.586480303,74.89
4.611192474,74.87
4.636369802,74.87
4.661410617,74.87
4.686869517,74.87
4.712197791,74.86
4.737639923,74.86
4.762628385,74.86
4.788078517,74.86
4.813175460,74.87
4.957256851,74.68
4.996982323,74.68
5.020657362,74.68
5.044273999,74.68
5.067971278,74.68
5.092098322,74.68
5.115737359,74.68
5.139295340,74.68
5.162999147,74.70
5.190051250,74.70
5.328771883,74.70
5.352568559,74.79
5.375982129,74.79
5.399779477,74.79
5.423778202,74.79
5.447698175,74.66
5.475609978,74.66
5.504792668,74.66
5.540319713,78.39
5.568059803,78.39
5.595054833,78.39
5.648972444,83.37
5.677865820,83.37
5.736835555,83.37
5.759408321,88.14
5.781681948,88.14
5.804012184,88.14
5.826498933,88.14
5.848937745,92.13
5.871177389,92.13
5.893480681,92.13
5.916195655,92.13
5.938739972,92.13
5.961042944,97.14
5.983579549,122.41
6.566318914,122.41
6.588608094,122.41
6.611012763,122.41
6.633320119,122.41
6.655724404,122.40
6.691373530,122.40
6.713939159,122.40
6.736446933,122.40
6.758714641,122.14
6.781132237,122.14
6.804509359,122.14
6.848227234,122.16
6.885851860,122.16
6.908231792,122.16
6.931107759,122.16
6.953925614,122.25
7.016490922,122.25
7.062784652,122.38
7.131299113,122.41
7.177681195,122.41
7.239925189,122.40
7.286194887,122.40
7.349344647,122.39
7.395678921,122.39
7.458047973,122.44
7.504266311,122.44
7.566817987,122.30
7.610954810,122.62
7.681700740,122.62
7.730218739,122.85
7.803084265,122.85
7.831185733,122.85
7.859714149,122.85
7.887713537,122.85
7.918299819,122.85
7.946689705,122.85
7.976412783,122.96
8.005005199,122.96
8.030989375,122.96
8.055936203,123.28
8.079862832,123.28
8.103192018,123.28
8.126584756,123.28
8.150042039,123.28
8.173385049,123.05
8.196733692,123.05
8.219247001,123.05
8.241669238,123.05
8.263784561,122.77
8.285706828,122.77
8.308115081,122.77
8.330552678,122.77
8.353280550,125.07
8.376374631,125.07
8.399350663,125.07
8.422733514,125.07
8.445662186,125.07
8.468469225,151.82
8.491409897,151.82
8.514128744,151.82
8.537287210,151.82
8.560363691,182.18
8.588519560,182.18
8.611460840,182.18
8.634347624,182.18
8.657242984,182.18
8.680444394,210.58
8.703455467,210.58
8.726397771,210.58
8.749390539,210.58
8.772313259,240.32
8.795149003,240.32
8.818856335,240.32
8.842083601,240.32
8.864478030,270.57
8.887385902,270.57
8.910337391,270.57
8.933315983,270.57
8.956212943,270.57
8.979195376,300.96
9.002281073,300.96
9.024931151,300.96
9.047815823,300.96
9.070499790,327.02
9.093399886,327.02
9.116266190,327.02
9.138982861,327.02
9.161881100,361.62
9.184827501,361.62
9.207668876,361.62
9.230599437,361.62
9.253645997,361.62
9.276395853,392.26
9.299205804,392.26
9.322729520,392.26
9.345770545,392.26
9.368635921,417.16
9.391585298,417.16
9.414423698,417.16
9.437580179,417.16
9.460200754,417.16
9.483041330,422.97
9.506014611,422.97
9.528985267,422.97
9.551944436,422.97
9.577094689,424.84
9.600715685,424.84
9.624759436,424.84
9.647856653,424.84
9.670727918,426.00
9.694075408,426.00
9.717136145,426.00
9.740187571,426.00
9.763434933,428.88
9.786919992,428.88
9.811696867,428.88
9.834972902,428.88
9.858078535,428.88
9.881416682,436.59
9.904779212,436.59
9.928287024,436.59
9.951406418,436.59
9.974674356,445.96
9.998020823,445.96
10.020989207,445.96
10.044059225,445.96
10.067162650,452.61
10.090744830,452.61
10.113710015,452.61
10.136536799,452.61
10.159641696,452.61
10.183208292,460.66
10.206472422,460.66
10.229636040,460.66
10.252939403,460.66
10.276324846,468.01
10.299595761,468.01
10.322616626,468.01
10.345560339,468.01
10.368752981,475.48
10.392222393,475.48
10.415226170,475.48
10.438176987,475.48
10.461138172,475.48
10.484554815,482.84
10.507698881,482.84
10.530483233,482.84
10.553441826,482.84
10.577315688,488.57
10.600563531,488.57
10.623495147,488.57
10.646204171,488.57
10.669237260,488.57
10.692324558,495.83
10.715344111,495.83
10.738416689,495.83
10.761315889,495.83
10.784603604,501.27
10.809206878,501.27
10.832006110,501.27
10.855460066,501.27
10.878432131,501.21
10.901475556,501.21
10.924347684,501.21
10.947068132,501.21
10.970108709,501.21
10.993460489,501.49
11.016567242,501.49
11.039501355,501.49
11.063013967,501.49
11.086323026,501.61
11.109587604,501.61
11.132610902,501.61
11.155700823,501.61
11.179161339,501.54
11.202530942,501.54
11.225730305,501.54
11.248587809,501.54
11.271580706,501.54
11.294770181,501.92
11.318016551,501.92
11.340792872,501.92
11.363695016,501.92
11.386699274,503.57
11.410059949,503.57
11.433496785,503.57
11.456741108,503.57
11.479739574,508.34
11.503289178,508.34
11.527007008,508.34
11.550413475,508.34
11.577219546,514.77
11.600234844,514.77
11.623407422,514.77
11.647428805,514.77
11.670871721,514.77
11.693888171,519.87
11.716805772,519.87
11.740962516,519.87
11.764413528,519.87
11.787637466,524.26
11.810636572,524.26
11.833860990,524.26
11.857401123,524.26
11.880830567,530.47
11.906356534,530.47
11.929191287,530.47
11.952304985,530.47
11.975735389,530.47
11.999272097,535.10
12.022572356,535.10
12.045470629,535.10
12.068354342,535.10
12.091617385,542.32
12.114838732,542.32
12.137629484,542.32
12.160675694,542.32
12.184031057,547.14
12.207496373,547.14
12.230680216,547.14
12.253487960,547.14
12.276463609,547.14
12.299767389,550.34
12.323044992,550.34
12.346206435,550.34
12.369046500,550.34
12.391813828,553.18
12.414799142,553.18
12.438356522,553.18
12.461540589,553.18
12.484607631,552.69
12.507748722,552.69
12.530991061,552.69
12.554393273,552.69
12.577678236,552.69
12.600527709,550.30
12.623438718,550.30
12.648005513,550.30
12.671325005,550.30
12.694184430,547.46
12.717018574,547.46
12.740238481,547.46
12.763837526,547.46
12.786807192,544.99
12.810064411,544.99
12.833239518,544.99
12.856715618,544.99
12.880251559,544.99
12.903867180,542.28
12.926773262,542.28
12.950816149,542.28
12.974522139,542.28
12.998110496,538.17
13.021157954,538.17
13.044322693,538.17
13.067694504,538.17
13.091144141,533.01
13.114640849,533.01
13.137447026,533.01
13.160676117,533.01
13.184312090,533.01
13.207693150,530.62
13.230917633,530.62
13.253921123,530.62
13.277639561,530.62
13.301122893,531.62
13.324333073,531.62
13.347473076,531.62
13.370852408,531.62
13.394481501,533.57
13.417675264,533.57
13.441098693,533.57
13.464120423,533.57
13.487203785,533.57
13.510743695,535.74
13.534232755,535.74
13.557527319,535.74
13.583944748,535.74
13.606918894,538.52
13.630362227,538.52
13.653572086,538.52
13.677582622,538.52
13.700548288,540.73
13.723735651,540.73
13.746989126,540.73
13.770550731,540.73
13.794193649,543.90
13.817653910,543.90
13.840617784,543.90
13.864398110,543.90
13.887501153,543.90
13.910789380,546.39
13.933763814,546.39
13.958213552,546.39
13.981878870,546.39
14.005577628,548.81
14.029056897,548.81
14.051696257,548.81
14.074779427,548.81
14.098264296,553.39
14.121708365,553.39
14.144943024,553.39
14.167881938,553.39
14.191105301,553.39
14.214654682,556.04
14.238107103,556.04
14.261277666,556.04
14.284306180,556.04
14.307592328,556.05
14.331108013,556.05
14.354523634,556.05
14.377639861,556.05
14.401023769,554.78
14.424359070,554.78
14.447493441,554.78
14.470729221,554.78
14.493953864,554.78
14.516835050,552.05
14.540277967,552.05
14.563597843,552.05
14.586992887,552.05
14.609760696,549.23
14.633063836,549.23
14.656310080,549.23
14.679763813,549.23
14.703035113,547.99
14.726141612,547.99
14.749680497,547.99
14.773209015,547.99
14.796802716,547.99
14.819857663,544.93
14.842770561,544.93
14.865944676,544.93
14.889303880,544.93
14.912514764,542.95
14.935902608,542.95
14.959211732,542.95
14.982572889,542.95
15.005884765,542.11
15.029242017,542.11
15.052165411,542.11
15.075202470,542.11
15.098824300,542.11
15.122231120,542.67
15.145738229,542.67
15.168575223,542.67
15.192012348,542.67
15.215717378,546.66
15.238843621,546.66
15.262261226,546.66
15.285301132,546.66
15.308395984,549.97
15.331806261,549.97
15.355061849,549.97
15.378576254,549.97
15.401786338,549.97
15.424914533,552.83
15.448270634,552.83
15.471555246,552.83
15.494977203,552.83
15.518212375,554.65
15.541246202,554.65
15.564453214,554.65
15.587577313,554.65
15.611239016,558.06
15.634585868,558.06
15.657718544,558.06
15.681227381,558.06
15.704491801,558.06
15.727872382,560.94
15.751245859,560.94
15.774336390,560.94
15.798203117,560.94
15.821595634,564.43
15.844820662,564.43
15.868010810,564.43
15.890940476,564.43
15.914492002,567.08
15.937834374,567.08
15.961033098,567.08
15.984351503,567.08
16.007518482,567.08
16.030885623,568.87
16.054087739,568.87
16.077853090,568.87
16.101146150,568.87
16.124234601,567.77
16.147622158,567.77
16.171217748,567.77
16.195081595,567.77
16.218172447,565.01
16.241416643,565.01
16.264596518,565.01
16.287659818,565.01
16.311201680,565.01
16.334464116,562.22
16.357598296,562.22
16.381203070,562.22
16.404647171,562.22
16.427948040,559.76
16.451059948,559.76
16.474095951,559.76
16.498465401,559.76
16.521678750,558.44
16.545035106,558.44
16.568145158,558.44
16.591550795,558.44
16.615062417,558.44
16.638107700,555.78
16.661677946,555.78
16.685193376,555.78
16.708383044,555.78
16.731836970,553.92
16.755195535,553.92
16.779199383,553.92
16.802675613,553.92
16.826508485,551.57
16.849997642,551.57
16.873200654,551.57
16.896615924,551.57
16.919953497,550.65
16.943157341,550.65
16.966435585,550.65
16.989689862,550.65
17.013269676,550.65
17.036377647,551.30
17.059671284,551.30
17.083665021,551.30
17.106869473,551.30
17.130483719,553.66
17.153974349,553.66
17.176931695,553.66
17.200196276,553.66
17.223282807,554.92
17.246722845,554.92
17.269970177,554.92
17.293107589,554.92
17.316877581,554.92
17.340307922,557.14
17.363626103,557.14
17.386857244,557.14
17.410497507,557.14
17.433948105,559.93
17.457496303,559.93
17.480937365,559.93
17.505100766,559.93
17.528313699,562.71
17.551769545,562.71
17.577320795,562.71
17.600644608,562.71
17.624497128,566.15
17.647712524,566.15
17.670839312,566.15
17.693975700,566.15
17.717210649,566.15
17.740645886,569.23
17.763932547,569.23
17.787822667,569.23
17.811488402,569.23
17.834697847,571.44
17.858324926,571.44
17.881515778,571.44
17.904684390,571.44
17.928068332,571.84
17.951135887,571.84
17.974714646,571.84
17.997782329,571.84
18.021406048,571.84
18.044986215,572.11
18.068078442,572.11
18.091756017,572.11
18.114829653,572.11
18.141777871,571.06
18.165018995,571.06
18.189617472,571.06
18.213177126,571.06
18.236233450,570.49
18.259725712,570.49
18.283085237,570.49
18.306263322,570.49
18.329775488,568.80
18.352823172,568.80
18.375823271,568.80
18.398765323,568.80
18.422112464,568.80
18.445703767,567.40
18.468596090,567.40
18.492595715,567.40
18.516018857,567.40
18.539141837,565.11
18.562496499,565.11
18.585586519,565.11
18.609056573,565.11
18.632417059,563.20
18.655687304,563.20
18.679015725,563.20
18.702628340,563.20
18.725762648,563.20
18.748781180,561.60
18.771839424,561.60
18.795520871,561.60
18.818912877,561.60
18.842018289,561.77
18.865662872,561.77
18.888876893,561.77
18.911781504,561.77
18.935389991,563.45
18.958757772,563.45
18.982071954,563.45
19.005836250,563.45
19.029098399,563.45
19.052447492,564.74
19.076190220,564.74
19.099246960,564.74
19.122642102,564.74
19.145876282,566.93
19.168944158,566.93
19.192547333,566.93
19.215573353,566.93
19.241104123,567.91
19.264610017,567.91
19.287854599,567.91
19.311092748,567.91
19.334750163,567.91
19.357981112,569.79
19.381338462,569.79
19.404410659,569.79
19.427744872,569.79
19.450805868,570.26
19.474438004,570.26
19.497850010,570.26
19.521394753,570.26
19.544871624,571.65
19.568179085,571.65
19.591595795,571.65
19.614770360,571.65
19.638503520,572.25
19.661926790,572.25
19.685241164,572.25
19.708997428,572.25
19.732707004,572.25
19.756048642,576.33
19.779333383,576.33
19.803372817,576.33
19.826862775,576.33
19.850215293,576.19
19.873846149,576.19
19.897347019,576.19
19.920508208,576.19
19.943593844,577.32
19.966685753,577.32
19.989693597,577.32
20.012919074,577.32
20.036077991,577.32
20.059142347,574.34
20.081888685,574.34
20.105778166,574.34
20.129066171,574.34
20.152457473,550.86
20.175632518,550.86
20.198743307,550.86
20.221642126,550.86
20.275384642,515.27
20.298244901,515.27
20.321551595,515.27
20.345057682,515.27
20.368216375,489.21
20.391243963,489.21
20.414263040,489.21
20.437265668,489.21
20.460336936,489.21
20.483735183,459.44
20.507610040,459.44
20.530795773,459.44
20.553965826,459.44
20.577271208,427.81
20.600371340,427.81
20.623274288,427.81
20.646205460,427.81
20.669388857,399.95
20.692746303,399.95
20.715489922,399.95
20.738542406,399.95
20.761913708,399.95
20.785074353,370.70
20.808467352,370.70
20.831635165,370.70
20.854739489,370.70
20.877674117,344.53
20.900733642,344.53
20.923876430,344.53
20.947216245,344.53
20.970359290,314.15
20.993179069,314.15
21.016049152,314.15
21.039135365,314.15
21.062511467,314.15
21.085889073,290.73
21.109294487,290.73
21.132305820,290.73
21.155538145,290.73
21.178343812,288.08
21.201397256,288.08
21.224582094,288.08
21.247779187,288.08
21.271040408,288.09
21.294686913,288.09
21.318017671,288.09
21.340962251,288.09
21.365620633,288.09
21.388372188,289.15
21.411137471,289.15
21.434519526,289.15
21.457710827,289.15
21.481093138,288.79
21.504330711,288.79
21.527254203,288.79
21.550252800,288.79
21.576826745,287.77
21.599596636,287.77
21.623562502,287.77
21.646889644,287.77
21.669966737,287.77
21.692525331,286.60
21.715387222,286.60
21.738782493,286.60
21.762072675,286.60
21.785376873,287.01
21.808277229,287.01
21.831229873,287.01
21.854442935,287.01
21.877749245,285.82
21.901188228,285.82
21.924355689,285.82
21.947695887,285.82
21.970691124,285.82
21.993645624,287.83
22.016514428,287.83
22.039440799,287.83
22.062833222,287.83
22.086236109,287.39
22.109511347,287.39
22.132538583,287.39
22.155502684,287.39
22.178257791,287.14
22.201390692,287.14
22.224492905,287.14
22.247509453,287.14
22.270732755,287.14
22.293849304,287.09
22.316730172,287.09
22.339494752,287.09
22.363005095,287.09
22.385773291,286.57
22.408859440,286.57
22.432093398,286.57
22.455206683,286.57
22.478373057,286.57
22.500997251,285.83
22.524132681,285.83
22.547297134,285.83
22.570970071,285.83
22.594177597,285.03
22.617239842,285.03
22.639899781,285.03
22.662738632,285.03
22.685895342,285.03
22.709308021,285.03
22.732479387,285.03
22.755317566,285.03
22.777978753,285.03
22.800932870,284.82
22.824113227,284.82
22.847705779,284.82
22.870788345,284.82
22.893819133,284.98
22.916666305,284.98
22.939689830,284.98
22.962823532,284.98
22.986245331,285.90
23.009494553,285.90
23.033211042,285.90
23.056248518,285.90
23.079332940,285.90
23.102533553,283.77
23.125894424,283.77
23.149232127,283.77
23.172562789,283.77
23.195763531,284.71
23.218459854,284.71
23.241360050,284.71
23.264505400,284.71
23.287680094,283.84
23.311087749,283.84
23.334376844,283.84
23.357649426,283.84
23.380777048,283.84
23.403424635,283.43
23.426754306,283.43
23.449882536,283.43
23.473369487,283.43
23.497033560,283.95
23.520560480,283.95
23.543991400,283.95
23.566823532,283.95
23.589601359,285.96
23.612712341,285.96
23.636110748,285.96
23.659518532,285.96
23.682675849,285.96
23.705443085,285.71
23.728154224,285.71
23.751137013,285.71
23.774880511,285.71
23.798244134,285.49
23.821273003,285.49
23.843967566,285.49
23.866948531,285.49
23.890230394,284.80
23.913787170,284.80
23.937278154,284.80
23.960358351,284.80
23.983223955,284.80
24.006193304,285.82
24.029504447,285.82
24.052719813,285.82
24.075964971,285.82
24.098938000,286.36
24.121951669,286.36
24.145072891,286.36
24.168403266,286.36
24.191949130,286.36
24.215272689,285.34
24.238238294,285.34
24.260756216,285.34
24.283832317,285.34
24.307000292,285.52
24.330218762,285.52
24.353342160,285.52
24.376800952,285.52
24.399563612,285.51
24.422363264,285.51
24.445723175,285.51
24.469040014,285.51
24.492388278,285.51
24.515432347,284.29
24.538414912,284.29
24.561388550,284.29
24.584648524,284.29
24.607885299,283.38
24.630957913,283.38
24.653589980,283.38
24.676520769,283.38
24.699592198,282.93
24.722868557,282.93
24.745755762,282.93
24.768840536,282.93
24.791634908,282.93
24.814530656,284.08
24.837842279,284.08
24.861023822,284.08
24.884163572,284.08
24.907281562,281.87
24.930278559,281.87
24.953295780,281.87
24.976419498,281.87
24.999775986,283.17
25.023215098,283.17
25.046506272,283.17
25.069397605,283.17
25.092544907,283.17
25.115546064,283.76
25.138998008,283.76
25.162369472,283.76
25.185917736,283.76
25.209277296,285.20
25.232331541,285.20
25.255387067,285.20
25.278296736,285.20
25.301274789,284.72
25.324891022,284.72
25.348133333,284.72
25.371436604,284.72
25.394610595,284.72
25.417500264,284.26
25.440465389,284.26
25.463899509,284.26
25.487204477,284.26
25.510492580,284.83
25.533658635,284.83
25.556436015,284.83
25.583374347,284.83
25.606454641,284.08
25.629664056,284.08
25.653716036,284.08
25.676772170,284.08
25.699782127,284.08
25.722561939,284.74
25.745507385,284.74
25.768608991,284.74
25.792064327,284.74
25.815072653,284.42
25.838027634,284.42
25.860823542,284.42
25.883658203,284.42
25.906744833,285.25
25.930108777,285.25
25.953348208,285.25
25.976002835,285.25
25.998929016,285.25
26.022162175,284.47
26.045465799,284.47
26.068766702,284.47
26.091806804,284.47
26.114834105,283.36
26.138158337,283.36
26.161675241,283.36
26.184929936,283.36
26.208391993,282.98
26.231475199,282.98
26.254179234,282.98
26.277264041,282.98
26.300573104,282.98
26.323732119,283.29
26.347000350,283.29
26.370120517,283.29
26.393268044,283.29
26.416210481,283.09
26.439340856,283.09
26.462357918,283.09
26.485620517,283.09
26.508823852,283.09
26.531446704,283.37
26.556900868,283.37
26.583169629,283.37
26.606537541,283.37
26.629701740,282.88
26.653952697,282.88
26.677089407,282.88
26.700123078,282.88
26.722970634,282.78
26.746067345,282.78
26.768873174,282.78
26.792086013,282.78
26.815396228,283.75
26.838496203,283.75
26.861851731,283.75
26.884635383,283.75
26.907887167,283.75
26.931066245,282.96
26.954219820,282.96
26.977204978,282.96
27.000020887,282.96
27.022898236,283.49
27.045918082,283.49
27.069140265,283.49
27.092577777,283.49
27.115864121,285.29
27.139005280,285.29
27.162008709,285.29
27.184778634,285.29
27.207660847,285.29
27.231276409,286.62
27.254445695,286.62
27.277954728,286.62
27.301360849,286.62
27.324383351,287.06
27.347402685,287.06
27.370432196,287.06
27.393292745,287.06
27.416778930,287.06
27.439970905,286.61
27.463289345,286.61
27.486578793,286.61
27.509578639,286.61
27.532578549,288.45
27.555600220,288.45
27.578521345,288.45
27.604312504,288.45
27.627895009,289.42
27.651387658,289.42
27.674501489,289.42
27.697851609,289.42
27.721017792,289.64
27.744008358,289.64
27.767063629,289.64
27.790029619,289.64
27.813386555,289.64
27.836807236,289.89
27.860027499,289.89
27.883255538,289.89
27.906291961,289.89
27.929062782,290.23
27.952004067,290.23
27.975302731,290.23
27.998523763,290.23
28.021975099,290.79
28.044829505,290.79
28.067541829,290.79
28.090529931,290.79
28.113759955,290.79
28.136646840,289.63
28.159517758,289.63
28.182436611,289.63
28.205726091,289.63
28.229012403,287.37
28.252137210,287.37
28.275117056,287.37
28.298011366,287.37
28.321528687,287.37
28.344626518,285.65
28.368026399,285.65
28.391009445,285.65
28.413949995,285.65
28.436811121,285.23
28.460250778,285.23
28.483317889,285.23
28.506697258,285.23
28.529824465,284.08
28.552854295,284.08
28.576752643,284.08
28.599755817,284.08
28.623160690,284.08
28.646279993,284.12
28.669767587,284.12
28.694718132,284.12
28.717690267,284.12
28.740642081,284.36
28.763297029,284.36
28.786105419,284.36
28.810157367,284.36
28.833450463,283.97
28.856544070,283.97
28.879790094,283.97
28.902702132,283.97
28.925742779,283.97
28.948599872,284.69
28.971716583,284.69
28.995147088,284.69
29.018460217,284.69
29.041649728,285.55
29.065206922,285.55
29.088244048,285.55
29.111032822,285.55
29.134078140,286.34
29.157395173,286.34
29.180894542,286.34
29.204228150,286.34
29.227523679,286.34
29.250609765,286.52
29.273598668,286.52
29.296559570,286.52
29.320389630,286.52
29.343680518,287.81
29.367164624,287.81
29.390477368,287.81
29.413919138,287.81
29.436741735,289.20
29.459958831,289.20
29.483397945,289.20
29.507264709,289.20
29.530414828,289.20
29.552829263,284.57
29.577295359,284.57
29.600351590,284.57
29.624775957,284.57
29.648700673,282.89
29.671932425,282.89
29.696931739,282.89
29.721099177,282.89
29.744775508,310.13
29.768286717,310.13
29.791722407,310.13
29.815116080,310.13
29.838538105,338.96
29.862066755,338.96
29.885801998,338.96
29.909385464,338.96
29.932621632,338.96
29.955712551,363.53
29.980189367,363.53
30.003586176,363.53
30.027175146,363.53
30.050788052,390.16
30.074587584,390.16
30.097631366,390.16
30.121287505,390.16
30.144945596,419.31
30.168236388,419.31
30.191584429,419.31
30.214695412,419.31
30.237999325,419.31
30.261431558,453.18
30.285325490,453.18
30.308773628,453.18
30.332133061,453.18
30.355402765,478.69
30.379056664,478.69
30.402535554,478.69
30.425593897,478.69
30.448849234,504.92
30.472037050,504.92
30.495317667,504.92
30.518387626,504.92
30.541741683,545.84
30.565104316,545.84
30.588449797,545.84
30.611391756,545.84
30.634459315,545.84
30.657880093,549.59
30.681288038,549.59
30.704462094,549.59
30.727188852,549.59
30.774048007,516.78
30.797256591,516.78
30.820882906,516.78
30.843962689,516.78
30.867325386,486.39
30.890081520,486.39
30.912477843,486.39
30.934979639,486.39
30.958195968,486.39
30.982275405,446.51
31.005875671,446.51
31.028829022,446.51
31.052711754,446.51
31.076709303,448.18
31.099676094,448.18
31.122890214,448.18
31.146329584,448.18
31.169742265,448.79
31.193207459,448.79
31.216776429,448.79
31.240049238,448.79
31.263899874,447.03
31.287186411,447.03
31.310460916,447.03
31.334113663,447.03
31.357613577,447.03
31.380756049,443.84
31.404290844,443.84
31.427594149,443.84
31.450640748,443.84
31.474068630,446.07
31.498306949,446.07
31.521768847,446.07
31.545130264,446.07
31.568487874,446.02
31.592502095,446.02
31.615880600,446.02
31.638763583,446.02
31.662073608,446.02
31.685638803,468.67
31.708875611,468.67
31.732099044,468.67
31.755789007,468.67
31.778772694,503.04
31.801723517,503.04
31.824773509,503.04
31.847856429,503.04
31.871099350,529.27
31.894832417,529.27
31.918213131,529.27
31.941475220,529.27
31.964362554,547.55
31.987432674,547.55
32.010789515,547.55
32.034127381,547.55
32.057602271,547.55
32.080643558,526.58
32.103921455,526.58
32.126892726,526.58
32.149997182,526.58
32.173563433,496.89
32.197378581,496.89
32.220624286,496.89
32.243970375,496.89
32.267369713,472.02
32.290533305,472.02
32.313358720,472.02
32.336310855,472.02
32.359075405,472.02
32.382562808,442.19
32.405957729,442.19
32.429405100,442.19
32.453076631,442.19
32.476435297,413.41
32.499811787,413.41
32.522782290,413.41
32.545568280,413.41
32.568570240,387.97
32.592192363,387.97
32.615673238,387.97
32.639089632,387.97
32.662713451,387.97
32.685742195,362.08
32.708830811,362.08
32.731542785,362.08
32.754463656,362.08
32.777590000,331.71
32.801382108,331.71
32.824337412,331.71
32.848054672,331.71
32.871047351,301.46
32.894301408,301.46
32.917970444,301.46
32.941402134,301.46
32.965006753,301.46
32.988260970,296.89
33.011524691,296.89
33.034643451,296.89
33.057515906,296.89
33.080709483,296.01
33.103898004,296.01
33.127300126,296.01
33.150527143,296.01
33.173796560,297.05
33.197029369,297.05
33.219975168,297.05
33.242869415,297.05
33.266289457,297.94
33.290177502,297.94
33.313113093,297.94
33.335645195,297.94
33.358537522,297.94
33.381511481,281.43
33.406102667,281.43
33.429856407,281.43
33.454161479,281.43
33.477792370,305.81
33.501669375,305.81
33.524926601,305.81
33.548960343,305.81
33.572506530,330.96
33.595866412,330.96
33.618889332,330.96
33.642187357,330.96
33.665553223,330.96
33.689217043,355.44
33.712366172,355.44
33.735268771,355.44
33.758166698,355.44
33.781724246,369.18
33.805590819,369.18
33.829028397,369.18
33.852528312,369.18
33.876319012,396.72
33.899560782,396.72
33.922881175,396.72
33.945943488,396.72
33.969294250,420.63
33.992378098,420.63
34.015758620,420.63
34.039319975,420.63
34.063277781,420.63
34.086626751,449.20
34.109595750,449.20
34.132925712,449.20
34.156527100,449.20
34.179853861,465.56
34.203486641,465.56
34.226678170,465.56
34.250106468,465.56
34.273781904,492.11
34.297269691,492.11
34.320673094,492.11
34.343939920,492.11
34.367335578,492.11
34.390568100,531.50
34.414202768,531.50
34.437525850,531.50
34.461234374,531.50
34.484504464,542.21
34.507580088,542.21
34.531302021,542.21
34.555324467,542.21
34.578836126,544.93
34.602151944,544.93
34.625445458,544.93
34.649014781,544.93
34.672098790,544.93
34.695370064,546.85
34.719239837,546.85
34.742504839,546.85
34.765937330,546.85
34.788831545,565.96
34.812065219,565.96
34.836101105,565.96
34.859480187,565.96
34.882953286,565.95
34.906513042,565.95
34.929993757,565.95
34.955789909,565.95
34.979379457,572.26
35.002879564,572.26
35.026291415,572.26
35.049332511,572.26
35.072682409,572.26
35.096042484,571.46
35.120004738,571.46
35.143433292,571.46
35.167109592,571.46
35.190868133,581.74
35.214662546,581.74
35.238229661,581.74
35.261620072,581.74
35.284896562,583.95
35.308251580,583.95
35.331654279,583.95
35.355093106,583.95
35.378768191,583.70
35.402503756,583.70
35.425965399,583.70
35.449437154,583.70
35.473256879,583.70
35.496683322,582.22
35.520112133,582.22
35.543389423,582.22
35.566388728,582.22
35.589596289,582.65
35.612660490,582.65
35.636027285,582.65
35.659994403,582.65
35.683504014,579.34
35.706514071,579.34
35.730705478,579.34
35.754227666,579.34
35.777433020,579.34
35.800834022,573.48
35.825155607,573.48
35.848238176,573.48
35.871589610,573.48
35.894484818,571.19
35.917530011,571.19
35.941065510,571.19
35.964681842,571.19
35.988119709,568.65
36.011979019,568.65
36.035329973,568.65
36.058758144,568.65
36.081957450,568.65
36.105400309,570.83
36.128997025,570.83
36.152477772,570.83
36.176421434,570.83
36.199497571,570.43
36.222811022,570.43
36.246220472,570.43
36.269764388,570.43
36.293189519,569.85
36.316705659,569.85
36.339806084,569.85
36.363197807,569.85
36.386733051,570.24
36.410000870,570.24
36.433306576,570.24
36.456802812,570.24
36.480042214,570.24
36.503687347,574.94
36.526852188,574.94
36.550130695,574.94
36.577160039,574.94
36.600462258,573.46
36.623837597,573.46
36.647339113,573.46
36.671278359,573.46
36.694861027,574.50
36.718471567,574.50
36.741350455,574.50
36.764636866,574.50
36.787665931,574.50
36.810961109,577.57
36.834002334,577.57
36.857053511,577.57
36.880318257,577.57
36.903406971,576.59
36.926284387,576.59
36.949818447,576.59
36.973857501,576.59
36.997133704,554.20
37.020475058,554.20
37.044112191,554.20
37.067436618,554.20
37.090640788,554.20
37.113737373,540.13
37.137065000,540.13
37.160444754,540.13
37.183981150,540.13
37.207442890,529.35
37.230796149,529.35
37.254442881,529.35
37.277677931,529.35
37.301094327,531.68
37.324449186,531.68
37.347794029,531.68
37.371106648,531.68
37.394673316,531.45
37.418026800,531.45
37.441514363,531.45
37.464684518,531.45
37.488082129,531.45
37.511799550,531.43
37.535076489,531.43
37.558158258,531.43
37.584130765,531.43
37.607550872,530.10
37.630826883,530.10
37.654247951,530.10
37.677395449,530.10
37.700806244,529.90
37.724290864,529.90
37.747587323,529.90
37.771143495,529.90
37.794296721,529.90
37.817141657,532.91
37.840573093,532.91
37.863858543,532.91
37.887295099,532.91
37.910318532,533.15
37.933864400,533.15
37.957672190,533.15
37.981620877,533.15
38.004726102,533.64
38.027833952,533.64
38.051150859,533.64
38.074900696,533.64
38.098836711,533.64
38.121295501,518.72
38.143855315,518.72
38.166674075,518.72
38.190280392,518.72
38.214185494,493.77
38.237578497,493.77
38.260506570,493.77
38.284495225,493.77
38.308008869,494.06
38.331422481,494.06
38.354950878,494.06
38.378344745,494.06
38.401620212,493.97
38.425418754,493.97
38.448664301,493.97
38.472202970,493.97
38.495806374,493.97
38.518997169,496.16
38.542493725,496.16
38.566366092,496.16
38.589472821,496.16
38.612832801,495.86
38.636287885,495.86
38.659632120,495.86
38.683212485,495.86
38.707021843,495.67
38.729787995,495.67
38.753643721,495.67
38.777011317,495.67
38.800301024,495.67
38.823501322,492.26
38.847492154,492.26
38.870632772,492.26
38.894350961,492.26
38.917642140,492.16
38.941051912,492.16
38.964673717,492.16
38.988541124,492.16
39.011738318,514.56
39.034949401,514.56
39.058119171,514.56
39.081725904,514.56
39.105334301,514.56
39.128269926,555.83
39.153039033,555.83
39.176518662,555.83
39.199691280,555.83
39.223232892,581.39
39.246946890,581.39
39.270363382,581.39
39.294045411,581.39
39.317508944,582.64
39.340755931,582.64
39.364306344,582.64
39.388032790,582.64
39.411191840,582.43
39.434370283,582.43
39.458356602,582.43
39.481646469,582.43
39.504851280,582.43
39.527626137,586.03
39.550988708,586.03
39.577285090,586.03
39.600437580,586.03
39.623631895,576.85
39.646729249,576.85
39.670169453,576.85
39.694076220,576.85
39.717752810,571.92
39.740943092,571.92
39.764018623,571.92
39.787076168,571.92
39.810865751,571.92
39.834459396,564.31
39.857730063,564.31
39.881234108,564.31
39.904495591,564.31
39.927513072,562.14
39.950649691,562.14
39.973937478,562.14
39.997258290,562.14
40.020393340,560.38
40.043870600,560.38
40.067622710,560.38
40.090888802,560.38
40.114022956,554.28
40.137193079,554.28
40.160488034,554.28
40.183585484,554.28
40.206814295,554.28
40.230475973,557.17
40.253964081,557.17
40.277279869,557.17
40.300538984,557.17
40.324205590,555.68
40.347381345,555.68
40.370414923,555.68
40.393895224,555.68
40.417518597,552.86
40.440987090,552.86
40.464212733,552.86
40.487430728,552.86
40.510894869,552.86
40.534405474,552.63
40.557039209,552.63
40.583530696,552.63
40.607251126,552.63
40.630442113,561.03
40.653858542,561.03
40.677485723,561.03
40.700950472,561.03
40.724269364,571.34
40.747520319,571.34
40.770950091,571.34
40.794065206,571.34
40.817270305,571.34
40.840557133,575.98
40.863894201,575.98
40.887378117,575.98
40.910293199,575.98
40.933596058,572.95
40.957007495,572.95
40.980367283,572.95
41.003889824,572.95
41.027045418,543.33
41.050036628,543.33
41.073000670,543.33
41.096293193,543.33
41.119829174,543.33
41.143044898,518.41
41.166180204,518.41
41.189234646,518.41
41.212457186,518.41
41.236065839,488.62
41.258975832,488.62
41.281424607,488.62
41.303817318,488.62
41.326811568,446.36
41.350499486,446.36
41.374811312,446.36
41.398195260,446.36
41.421325927,446.36
41.444913845,445.33
41.468156065,445.33
41.491350668,445.33
41.514966938,445.33
41.538529319,439.47
41.561775219,439.47
41.585584258,439.47
41.608775437,439.47
41.632138650,443.79
41.655782439,443.79
41.679144564,443.79
41.702450112,443.79
41.726313871,440.57
41.748967223,440.57
41.772354020,440.57
41.796032338,440.57
41.819534303,440.57
41.843045772,442.50
41.866942044,442.50
41.889938790,442.50
41.913425523,442.50
41.937059457,448.10
41.960848240,448.10
41.984458301,448.10
42.008209324,448.10
42.031798554,472.88
42.055933707,472.88
42.079501816,472.88
42.103028806,472.88
42.127136342,472.88
42.150916869,506.17
42.174979382,506.17
42.199278920,506.17
42.223041750,506.17
42.246934822,532.31
42.270563124,532.31
42.296474736,532.31
42.320857506,532.31
42.344565393,571.45
42.368206111,571.45
42.391528620,571.45
42.415502140,571.45
42.438455654,571.62
42.462130709,571.62
42.485715043,571.62
42.509139216,571.62
42.532560956,575.86
42.556207691,575.86
42.579684344,575.86
42.604500045,575.86
42.628040859,575.86
42.651696041,575.89
42.675553849,575.89
42.699306088,575.89
42.722935638,575.89
42.747037063,573.01
42.770540469,573.01
42.794355108,573.01
42.818251604,573.01
42.841472288,576.78
42.865006125,576.78
42.888634075,576.78
42.911968104,576.78
42.935393205,576.78
42.958741889,579.21
42.981709131,579.21
43.005419514,579.21
43.028877255,579.21
43.052505974,580.53
43.075997059,580.53
43.099767314,580.53
43.122978782,580.53
43.146339274,580.96
43.169893400,580.96
43.193546566,580.96
43.217278805,580.96
43.240773731,584.96
43.264234608,584.96
43.288928901,584.96
43.312540979,584.96
43.341255840,587.48
43.365024815,587.48
43.389579939,587.48
43.412875248,587.48
43.436325245,587.48
43.459898092,584.91
43.484234718,584.91
43.507876845,584.91
43.531957758,584.91
43.555780334,581.06
43.579118714,581.06
43.602523016,581.06
43.626685881,581.06
43.649680740,585.00
43.672766255,585.00
43.696040380,585.00
43.719602826,585.00
43.742972215,585.00
43.767037608,586.87
43.790459765,586.87
43.814001123,586.87
43.837779314,586.87
43.861135967,586.58
43.884781710,586.58
43.908400732,586.58
43.931563560,586.58
43.955337783,587.05
43.979081318,587.05
44.002670325,587.05
44.026107522,587.05
44.049475887,589.26
44.072825948,589.26
44.096623243,589.26
44.120051000,589.26
44.143256772,589.26
44.166061742,576.65
44.189689980,576.65
44.213197002,576.65
44.237251099,576.65
44.260652808,564.98
44.284059094,564.98
44.308014054,564.98
44.331855766,564.98
44.355562662,565.70
44.379486998,565.70
44.403095941,565.70
44.426621523,565.70
44.450041377,562.69
44.473401038,562.69
44.497555872,562.69
44.520792940,562.69
44.544128601,562.69
44.567887721,568.62
44.591148885,568.62
44.614648643,568.62
44.637929808,568.62
44.661489118,564.57
44.685008684,564.57
44.708915101,564.57
44.732396299,564.57
44.756337435,563.55
44.779638472,563.55
44.802831700,563.55
44.826145921,563.55
44.850005169,563.55
44.872837371,566.30
44.896520010,566.30
44.920040409,566.30
44.943434790,566.30
44.967112725,564.63
44.990721604,564.63
45.013590350,564.63
45.036770970,564.63
45.059694180,559.78
45.083030385,559.78
45.106070141,559.78
45.129272329,559.78
45.152789431,559.78
45.176140036,561.77
45.199475505,561.77
45.222607677,561.77
45.245414567,561.77
45.268504914,544.84
45.291766847,544.84
45.315423022,544.84
45.339254526,544.84
45.362518155,514.80
45.385607127,514.80
45.408714979,514.80
45.432169169,514.80
45.455552799,514.80
45.478986828,486.83
45.502316250,486.83
45.525434406,486.83
45.548563282,486.83
45.571733022,461.02
45.595199244,461.02
45.617964054,461.02
45.640943809,461.02
45.663562666,417.93
45.686685430,417.93
45.710131172,417.93
45.733688947,417.93
45.757242465,417.93
45.780680911,402.17
45.804785377,402.17
45.828105390,402.17
45.851744381,402.17
45.874863081,401.43
45.898074710,401.43
45.921480740,401.43
45.945391380,401.43
45.968652609,395.92
45.991931502,395.92
46.015509373,395.92
46.038965483,395.92
46.062703067,402.45
46.086597227,402.45
46.110245115,402.45
46.133557384,402.45
46.156842837,402.45
46.180189634,408.63
46.203802545,408.63
46.227115422,408.63
46.250456747,408.63
46.273990266,435.33
46.297452200,435.33
46.320938487,435.33
46.344593606,435.33
46.368029653,471.02
46.391453955,471.02
46.414888017,471.02
46.438068221,471.02
46.461436043,471.02
46.487959820,493.94
46.510891255,493.94
46.534011811,493.94
46.557181616,493.94
46.583028557,530.18
46.606029880,530.18
46.629120900,530.18
46.652534579,530.18
46.676340067,551.31
46.699528304,551.31
46.722334138,551.31
46.745456742,551.31
46.768763316,536.83
46.792090945,536.83
46.816031538,536.83
46.839127038,536.83
46.862729230,536.83
46.886052795,510.40
46.908732549,510.40
46.931212269,510.40
46.953818422,510.40
46.976770977,472.09
47.000364337,472.09
47.023960192,472.09
47.047221229,472.09
47.070605947,469.93
47.094121385,469.93
47.117059701,469.93
47.140600931,469.93
47.164443700,469.93
47.187651009,469.29
47.211233616,469.29
47.234889344,469.29
47.258157741,469.29
47.281745212,470.58
47.305141706,470.58
47.328446520,470.58
47.352126760,470.58
47.375572406,467.69
47.398779107,467.69
47.422343443,467.69
47.445616032,467.69
47.469060591,467.69
47.492468861,468.69
47.515900907,468.69
47.541519687,468.69
47.565303128,468.69
47.590747698,465.15
47.614027488,465.15
47.637726384,465.15
47.660849052,465.15
47.684345483,474.57
47.707639513,474.57
47.730975655,474.57
47.754555990,474.57
47.777898628,501.87
47.800427021,501.87
47.824335870,501.87
47.847491115,501.87
47.870662488,501.87
47.893761220,529.26
47.916830545,529.26
47.940022845,529.26
47.963536012,529.26
47.986969403,551.55
48.010212392,551.55
48.033001299,551.55
48.056014591,551.55
48.079501549,528.79
48.103026780,528.79
48.126930126,528.79
48.150359324,528.79
48.173622409,528.79
48.196688118,502.60
48.220284005,502.60
48.243281105,502.60
48.266399485,502.60
48.289813420,473.30
48.313023609,473.30
48.336457768,473.30
48.359779414,473.30
48.382697346,447.51
48.405631438,447.51
48.428755418,447.51
48.451681286,447.51
48.475519543,447.51
48.498801701,418.77
48.522747959,418.77
48.545622210,418.77
48.568246956,418.77
48.591315321,394.39
48.614636903,394.39
48.639806720,394.39
48.663963027,394.39
48.687480994,367.71
48.710406190,367.71
48.733104984,367.71
48.756027076,367.71
48.779373010,367.71
48.802654976,334.74
48.825824717,334.74
48.848766713,334.74
48.872484265,334.74
48.895472501,313.47
48.918582498,313.47
48.941971472,313.47
48.965941346,313.47
48.989155664,296.20
49.012133468,296.20
49.035160776,296.20
49.058512278,296.20
49.082001413,296.20
49.105233107,297.02
49.128252223,297.02
49.150843785,297.02
49.174383000,297.02
49.197503813,295.69
49.221128309,295.69
49.244492963,295.69
49.267653520,295.69
49.290727773,294.02
49.313966059,294.02
49.336981719,294.02
49.360244581,294.02
49.383552883,294.02
49.406926594,293.58
49.430163056,293.58
49.453198268,293.58
49.476745644,293.58
49.499872889,292.57
49.523365705,292.57
49.546454870,292.57
49.570355655,292.57
49.593586197,293.21
49.617183397,293.21
49.643034755,293.21
49.666008687,293.21
49.690236867,295.04
49.713088751,295.04
49.736070363,295.04
49.759119240,295.04
49.782459574,295.04
49.805646627,296.43
49.828779793,296.43
49.851890526,296.43
49.874749481,296.43
49.897634549,294.70
49.920898499,294.70
49.944217905,294.70
49.967283582,294.70
49.990313354,294.70
50.013695641,295.76
50.036810854,295.76
50.059884947,295.76
50.083137345,295.76
50.106312078,295.51
50.129680029,295.51
50.153009995,295.51
50.176186457,295.51
50.199054692,297.18
50.222144081,297.18
50.245099293,297.18
50.268640301,297.18
50.292047548,297.18
50.315444459,296.79
50.338696601,296.79
50.361603174,296.79
50.384592722,296.79
50.407406270,296.25
50.430336490,296.25
50.453637912,296.25
50.477375081,296.25
50.500747480,296.89
50.524211976,296.89
50.547158804,296.89
50.570223329,296.89
50.593341199,296.89
50.616087546,297.69
50.639671914,297.69
50.663069977,297.69
50.688145650,297.69
50.711223487,296.50
50.735146098,296.50
50.758142558,296.50
50.781455885,296.50
50.804199096,296.06
50.827235429,296.06
50.850185649,296.06
50.873170110,296.06
50.896463564,296.06
50.920053628,297.40
50.943434411,297.40
50.966641017,297.40
50.989837191,297.40
51.012580338,298.92
51.035510078,298.92
51.058894797,298.92
51.082417373,298.92
51.106040046,298.57
51.129304412,298.57
51.152307273,298.57
51.175121204,298.57
51.198488739,298.57
51.221406351,298.36
51.244695454,298.36
51.268013132,298.36
51.291578429,298.36
51.314984396,298.10
51.338099130,298.10
51.361291912,298.10
51.384230324,298.10
51.407635268,299.62
51.430559536,299.62
51.453838111,299.62
51.477243566,299.62
51.500573725,299.62
51.523937868,300.66
51.546787000,300.66
51.569863750,300.66
51.592929011,300.66
51.616103457,300.28
51.639155182,300.28
51.662362556,300.28
51.685724236,300.28
51.709073531,300.17
51.734027700,300.17
51.757654052,300.17
51.781925337,300.17
51.805023975,300.08
51.827928627,300.08
51.851326914,300.08
51.874607409,300.08
51.897865055,300.08
51.921201294,299.90
51.944652030,299.90
51.967946125,299.90
51.991039418,299.90
52.014020679,300.69
52.036728402,300.69
52.059663295,300.69
52.082978574,300.69
52.106266844,301.56
52.129719980,301.56
52.153117947,301.56
52.176466570,301.56
52.199860474,301.56
52.222925511,300.79
52.246132853,300.79
52.269462788,300.79
52.292979733,300.79
52.316375652,300.66
52.339491314,300.66
52.362455775,300.66
52.385488460,300.66
52.408533786,301.07
52.431503431,301.07
52.455084152,301.07
52.478189286,301.07
52.501482261,301.07
52.524786916,300.74
52.547800817,300.74
52.570823358,300.74
52.593881420,300.74
52.616942553,299.76
52.640004391,299.76
52.663350710,299.76
52.686665349,299.76
52.710077013,299.63
52.733398980,299.63
52.756150064,299.63
52.779171549,299.63
52.802605389,299.63
52.828668333,299.68
52.852207326,299.68
52.875564237,299.68
52.898590618,299.68
52.921526663,297.56
52.944631157,297.56
52.967886980,297.56
52.991367348,297.56
53.014628963,296.74
53.037622192,296.74
53.060449020,296.74
53.083361001,296.74
53.106497783,296.74
53.129619589,295.57
53.153493015,295.57
53.176721894,295.57
53.199698387,295.57
53.222696544,295.76
53.245713773,295.76
53.268709563,295.76
53.291991082,295.76
53.315282969,295.93
53.338688969,295.93
53.361584822,295.93
53.384336994,295.93
53.407417584,295.93
53.430308797,294.82
53.453742701,294.82
53.477139549,294.82
53.500397260,294.82
53.523369401,295.29
53.546285222,295.29
53.569424052,295.29
53.592378753,295.29
53.615325775,295.29
53.638756031,295.27
53.661936973,295.27
53.685285533,295.27
53.708915246,295.27
53.731993980,294.16
53.754943113,294.16
53.778530427,294.16
53.801817162,294.16
53.825108505,295.56
53.848109990,295.56
53.871393942,295.56
53.894719717,295.56
53.918021365,295.56
53.941070562,297.85
53.964283441,297.85
53.987620385,297.85
54.010938800,297.85
54.034164063,297.38
54.057224685,297.38
54.080711645,297.38
54.104147629,297.38
54.127202203,296.81
54.150019464,296.81
54.172556690,296.81
54.195108349,296.81
54.218019818,296.81
54.241429338,281.81
54.265182252,281.81
54.288393211,281.81
54.311839371,281.81
54.335506653,311.34
54.359016270,311.34
54.382537535,311.34
54.406067728,311.34
54.429507713,335.57
54.453126898,335.57
54.476352481,335.57
54.498960109,335.57
54.522270812,335.57
54.545320138,361.29
54.568557146,361.29
54.591645672,361.29
54.614832343,361.29
54.638040998,386.55
54.661502454,386.55
54.684924519,386.55
54.708125814,386.55
54.730830594,385.18
54.753694767,385.18
54.776860093,385.18
54.799968844,385.18
54.823326300,385.18
54.846264745,385.44
54.868681971,385.44
54.891953539,385.44
54.915676181,385.44
54.938950084,385.02
54.962023762,385.02
54.984926912,385.02
55.007848845,385.02
55.030889147,385.17
55.054101450,385.17
55.077536058,385.17
55.100660425,385.17
55.123836696,385.17
55.146725221,382.78
55.170437943,382.78
55.193485733,382.78
55.217303960,382.78
55.240503623,398.38
55.263759030,398.38
55.287236711,398.38
55.310300469,398.38
55.333161763,370.24
55.356340530,370.24
55.379515329,370.24
55.402811249,370.24
55.426527875,370.24
55.450189845,340.77
55.473389540,340.77
55.495923088,340.77
55.519082974,340.77
55.541884331,300.62
55.564862105,300.62
55.588405835,300.62
55.611995292,300.62
55.635451021,304.64
55.658807005,304.64
55.682518224,304.64
55.705788895,304.64
55.729354801,304.64
55.752785666,332.77
55.777004439,332.77
55.800015877,332.77
55.822991827,332.77
55.846247075,358.32
55.869314417,358.32
55.892337823,358.32
55.915920465,358.32
55.974167033,382.18
55.997150247,382.18
56.020259829,382.18
56.043490341,382.18
56.066500435,384.40
56.090226629,384.40
56.113522773,384.40
56.136682084,384.40
56.160167861,384.40
56.184170281,383.59
56.207335160,383.59
56.230436551,383.59
56.253373653,383.59
56.276150433,384.26
56.299396945,384.26
56.322703521,384.26
56.346188787,384.26
56.369594499,385.62
56.392785619,385.62
56.415777121,385.62
56.438584846,385.62
56.461672541,385.62
56.485094894,383.76
56.508295646,383.76
56.531403149,383.76
56.554936254,383.76
56.584522869,400.93
56.607901542,400.93
56.631145014,400.93
56.654425542,400.93
56.677477108,377.69
56.700058368,377.69
56.722181385,377.69
56.744619636,377.69
56.767522145,328.11
56.791991609,328.11
56.815410474,328.11
56.838798714,328.11
56.862012842,328.11
56.886512642,331.50
56.909556272,331.50
56.933093506,331.50
56.956821269,331.50
56.980157957,337.80
57.003702039,337.80
57.026842758,337.80
57.050060949,337.80
57.073312741,367.19
57.096627029,367.19
57.119475203,367.19
57.142259696,367.19
57.165243966,387.42
57.189429524,387.42
57.212759012,387.42
57.236089620,387.42
57.259247524,387.42
57.281818607,384.80
57.304843902,384.80
57.328090190,384.80
57.351535552,384.80
57.374725455,385.48
57.398085408,385.48
57.421134927,385.48
57.444216862,385.48
57.467306349,385.48
57.490802143,386.32
57.514341521,386.32
57.537540001,386.32
57.560791409,386.32
57.583954752,386.29
57.607317393,386.29
57.630256991,386.29
57.653414799,386.29
57.676685599,389.43
57.700289137,389.43
57.723189695,389.43
57.745980685,389.43
57.768532920,389.43
57.791476775,386.85
57.815149209,386.85
57.838752940,386.85
57.862518431,386.85
57.886063313,378.68
57.909930629,378.68
57.933474679,378.68
57.956772039,378.68
57.980399770,387.77
58.004040332,387.77
58.027789567,387.77
58.051152304,387.77
58.074024958,388.62
58.097386639,388.62
58.120313853,388.62
58.143412844,388.62
58.166668060,388.62
58.190054509,392.45
58.213167452,392.45
58.236524589,392.45
58.260074975,392.45
58.283372784,392.74
58.306627584,392.74
58.329956497,392.74
58.353274274,392.74
58.377353048,391.66
58.401136971,391.66
58.424605405,391.66
58.448306256,391.66
58.472156932,391.66
58.495705047,401.38
58.518882023,401.38
58.542646618,401.38
58.566751248,401.38
58.590414083,417.61
58.613978165,417.61
58.637487111,417.61
58.660942649,417.61
58.684318314,444.14
58.708430624,444.14
58.731656816,444.14
58.755085634,444.14
58.778874517,480.01
58.801838628,480.01
58.825156469,480.01
58.848457221,480.01
58.871973367,480.01
58.895522570,490.01
58.919071004,490.01
58.941786921,490.01
58.965231675,490.01
58.988585420,484.20
59.012400096,484.20
59.035613584,484.20
59.058570974,484.20
59.081479757,484.94
59.104403323,484.94
59.127417418,484.94
59.152554086,484.94
59.175764086,484.94
59.199105415,478.64
59.222469944,478.64
59.245472935,478.64
59.268149940,478.64
59.291476677,478.26
59.314832822,478.26
59.337869926,478.26
59.360614387,478.26
59.383633442,474.17
59.407134613,474.17
59.430522854,474.17
59.454482107,474.17
59.477853549,474.17
59.500514426,465.75
59.522948357,465.75
59.545915380,465.75
59.569687816,465.75
59.599782275,443.76
59.623360982,443.76
59.646703047,443.76
59.670391099,443.76
59.693769644,447.30
59.717155038,447.30
59.740642352,447.30
59.764185858,447.30
59.787903126,447.30
59.811971020,451.80
59.834768986,451.80
59.857713352,451.80
59.880672631,451.80
59.903598726,447.64
59.926417396,447.64
59.949574532,447.64
59.973136054,447.64
59.996424679,433.61
60.019627480,433.61
60.042275717,433.61
60.065370996,433.61
60.089145640,433.61
60.112576282,410.33
60.136071724,410.33
60.159633951,410.33
60.183274994,410.33
60.206796324,388.05
60.229393073,388.05
60.251803420,388.05
60.274441641,388.05
60.297189079,377.17
60.321100492,377.17
60.344928129,377.17
60.368539668,377.17
60.391932038,406.71
60.415712474,406.71
60.438686217,406.71
60.461800921,406.71
60.485044106,406.71
60.508196251,438.61
60.531765102,438.61
60.555090687,438.61
60.582774508,438.61
60.605627258,460.58
60.628549129,460.58
60.651436152,460.58
60.674629800,460.58
60.697266901,454.29
60.720826056,454.29
60.744527836,454.29
60.767767661,454.29
60.790386234,454.29
60.812936902,416.88
60.835821237,416.88
60.859339304,416.88
60.883298205,416.88
60.906991889,403.20
60.930166497,403.20
60.953202129,403.20
60.976526690,403.20
61.000216118,416.10
61.023737289,416.10
61.046997722,416.10
61.070363275,416.10
61.094244640,440.48
61.118216342,440.48
61.141496359,440.48
61.165030041,440.48
61.188499596,440.48
61.211464443,471.19
61.234368746,471.19
61.257887420,471.19
61.281814482,471.19
61.305090691,510.11
61.328718807,510.11
61.352160969,510.11
61.375331674,510.11
61.398790700,512.95
61.422304127,512.95
61.446075924,512.95
61.469236068,512.95
61.492643158,512.95
61.515779175,513.53
61.538971480,513.53
61.561976455,513.53
61.585195480,513.53
61.608428842,517.11
61.632239326,517.11
61.655742161,517.11
61.678761473,517.11
61.701458031,497.85
61.724583903,497.85
61.747753456,497.85
61.770980001,497.85
61.794335571,497.85
61.817628676,506.70
61.840845045,506.70
61.863769636,506.70
61.886925557,506.70
61.909768324,496.88
61.932742995,496.88
61.956066053,496.88
61.979330646,496.88
62.002822089,471.50
62.026357020,471.50
62.049454508,471.50
62.072300219,471.50
62.095181802,471.50
62.118153849,434.24
62.141818605,434.24
62.165869251,434.24
62.189655672,434.24
62.213603597,420.94
62.237012384,420.94
62.260223473,420.94
62.283674051,420.94
62.307523705,421.05
62.330787594,421.05
62.354175996,421.05
62.378009458,421.05
62.401495525,421.05
62.425093304,420.34
62.448562891,420.34
62.471798652,420.34
62.494813549,420.34
62.517763740,422.75
62.541176335,422.75
62.564938147,422.75
62.588521463,422.75
62.611863369,421.19
62.635476701,421.19
62.658638574,421.19
62.681823359,421.19
62.705277074,421.19
62.729501321,448.33
62.752979676,448.33
62.776014604,448.33
62.799349406,448.33
62.822233613,471.06
62.845116509,471.06
62.868221549,471.06
62.891596991,471.06
62.914817233,490.90
62.938368228,490.90
62.961036562,490.90
62.983522047,490.90
63.006214669,490.90
63.028992763,475.17
63.052705552,475.17
63.076344196,475.17
63.099982967,475.17
63.123392330,508.48
63.147156319,508.48
63.170093934,508.48
63.193568257,508.48
63.216711506,516.41
63.239961795,516.41
63.263443126,516.41
63.286870665,516.41
63.310377597,515.59
63.334495380,515.59
63.357599685,515.59
63.380589781,515.59
63.403886599,515.59
63.427285785,518.77
63.450876813,518.77
63.474116895,518.77
63.496768045,518.77
63.519154393,482.36
63.541927912,482.36
63.565311067,482.36
63.590373848,482.36
63.613830731,482.36
63.637246174,472.95
63.661041427,472.95
63.684305605,472.95
63.707531990,472.95
63.730817768,473.80
63.754458845,473.80
63.777699406,473.80
63.801643588,473.80
63.824796182,477.30
63.848591179,477.30
63.871823868,477.30
63.895180463,477.30
63.918752515,477.30
63.942189366,482.56
63.965366823,482.56
63.988735865,482.56
64.012334925,482.56
64.035560607,517.34
64.059362708,517.34
64.082815431,517.34
64.106064985,517.34
64.129700109,526.11
64.152966911,526.11
64.176359314,526.11
64.199825093,526.11
64.223380633,533.85
64.247526640,533.85
64.271101508,533.85
64.294418742,533.85
64.318205676,533.85
64.344296943,535.60
64.367533857,535.60
64.390485682,535.60
64.413470370,535.60
64.436318577,530.71
64.459344258,530.71
64.482205906,530.71
64.505983431,530.71
64.529177625,556.80
64.552347306,556.80
64.577801226,556.80
64.601224733,556.80
64.625110163,539.41
64.648431878,539.41
64.671164277,539.41
64.693644834,539.41
64.716520465,539.41
64.739893604,499.99
64.764068444,499.99
64.787799825,499.99
64.811323941,499.99
64.835301596,494.81
64.858723055,494.81
64.882047969,494.81
64.906231513,494.81
64.929541419,495.26
64.953243712,495.26
64.976977781,495.26
64.999868901,495.26
65.023126327,495.26
65.046974093,497.02
65.069987614,497.02
65.092934798,497.02
65.116404065,497.02
65.139556755,497.61
65.162981254,497.61
65.186308888,497.61
65.209519498,497.61
65.232677116,467.92
65.255831949,467.92
65.278736925,467.92
65.302065552,467.92
65.325345634,437.50
65.349753148,437.50
65.372847917,437.50
65.398460174,437.50
65.421259166,437.50
65.443733611,406.92
65.466021751,406.92
65.488446501,406.92
65.511514646,406.92
65.535178987,390.60
65.558676926,390.60
65.584535553,390.60
65.608203926,390.60
65.631693290,415.78
65.655115133,415.78
65.678736722,415.78
65.701977764,415.78
65.725729754,415.78
65.749182413,455.38
65.772721857,455.38
65.795805843,455.38
65.819200998,455.38
65.842455480,458.49
65.865726059,458.49
65.888711643,458.49
65.911996014,458.49
65.935171488,451.44
65.958155024,451.44
65.981413635,451.44
66.005080568,451.44
66.028729548,451.44
66.052111616,425.03
66.074370636,425.03
66.096754585,425.03
66.119576040,425.03
66.142987931,389.93
66.167049107,389.93
66.190713096,389.93
66.214873536,389.93
66.238585205,413.90
66.262195306,413.90
66.285770942,413.90
66.309344883,413.90
66.332976168,439.52
66.356743550,439.52
66.379938320,439.52
66.402817984,439.52
66.426268852,439.52
66.450528397,465.33
66.473724831,465.33
66.497369716,465.33
66.520761032,465.33
66.543898649,500.33
66.568007025,500.33
66.591550278,500.33
66.614592599,500.33
66.638166316,506.32
66.661182717,506.32
66.684694609,506.32
66.708180613,506.32
66.731968475,506.32
66.755640112,503.44
66.779270373,503.44
66.802573944,503.44
66.826952146,503.44
66.850499526,499.72
66.873741529,499.72
66.897134988,499.72
66.920628321,499.72
66.944510007,496.20
66.968061292,496.20
66.991960034,496.20
67.015490071,496.20
67.039281357,521.24
67.063208163,521.24
67.086816056,521.24
67.110266220,521.24
67.134013090,521.24
67.157195092,561.91
67.180808297,561.91
67.204513118,561.91
67.227874194,561.91
67.251049828,562.91
67.275037019,562.91
67.298594512,562.91
67.321832931,562.91
67.345298935,563.12
67.369076781,563.12
67.392414016,563.12
67.415579475,563.12
67.439031623,563.12
67.462683772,568.17
67.486087824,568.17
67.509604101,568.17
67.534444897,568.17
67.557680148,568.34
67.581547563,568.34
67.605032351,568.34
67.628412723,568.34
67.652078568,566.99
67.675313307,566.99
67.698446765,566.99
67.721935458,566.99
67.745795640,568.61
67.769076363,568.61
67.792519615,568.61
67.815893683,568.61
67.839740970,568.61
67.863088733,573.45
67.886728370,573.45
67.909818340,573.45
67.932646869,573.45
67.955628102,577.27
67.978660055,577.27
68.001429799,577.27
68.024447448,577.27
68.047844652,561.51
68.071589634,561.51
68.095341880,561.51
68.118125864,561.51
68.140704951,561.51
68.163278277,523.31
68.186626745,523.31
68.210325742,523.31
68.234212741,523.31
68.257749882,517.72
68.281766898,517.72
68.305278119,517.72
68.328708795,517.72
68.352818931,517.31
68.376473385,517.31
68.400334464,517.31
68.424004246,517.31
68.447483627,517.31
68.470839902,519.13
68.494492244,519.13
68.517502630,519.13
68.541613918,519.13
68.564779089,522.01
68.588144645,522.01
68.611543321,522.01
68.635187214,522.01
68.658558690,518.88
68.682021431,518.88
68.705358826,518.88
68.729067392,518.88
68.752638645,521.91
68.776771150,521.91
68.800311971,521.91
68.824108538,521.91
68.847481934,521.91
68.871015170,520.98
68.894494391,520.98
68.918092780,520.98
68.941609217,520.98
68.965157654,526.43
68.988031591,526.43
69.011413819,526.43
69.034675438,526.43
69.058226403,540.88
69.082148922,540.88
69.105461998,540.88
69.128503136,540.88
69.151867220,540.88
69.175143303,570.84
69.198686908,570.84
69.221841102,570.84
69.244964897,570.84
69.268219508,586.79
69.291324742,586.79
69.314646490,586.79
69.337670220,586.79
69.360875775,588.91
69.384103091,588.91
69.407327878,588.91
69.430610425,588.91
69.454035342,588.91
69.477642115,560.75
69.500956887,560.75
69.524210667,560.75
69.547166492,560.75
69.570365903,533.03
69.594340199,533.03
69.616811766,533.03
69.639450693,533.03
69.662420791,490.78
69.686115917,490.78
69.709594818,490.78
69.732882262,490.78
69.756566668,490.78
69.780336226,487.71
69.803292212,487.71
69.827147659,487.71
69.850642912,487.71
69.874005204,489.36
69.897548809,489.36
69.920850493,489.36
69.944105041,489.36
69.967364292,484.75
69.991003674,484.75
70.014279629,484.75
70.037331680,484.75
70.060714900,484.75
70.084880269,488.20
70.107967039,488.20
70.131163250,488.20
70.154300613,488.20
70.177508312,465.26
70.200673099,465.26
70.223796990,465.26
70.247202706,465.26
70.270310820,432.94
70.292951060,432.94
70.315882278,432.94
70.339032121,432.94
70.362375981,432.94
70.386738792,401.96
70.409786426,401.96
70.432449386,401.96
70.455350204,401.96
70.478746480,395.21
70.502221765,395.21
70.525509081,395.21
70.549261968,395.21
70.572425539,420.20
70.595982873,420.20
70.619398446,420.20
70.675754451,420.20
70.698835238,467.31
70.722063258,467.31
70.745032331,467.31
70.768195070,467.31
70.791709044,466.68
70.814897159,466.68
70.838092730,466.68
70.861496559,466.68
70.885050085,454.27
70.908518682,454.27
70.932016143,454.27
70.955290051,454.27
70.978177748,454.27
71.001228326,421.14
71.025120414,421.14
71.049095958,421.14
71.073360529,421.14
71.096916902,410.52
71.120556604,410.52
71.144261779,410.52
71.168466701,410.52
71.193058985,433.86
71.216839488,433.86
71.240151380,433.86
71.263497480,433.86
71.287429664,461.44
71.311224472,461.44
71.334798606,461.44
71.358056898,461.44
71.381478135,461.44
71.405281902,487.39
71.428995621,487.39
71.452537275,487.39
71.475663566,487.39
71.498884834,520.13
71.522520696,520.13
71.546174863,520.13
71.570001702,520.13
71.593549276,519.91
71.617273267,519.91
71.640424742,519.91
71.664108733,519.91
71.687805780,513.92
71.713611448,513.92
71.736808203,513.92
71.760099040,513.92
71.783748534,513.92
71.807583214,515.58
71.831350309,515.58
71.854332375,515.58
71.877400682,515.58
71.901111873,521.64
71.924929208,521.64
71.948555887,521.64
71.972016932,521.64
71.995269528,545.05
72.018397931,545.05
72.041380605,545.05
72.064514224,545.05
72.087642276,561.48
72.110637590,561.48
72.133528264,561.48
72.156514970,561.48
72.179829742,561.48
72.203253827,544.15
72.226042676,544.15
72.248897030,544.15
72.272698813,544.15
72.296393940,514.14
72.319925674,514.14
72.343493536,514.14
72.366736852,514.14
72.389855496,512.39
72.413655584,512.39
72.437398743,512.39
72.461046510,512.39
72.484349218,512.39
72.507757303,513.53
72.531032684,513.53
72.554221888,513.53
72.578594331,513.53
72.601900847,514.12
72.625063203,514.12
72.648485752,514.12
72.671646956,514.12
72.694880928,504.41
72.718323701,504.41
72.741614186,504.41
72.765137536,504.41
72.788968120,489.26
72.813298995,489.26
72.837062474,489.26
72.860643329,489.26
72.884191863,489.26
72.907640268,488.65
72.930784192,488.65
72.954209429,488.65
72.977607594,488.65
73.000738526,484.25
73.024058162,484.25
73.047097733,484.25
73.070248377,484.25
73.093743278,480.68
73.116997443,480.68
73.139492786,480.68
73.162171075,480.68
73.185736921,476.65
73.209943027,476.65
73.233546602,476.65
73.256511516,476.65
73.279741264,476.65
73.302782723,501.29
73.326737980,501.29
73.350468788,501.29
73.373787337,501.29
73.396952732,503.71
73.420182897,503.71
73.443877800,503.71
73.467302270,503.71
73.490730579,500.04
73.514142089,500.04
73.537662879,500.04
73.561154069,500.04
73.584823212,500.04
73.608384515,488.80
73.631435574,488.80
73.654171943,488.80
73.678082688,488.80
73.701922328,471.42
73.725822449,471.42
73.749723433,471.42
73.773438305,471.42
73.796588148,488.59
73.820970224,488.59
73.844732360,488.59
73.868372511,488.59
73.891464210,491.94
73.914924648,491.94
73.938284605,491.94
73.961410321,491.94
73.984422692,491.94
74.007601592,492.88
74.030857740,492.88
74.054309346,492.88
74.077449718,492.88
74.100437417,487.02
74.123727933,487.02
74.146324910,487.02
74.169010110,487.02
74.192734710,487.02
74.217262131,487.80
74.241023562,487.80
74.264617729,487.80
74.287849718,487.80
74.311214443,486.39
74.334637345,486.39
74.357522259,486.39
74.380582119,486.39
74.404256734,488.96
74.427374962,488.96
74.450782664,488.96
74.473996412,488.96
74.497661268,478.82
74.521223498,478.82
74.544658784,478.82
74.568379672,478.82
74.591584813,478.82
74.614319038,488.36
74.637564915,488.36
74.660611334,488.36
74.684329662,488.36
74.707666899,511.45
74.731250346,511.45
74.754160509,511.45
74.777003823,511.45
74.800338884,510.29
74.823712313,510.29
74.846880078,510.29
74.870148131,510.29
74.893600473,510.29
74.917026894,508.93
74.940279395,508.93
74.963562328,508.93
74.986946510,508.93
75.009807968,490.01
75.033178933,490.01
75.056347178,490.01
75.079024091,490.01
75.101640043,465.27
75.125054017,465.27
75.148518679,465.27
75.172017006,465.27
75.195482244,465.27
75.218568119,492.37
75.241834796,492.37
75.265230946,492.37
75.288792313,492.37
75.312246671,490.48
75.335470436,490.48
75.358669241,490.48
75.382130639,490.48
75.405503269,486.45
75.428712057,486.45
75.451724877,486.45
75.475083139,486.45
75.498513177,486.45
75.522576851,494.94
75.546309035,494.94
75.569753025,494.94
75.593810107,494.94
75.617405971,488.11
75.641268812,488.11
75.664373376,488.11
75.687797750,488.11
75.711222252,490.29
75.735136261,490.29
75.758438971,490.29
75.781609327,490.29
75.804898852,490.29
75.829139872,488.71
75.852318388,488.71
75.875551049,488.71
75.898471868,488.71
75.921520048,493.38
75.944487747,493.38
75.967751320,493.38
75.990865836,493.38
76.014320226,500.95
76.037759193,500.95
76.061106158,500.95
76.084092001,500.95
76.106820051,500.95
76.131079823,499.21
76.154771366,499.21
76.178574559,499.21
76.202059125,499.21
76.225247402,498.49
76.248527775,498.49
76.272171703,498.49
76.296152305,498.49
76.319549575,499.96
76.342785884,499.96
76.365613455,499.96
76.388913956,499.96
76.412267002,501.20
76.435475791,501.20
76.458765221,501.20
76.482068730,501.20
76.505591761,501.20
76.529086824,492.57
76.552822913,492.57
76.578683271,492.57
76.602620576,492.57
76.626567866,492.34
76.650355123,492.34
76.673702377,492.34
76.696661276,492.34
76.719602127,493.42
76.742641027,493.42
76.766364379,493.42
76.789990451,493.42
76.813392937,494.39
76.836726239,494.39
76.859589522,494.39
76.883190857,494.39
76.906774273,494.39
76.930624378,489.79
76.954091985,489.79
76.977315590,489.79
77.002921546,489.79
77.026417345,508.39
77.050094905,508.39
77.073182189,508.39
77.096366434,508.39
77.119559127,542.68
77.142831372,542.68
77.165771808,542.68
77.188938100,542.68
77.211975784,542.68
77.235384638,545.43
77.258678740,545.43
77.281957482,545.43
77.305221599,545.43
77.328949144,528.55
77.352631088,528.55
77.375291074,528.55
77.397800947,528.55
77.421345514,497.80
77.444951522,497.80
77.468645626,497.80
77.492175154,497.80
77.515877226,497.80
77.538741501,508.64
77.562496182,508.64
77.585992589,508.64
77.609505796,508.64
77.632821914,518.26
77.655777230,518.26
77.679297349,518.26
77.702726684,518.26
77.726026098,516.72
77.749733418,516.72
77.772976576,516.72
77.796073812,516.72
77.819430858,516.72
77.843653158,512.41
77.866928060,512.41
77.890033744,512.41
77.913065700,512.41
77.935933592,492.79
77.959100909,492.79
77.982753637,492.79
78.005679352,492.79
78.028048680,460.58
78.052213251,460.58
78.076117917,460.58
78.099594132,460.58
78.123405453,449.03
78.147114598,449.03
78.170317691,449.03
78.194341749,449.03
78.218188623,449.03
78.241764518,447.55
78.265020476,447.55
78.287941296,447.55
78.311567368,447.55
78.335151008,465.69
78.358736888,465.69
78.381856941,465.69
78.404850273,465.69
78.428418777,498.42
78.452210770,498.42
78.475739754,498.42
78.499158593,498.42
78.522224085,498.42
78.545502699,498.50
78.569060035,498.50
78.592443898,498.50
78.616356084,498.50
78.639465928,499.79
78.662548253,499.79
78.686129493,499.79
78.709951247,499.79
78.733245797,499.87
78.757167871,499.87
78.780472789,499.87
78.803786091,499.87
78.826782431,499.87
78.849724755,498.72
78.872748263,498.72
78.896115230,498.72
78.919443412,498.72
78.942834283,499.36
78.966011680,499.36
78.989155957,499.36
79.012455948,499.36
79.035739202,501.51
79.059315866,501.51
79.081715434,501.51
79.104362940,501.51
79.127820851,501.51
79.151266186,482.61
79.175304453,482.61
79.198949917,482.61
79.222115634,482.61
79.245491881,481.26
79.269316386,481.26
79.293013947,481.26
79.316492467,481.26
79.339463943,479.04
79.362376539,479.04
79.385838835,479.04
79.408763302,479.04
79.432040829,479.04
79.455991127,480.32
79.479141293,480.32
79.502093537,480.32
79.525207830,480.32
79.548293323,471.59
79.571561921,471.59
79.594260340,471.59
79.617196424,471.59
79.640431294,443.96
79.664053398,443.96
79.687656782,443.96
79.710697443,443.96
79.733171764,443.96
79.756508683,412.52
79.780094883,412.52
79.803429914,412.52
79.826643088,412.52
79.849579012,415.57
79.872824538,415.57
79.896391538,415.57
79.920304332,415.57
79.943959525,437.94
79.967308795,437.94
79.990236559,437.94
80.013777991,437.94
80.036996285,463.63
80.061232410,463.63
80.084261038,463.63
80.116166236,463.63
80.139261489,463.63
80.162331302,487.42
80.185287162,487.42
80.208600561,487.42
80.231887943,487.42
80.255160829,466.16
80.278196466,466.16
80.300606499,466.16
80.323979418,466.16
80.347603315,436.44
80.371209451,436.44
80.394778116,436.44
80.418100922,436.44
80.441573234,436.44
80.465141227,439.57
80.488734723,439.57
80.512316764,439.57
80.535665363,439.57
80.558659751,444.45
80.584552367,444.45
80.607764325,444.45
80.631145468,444.45
80.654333522,470.83
80.677593480,470.83
80.700515484,470.83
80.723810643,470.83
80.746755271,500.53
80.769577307,500.53
80.793059571,500.53
80.816342633,500.53
80.839993250,500.53
80.862929431,477.69
80.886113452,477.69
80.908835551,477.69
80.931978261,477.69
80.955274924,451.16
80.978538274,451.16
81.001956825,451.16
81.025479537,451.16
81.048434374,429.65
81.071182681,429.65
81.094223214,429.65
81.118143337,429.65
81.141811650,429.65
81.165510971,413.95
81.188384719,413.95
81.211667077,413.95
81.235565120,413.95
81.259162968,437.14
81.282730385,437.14
81.306021640,437.14
81.329345343,437.14
81.352940952,458.94
81.377354710,458.94
81.400935630,458.94
81.424357286,458.94
81.447734910,462.52
81.471956250,462.52
81.495596820,462.52
81.519056971,462.52
81.543066631,462.52
81.566271325,463.05
81.589795510,463.05
81.613313902,463.05
81.636900711,463.05
81.660518720,462.99
81.683663062,462.99
81.706641354,462.99
81.730059234,462.99
81.753931805,469.33
81.777469077,469.33
81.800801740,469.33
81.824032867,469.33
81.847535803,469.33
81.870978163,497.43
81.894492651,497.43
81.917894115,497.43
81.941368763,497.43
81.964449296,525.31
81.988160714,525.31
82.011852835,525.31
82.035366044,525.31
82.058363856,556.82
82.082214795,556.82
82.105521282,556.82
82.129277212,556.82
82.152743956,556.82
82.176516878,567.21
82.201985811,567.21
82.225497483,567.21
82.249144676,567.21
82.272484187,567.86
82.295936435,567.86
82.319212970,567.86
82.342529602,567.86
82.366497309,570.81
82.390163383,570.81
82.413411182,570.81
82.436270210,570.81
82.459292535,569.84
82.482944273,569.84
82.506328584,569.84
82.529748640,569.84
82.552706485,569.84
82.579044032,570.75
82.602431096,570.75
82.625481486,570.75
82.648639460,570.75
82.671728154,569.93
82.695044145,569.93
82.718158919,569.93
82.741248605,569.93
82.764699637,555.08
82.788243150,555.08
82.811784358,555.08
82.834875484,555.08
82.858018002,555.08
82.881977390,527.49
82.905105380,527.49
82.928570396,527.49
82.952222677,527.49
82.975394412,496.16
82.998172480,496.16
83.021757497,496.16
83.045982806,496.16
83.069644495,478.71
83.093533130,478.71
83.116752225,478.71
83.140081592,478.71
83.164032628,477.73
83.187510828,477.73
83.210987876,477.73
83.233936505,477.73
83.275667880,476.79
83.298961824,476.79
83.322742010,476.79
83.346584213,476.79
83.369647563,480.57
83.393073187,480.57
83.416718109,480.57
83.440004532,480.57
83.463370796,476.45
83.486893605,476.45
83.510164924,476.45
83.533675893,476.45
83.557502096,476.45
83.580752743,478.66
83.603783709,478.66
83.626515760,478.66
83.649840520,478.66
83.672867358,473.86
83.695933044,473.86
83.719023626,473.86
83.742240448,473.86
83.765654841,489.22
83.789151473,489.22
83.812583914,489.22
83.835490175,489.22
83.858253619,489.22
83.881447241,490.42
83.904597504,490.42
83.927792022,490.42
83.950884269,490.42
83.974260484,493.55
83.997376283,493.55
84.020426065,493.55
84.043051460,493.55
84.066056953,493.55
84.089030094,485.53
84.112095780,485.53
84.135339323,485.53
84.158663795,485.53
84.181970955,459.55
84.205531908,459.55
84.228375320,459.55
84.251224813,459.55
84.274057505,425.27
84.298525088,425.27
84.324270088,425.27
84.347870914,425.27
84.371213210,425.48
84.394296720,425.48
84.417665704,425.48
84.441209953,425.48
84.464744059,425.48
84.488311380,423.94
84.511454091,423.94
84.534576545,423.94
84.558397212,423.94
84.583665697,420.03
84.607224058,420.03
84.630225648,420.03
84.653391847,420.03
84.676642974,423.91
84.700106711,423.91
84.723770737,423.91
84.746947400,423.91
84.770294592,423.91
84.793501847,424.34
84.816937360,424.34
84.840240327,424.34
84.863521887,424.34
84.886953015,451.96
84.910762706,451.96
84.934758511,451.96
84.958601130,451.96
84.982415685,471.33
85.006157823,471.33
85.030154460,471.33
85.053530580,471.33
85.076900012,500.34
85.100037827,500.34
85.123328314,500.34
85.146939028,500.34
85.170661166,500.34
85.194039943,525.05
85.217631648,525.05
85.241336507,525.05
85.264755187,525.05
85.287611720,555.64
85.310811551,555.64
85.333628276,555.64
85.356755243,555.64
85.379870562,558.20
85.402923320,558.20
85.425989199,558.20
85.448957796,558.20
85.472151676,558.20
85.495455796,549.01
85.518544842,549.01
85.541643393,549.01
85.565088634,549.01
85.588949909,524.42
85.612230349,524.42
85.634671872,524.42
85.657763126,524.42
85.681408272,495.17
85.705031947,495.17
85.729110440,495.17
85.752400991,495.17
85.775439926,495.17
85.798899119,494.23
85.822717258,494.23
85.846348164,494.23
85.869762237,494.23
85.892809043,497.34
85.916338893,497.34
85.939895046,497.34
85.963334783,497.34
85.987162170,500.22
86.011300024,500.22
86.034708209,500.22
86.058507116,500.22
86.082233639,500.43
86.106615558,500.43
86.129820285,500.43
86.152732210,500.43
86.176543726,500.43
86.200145224,503.51
86.224037187,503.51
86.247325243,503.51
86.270457298,503.51
86.294224717,501.82
86.317759431,501.82
86.340989439,501.82
86.364203703,501.82
86.387511183,504.44
86.412144496,504.44
86.435656073,504.44
86.458889185,504.44
86.482731293,504.44
86.506297943,507.62
86.529826225,507.62
86.553540172,507.62
86.579322836,507.62
86.602495915,529.29
86.626011941,529.29
86.649556415,529.29
86.673342778,529.29
86.696467281,559.52
86.719506728,559.52
86.742671903,559.52
86.766011992,559.52
86.789280656,556.69
86.812702441,556.69
86.835697663,556.69
86.858899798,556.69
86.882374768,556.69
86.905558343,549.78
86.929129761,549.78
86.952573434,549.78
86.976095764,549.78
86.999434157,521.76
87.022433763,521.76
87.044982806,521.76
87.067685354,521.76
87.091467078,496.76
87.115198017,496.76
87.138547737,496.76
87.161865554,496.76
87.185008585,496.76
87.208182976,494.43
87.231938972,494.43
87.255767991,494.43
87.279207089,494.43
87.302010182,497.20
87.325138397,497.20
87.348437110,497.20
87.371816431,497.20
87.395422601,494.02
87.418639137,494.02
87.441851449,494.02
87.466297625,494.02
87.489545233,494.02
87.512982858,496.63
87.536523332,496.63
87.560214303,496.63
87.585358692,496.63
87.607794967,467.54
87.630693805,467.54
87.654233703,467.54
87.677592864,467.54
87.701511580,453.83
87.725038486,453.83
87.748458735,453.83
87.772103370,453.83
87.796093287,456.78
87.819784738,456.78
87.843282460,456.78
87.866271634,456.78
87.889412234,456.78
87.913196197,461.61
87.936737055,461.61
87.960165369,461.61
87.983387377,461.61
88.006623081,488.17
88.030121859,488.17
88.053659005,488.17
88.077024182,488.17
88.100475119,516.78
88.123604294,516.78
88.146530492,516.78
88.170123223,516.78
88.193667601,516.78
88.217316140,515.51
88.240792133,515.51
88.263627131,515.51
88.287360886,515.51
88.311064722,514.17
88.334666028,514.17
88.358036934,514.17
88.381435327,514.17
88.405184091,515.61
88.429827740,515.61
88.453261206,515.61
88.476718224,515.61
88.499751111,515.61
88.523556867,525.87
88.547189054,525.87
88.570940601,525.87
88.594511284,525.87
88.617728396,556.34
88.640797411,556.34
88.663984283,556.34
88.687795287,556.34
88.710822158,570.22
88.733962470,570.22
88.757324607,570.22
88.780527223,570.22
88.803688751,570.22
88.826696454,565.63
88.849486683,565.63
88.872585651,565.63
88.896426863,565.63
88.920037418,549.72
88.943290466,549.72
88.966044887,549.72
88.989130767,549.72
89.012884138,515.80
89.036780327,515.80
89.060362466,515.80
89.083663162,515.80
89.106891987,514.09
89.130382797,514.09
89.154434442,514.09
89.178000197,514.09
89.201599680,514.09
89.224686583,517.05
89.247887087,517.05
89.271361769,517.05
89.295019140,517.05
89.318285501,514.27
89.341653175,514.27
89.364783950,514.27
89.388291433,514.27
89.412152198,513.83
89.435655776,513.83
89.458962553,513.83
89.481964816,513.83
89.505291465,513.83
89.528750083,514.07
89.554578349,514.07
89.579133646,514.07
89.602835594,514.07
89.625475134,510.20
89.649085401,510.20
89.672628916,510.20
89.695948045,510.20
89.719326887,511.31
89.742701216,511.31
89.766074522,511.31
89.789388563,511.31
89.812843661,512.38
89.836313223,512.38
89.859705504,512.38
89.883228347,512.38
89.906409907,512.38
89.929479883,505.04
89.952661091,505.04
89.975745946,505.04
89.999275349,505.04
90.022936272,509.16
90.046030408,509.16
90.068687069,509.16
90.092251896,509.16
90.116011252,485.87
90.139642447,485.87
90.163149673,485.87
90.186162080,485.87
90.209110359,485.87
90.232524241,484.91
90.255987787,484.91
90.279415461,484.91
90.303107904,484.91
90.326166008,489.16
90.349549266,489.16
90.373084973,489.16
90.397107947,489.16
90.420482373,490.17
90.444457282,490.17
90.467730523,490.17
90.491243990,490.17
90.514752881,490.17
90.538708942,488.61
90.561664837,488.61
90.585814692,488.61
90.610936073,488.61
90.634378563,489.50
90.658095135,489.50
90.681477593,489.50
90.704464337,489.50
90.727536968,490.40
90.750807809,490.40
90.774125691,490.40
90.797384436,490.40
90.820926127,492.76
90.844341481,492.76
90.867365376,492.76
90.890214326,492.76
90.913294254,492.76
90.936465799,513.17
90.959992769,513.17
90.983232570,513.17
91.006675892,513.17
91.030040494,509.72
91.053629449,509.72
91.077123428,509.72
91.100301756,509.72
91.123663478,512.33
91.146432684,512.33
91.169389571,512.33
91.192602747,512.33
91.215859540,512.33
91.238795435,483.99
91.261328319,483.99
91.284867738,483.99
91.308316693,483.99
91.331640271,462.81
91.355232970,462.81
91.378300354,462.81
91.400944759,462.81
91.424506386,461.83
91.448006445,461.83
91.471428712,461.83
91.494644225,461.83
91.518051611,461.83
91.541532886,462.42
91.564855567,462.42
91.587963047,462.42
91.610983455,462.42
91.633857142,462.13
91.657851092,462.13
91.681233710,462.13
91.704345606,462.13
91.727684064,456.92
91.751378268,456.92
91.775018456,456.92
91.798012335,456.92
91.820807910,456.92
91.843869086,424.61
91.867491001,424.61
91.891332982,424.61
91.915557430,424.61
91.939072401,419.91
91.962387339,419.91
91.986256040,419.91
92.010215846,419.91
92.033878242,444.53
92.057304220,444.53
92.080525557,444.53
92.103890639,444.53
92.127400458,469.71
92.151102054,469.71
92.174117950,469.71
92.197225750,469.71
92.220490415,469.71
92.243603399,502.39
92.266990209,502.39
92.289830168,502.39
92.313293395,502.39
92.336437996,501.08
92.359383011,501.08
92.382392795,501.08
92.405682645,501.08
92.428936814,475.56
92.453088430,475.56
92.476419368,475.56
92.499916803,475.56
92.523207869,475.56
92.546032627,446.40
92.569402221,446.40
92.592802888,446.40
92.616150466,446.40
92.639780958,435.93
92.663300665,435.93
92.686624979,435.93
92.716262231,435.93
92.739190606,446.28
92.762554728,446.28
92.786017059,446.28
92.809119163,446.28
92.832730263,474.92
92.855827824,474.92
92.878890056,474.92
92.901708543,474.92
92.925136153,474.92
92.948169521,482.17
92.971249514,482.17
92.994434851,482.17
93.017511131,482.17
93.040739668,459.83
93.064184751,459.83
93.087595497,459.83
93.110686146,459.83
93.133776986,459.83
93.157524695,434.70
93.180926225,434.70
93.203624231,434.70
93.226540350,434.70
93.250052314,403.41
93.273948343,403.41
93.297772597,403.41
93.321346353,403.41
93.344325769,417.05
93.367631779,417.05
93.391381728,417.05
93.415051228,417.05
93.438783865,444.84
93.461943154,444.84
93.485296077,444.84
93.508877416,444.84
93.532640454,444.84
93.556316706,469.04
93.579662332,469.04
93.602435443,469.04
93.625947758,469.04
93.649497450,480.33
93.673079942,480.33
93.696556289,480.33
93.719606586,480.33
93.742841651,484.24
93.766746737,484.24
93.790267405,484.24
93.813771208,484.24
93.837176419,484.24
93.860209947,486.34
93.883925720,486.34
93.907551668,486.34
93.931207376,486.34
93.954464490,488.23
93.977821765,488.23
94.001208031,488.23
94.024714459,488.23
94.048275542,507.76
94.071585937,507.76
94.094269990,507.76
94.117816482,507.76
94.141550015,533.42
94.165889472,533.42
94.188871832,533.42
94.211952657,533.42
94.235372523,533.42
94.259083432,570.62
94.282513187,570.62
94.305734077,570.62
94.328926806,570.62
94.352167184,571.44
94.375788045,571.44
94.399183976,571.44
94.422778244,571.44
94.446198175,572.23
94.469611354,572.23
94.493029845,572.23
94.516153614,572.23
94.539357640,572.23
94.562556738,566.69
94.585546426,566.69
94.608610547,566.69
94.632008558,566.69
94.655372040,541.97
94.678720387,541.97
94.701664827,541.97
94.724324497,541.97
94.747385546,509.12
94.770438690,509.12
94.793929342,509.12
94.817096439,509.12
94.840503218,509.12
94.863731084,481.54
94.886975430,481.54
94.909636924,481.54
94.932130865,481.54
94.954760263,444.26
94.978322371,444.26
95.001819742,444.26
95.025122297,444.26
95.048655829,442.73
95.072346705,442.73
95.095804717,442.73
95.119655243,442.73
95.143466152,442.73
95.167171941,446.18
95.190639393,446.18
95.213896283,446.18
95.237655960,446.18
95.261272021,445.14
95.284498543,445.14
95.307752425,445.14
95.331063715,445.14
95.354939330,440.40
95.378575871,440.40
95.401930777,440.40
95.425136371,440.40
95.448536655,440.40
95.471832393,432.96
95.495414054,432.96
95.518708672,432.96
95.541646808,432.96
95.565324277,441.55
95.588866545,441.55
95.612743344,441.55
95.636722671,441.55
95.659987913,468.13
95.683302020,468.13
95.707111138,468.13
95.730603710,468.13
95.754350331,499.38
95.777467540,499.38
95.800343884,499.38
95.823894760,499.38
95.850454425,499.38
95.873811251,524.79
95.897310607,524.79
95.920463785,524.79
95.944436456,524.79
95.967815331,555.85
95.991429792,555.85
96.015032636,555.85
96.038644569,555.85
96.061930387,561.12
96.086330549,561.12
96.109960082,561.12
96.133309133,561.12
96.156439782,561.12
96.180350501,564.53
96.203747168,564.53
96.227272412,564.53
96.250863640,564.53
96.273948914,564.41
96.296981131,564.41
96.320374918,564.41
96.343848546,564.41
96.367655680,566.67
96.390828890,566.67
96.413806995,566.67
96.437095086,566.67
96.460919148,570.67
96.484383464,570.67
96.507791939,570.67
96.530819068,570.67
96.553660564,570.67
96.578947484,573.95
96.602159030,573.95
96.625153807,573.95
96.648249417,573.95
96.671352066,575.22
96.694682397,575.22
96.717774422,575.22
96.741265171,575.22
96.764706446,552.60
96.787299044,552.60
96.809898779,552.60
96.833465719,552.60
96.857701944,552.60
96.881816888,530.73
96.906649757,530.73
96.930047065,530.73
96.953498005,530.73
96.977170162,529.21
97.000861359,529.21
97.024501740,529.21
97.047605254,529.21
97.070504542,529.54
97.094180155,529.54
97.117708152,529.54
97.141387829,529.54
97.164819761,527.21
97.188331885,527.21
97.211495527,527.21
97.235138788,527.21
97.258715521,527.21
97.282285917,526.41
97.305379863,526.41
97.328424784,526.41
97.351821868,526.41
97.375927373,527.11
97.399690603,527.11
97.423061926,527.11
97.445796286,527.11
97.469606556,527.62
97.493049592,527.62
97.516521108,527.62
97.540288114,527.62
97.563512173,527.62
97.586815208,526.20
97.610505830,526.20
97.634058754,526.20
97.658203683,526.20
97.681434942,529.83
97.704538135,529.83
97.727698066,529.83
97.750758283,529.83
97.773615811,556.43
97.796981759,556.43
97.820235705,556.43
97.843779894,556.43
97.867082577,556.43
97.890063242,564.27
97.913021027,564.27
97.936571264,564.27
97.960520479,564.27
97.983526968,536.39
98.005945549,536.39
98.029310473,536.39
98.052578724,536.39
98.076268481,516.38
98.099962143,516.38
98.123083385,516.38
98.145998481,516.38
98.169349165,516.38
98.193298988,514.25
98.216841065,514.25
98.240178916,514.25
98.263254590,514.25
98.286015541,513.33
98.309518386,513.33
98.332877870,513.33
98.356753805,513.33
98.379862727,515.05
98.403799239,515.05
98.427412996,515.05
98.451224963,515.05
98.474621119,499.99
98.498094555,499.99
98.521532151,499.99
98.544969364,499.99
98.568566289,499.99
98.591925549,496.71
98.615054951,496.71
98.638645700,496.71
98.662622948,496.71
98.686248641,492.43
98.709851839,492.43
98.732786776,492.43
98.755557167,492.43
98.779382414,495.16
98.802843243,495.16
98.826573609,495.16
98.850031109,495.16
98.873146431,495.16
98.896725372,497.68
98.920145016,497.68
98.944045400,497.68
98.967755446,497.68
98.991841270,531.85
99.015373363,531.85
99.039560981,531.85
99.063073841,531.85
99.086610542,553.07
99.109611943,553.07
99.132504288,553.07
99.156351551,553.07
99.179886364,553.51
99.203695931,553.51
99.226803189,553.51
99.249507564,553.51
99.273110442,553.51
99.296692583,552.85
99.320051907,552.85
99.343355455,552.85
99.366492633,552.85
99.389903285,555.25
99.413197425,555.25
99.436474476,555.25
99.459649319,555.25
99.482734593,570.04
99.505894844,570.04
99.529031766,570.04
99.551947311,570.04
99.575155690,570.04
99.598347429,560.89
99.621708993,560.89
99.644568506,560.89
99.667192081,560.89
99.690503404,528.58
99.714765838,528.58
99.738429676,528.58
99.762098571,528.58
99.785722344,526.71
99.808632257,526.71
99.832152158,526.71
99.855706844,526.71
99.879357721,526.71
99.902625205,524.40
99.925586094,524.40
99.948844649,524.40
99.972598056,524.40
99.995939460,520.37
100.019584578,520.37
100.042688508,520.37
100.065549621,520.37
100.089192274,517.24
100.112896913,517.24
100.136209324,517.24
100.159635241,517.24
100.182815684,517.24
100.205897822,519.27
100.229475483,519.27
100.253164857,519.27
100.277255514,519.27
100.300303892,520.32
100.322852523,520.32
100.346593418,520.32
100.370942701,520.32
100.394642731,519.53
100.418478475,519.53
100.441548229,519.53
100.465062338,519.53
100.488828577,516.76
100.513134020,516.76
100.536501440,516.76
100.559518010,516.76
100.585419911,516.76
100.609383528,525.98
100.632941317,525.98
100.656377666,525.98
100.680244577,525.98
100.703117274,561.04
100.726876921,561.04
100.750535639,561.04
100.774663481,561.04
100.798067509,561.95
100.821184912,561.95
100.844511180,561.95
100.867948745,561.95
100.891109156,561.95
100.915237829,561.93
100.938634402,561.93
100.962212255,561.93
100.985594876,561.93
101.008606197,562.15
101.031331437,562.15
101.054432040,562.15
101.077634211,562.15
101.100982239,538.93
101.124489149,538.93
101.147923545,538.93
101.171462679,538.93
101.194497521,507.41
101.217941677,507.41
101.240775878,507.41
101.264470949,507.41
101.288068387,507.41
101.311397887,489.43
101.334722235,489.43
101.357834326,489.43
101.381246259,489.43
101.405018034,489.33
101.428462159,489.33
101.451919084,489.33
101.474888518,489.33
101.497826016,490.29
101.521331293,490.29
101.544891451,490.29
101.568385016,490.29
101.591690965,490.29
101.614902352,493.80
101.638099627,493.80
101.661829578,493.80
101.685664106,493.80
101.709460426,492.96
101.732738629,492.96
101.756243843,492.96
101.779670272,492.96
101.803273502,490.42
101.826520538,490.42
101.849703669,490.42
101.873126066,490.42
101.896378286,490.42
101.919341511,491.96
101.942835077,491.96
101.966225730,491.96
101.990025217,491.96
102.013205916,464.67
102.036688634,464.67
102.059892021,464.67
102.083438355,464.67
102.106130027,455.00
102.130772976,455.00
102.174989208,455.00
102.198918072,455.00
102.222336661,455.00
102.245878387,481.96
102.269746963,481.96
102.293257457,481.96
102.317136977,481.96
102.340347628,500.05
102.363749097,500.05
102.387206663,500.05
102.410752261,500.05
102.434249122,497.78
102.457729888,497.78
102.480620090,497.78
102.503517459,497.78
102.527784662,498.74
102.551097939,498.74
102.574357519,498.74
102.597635435,498.74
102.620646437,498.74
102.644159907,499.51
102.667745569,499.51
102.691114270,499.51
102.714955390,499.51
102.737826423,500.89
102.761082579,500.89
102.784456656,500.89
102.808041487,500.89
102.831333771,501.31
102.854557127,501.31
102.877581409,501.31
102.900783389,501.31
102.923840823,501.31
102.946688817,506.62
102.969714475,506.62
102.993054856,506.62
103.015765696,506.62
103.038370680,502.48
103.061582388,502.48
103.085113714,502.48
103.108564687,502.48
103.132800050,531.16
103.156014221,531.16
103.179164201,531.16
103.202712967,531.16
103.226493702,531.16
103.249637121,528.23
103.273204832,528.23
103.296361147,528.23
103.320013370,528.23
103.343484152,528.56
103.367013110,528.56
103.390364819,528.56
103.414131475,528.56
103.437717937,527.33
103.461703250,527.33
103.485384210,527.33
103.508601134,527.33
103.531640200,527.33
103.555259111,517.47
103.580170639,517.47
103.603506219,517.47
103.626842536,517.47
103.649992068,515.63
103.673327681,515.63
103.696850879,515.63
103.720220188,515.63
103.744020316,513.49
103.767239288,513.49
103.790127506,513.49
103.813645904,513.49
103.837965043,511.31
103.861446545,511.31
103.884733805,511.31
103.907687336,511.31
103.931085285,511.31
103.954799396,516.43
103.978375171,516.43
104.001898945,516.43
104.025313694,516.43
104.048431418,548.53
104.071632469,548.53
104.094474575,548.53
104.117548810,548.53
104.141034792,555.11
104.163970658,555.11
104.187146462,555.11
104.210309305,555.11
104.233682007,555.11
104.257735640,542.40
104.280976885,542.40
104.305205368,542.40
104.328210066,542.40
104.351802865,508.61
104.375371440,508.61
104.398935599,508.61
104.422411533,508.61
104.445512680,511.74
104.468817253,511.74
104.492686534,511.74
104.515858658,511.74
104.539323744,511.74
104.562546428,523.05
104.585901785,523.05
104.609334359,523.05
104.632818741,523.05
104.656465876,521.65
104.680116403,521.65
104.703325904,521.65
104.726782829,521.65
104.751318835,521.14
104.774613839,521.14
104.798553264,521.14
104.821831693,521.14
104.845327403,521.60
104.869153644,521.60
104.893184366,521.60
104.916650603,521.60
104.940201706,521.60
104.963657640,521.97
104.987378024,521.97
105.011080007,521.97
105.034805063,521.97
105.058309317,522.13
105.081426305,522.13
105.104470108,522.13
105.128144795,522.13
105.151375863,521.39
105.174930902,521.39
105.198246323,521.39
105.221249838,521.39
105.245162991,521.39
105.268827822,540.86
105.292110379,540.86
105.316582992,540.86
105.339699276,540.86
105.362871592,569.92
105.386244934,569.92
105.409495650,569.92
105.432964641,569.92
105.456618112,572.41
105.479647291,572.41
105.503136218,572.41
105.526635288,572.41
105.551180702,571.39
105.574473499,571.39
105.597342325,571.39
105.620602130,571.39
105.644101584,571.39
105.667823440,576.02
105.691059309,576.02
105.714048360,576.02
105.737587655,576.02
105.761330823,576.26
105.784860933,576.26
105.808528613,576.26
105.832511751,576.26
105.855492417,579.33
105.879244354,579.33
105.902727616,579.33
105.926421952,579.33
105.949713661,579.33
105.972553815,581.26
105.995938772,581.26
106.019451955,581.26
106.042832145,581.26
106.066295471,578.33
106.089384650,578.33
106.112435942,578.33
106.136224230,578.33
106.159530147,577.95
106.183086690,577.95
106.206592929,577.95
106.229410938,577.95
106.252940761,577.95
106.276658713,579.02
106.300079415,579.02
106.323779511,579.02
106.346858515,579.02
106.369612301,576.50
106.392647848,576.50
106.415819365,576.50
106.438961857,576.50
106.462046941,576.43
106.485368219,576.43
106.509095995,576.43
106.532517689,576.43
106.555587157,557.03
106.579809816,557.03
106.603458360,557.03
106.626725813,557.03
106.649615504,557.03
106.672486666,516.09
106.696089386,516.09
106.720008011,516.09
106.743895308,516.09
106.767447595,515.02
106.790595016,515.02
106.814265000,515.02
106.837954984,515.02
106.861559495,514.37
106.885166886,514.37
106.908260994,514.37
106.931226557,514.37
106.954770780,514.37
106.978282587,509.37
107.001709081,509.37
107.025022455,509.37
107.048659862,509.37
107.072001844,511.53
107.095523443,511.53
107.118956881,511.53
107.142666993,511.53
107.166058159,514.79
107.189430829,514.79
107.213038060,514.79
107.236409450,514.79
107.260054506,514.79
107.283529833,515.26
107.306408387,515.26
107.329714369,515.26
107.353242528,515.26
107.376730975,515.78
107.400277182,515.78
107.423461211,515.78
107.449016904,515.78
107.472634472,515.92
107.496060774,515.92
107.519684806,515.92
107.542747106,515.92
107.566643811,530.86
107.589982593,530.86
107.613506368,530.86
107.636380731,530.86
107.659445271,530.86
107.682324338,575.05
107.705669776,575.05
107.729099342,575.05
107.752322091,575.05
107.775191814,575.18
107.798721765,575.18
107.822520774,575.18
107.845850372,575.18
107.868511389,542.98
107.891527865,542.98
107.915412538,542.98
107.939114331,542.98
107.962733627,542.98
107.986354202,531.98
108.009601848,531.98
108.032602579,531.98
108.056750870,531.98
108.080166389,531.21
108.103714868,531.21
108.127066450,531.21
108.150284335,531.21
108.173812782,529.59
108.197615119,529.59
108.220902733,529.59
108.244235499,529.59
108.267477576,529.59
108.290845414,528.41
108.314116548,528.41
108.337123872,528.41
108.360266652,528.41
108.383745339,519.22
108.406992185,519.22
108.430340887,519.22
108.454024503,519.22
108.477816889,511.11
108.503460870,511.11
108.527225063,511.11
108.550508741,511.11
108.574168805,510.47
108.597705573,510.47
108.621462982,510.47
108.644980261,510.47
108.668554629,510.47
108.691792866,510.43
108.715132064,510.43
108.738537023,510.43
108.762122975,510.43
108.785730303,515.17
108.809005308,515.17
108.832026552,515.17
108.856129948,515.17
108.879808412,545.60
108.903293723,545.60
108.926742970,545.60
108.949778806,545.60
108.972994035,545.60
108.996715700,557.40
109.020138739,557.40
109.043641106,557.40
109.066828495,557.40
109.089582953,562.48
109.112880871,562.48
109.136230917,562.48
109.159942598,562.48
109.183587270,562.47
109.206585634,562.47
109.229828415,562.47
109.253259966,562.47
109.276581276,563.08
109.300056475,563.08
109.323078551,563.08
109.346260597,563.08
109.369380498,563.08
109.392466926,571.47
109.415593483,571.47
109.438873161,571.47
109.462265320,571.47
109.485150851,557.85
109.508145599,557.85
109.531100379,557.85
109.554508794,557.85
109.580886125,531.37
109.604129578,531.37
109.627739659,531.37
109.651349675,531.37
109.674280998,531.37
109.696762015,503.05
109.719460633,503.05
109.743107545,503.05
109.766955259,503.05
109.790439963,481.86
109.813840089,481.86
109.836851957,481.86
109.859657936,481.86
109.883752148,479.79
109.907493173,479.79
109.931263382,479.79
109.954488500,479.79
109.977858034,479.79
110.001961814,478.19
110.025668855,478.19
110.049238871,478.19
110.072824503,478.19
110.096170645,475.17
110.119531988,475.17
110.143559991,475.17
110.167303960,475.17
110.191049689,477.36
110.214402135,477.36
110.237181586,477.36
110.260425679,477.36
110.283982480,472.04
110.307452143,472.04
110.330792206,472.04
110.353976459,472.04
110.377132745,472.04
110.400236838,476.50
110.423519044,476.50
110.446607329,476.50
110.469754878,476.50
110.492749754,501.33
110.516184538,501.33
110.539616057,501.33
110.562987864,501.33
110.586330870,501.33
110.609988247,519.74
110.633640568,519.74
110.657185048,519.74
110.680457494,519.74
110.703446130,551.99
110.726722672,551.99
110.750043055,551.99
110.773313581,551.99
110.796390922,570.78
110.819548231,570.78
110.842563396,570.78
110.866047011,570.78
110.889626275,570.78
110.912988194,569.99
110.936645155,569.99
110.960069346,569.99
110.983562978,569.99
111.007072034,571.62
111.030349280,571.62
111.053401308,571.62
111.076500506,571.62
111.099576662,570.58
111.122784436,570.58
111.145854897,570.58
111.168720076,570.58
111.192006346,570.58
111.215268713,573.63
111.238500102,573.63
111.262042950,573.63
111.285730504,573.63
111.309119463,551.66
111.331853185,551.66
111.354874622,551.66
111.378657568,551.66
111.403369032,526.85
111.427047369,526.85
111.450568010,526.85
111.473668327,526.85
111.497616810,525.46
111.521324523,525.46
111.544773931,525.46
111.568103690,525.46
111.594258652,525.46
111.617229688,532.38
111.640688824,532.38
111.664113751,532.38
111.687614295,532.38
111.711049751,529.51
111.734147732,529.51
111.757324913,529.51
111.780758961,529.51
111.804364850,529.76
111.827580624,529.76
111.850783566,529.76
111.873581321,529.76
111.897325418,529.76
111.920808714,529.85
111.944031336,529.85
111.967647593,529.85
111.990829191,529.85
112.014544904,531.90
112.038260106,531.90
112.061679945,531.90
112.085200873,531.90
112.109270285,532.12
112.132473163,532.12
112.156224205,532.12
112.179770765,532.12
112.203831377,529.67
112.227202096,529.67
112.250489230,529.67
112.273589548,529.67
112.297262669,529.67
112.320941710,553.48
112.343980011,553.48
112.366864167,553.48
112.390516009,553.48
112.414141674,577.41
112.437416264,577.41
112.460749607,577.41
112.483765604,577.41
112.506735969,577.46
112.529769950,577.46
112.552851035,577.46
112.575830616,577.46
112.599249144,577.46
112.622159348,577.16
112.645369970,577.16
112.668440719,577.16
112.694310240,577.16
112.717355357,561.99
112.740528539,561.99
112.764112796,561.99
112.787342330,561.99
112.810679385,527.97
112.833618197,527.97
112.856273360,527.97
112.878787913,527.97
112.902457963,527.97
112.926030539,500.41
112.949629740,500.41
112.973282285,500.41
112.996455052,500.41
113.019367304,494.28
113.042823656,494.28
113.066299368,494.28
113.090236779,494.28
113.113830700,496.25
113.137036682,496.25
113.160150599,496.25
113.183927178,496.25
113.207568395,496.25
113.231441293,495.44
113.254800173,495.44
113.277582312,495.44
113.301047976,495.44
113.324733418,489.93
113.348006185,489.93
113.371732491,489.93
113.394896841,489.93
113.417957191,493.23
113.441256582,493.23
113.464399364,493.23
113.487680355,493.23
113.510983362,496.96
113.534552227,496.96
113.558146564,496.96
113.581496163,496.96
113.604729826,496.96
113.627801535,478.24
113.650529434,478.24
113.673648920,478.24
113.699565257,478.24
113.723069130,474.29
113.746855468,474.29
113.770247916,474.29
113.793860461,474.29
113.817752112,493.80
113.841459026,493.80
113.864989267,493.80
113.888453171,493.80
113.911581393,493.80
113.935018193,524.68
113.958757875,524.68
113.981992626,524.68
114.005787348,524.68
114.028927570,527.72
114.051691086,527.72
114.075300943,527.72
114.098516653,527.72
114.121819244,529.49
114.145137452,529.49
114.168108072,529.49
114.191541544,529.49
114.215328043,529.49
114.239154478,531.37
114.263034257,531.37
114.286343600,531.37
114.309793456,531.37
114.333558227,533.76
114.357549047,533.76
114.381343642,533.76
114.404739802,533.76
114.427552310,532.04
114.451102007,532.04
114.474645880,532.04
114.498182393,532.04
114.521696121,530.97
114.544794679,530.97
114.568153751,530.97
114.592130395,530.97
114.615795293,530.97
114.639489887,549.13
114.662644509,549.13
114.685651259,549.13
114.709534334,549.13
114.732840349,572.47
114.756366206,572.47
114.779765310,572.47
114.803040957,572.47
114.826578718,585.19
114.850054303,585.19
114.873370846,585.19
114.896627485,585.19
114.919893277,585.19
114.943275740,584.44
114.966875230,584.44
114.990391199,584.44
115.014020576,584.44
115.037491649,585.22
115.060728576,585.22
115.084159424,585.22
115.107624224,585.22
115.131797478,587.02
115.155253606,587.02
115.178440677,587.02
115.202006502,587.02
115.226221835,584.24
115.249507659,584.24
115.272418375,584.24
115.295406533,584.24
115.318481699,584.24
115.341743074,582.46
115.364920257,582.46
115.388106720,582.46
115.411761154,582.46
115.435421028,569.54
115.458483682,569.54
115.481190973,569.54
115.504178875,569.54
115.528706243,534.44
115.552549478,534.44
115.576206536,534.44
115.599845322,534.44
115.622934248,534.44
115.645868485,533.36
115.669518727,533.36
115.692899943,533.36
115.717029868,533.36
115.740153355,536.09
115.763513067,536.09
115.789737310,536.09
115.813327136,536.09
115.837955401,532.18
115.861424041,532.18
115.884483463,532.18
115.907556997,532.18
115.932274479,527.74
115.955827184,527.74
115.979588467,527.74
116.002898610,527.74
116.025833040,527.74
116.049277360,524.49
116.072737393,524.49
116.096276914,524.49
116.120509176,524.49
116.143437589,527.41
116.166604820,527.41
116.190164373,527.41
116.214164153,527.41
116.238112925,525.99
116.261346973,525.99
116.284775133,525.99
116.308281886,525.99
116.331816448,525.99
116.355543395,529.01
116.379228229,529.01
116.402256611,529.01
116.425438850,529.01
116.448670625,541.22
116.471595967,541.22
116.494841054,541.22
116.517931037,541.22
116.541365789,573.09
116.564592765,573.09
116.588260735,573.09
116.611503390,573.09
116.634581821,546.47
116.657985405,546.47
116.681469310,546.47
116.705181281,546.47
116.728541217,546.47
116.751256541,514.32
116.774076666,514.32
116.797895357,514.32
116.821703008,514.32
116.849725185,502.96
116.873213314,502.96
116.896491457,502.96
116.920381701,502.96
116.944010439,501.66
116.967469704,501.66
116.991113514,501.66
117.014332298,501.66
117.037261031,501.66
117.061249260,501.33
117.084758157,501.33
117.108256366,501.33
117.131794831,501.33
117.154838926,501.92
117.178074989,501.92
117.201440269,501.92
117.225222064,501.92
117.249313910,507.61
117.272093810,507.61
117.295356018,507.61
117.318937972,507.61
117.343274555,506.67
117.366897341,506.67
117.390227549,506.67
117.413515742,506.67
117.437048223,506.67
117.460767650,506.91
117.484459621,506.91
117.507888742,506.91
117.531243878,506.91
117.554965545,504.86
117.580498745,504.86
117.604112475,504.86
117.627849566,504.86
117.651889187,533.10
117.675140195,533.10
117.698403075,533.10
117.721443809,533.10
117.744676481,568.86
117.768039841,568.86
117.790872222,568.86
117.814342879,568.86
117.837841665,568.86
117.861391619,578.85
117.884854756,578.85
117.908377253,578.85
117.933891989,578.85
117.957593815,580.43
117.981083001,580.43
118.004185240,580.43
118.027673081,580.43
118.051281211,582.62
118.074646140,582.62
118.098132573,582.62
118.121266716,582.62
118.144279514,582.62
118.167584826,580.15
118.191114236,580.15
118.214370620,580.15
118.237890749,580.15
118.261152061,579.70
118.284196155,579.70
118.307627613,579.70
118.331439137,579.70
118.355017219,581.47
118.378091042,581.47
118.401092352,581.47
118.424494881,581.47
118.448247812,581.47
118.471871591,579.44
118.495196039,579.44
118.518189893,579.44
118.541569734,579.44
118.565342858,583.32
118.588734667,583.32
118.612316589,583.32
118.635676206,583.32
118.658628588,581.56
118.682080973,581.56
118.705524078,581.56
118.729257810,581.56
118.752801203,581.24
118.776037811,581.24
118.799493653,581.24
118.822820533,581.24
118.846473976,581.24
118.870232091,584.99
118.893265498,584.99
118.916352664,584.99
118.941671751,584.99
118.965029607,585.42
118.989372079,585.42
119.012626255,585.42
119.035544269,585.42
119.058845709,585.87
119.082128173,585.87
119.105515342,585.87
119.128758254,585.87
119.151896845,585.87
119.175144653,587.01
119.198882512,587.01
119.222215153,587.01
119.245962420,587.01
119.269100820,586.93
119.292020497,586.93
119.315470099,586.93
119.339750010,586.93
119.363527646,586.42
119.386739614,586.42
119.409900958,586.42
119.433412800,586.42
119.456999362,586.42
119.480367875,587.20
119.504071623,587.20
119.526881924,587.20
119.549791170,587.20
119.573496261,584.70
119.597014247,584.70
119.620560682,584.70
119.644021739,584.70
119.667983696,586.07
119.691422162,586.07
119.715500440,586.07
119.738986746,586.07
119.763138432,584.15
119.786355808,584.15
119.809011676,584.15
119.832260252,584.15
119.855506781,584.15
119.878618012,582.61
119.901674843,582.61
119.924838970,582.61
119.948195323,582.61
119.971370395,580.82
119.996573385,580.82
120.020147659,580.82
120.044284146,580.82
120.067635635,553.39
120.090501168,553.39
120.113524111,553.39
120.137018513,553.39
120.161788123,553.39
120.185744800,528.98
120.209353731,528.98
120.232370914,528.98
120.255438817,528.98
120.279058692,526.88
120.302538950,526.88
120.326009928,526.88
120.349726699,526.88
120.373894066,526.97
120.397784407,526.97
120.421521979,526.97
120.444738907,526.97
120.468716929,525.53
120.492233731,525.53
120.515381123,525.53
120.538938757,525.53
120.562728617,525.53
120.587034769,523.53
120.610356882,523.53
120.633337809,523.53
120.656888083,523.53
120.680024819,520.67
120.703455925,520.67
120.726362451,520.67
120.749923701,520.67
120.772896788,515.79
120.796670232,515.79
120.820490876,515.79
120.843546044,515.79
120.866087191,515.79
120.889133142,479.36
120.913142140,479.36
120.936775167,479.36
120.960418690,479.36
120.984060037,482.29
121.007198533,482.29
121.030381317,482.29
121.078983701,482.29
121.102596983,513.70
121.126223067,513.70
121.149070104,513.70
121.172991037,513.70
121.196624736,532.33
121.220086242,532.33
121.243662725,532.33
121.266957606,532.33
121.290124966,529.11
121.313616936,529.11
121.337227468,529.11
121.360796430,529.11
121.384347217,529.11
121.408007061,531.86
121.431459351,531.86
121.454497686,531.86
121.477857720,531.86
121.500846231,532.94
121.524063223,532.94
121.547005270,532.94
121.570474808,532.94
121.593498743,521.04
121.617001625,521.04
121.640343035,521.04
121.663687740,521.04
121.687159966,496.19
121.710137501,496.19
121.733122332,496.19
121.756130043,496.19
121.779323003,496.19
121.802543868,478.21
121.825864989,478.21
121.849165118,478.21
121.872680481,478.21
121.895800577,483.41
121.918894080,483.41
121.941832255,483.41
121.964926334,483.41
121.988114687,459.17
122.011422624,459.17
122.034602912,459.17
122.057819136,459.17
122.081529764,459.17
122.104898214,430.98
122.128228487,430.98
122.151348487,430.98
122.174336550,430.98
122.197112195,393.62
122.220235843,393.62
122.244016871,393.62
122.267797036,393.62
122.291485904,388.93
122.314677073,388.93
122.338011154,388.93
122.361517653,388.93
122.384940407,388.93
122.408318745,389.53
122.432015197,389.53
122.454972572,389.53
122.478047804,389.53
122.502049378,389.64
122.525777862,389.64
122.549289289,389.64
122.573089549,389.64
122.599975208,395.20
122.623716588,395.20
122.647259279,395.20
122.670742897,395.20
122.694693239,424.85
122.717930808,424.85
122.740974296,424.85
122.764492859,424.85
122.788102494,424.85
122.811527840,449.22
122.835030147,449.22
122.858151235,449.22
122.882367242,449.22
122.905877869,474.95
122.929323664,474.95
122.952958483,474.95
122.976371093,474.95
122.999205331,504.87
123.022859159,504.87
123.046354138,504.87
123.069997725,504.87
123.093376479,504.87
123.116804449,534.46
123.140092355,534.46
123.165524979,534.46
123.188751956,534.46
123.212858970,562.68
123.236155708,562.68
123.259213627,562.68
123.282941600,562.68
123.306679812,575.05
123.330313032,575.05
123.353783787,575.05
123.377150893,575.05
123.400433134,574.15
123.423659503,574.15
123.446853200,574.15
123.469961520,574.15
123.493186449,574.15
123.516253681,578.28
123.539556851,578.28
123.562997141,578.28
123.586771770,578.28
123.609772026,554.13
123.632735769,554.13
123.655878233,554.13
123.678733304,554.13
123.701533238,518.40
123.724223603,518.40
123.747755478,518.40
123.771370586,518.40
123.794626331,518.40
123.818282111,508.93
123.841474688,508.93
123.864510176,508.93
123.888107683,508.93
123.911444613,512.74
123.934920328,512.74
123.958182025,512.74
123.981398794,512.74
124.005066414,511.47
124.028686962,511.47
124.051832147,511.47
124.075307733,511.47
124.098417398,511.47
124.121274932,512.58
124.144637686,512.58
124.167958104,512.58
124.192184416,512.58
124.215829220,511.42
124.238874211,511.42
124.264542933,511.42
124.288835390,511.42
124.312996230,513.03
124.336592618,513.03
124.359993836,513.03
124.382525833,513.03
124.406803889,512.83
124.430364629,512.83
124.453888952,512.83
124.477273242,512.83
124.500321050,512.83
124.523787485,512.42
124.547657475,512.42
124.571360104,512.42
124.595401231,512.42
124.618765265,540.50
124.641861745,540.50
124.665385013,540.50
124.689223866,540.50
124.712789726,570.80
124.736244641,570.80
124.759299041,570.80
124.782496802,570.80
124.806571337,570.80
124.829969259,580.60
124.853514319,580.60
124.877094067,580.60
124.900235187,580.60
124.924053305,578.47
124.947776541,578.47
124.971121663,578.47
124.994786372,578.47
125.018386568,581.92
125.041506696,581.92
125.065066700,581.92
125.088517775,581.92
125.112793559,585.98
125.135894840,585.98
125.158757174,585.98
125.182348666,585.98
125.206139071,585.98
125.229632994,582.51
125.252666338,582.51
125.275788867,582.51
125.300155980,582.51
125.323865393,582.16
125.347217236,582.16
125.370732695,582.16
125.394499933,582.16
125.417861951,584.17
125.441653124,584.17
125.465485322,584.17
125.488593707,584.17
125.511756780,584.17
125.535320624,585.41
125.559115189,585.41
125.582662617,585.41
125.606196605,585.41
125.629788001,585.63
125.652789697,585.63
125.676220356,585.63
125.699922440,585.63
125.723603405,589.61
125.747255314,589.61
125.770344754,589.61
125.793402130,589.61
125.817576091,588.73
125.841018334,588.73
125.864515073,588.73
125.887989092,588.73
125.911023588,588.73
125.934377383,592.56
125.957791242,592.56
125.981232333,592.56
126.004753680,592.56
126.027759504,595.25
126.050747184,595.25
126.074223731,595.25
126.097701815,595.25
126.121256602,590.87
126.144834174,590.87
126.168084512,590.87
126.191328322,590.87
126.215105127,590.87
126.238260488,592.76
126.261059943,592.76
126.283986342,592.76
126.308728818,592.76
126.331876468,591.12
126.355104149,591.12
126.378151702,591.12
126.401817211,591.12
126.425455839,575.46
126.448828354,575.46
126.471522688,575.46
126.494488640,575.46
126.518353734,575.46
126.542035211,537.70
126.565724912,537.70
126.589598935,537.70
126.613143066,537.70
126.636261723,539.15
126.659843936,539.15
126.683642725,539.15
126.707292874,539.15
126.731634036,537.39
126.754870326,537.39
126.778181112,537.39
126.801924125,537.39
126.826129830,536.03
126.850242382,536.03
126.873442191,536.03
126.896526064,536.03
126.920350486,536.03
126.943781465,533.34
126.967263901,533.34
126.990813857,533.34
127.013794785,533.34
127.037149155,532.22
127.060533702,532.22
127.083800072,532.22
127.107797711,532.22
127.130793328,533.62
127.154430260,533.62
127.177964568,533.62
127.201291003,533.62
127.224933759,533.62
127.248481827,531.41
127.271785350,531.41
127.294960455,531.41
127.318403179,531.41
127.342019631,536.81
127.365661268,536.81
127.388536340,536.81
127.412031832,536.81
127.435543740,558.12
127.458902527,558.12
127.482237345,558.12
127.505423715,558.12
127.528695845,585.89
127.552242026,585.89
127.575444651,585.89
127.599001904,585.89
127.622492852,585.89
127.645686389,585.08
127.668934648,585.08
127.692286298,585.08
127.715577981,585.08
127.739492996,584.90
127.762681125,584.90
127.786200137,584.90
127.809166122,584.90
127.833023056,582.37
127.856205714,582.37
127.879574709,582.37
127.902839575,582.37
127.926340507,582.37
127.949517404,557.96
127.972550045,557.96
127.995624766,557.96
128.018728255,557.96
128.041930753,529.11
128.065331908,529.11
128.089171531,529.11
128.112421357,529.11
128.135564302,493.56
128.158250252,493.56
128.181481390,493.56
128.205323541,493.56
128.229111835,493.56
128.252839808,482.55
128.276468325,482.55
128.299708007,482.55
128.323666383,482.55
128.347095858,477.91
128.370507094,477.91
128.394045338,477.91
128.417876897,477.91
128.441290628,482.10
128.465109163,482.10
128.488549326,482.10
128.511957874,482.10
128.535300597,482.10
128.558477271,482.51
128.582237405,482.51
128.605727937,482.51
128.629446951,482.51
128.653230157,480.42
128.676395118,480.42
128.699529936,480.42
128.723082805,480.42
128.747295454,482.42
128.770959715,482.42
128.794427431,482.42
128.817115365,482.42
128.841369199,481.99
128.865082676,481.99
128.888367351,481.99
128.911937692,481.99
128.935560801,481.99
128.959298471,509.13
128.983117869,509.13
129.006668753,509.13
129.030235286,509.13
129.053334199,535.58
129.076097206,535.58
129.099626779,535.58
129.123370657,535.58
129.147024326,574.56
129.170835980,574.56
129.194345200,574.56
129.217891797,574.56
129.241701595,589.76
129.265458049,589.76
129.289378536,589.76
129.312936525,589.76
129.336415569,589.76
129.360383481,591.50
129.383886142,591.50
129.407676452,591.50
129.431446922,591.50
129.456492217,592.42
129.480023678,592.42
129.504170215,592.42
129.527708716,592.42
129.551493778,590.94
129.574920278,590.94
129.598443578,590.94
129.622087264,590.94
129.645609380,592.99
129.668997768,592.99
129.692279147,592.99
129.715638830,592.99
129.739067666,592.99
129.762860313,593.91
129.786632831,593.91
129.809941634,593.91
129.833123620,593.91
129.856846698,594.60
129.880467215,594.60
129.904089685,594.60
129.927951932,594.60
129.951427104,594.31
129.974542145,594.31
129.998104358,594.31
130.021550346,594.31
130.045359985,594.31
130.069017558,593.46
130.092322201,593.46
130.115893150,593.46
130.139512963,593.46
130.162960711,594.84
130.186677197,594.84
130.209825167,594.84
130.233348564,594.84
130.257121306,594.85
130.281149474,594.85
130.304695847,594.85
130.328041035,594.85
130.351010476,594.09
130.374525169,594.09
130.398100630,594.09
130.421808924,594.09
130.445486306,594.09
130.468538115,595.09
130.492028744,595.09
130.515694637,595.09
130.539333907,595.09
130.563238363,595.07
130.587062529,595.07
130.609863553,595.07
130.633194437,595.07
130.656834378,592.68
130.680401551,592.68
130.703580818,592.68
130.726758804,592.68
130.749935702,592.68
130.772975064,591.82
130.796251387,591.82
130.819324381,591.82
130.842960770,591.82
130.866342854,578.70
130.890098156,578.70
130.913032845,578.70
130.935608203,578.70
130.958642413,540.85
130.982682677,540.85
131.006515068,540.85
131.030164962,540.85
131.053966984,540.85
131.077464973,539.03
131.100875089,539.03
131.124552247,539.03
131.148084412,539.03
131.171761154,538.20
131.195409639,538.20
131.218435017,538.20
131.242119087,538.20
131.266480665,532.95
131.289954174,532.95
131.313430051,532.95
131.336769414,532.95
131.360532877,533.23
131.384126163,533.23
131.407672248,533.23
131.431248029,533.23
131.454860451,533.23
131.478062630,534.39
131.501415113,534.39
131.524492267,534.39
131.551447689,534.39
131.575135887,530.79
131.598828085,530.79
131.621635125,530.79
131.645197818,530.79
131.669485989,524.35
131.692639943,524.35
131.716097004,524.35
131.739362223,524.35
131.763435896,496.69
131.786935933,496.69
131.810160288,496.69
131.833044512,496.69
131.856456612,496.69
131.880182379,476.99
131.903026539,476.99
131.925733770,476.99
131.948677867,476.99
131.972441394,480.97
131.996207929,480.97
132.019631581,480.97
132.043253987,480.97
132.066627975,483.42
132.089439623,483.42
132.112780363,483.42
132.136530705,483.42
132.160035638,483.42
132.183207257,479.48
132.206633373,479.48
132.229975393,479.48
132.254203243,479.48
132.277681552,478.17
132.301079540,478.17
132.324544953,478.17
132.348023550,478.17
132.371853701,481.13
132.395768846,481.13
132.418843408,481.13
132.442687159,481.13
132.465980251,481.13
132.489023357,477.30
132.512769924,477.30
132.536112680,477.30
132.559669261,477.30
132.583303443,480.65
132.607074618,480.65
132.630317597,480.65
132.654082724,480.65
132.678114413,490.16
132.701922421,490.16
132.725049559,490.16
132.747818775,490.16
132.772351139,517.16
132.795892073,517.16
132.819550927,517.16
132.842873939,517.16
132.866258743,517.16
132.889784668,544.13
132.913154625,544.13
132.936833319,544.13
132.960597806,544.13
132.983883602,582.74
133.006809715,582.74
133.030422297,582.74
133.054648995,582.74
133.078171080,580.79
133.101472908,580.79
133.124791280,580.79
133.148302485,580.79
133.171879259,583.27
133.195450848,583.27
133.218574659,583.27
133.241751205,583.27
133.264711143,583.27
133.288275821,582.06
133.311423952,582.06
133.334901237,582.06
133.358838557,582.06
133.382770758,564.84
133.405401637,564.84
133.428134725,564.84
133.451579914,564.84
133.475573811,539.15
133.499086136,539.15
133.522489181,539.15
133.545963842,539.15
133.568915779,539.15
133.592221191,540.49
133.615686029,540.49
133.639079857,540.49
133.662837496,540.49
133.685985179,544.30
133.709249951,544.30
133.733044166,544.30
133.756380746,544.30
133.779951856,542.45
133.803639223,542.45
133.826527800,542.45
133.850073982,542.45
133.873835077,542.45
133.896878503,538.45
133.920363916,538.45
133.943443343,538.45
133.966189103,538.45
133.989283185,535.21
134.012565653,535.21
134.035569879,535.21
134.058723066,535.21
134.082512577,536.89
134.105967174,536.89
134.129367627,536.89
134.152059179,536.89
134.175819698,536.89
134.199094038,523.33
134.222441338,523.33
134.245742238,523.33
134.268753152,523.33
134.291729314,498.58
134.314594531,498.58
134.337861351,498.58
134.360991114,498.58
134.384948595,490.18
134.407918868,490.18
134.430435379,490.18
134.453198451,490.18
134.476763162,490.18
134.500510817,482.62
134.523932966,482.62
134.547729614,482.62
134.570877425,482.62
134.593825202,482.76
134.617334424,482.76
134.640535004,482.76
134.663994657,482.76
134.687453862,480.69
134.715834958,480.69
134.738974417,480.69
134.762552151,480.69
134.786700706,481.70
134.810268712,481.70
134.833366442,481.70
134.856881328,481.70
134.880951290,481.70
134.904793602,484.00
134.928858251,484.00
134.952997589,484.00
134.976937374,484.00
135.000929799,484.97
135.024830224,484.97
135.048456086,484.97
135.072253118,484.97
135.096491816,486.28
135.119643724,486.28
135.143384435,486.28
135.167047482,486.28
135.191111363,500.59
135.214663369,500.59
135.237919885,500.59
135.261471411,500.59
135.285228251,500.59
135.308747777,529.24
135.332495848,529.24
135.356190383,529.24
135.380109560,529.24
135.403755999,555.56
135.427387014,555.56
135.450988844,555.56
135.474408018,555.56
135.498478364,587.09
135.522125666,587.09
135.545857514,587.09
135.569544337,587.09
135.594333088,590.25
135.617651236,590.25
135.641134442,590.25
135.665339701,590.25
135.689188925,590.25
135.712801828,590.19
135.736258922,590.19
135.759496397,590.19
135.783372150,590.19
135.807359935,591.15
135.831063494,591.15
135.854474252,591.15
135.877771408,591.15
135.900982452,592.31
135.924754748,592.31
135.947938239,592.31
135.971527622,592.31
135.994955691,596.17
136.018254383,596.17
136.042213145,596.17
136.066023009,596.17
136.089928233,596.17
136.113773490,595.22
136.137348920,595.22
136.161195104,595.22
136.184886567,595.22
136.208417037,597.09
136.232166997,597.09
136.255470969,597.09
136.279352354,597.09
136.303142186,595.80
136.326715601,595.80
136.350452889,595.80
136.374053695,595.80
136.397140451,595.68
136.420916043,595.68
136.444520593,595.68
136.468074360,595.68
136.491962401,595.68
136.515234597,595.43
136.538660075,595.43
136.562045264,595.43
136.588247689,595.43
136.611523918,595.16
136.634650417,595.16
136.658056598,595.16
136.682081312,595.16
136.706011785,594.00
136.729715505,594.00
136.753116502,594.00
136.776034520,594.00
136.799561246,594.00
136.823562024,596.08
136.849008956,596.08
136.872266752,596.08
136.895242979,596.08
136.918718665,595.13
136.942403056,595.13
136.966073687,595.13
136.989433852,595.13
137.012816577,595.58
137.036460649,595.58
137.060157680,595.58
137.083446485,595.58
137.107083228,594.90
137.130556962,594.90
137.153696549,594.90
137.177311980,594.90
137.200857554,594.90
137.224488729,592.73
137.248017696,592.73
137.271210724,592.73
137.294943980,592.73
137.318554195,591.85
137.342245978,591.85
137.365493919,591.85
137.388923877,591.85
137.412690893,592.51
137.436330420,592.51
137.459801402,592.51
137.483379457,592.51
137.507085481,591.48
137.530362734,591.48
137.553729491,591.48
137.580171342,591.48
137.603790773,591.48
137.627356060,591.09
137.650291582,591.09
137.673824933,591.09
137.697616045,591.09
137.720896914,591.90
137.744224215,591.90
137.767220762,591.90
137.790992290,591.90
137.814880779,591.85
137.838421010,591.85
137.861918328,591.85
137.885314590,591.85
137.908519266,591.85
137.931990664,591.16
137.955606287,591.16
137.979107862,591.16
138.002743933,591.16
138.025766176,590.55
138.049100709,590.55
138.072802893,590.55
138.096501940,590.55
138.120288989,592.88
138.143773251,592.88
138.167202345,592.88
138.190892752,592.88
138.214862618,592.59
138.238471329,592.59
138.261952167,592.59
138.285060619,592.59
138.308860980,592.59
138.332686652,593.31
138.356146723,593.31
138.379750890,593.31
138.403096879,593.31
138.426221875,591.91
138.449695706,591.91
138.473246177,591.91
138.496820552,591.91
138.520398031,593.77
138.543525523,593.77
138.567142202,593.77
138.590640705,593.77
138.614139495,593.05
138.638123793,593.05
138.661304885,593.05
138.684165239,593.05
138.707879456,593.05
138.731537095,590.73
138.755069070,590.73
138.778711126,590.73
138.801858586,590.73
138.825212383,589.85
138.848977416,589.85
138.872392078,589.85
138.895859188,589.85
138.919639388,592.43
138.943716295,592.43
138.966952780,592.43
138.990499315,592.43
139.013670295,592.43
139.036591833,587.55
139.059691741,587.55
139.082902849,587.55
139.106714730,587.55
139.129623373,582.25
139.152796849,582.25
139.176513497,582.25
139.200171201,582.25
139.223525126,557.98
139.246251367,557.98
139.268929480,557.98
139.291965067,557.98
139.315993430,557.98
139.339919872,530.11
139.363703977,530.11
139.387147631,530.11
139.410665974,530.11
139.434208285,529.14
139.458126183,529.14
139.481661614,529.14
139.505275125,529.14
139.528544570,531.26
139.551649439,531.26
139.574762563,531.26
139.597963431,531.26
139.621355277,531.26
139.644481873,528.49
139.667719798,528.49
139.691609280,528.49
139.715161959,528.49
139.738687438,521.23
139.762495223,521.23
139.785885309,521.23
139.808957313,521.23
139.832042533,486.70
139.855374794,486.70
139.879306228,486.70
139.903107773,486.70
139.927522218,475.23
139.972203783,475.23
139.995802127,475.23
140.019788601,475.23
140.043262144,473.32
140.066765990,473.32
140.090190637,473.32
140.112937326,473.32
140.136356244,473.32
140.159997148,478.62
140.183562755,478.62
140.207140267,478.62
140.230253551,478.62
140.253692789,500.57
140.277480062,500.57
140.300672675,500.57
140.324314667,500.57
140.347838066,528.11
140.371215864,528.11
140.394738688,528.11
140.418207718,528.11
140.441866510,528.11
140.465762232,531.77
140.488752188,531.77
140.512048993,531.77
140.535706249,531.77
140.559186000,530.06
140.582979289,530.06
140.605947261,530.06
140.629373731,530.06
140.652831626,530.80
140.676393329,530.80
140.700154906,530.80
140.723446560,530.80
140.746572900,541.57
140.769987371,541.57
140.794053686,541.57
140.817412028,541.57
140.841501735,541.57
140.864781708,581.61
140.888131602,581.61
140.911280823,581.61
140.935152256,581.61
140.958709608,588.20
140.982185647,588.20
141.005404820,588.20
141.029013596,588.20
141.052416482,590.91
141.076051114,590.91
141.098979789,590.91
141.122202514,590.91
141.145285014,593.53
141.168619036,593.53
141.191685152,593.53
141.214459010,593.53
141.238060905,593.53
141.262185461,582.43
141.285708700,582.43
141.308481502,582.43
141.331358433,582.43
141.354917289,546.46
141.379353975,546.46
141.403388258,546.46
141.427398605,546.46
141.450811411,546.46
141.474006968,546.46
141.497618560,546.46
141.521169064,546.46
141.544817424,544.61
141.568319320,544.61
141.591523421,544.61
141.614919043,544.61
141.639407890,544.61
141.662647383,545.62
141.686299807,545.62
141.709568549,545.62
141.732458888,545.62
141.755961999,542.20
141.779360054,542.20
141.802777916,542.20
141.826189379,542.20
141.849343080,546.34
141.872423884,546.34
141.896010996,546.34
141.919385690,546.34
141.943194724,546.34
141.966417513,547.04
141.989366829,547.04
142.012833844,547.04
142.036539708,547.04
142.062697174,545.45
142.086325119,545.45
142.109689573,545.45
142.133292045,545.45
142.156961141,544.40
142.180335612,544.40
142.203984484,544.40
142.227622476,544.40
142.250697457,552.20
142.274175032,552.20
142.297410493,552.20
142.321067750,552.20
142.344478477,552.20
142.367336880,589.74
142.390584277,589.74
142.414015132,589.74
142.437534948,589.74
142.460969067,593.14
142.483995663,593.14
142.507152628,593.14
142.531136959,593.14
142.554557542,593.23
142.580629504,593.23
142.603836454,593.23
142.626950506,593.23
142.650403377,591.94
142.673518806,591.94
142.696734524,591.94
142.719685791,591.94
142.742876517,591.94
142.766221547,583.81
142.789583953,583.81
142.813233722,583.81
142.837209349,583.81
142.860327978,551.18
142.882822442,551.18
142.905520428,551.18
142.929455030,551.18
142.952929918,527.50
142.976386181,527.50
143.000110414,527.50
143.023335539,527.50
143.046499257,527.50
143.070207010,527.67
143.093611144,527.67
143.118018358,527.67
143.141569758,527.67
143.164590050,528.83
143.188050890,528.83
143.211693362,528.83
143.234793783,528.83
143.258453151,527.07
143.281691237,527.07
143.304395623,527.07
143.327761614,527.07
143.352240381,523.68
143.375526595,523.68
143.398938154,523.68
143.422110735,523.68
143.445314261,523.68
143.468861245,523.03
143.492377957,523.03
143.516018094,523.03
143.539950840,523.03
143.562780155,524.34
143.587584684,524.34
143.611024276,524.34
143.634900382,524.34
143.658256805,526.56
143.681705420,526.56
143.704539631,526.56
143.727364530,526.56
143.750638392,526.56
143.773899838,532.26
143.797054820,532.26
143.820427690,532.26
143.844085363,532.26
143.867693276,540.88
143.890618463,540.88
143.913392226,540.88
143.936772713,540.88
143.960686932,538.49
143.984391677,538.49
144.007869348,538.49
144.031900656,538.49
144.055522488,539.14
144.079174145,539.14
144.102967339,539.14
144.126601908,539.14
144.150462782,539.14
144.175372656,538.88
144.198377588,538.88
144.221971196,538.88
144.245468484,538.88
144.269277998,540.38
144.292830198,540.38
144.316124381,540.38
144.339602213,540.38
144.363268046,540.38
144.386872535,545.06
144.410679649,545.06
144.433836934,545.06
144.457310318,545.06
144.480992599,541.83
144.504798530,541.83
144.528161545,541.83
144.551559952,541.83
144.574420819,543.38
144.597773658,543.38
144.621310114,543.38
144.644590857,543.38
144.668142897,544.39
144.691658713,544.39
144.714626653,544.39
144.738132645,544.39
144.761781198,544.39
144.785421815,547.68
144.808565629,547.68
144.831550945,547.68
144.855006473,547.68
144.879188342,563.68
144.902898591,563.68
144.926479976,563.68
144.949460620,563.68
144.973359191,593.44
144.997172609,593.44
145.020497704,593.44
145.044431859,593.44
145.067740153,593.44
145.090891743,596.07
145.114239942,596.07
145.137651949,596.07
145.161693305,596.07
145.185455651,596.24
145.208661449,596.24
145.231747918,596.24
145.255949851,596.24
145.279527875,596.71
145.303155596,596.71
145.326421587,596.71
145.349489752,596.71
145.373000608,596.71
145.396366536,593.78
145.419916944,593.78
145.443424824,593.78
145.466448637,593.78
145.490031110,597.74
145.513563375,597.74
145.536888341,597.74
145.560845217,597.74
145.587280990,599.25
145.610891015,599.25
145.634219342,599.25
145.658154841,599.25
145.681972004,598.89
145.705378763,598.89
145.728174063,598.89
145.751263092,598.89
145.775021054,598.89
145.798591335,595.22
145.821658540,595.22
145.844882642,595.22
145.868089688,595.22
145.891068893,592.91
145.914138658,592.91
145.937094790,592.91
145.960474765,592.91
145.983522066,581.33
146.006782489,581.33
146.029829630,581.33
146.053085316,581.33
146.076402251,581.33
146.100091541,551.73
146.123541693,551.73
146.146800451,551.73
146.170015209,551.73
146.192889773,518.79
146.215625584,518.79
146.238766325,518.79
146.269686643,518.79
146.293201211,497.72
146.319830586,497.72
146.343040672,497.72
146.366581225,497.72
146.390575861,498.35
146.414545185,498.35
146.438252491,498.35
146.461271280,498.35
146.485213947,497.54
146.508866789,497.54
146.532369869,497.54
146.555827318,497.54
146.581781328,497.54
146.604744724,495.95
146.627708729,495.95
146.651177345,495.95
146.675195597,495.95
146.698937143,493.87
146.722381887,493.87
146.745561413,493.87
146.768987629,493.87
146.793791295,493.91
146.817315304,493.91
146.841087314,493.91
146.864506618,493.91
146.888044515,492.07
146.911621708,492.07
146.935343574,492.07
146.958855646,492.07
146.982494312,492.07
147.005829743,505.56
147.029248151,505.56
147.052990145,505.56
147.076616810,505.56
147.100109331,537.02
147.123472538,537.02
147.146263518,537.02
147.170108073,537.02
147.194037492,569.61
147.217723134,569.61
147.241702794,569.61
147.265011985,569.61
147.288240119,580.14
147.312324964,580.14
147.335613323,580.14
147.361371908,580.14
147.384831213,580.14
147.407812242,583.09
147.431137657,583.09
147.454559169,583.09
147.478516333,583.09
147.502335160,582.66
147.525561215,582.66
147.548451555,582.66
147.572324878,582.66
147.595525621,582.86
147.619156287,582.86
147.642372581,582.86
147.665166249,582.86
147.688664114,582.86
147.712191770,584.74
147.735505218,584.74
147.759295533,584.74
147.782562356,584.74
147.805722074,586.99
147.829166434,586.99
147.852538346,586.99
147.876231988,586.99
147.899563291,589.65
147.922615009,589.65
147.945714695,589.65
147.969259632,589.65
147.992758680,589.65
148.016334625,586.51
148.039663113,586.51
148.062486701,586.51
148.086270199,586.51
148.109622271,585.97
148.133320041,585.97
148.156840402,585.97
148.180295770,585.97
148.203930564,586.71
148.227826063,586.71
148.251126679,586.71
148.274515999,586.71
148.298501387,585.04
148.321371887,585.04
148.345036825,585.04
148.369655210,585.04
148.393431765,585.04
148.416689340,582.99
148.439411424,582.99
148.462896937,582.99
148.486355729,582.99
148.509792506,583.20
148.533446276,583.20
148.556512937,583.20
148.582072065,583.20
148.605731115,582.36
148.629114643,582.36
148.652613052,582.36
148.675981284,582.36
148.699016042,581.63
148.722320625,581.63
148.745717881,581.63
148.769192290,581.63
148.792691755,581.63
148.815960626,581.15
148.839031608,581.15
148.862264959,581.15
148.885611655,581.15
148.909230417,580.41
148.932486616,580.41
148.955475165,580.41
148.979008198,580.41
149.003067475,576.34
149.026386971,576.34
149.049601250,576.34
149.072857737,576.34
149.095640844,576.34
149.118267823,546.05
149.141273876,546.05
149.164886846,546.05
149.188560616,546.05
149.212394708,527.53
149.236504193,527.53
149.259591111,527.53
149.282784526,527.53
149.306792859,530.11
149.330253955,530.11
149.353830445,530.11
149.377264918,530.11
149.400304572,530.11
149.423785573,530.21
149.447366798,530.21
149.470666646,530.21
149.494334048,530.21
149.517504327,530.68
149.540419052,530.68
149.563974710,530.68
149.588346021,530.68
149.612061712,529.95
149.635326039,529.95
149.658542846,529.95
149.682058087,529.95
149.705516880,532.01
149.729533373,532.01
149.753426761,532.01
149.776532687,532.01
149.799742902,532.01
149.823483873,531.03
149.846941098,531.03
149.870332275,531.03
149.893762779,531.03
149.916987778,531.92
149.940679437,531.92
149.964286327,531.92
149.987792800,531.92
150.011902861,539.82
150.035148789,539.82
150.058363644,539.82
150.082231016,539.82
150.105926706,539.82
150.129369947,571.31
150.152692291,571.31
150.175454439,571.31
150.199331347,571.31
150.222808540,590.22
150.246394821,590.22
150.269849134,590.22
150.293269495,590.22
150.316599999,587.56
150.340066952,587.56
150.363670066,587.56
150.386935194,587.56
150.410425251,587.56
150.433330696,589.26
150.456681297,589.26
150.480866303,589.26
150.505298767,589.26
150.528766392,586.93
150.551953535,586.93
150.574856996,586.93
150.598221773,586.93
150.621804727,588.00
150.645051166,588.00
150.668343622,588.00
150.691554189,588.00
150.714823253,582.25
150.738026780,582.25
150.761475013,582.25
150.784771725,582.25
150.808097461,582.25
150.831037659,555.08
150.854020672,555.08
150.877255240,555.08
150.900481007,555.08
150.924619709,526.36
150.947962630,526.36
150.971445199,526.36
150.994422068,526.36
151.017498171,496.29
151.040461792,496.29
151.063369125,496.29
151.086795758,496.29
151.110304824,496.29
151.133765825,468.36
151.157239818,468.36
151.180596882,468.36
151.203680889,468.36
151.227017441,440.08
151.250346153,440.08
151.273516496,440.08
151.296152307,440.08
151.319141465,408.83
151.342161439,408.83
151.365617513,408.83
151.389391124,408.83
151.412962558,408.83
151.436938795,397.35
151.460322004,397.35
151.483479771,397.35
151.509706009,397.35
151.533347075,395.40
151.559215742,395.40
151.583640910,395.40
151.607145272,395.40
151.630928419,397.84
151.654695439,397.84
151.678031511,397.84
151.701594753,397.84
151.724758985,400.40
151.748042257,400.40
151.772012798,400.40
151.795525063,400.40
151.819362035,400.40
151.843064478,425.50
151.866232774,425.50
151.889984113,425.50
151.913615836,425.50
151.937005029,451.28
151.960844753,451.28
151.984112377,451.28
152.007306048,451.28
152.030533160,482.75
152.054194482,482.75
152.077802109,482.75
152.101157381,482.75
152.124109515,482.75
152.147186417,507.32
152.170722299,507.32
152.194074660,507.32
152.217438764,507.32
152.240924758,538.79
152.264191294,538.79
152.287743752,538.79
152.311168785,538.79
152.335474049,576.24
152.358730121,576.24
152.381899057,576.24
152.405223513,576.24
152.429816651,586.78
152.452979698,586.78
152.476491740,586.78
152.499546755,586.78
152.522890604,586.78
152.546607799,589.56
152.569953792,589.56
152.593567914,589.56
152.617501815,589.56
152.640663359,591.71
152.664020359,591.71
152.687554642,591.71
152.711319741,591.71
152.734934216,594.93
152.758122768,594.93
152.781891355,594.93
152.805418021,594.93
152.828933647,594.93
152.852634459,592.72
152.875968611,592.72
152.898852457,592.72
152.922150385,592.72
152.945719995,594.68
152.969282246,594.68
152.992549262,594.68
153.015682869,594.68
153.040585289,591.27
153.064286996,591.27
153.087534748,591.27
153.111288072,591.27
153.135103412,594.37
153.158348156,594.37
153.182072743,594.37
153.205651890,594.37
153.229164732,594.37
153.252665222,595.23
153.275879822,595.23
153.299162518,595.23
153.322659616,595.23
153.346283339,592.50
153.369961878,592.50
153.393213887,592.50
153.416551816,592.50
153.440328852,593.81
153.463727741,593.81
153.487118438,593.81
153.510431695,593.81
153.533815160,593.81
153.557609028,592.64
153.582228343,592.64
153.605952738,592.64
153.629469484,592.64
153.654869476,592.51
153.678165421,592.51
153.701885273,592.51
153.725834310,592.51
153.749273039,592.85
153.772591768,592.85
153.795491422,592.85
153.819237834,592.85
153.842851765,594.72
153.866379391,594.72
153.889964682,594.72
153.913457460,594.72
153.936854813,594.72
153.960275686,592.81
153.983469486,592.81
154.006923896,592.81
154.030278977,592.81
154.053134630,595.83
154.076759889,595.83
154.100281148,595.83
154.123528804,595.83
154.147248080,595.03
154.170323831,595.03
154.193529278,595.03
154.216986824,595.03
154.240544787,595.23
154.264343711,595.23
154.287598695,595.23
154.310735759,595.23
154.334052856,595.23
154.357714660,596.57
154.381453520,596.57
154.404857465,596.57
154.427881088,596.57
154.451343274,596.01
154.474866997,596.01
154.498259902,596.01
154.521691016,596.01
154.545456948,598.99
154.568480059,598.99
154.592208775,598.99
154.615660625,598.99
154.639055226,598.99
154.662822823,597.99
154.686111951,597.99
154.709644218,597.99
154.733399334,597.99
154.756689839,597.77
154.780317690,597.77
154.803288481,597.77
154.826652522,597.77
154.850080852,597.75
154.873699583,597.75
154.897213097,597.75
154.920785012,597.75
154.944084253,597.75
154.967205028,599.01
154.990694703,599.01
155.014120216,599.01
155.037640803,599.01
155.060688106,600.66
155.084032563,600.66
155.107474461,600.66
155.130867590,600.66
155.154245136,599.26
155.177710266,599.26
155.200648032,599.26
155.223789224,599.26
155.247386387,599.26
155.270991870,597.91
155.294455720,597.91
155.317574960,597.91
155.340696152,597.91
155.363680543,596.79
155.386659237,596.79
155.409836973,596.79
155.432833172,596.79
155.456328927,596.06
155.479641544,596.06
155.502400621,596.06
155.525286579,596.06
155.548424123,596.06
155.572138951,570.93
155.595628818,570.93
155.619069244,570.93
155.642234948,570.93
155.665400556,540.44
155.688369587,540.44
155.716791201,540.44
155.740396972,540.44
155.763193362,507.33
155.785472499,507.33
155.808414682,507.33
155.832091686,507.33
155.855743953,485.41
155.879253756,485.41
155.902788519,485.41
155.925819534,485.41
155.948862709,485.41
155.972510113,481.17
155.995928235,481.17
156.019545078,481.17
156.043241378,481.17
156.066398506,482.31
156.089754323,482.31
156.113456063,482.31
156.137211916,482.31
156.160810263,476.88
156.184212993,476.88
156.207608875,476.88
156.231314775,476.88
156.255278949,478.24
156.279109106,478.24
156.303054976,478.24
156.326639755,478.24
156.350096021,478.24
156.373750401,477.29
156.397303916,477.29
156.420689846,477.29
156.443932543,477.29
156.467031399,477.82
156.490530354,477.82
156.514092989,477.82
156.537290374,477.82
156.560884273,489.13
156.584259259,489.13
156.607720229,489.13
156.630829549,489.13
156.654654106,489.13
156.677893955,518.58
156.701165964,518.58
156.724913753,518.58
156.748794182,518.58
156.772184080,542.32
156.795840732,542.32
156.818994341,542.32
156.843377494,542.32
156.866864544,572.09
156.890138697,572.09
156.913834742,572.09
156.937126367,572.09
156.960109830,572.09
156.983622993,575.68
157.006941370,575.68
157.030438117,575.68
157.053916432,575.68
157.076970775,576.38
157.100465826,576.38
157.123719211,576.38
157.147230390,576.38
157.171696007,578.34
157.194772207,578.34
157.217498644,578.34
157.240722877,578.34
157.265103054,580.07
157.288589977,580.07
157.311993027,580.07
157.334931082,580.07
157.358341365,580.07
157.382222306,581.46
157.405530828,581.46
157.428953558,581.46
157.452736899,581.46
157.475867756,581.76
157.499323158,581.76
157.522676960,581.76
157.546013098,581.76
157.569605046,592.92
157.592799423,592.92
157.616088616,592.92
157.639796533,592.92
157.663436289,592.92
157.687043308,594.82
157.710386102,594.82
157.733705088,594.82
157.756878728,594.82
157.779954544,596.64
157.804094816,596.64
157.827344617,596.64
157.850682835,596.64
157.873897084,592.63
157.897128901,592.63
157.920446895,592.63
157.943709080,592.63
157.967315172,592.63
157.990709518,563.79
158.013591124,563.79
158.036497755,563.79
158.059195392,563.79
158.082106503,523.64
158.105888756,523.64
158.130009667,523.64
158.153775568,523.64
158.178471940,522.56
158.201814734,522.56
158.225133208,522.56
158.249127430,522.56
158.272944147,522.38
158.296344382,522.38
158.319669128,522.38
158.342574895,522.38
158.366027418,522.38
158.389695430,518.45
158.412790478,518.45
158.436419419,518.45
158.460407561,518.45
158.483434321,517.41
158.507119902,517.41
158.530555528,517.41
158.554577175,517.41
158.577890273,515.99
158.601443757,515.99
158.624934584,515.99
158.648459971,515.99
158.671758893,515.99
158.695585307,515.64
158.719110790,515.64
158.742144110,515.64
158.766027516,515.64
158.789767625,516.82
158.813492534,516.82
158.836952001,516.82
158.876675234,516.82
158.900426671,521.76
158.924102492,521.76
158.948006570,521.76
158.971586710,521.76
158.994922208,545.00
159.018430411,545.00
159.041720245,545.00
159.064866301,545.00
159.088019366,583.37
159.111217231,583.37
159.134460248,583.37
159.157453664,583.37
159.180825642,583.37
159.204425270,590.56
159.227682240,590.56
159.250971209,590.56
159.274348276,590.56
159.297801279,582.15
159.321133129,582.15
159.344629268,582.15
159.368211264,582.15
159.391245416,581.85
159.414331537,581.85
159.437409849,581.85
159.460965573,581.85
159.484616114,579.66
159.508282270,579.66
159.531173989,579.66
159.554472559,579.66
159.577534391,579.66
159.601071331,578.70
159.624546575,578.70
159.647899065,578.70
159.671764807,578.70
159.695066545,576.99
159.718317083,576.99
159.741822278,576.99
159.765114352,576.99
159.788959038,578.37
159.812075431,578.37
159.835460849,578.37
159.859031837,578.37
159.882652458,578.37
159.905924339,576.76
159.929076252,576.76
159.952504295,576.76
159.976413206,576.76
160.000275908,575.55
160.023990737,575.55
160.047925727,575.55
160.070945543,575.55
160.094637108,576.00
160.118310913,576.00
160.141717676,576.00
160.164927349,576.00
160.188208031,579.17
160.211549481,579.17
160.235320502,579.17
160.258593888,579.17
160.282200941,579.17
160.305608344,584.46
160.328776449,584.46
160.351980010,584.46
160.375533526,584.46
160.398844641,589.27
160.422423117,589.27
160.445607702,589.27
160.469134786,589.27
160.492525357,589.94
160.516139226,589.94
160.539808967,589.94
160.562873679,589.94
160.588496042,590.86
160.612159607,590.86
160.635493826,590.86
160.658782956,590.86
160.682671514,590.86
160.705921316,593.72
160.728944268,593.72
160.752410936,593.72
160.775763362,593.72
160.799138093,593.23
160.822154933,593.23
160.845084893,593.23
160.868663593,593.23
160.892817273,592.97
160.916328101,592.97
160.939697680,592.97
160.964109570,592.97
160.987593998,592.97
161.011655998,593.53
161.035372395,593.53
161.058992055,593.53
161.082339298,593.53
161.105433931,593.19
161.129258745,593.19
161.152740516,593.19
161.176350353,593.19
161.200534113,593.80
161.223566090,593.80
161.247444440,593.80
161.271113541,593.80
161.295385495,596.78
161.319227621,596.78
161.342289614,596.78
161.365230645,596.78
161.388778754,596.78
161.412116620,595.75
161.435431959,595.75
161.458697537,595.75
161.481524200,595.75
161.504815027,597.71
161.528213374,597.71
161.551360551,597.71
161.574965428,597.71
161.598339071,599.74
161.621502280,599.74
161.645217526,599.74
161.668311134,599.74
161.691941899,599.74
161.715094229,600.82
161.738142493,600.82
161.761525544,600.82
161.784826067,600.82
161.808075805,599.95
161.831668809,599.95
161.854680562,599.95
161.877623770,599.95
161.901049573,600.88
161.924394032,600.88
161.948041917,600.88
161.971150150,600.88
161.994207086,600.88
162.019959915,601.98
162.043442295,601.98
162.066977795,601.98
162.090586191,601.98
162.113650008,602.25
162.137145284,602.25
162.160348814,602.25
162.183744281,602.25
162.207406150,601.23
162.230592048,601.23
162.253698489,601.23
162.277300037,601.23
162.300852434,601.46
162.324650080,601.46
162.347932555,601.46
162.371204533,601.46
162.394763970,601.46
162.418434383,600.19
162.441717690,600.19
162.465349479,600.19
162.488760754,600.19
162.511990748,600.62
162.535453640,600.62
162.558878004,600.62
162.582552961,600.62
162.605937197,600.04
162.628790836,600.04
162.652446145,600.04
162.675629099,600.04
162.699055223,600.04
162.722502178,598.22
162.745769709,598.22
162.768566228,598.22
162.791898271,598.22
162.815625484,598.30
162.839074552,598.30
162.862632229,598.30
162.885853295,598.30
162.909331835,597.10
162.932711846,597.10
162.956093937,597.10
162.979295163,597.10
163.002773703,597.10
163.025991633,593.92
163.049553310,593.92
163.072946377,593.92
163.096187955,593.92
163.118960538,571.11
163.141704865,571.11
163.164521992,571.11
163.187998452,571.11
163.211858243,546.98
163.235370191,546.98
163.259090877,546.98
163.282271335,546.98
163.305516497,546.98
163.329100190,544.47
163.352293864,544.47
163.375627123,544.47
163.398934686,544.47
163.422177897,545.72
163.446001847,545.72
163.469648645,545.72
163.493355571,545.72
163.516946752,544.09
163.540403308,544.09
163.563372116,544.09
163.588945008,544.09
163.613302594,540.69
163.637007120,540.69
163.660378940,540.69
163.683699079,540.69
163.707340852,540.69
163.730924161,540.27
163.754423757,540.27
163.777963258,540.27
163.801294661,540.27
163.824092268,540.82
163.848110141,540.82
163.871946603,540.82
163.895534136,540.82
163.919314599,543.10
163.942614098,543.10
163.965859548,543.10
163.989325896,543.10
164.012615155,543.10
164.036509858,542.24
164.059787661,542.24
164.082780150,542.24
164.106262210,542.24
164.129460268,566.92
164.153049849,566.92
164.176001889,566.92
164.199251212,566.92
164.222669144,591.66
164.246713352,591.66
164.269768849,591.66
164.293311262,591.66
164.316864683,589.94
164.340639738,589.94
164.363806628,589.94
164.387165135,589.94
164.410431770,589.94
164.433623621,592.02
164.457217202,592.02
164.480748031,592.02
164.504140874,592.02
164.527738648,590.56
164.551141316,590.56
164.574040076,590.56
164.597313527,590.56
164.621528169,592.42
164.644748211,592.42
164.667768572,592.42
164.690867878,592.42
164.714412179,592.42
164.737974144,592.08
164.761361547,592.08
164.784833816,592.08
164.808429253,592.08
164.832081395,592.18
164.855362174,592.18
164.879085164,592.18
164.902458328,592.18
164.925603586,592.20
164.948311624,592.20
164.971783541,592.20
164.995439906,592.20
165.018687341,592.20
165.042316699,592.28
165.065544869,592.28
165.088786736,592.28
165.112055451,592.28
165.135593416,591.46
165.161343141,591.46
165.184532559,591.46
165.208206493,591.46
165.232759057,591.39
165.256168413,591.39
165.279558441,591.39
165.303289880,591.39
165.327335369,594.11
165.350775381,594.11
165.374073888,594.11
165.397487276,594.11
165.420978649,594.11
165.443967714,594.52
165.467555632,594.52
165.490901243,594.52
165.514833835,594.52
165.538121399,597.31
165.561318913,597.31
165.584791278,597.31
165.608824734,597.31
165.632476396,596.42
165.655729047,596.42
165.679443110,596.42
165.702675089,596.42
165.725986492,596.42
165.749541289,597.46
165.772950677,597.46
165.796075039,597.46
165.819263114,597.46
165.842590837,597.31
165.866058082,597.31
165.889369741,597.31
165.912631768,597.31
165.936122277,597.36
165.958986925,597.36
165.982092983,597.36
166.005221249,597.36
166.028693646,597.36
166.052219131,596.76
166.075374981,596.76
166.098349294,596.76
166.121517017,596.76
166.145082374,585.68
166.168307825,585.68
166.191513755,585.68
166.216352914,585.68
166.240278498,557.68
166.263568461,557.68
166.286845752,557.68
166.310388262,557.68
166.334376694,531.04
166.357470241,531.04
166.380676971,531.04
166.404065176,531.04
166.426931264,531.04
166.449569543,492.12
166.472330702,492.12
166.495952380,492.12
166.519619978,492.12
166.543159096,478.94
166.566818310,478.94
166.589975985,478.94
166.613049978,478.94
166.637240045,478.79
166.660494584,478.79
166.683819459,478.79
166.707379377,478.79
166.730378714,478.79
166.753647206,473.63
166.776891249,473.63
166.800259741,473.63
166.823832138,473.63
166.847315767,476.67
166.870194528,476.67
166.893510219,476.67
166.916588597,476.67
166.940000706,476.49
166.963567663,476.49
166.986857659,476.49
167.009370625,476.49
167.032629900,476.49
167.056091481,471.98
167.079577126,471.98
167.102972146,471.98
167.126055100,471.98
167.148842756,482.28
167.171612267,482.28
167.194419667,482.28
167.217027450,482.28
167.240019459,500.83
167.263136141,500.83
167.286456153,500.83
167.309852070,500.83
167.333559188,500.83
167.356997633,497.07
167.380119180,497.07
167.402752498,497.07
167.425391033,497.07
167.449108296,495.80
167.472728182,495.80
167.496431653,495.80
167.519767697,495.80
167.544175397,508.91
167.567648786,508.91
167.590720828,508.91
167.614082280,508.91
167.637777879,508.91
167.661106883,504.06
167.684863314,504.06
167.708003037,504.06
167.731942413,504.06
167.755591516,502.01
167.778955656,502.01
167.802418581,502.01
167.826049635,502.01
167.849046253,503.79
167.873321632,503.79
167.896932078,503.79
167.920066424,503.79
167.943492101,503.79
167.966978322,502.84
167.990011100,502.84
168.013700107,502.84
168.037320185,502.84
168.060560772,504.83
168.084398260,504.83
168.107502590,504.83
168.130807082,504.83
168.155695682,505.40
168.179441873,505.40
168.202815581,505.40
168.226236618,505.40
168.249821208,519.15
168.273235268,519.15
168.296535504,519.15
168.319924029,519.15
168.346089118,519.15
168.369295081,548.56
168.392698070,548.56
168.415984322,548.56
168.439557072,548.56
168.462943613,584.43
168.486430218,584.43
168.509131666,584.43
168.532830273,584.43
168.556545712,585.43
168.582409423,585.43
168.606171006,585.43
168.629240840,585.43
168.652978552,587.20
168.676101794,587.20
168.699523375,587.20
168.722763739,587.20
168.746278984,587.20
168.769372563,591.90
168.792329212,591.90
168.815277862,591.90
168.838383216,591.90
168.861395002,586.23
168.884645446,586.23
168.907754576,586.23
168.930983548,586.23
168.954620971,566.85
168.977750005,566.85
169.001077761,566.85
169.024245165,566.85
169.047651545,566.85
169.071004742,539.89
169.093992527,539.89
169.117142682,539.89
169.140586247,539.89
169.163342223,509.05
169.185962358,509.05
169.208659710,509.05
169.232166059,509.05
169.257238245,484.12
169.280665810,484.12
169.304248000,484.12
169.327677709,484.12
169.369298177,479.59
169.392730094,479.59
169.416434269,479.59
169.440021132,479.59
169.463369432,479.59
169.486295426,480.63
169.509915728,480.63
169.533236221,480.63
169.556786059,480.63
169.582432712,483.69
169.605535347,483.69
169.628736095,483.69
169.652397389,483.69
169.676059996,482.14
169.699729483,482.14
169.722862966,482.14
169.745524638,482.14
169.769890162,480.70
169.793241695,480.70
169.816625899,480.70
169.839598645,480.70
169.862650816,480.70
169.885480392,479.80
169.908293425,479.80
169.931449724,479.80
169.954495207,479.80
169.978402871,495.21
170.001938693,495.21
170.025654037,495.21
170.049190946,495.21
170.073270260,501.31
170.096468960,501.31
170.119098535,501.31
170.141864720,501.31
170.164921818,501.31
170.188693418,499.68
170.212229016,499.68
170.235625413,499.68
170.259239827,499.68
170.282669184,516.03
170.305526922,516.03
170.328758038,516.03
170.351927233,516.03
170.375728241,515.90
170.399222111,515.90
170.424187928,515.90
170.447264003,515.90
170.470978002,515.90
170.494519969,515.76
170.517765581,515.76
170.540825847,515.76
170.564069315,515.76
170.588592121,511.38
170.611700420,511.38
170.634643758,511.38
170.658076091,511.38
170.681318279,496.60
170.704509715,496.60
170.727540125,496.60
170.750777897,496.60
170.773818996,496.60
170.797370658,470.98
170.821364052,470.98
170.844794689,470.98
170.867591402,470.98
170.890364626,434.60
170.913370716,434.60
170.937299342,434.60
170.961173822,434.60
170.984883438,430.28
171.008449884,430.28
171.031566055,430.28
171.054984597,430.28
171.078589347,458.15
171.102069681,458.15
171.125754112,458.15
171.148727402,458.15
171.172059255,458.15
171.195896168,494.37
171.219477078,494.37
171.243221926,494.37
171.266833845,494.37
171.290495460,497.22
171.314227540,497.22
171.337741058,497.22
171.361152688,497.22
171.384595165,498.58
171.407827754,498.58
171.430993333,498.58
171.454500259,498.58
171.478051506,498.58
171.501669345,500.71
171.525358577,500.71
171.548379739,500.71
171.571885129,500.71
171.595213942,501.96
171.618264033,501.96
171.641408237,501.96
171.664969819,501.96
171.688404297,518.13
171.712108985,518.13
171.735667015,518.13
171.758784114,518.13
171.781879326,518.13
171.805000937,536.08
171.828490999,536.08
171.851925253,536.08
171.875447603,536.08
171.898777856,563.51
171.922067596,563.51
171.945235864,563.51
171.968744902,563.51
171.992086867,573.69
172.015945380,573.69
172.039738581,573.69
172.063012289,573.69
172.086113932,574.90
172.109367929,574.90
172.133024648,574.90
172.156332469,574.90
172.179593281,574.90
172.202645196,575.65
172.225762295,575.65
172.248972867,575.65
172.272787668,575.65
172.296748293,572.36
172.320216052,572.36
172.343098397,572.36
172.366148040,572.36
172.390343772,567.09
172.414002956,567.09
172.437477722,567.09
172.460765702,567.09
172.484501111,567.09
172.507868516,564.43
172.531191537,564.43
172.556415756,564.43
172.582521550,564.43
172.605987452,563.03
172.629248809,563.03
172.652351444,563.03
172.675675041,563.03
172.699724372,563.90
172.723373443,563.90
172.746691152,563.90
172.769790844,563.90
172.793500844,573.71
172.816404949,573.71
172.839776387,573.71
172.863400690,573.71
172.886860576,573.71
172.910362063,576.75
172.933857757,576.75
172.957079049,576.75
172.980232085,576.75
173.003962149,585.81
173.027612789,585.81
173.050872033,585.81
173.074202766,585.81
173.097604892,583.90
173.121072682,583.90
173.144617369,583.90
173.168075175,583.90
173.191277779,583.90
173.214321854,583.53
173.237526826,583.53
173.260432372,583.53
173.284152965,583.53
173.307426577,584.76
173.330941152,584.76
173.354300974,584.76
173.378856548,584.76
173.402607541,588.47
173.426069827,588.47
173.449329424,588.47
173.472746846,588.47
173.495860265,588.47
173.519124822,590.38
173.542240738,590.38
173.566849273,590.38
173.590276871,590.38
173.613819830,594.12
173.636971266,594.12
173.659838380,594.12
173.683423611,594.12
173.707847728,591.82
173.731099037,591.82
173.754692684,591.82
173.778398109,591.82
173.802304622,591.22
173.825531675,591.22
173.849224971,591.22
173.872672185,591.22
173.895727108,591.22
173.918764496,593.40
173.942029788,593.40
173.965590027,593.40
173.989513021,593.40
174.012974316,594.92
174.036444602,594.92
174.059486629,594.92
174.083570744,594.92
174.106998630,595.04
174.130211187,595.04
174.153934179,595.04
174.176916494,595.04
174.200261275,595.04
174.223520104,594.21
174.247031671,594.21
174.269901632,594.21
174.293134637,594.21
174.316617244,596.02
174.339959082,596.02
174.363004821,596.02
174.386442371,596.02
174.409505167,585.93
174.432507418,585.93
174.455340644,585.93
174.478943668,585.93
174.502065024,585.93
174.525501166,560.78
174.548865628,560.78
174.571986280,560.78
174.595030355,560.78
174.618090559,526.03
174.640955657,526.03
174.664284150,526.03
174.687705413,526.03
174.711295668,503.88
174.735126437,503.88
174.758287186,503.88
174.780985083,503.88
174.803639619,503.88
174.826515085,455.95
174.850175581,455.95
174.873752301,455.95
174.897765503,455.95
174.921244238,452.54
174.944633436,452.54
174.967840073,452.54
174.992109021,452.54
175.015419275,448.36
175.039059098,448.36
175.062523753,448.36
175.085786230,448.36
175.109391302,448.36
175.132831412,451.40
175.156091649,451.40
175.179657232,451.40
175.203151519,451.40
175.225885672,450.04
175.249582457,450.04
175.273566603,450.04
175.297527549,450.04
175.321330159,452.63
175.344784606,452.63
175.368256140,452.63
175.392027837,452.63
175.415952944,465.45
175.439531487,465.45
175.463123247,465.45
175.486054778,465.45
175.509833291,465.45
175.533403738,490.54
175.556829065,490.54
175.582718442,490.54
175.606144408,490.54
175.629771784,518.56
175.653610746,518.56
175.677142313,518.56
175.701939266,518.56
175.725520433,553.91
175.749105857,553.91
175.772470735,553.91
175.795884286,553.91
175.819501102,594.09
175.843226142,594.09
175.866163209,594.09
175.889683960,594.09
175.913532362,594.09
175.937060729,596.27
175.960657193,596.27
175.984044535,596.27
176.007457062,596.27
176.031209366,597.93
176.054667813,597.93
176.078198196,597.93
176.101802340,597.93
176.125117522,601.02
176.148344447,601.02
176.171605612,601.02
176.194828409,601.02
176.218448777,600.99
176.242155322,600.99
176.264979332,600.99
176.288383666,600.99
176.312111779,600.99
176.335526706,601.57
176.359260131,601.57
176.382327407,601.57
176.406198337,601.57
176.429950002,601.34
176.453519010,601.34
176.477410804,601.34
176.501058340,601.34
176.524328338,600.35
176.547993667,600.35
176.571488050,600.35
176.594831328,600.35
176.618797523,600.35
176.642000224,601.44
176.665728945,601.44
176.689354561,601.44
176.713218419,601.44
176.736649249,600.86
176.759997520,600.86
176.782729529,600.86
176.806595115,600.86
176.829887961,600.41
176.853343560,600.41
176.876785431,600.41
176.899868547,600.41
176.923292370,600.41
176.946960514,600.31
176.970262672,600.31
176.993655070,600.31
177.017252750,600.31
177.040686013,602.13
177.064400878,602.13
177.088123199,602.13
177.111866000,602.13
177.135316575,598.05
177.158783950,598.05
177.181742553,598.05
177.205398121,598.05
177.229860512,594.35
177.253123277,594.35
177.276753822,594.35
177.299985707,594.35
177.323050871,594.35
177.347026378,593.31
177.370657595,593.31
177.393919721,593.31
177.417697306,593.31
177.441001640,593.69
177.464250390,593.69
177.487664133,593.69
177.511644024,593.69
177.535196328,593.69
177.558615318,593.69
177.582370792,593.69
177.605872887,593.69
177.629289926,574.14
177.652818678,574.14
177.676119012,574.14
177.699380050,574.14
177.722804065,574.14
177.746216559,540.58
177.775049671,540.58
177.798940153,540.58
177.822362056,540.58
177.844968657,511.45
177.867601210,511.45
177.890580902,511.45
177.914194646,511.45
177.937996008,511.45
177.961410966,490.39
177.985336137,490.39
178.008648887,490.39
178.031872933,490.39
178.055783031,490.24
178.078939908,490.24
178.102394803,490.24
178.126061060,490.24
178.148817614,490.41
178.172309085,490.41
178.195591403,490.41
178.218776024,490.41
178.242472873,490.41
178.265885304,492.79
178.289628874,492.79
178.313594141,492.79
178.337664369,492.79
178.361105984,485.80
178.384699536,485.80
178.408332257,485.80
178.432353013,485.80
178.456049382,483.78
178.479753527,483.78
178.503116582,483.78
178.527439036,483.78
178.551007372,486.33
178.574422779,486.33
178.597932523,486.33
178.621123320,486.33
178.644528583,497.79
178.668598043,497.79
178.692171627,497.79
178.715741660,497.79
178.740109618,497.79
178.763890948,524.31
178.787119921,524.31
178.810687361,524.31
178.835523803,524.31
178.858827529,565.23
178.882018807,565.23
178.905347173,565.23
178.928888821,565.23
178.952326308,585.83
178.975489746,585.83
178.998648575,585.83
179.021863404,585.83
179.045537821,586.51
179.068716939,586.51
179.092240059,586.51
179.115989644,586.51
179.139506524,586.51
179.162964427,586.95
179.186290778,586.95
179.210002699,586.95
179.233142104,586.95
179.256400390,589.86
179.279650260,589.86
179.303066755,589.86
179.326563827,589.86
179.350350725,594.34
179.373254801,594.34
179.396757857,594.34
179.421162967,594.34
179.445432749,596.59
179.469244927,596.59
179.492973489,596.59
179.516817891,596.59
179.540666582,596.59
179.564958572,596.08
179.589390211,596.08
179.612310926,596.08
179.635434619,596.08
179.658758794,595.18
179.682152153,595.18
179.705791178,595.18
179.729204345,595.18
179.752390471,599.34
179.775793782,599.34
179.799470407,599.34
179.822887479,599.34
179.846818378,599.49
179.870662556,599.49
179.894237613,599.49
179.917996735,599.49
179.941829297,599.49
179.964924254,601.49
179.988082059,601.49
180.011320889,601.49
180.035008075,601.49
180.058869693,598.97
180.082590255,598.97
180.106179935,598.97
180.129894225,598.97
180.153390369,599.16
180.176398029,599.16
180.199437914,599.16
180.222601319,599.16
180.245896309,599.16
180.269461382,598.98
180.293002902,598.98
180.316691432,598.98
180.340014519,598.98
180.363443430,595.03
180.387150680,595.03
180.410355558,595.03
180.433940375,595.03
180.457140357,595.27
180.480437971,595.27
180.503554208,595.27
180.526826799,595.27
180.550815139,595.27
180.574252690,591.03
180.597742723,591.03
180.621207090,591.03
180.644603746,591.03
180.668044657,590.51
180.691658498,590.51
180.715019282,590.51
180.738254112,590.51
180.761779248,587.15
180.785319169,587.15
180.808913649,587.15
180.832058879,587.15
180.856629911,586.62
180.880211144,586.62
180.904011098,586.62
180.927799212,586.62
180.953156555,586.62
180.976340760,587.31
180.999702503,587.31
181.022901781,587.31
181.046489382,587.31
181.070419770,586.41
181.094020874,586.41
181.117833565,586.41
181.141219340,586.41
181.165544034,585.43
181.188914866,585.43
181.212437538,585.43
181.235361966,585.43
181.259630756,585.06
181.283315861,585.06
181.307120104,585.06
181.330409527,585.06
181.353997320,585.06
181.377598937,590.21
181.400572069,590.21
181.424162006,590.21
181.448221451,590.21
181.471970941,590.57
181.495974417,590.57
181.519415393,590.57
181.542747056,590.57
181.565946239,593.96
181.589441263,593.96
181.612819166,593.96
181.636072525,593.96
181.659337179,593.96
181.683042925,595.70
181.706485885,595.70
181.729709419,595.70
181.752966010,595.70
181.776128840,594.71
181.799301558,594.71
181.822694469,594.71
181.846154805,594.71
181.869772039,598.66
181.893561145,598.66
181.916602502,598.66
181.939965493,598.66
181.965216819,598.27
181.988623587,598.27
182.012279956,598.27
182.035412002,598.27
182.058842770,598.27
182.082537763,600.44
182.106018612,600.44
182.129420899,600.44
182.153139925,600.44
182.175936768,602.72
182.199326288,602.72
182.222798336,602.72
182.245748300,602.72
182.269349470,602.44
182.292511884,602.44
182.315560857,602.44
182.339237803,602.44
182.363133086,602.44
182.386640239,600.76
182.409832541,600.76
182.433059596,600.76
182.456367707,600.76
182.479748683,602.03
182.502984825,602.03
182.526617675,602.03
182.549798649,602.03
182.573296010,599.18
182.597025468,599.18
182.620379819,599.18
182.643966652,599.18
182.667577038,599.18
182.690826301,602.82
182.714249965,602.82
182.737616508,602.82
182.760949644,602.82
182.784434044,601.38
182.807838380,601.38
182.830793816,601.38
182.854509099,601.38
182.877930395,601.46
182.901624749,601.46
182.925115229,601.46
182.948530221,601.46
182.972022718,602.54
182.995660527,602.54
183.019015327,602.54
183.042420943,602.54
183.065660093,602.54
183.088664074,603.60
183.112285756,603.60
183.135833612,603.60
183.159474174,603.60
183.182890638,603.38
183.205791738,603.38
183.229058793,603.38
183.252243735,603.38
183.276625422,603.58
183.300280000,603.58
183.323647408,603.58
183.346665085,603.58
183.370537329,603.58
183.393944865,605.26
183.417358897,605.26
183.440920771,605.26
183.464330771,605.26
183.487677858,605.48
183.511094483,605.48
183.534109920,605.48
183.558026580,605.48
183.582744078,611.24
183.605514841,611.24
183.629093674,611.24
183.652517082,611.24
183.675928651,611.24
183.699644221,609.55
183.722871276,609.55
183.745830777,609.55
183.769196008,609.55
183.792407895,609.66
183.815756615,609.66
183.839355736,609.66
183.862477766,609.66
183.885848214,610.41
183.909082533,610.41
183.932561045,610.41
183.955946789,610.41
183.979158676,611.68
184.002342658,611.68
184.025644946,611.68
184.050902192,611.68
184.074334144,611.68
184.098405717,611.08
184.121261441,611.08
184.144565520,611.08
184.167983713,611.08
184.191065518,611.12
184.214470622,611.12
184.237532588,611.12
184.260285047,611.12
184.284097194,608.25
184.307040855,608.25
184.329986244,608.25
184.353126130,608.25
184.376205888,608.25
184.399278958,608.86
184.422242811,608.86
184.445377929,608.86
184.468841178,608.86
184.492113641,581.96
184.515336056,581.96
184.538036579,581.96
184.561253298,581.96
184.585419336,551.06
184.609203355,551.06
184.632238409,551.06
184.654705746,551.06
184.677443325,551.06
184.700460331,511.42
184.724308734,511.42
184.748158770,511.42
184.771592706,511.42
184.795419478,505.10
184.818865831,505.10
184.842252727,505.10
184.865821960,505.10
184.889228953,502.25
184.912871499,502.25
184.936403804,502.25
184.959637291,502.25
184.983088092,502.25
185.006940495,495.82
185.030579137,495.82
185.054212787,495.82
185.077594852,497.69
185.110612476,497.69
185.134176558,497.69
185.157961185,497.69
185.181509586,497.69
185.205342246,495.80
185.228657813,495.80
185.252162023,495.80
185.276329789,495.80
185.299643020,495.72
185.323297951,495.72
185.346769136,495.72
185.369637436,495.72
185.392823339,494.73
185.416103291,494.73
185.439551916,494.73
185.462841307,494.73
185.485957354,494.73
185.508487828,521.46
185.531979525,521.46
185.555425621,521.46
185.579189865,521.46
185.602604761,546.27
185.625813352,546.27
185.649247737,546.27
185.672355047,546.27
185.695458934,585.65
185.718161665,585.65
185.741421744,585.65
185.764676864,585.65
185.787752558,585.65
185.811140766,560.45
185.834424686,560.45
185.857260762,560.45
185.880702763,560.45
185.904015227,531.51
185.926722630,531.51
185.948983982,531.51
185.971481655,531.51
185.994728807,497.09
186.018335193,497.09
186.041605288,497.09
186.064870072,497.09
186.088659627,497.09
186.112210813,496.07
186.135535949,496.07
186.159375840,496.07
186.182603312,496.07
186.208246225,495.67
186.232074373,495.67
186.255279316,495.67
186.279183048,495.67
186.302615865,491.97
186.326274220,491.97
186.349676764,491.97
186.373341647,491.97
186.396596063,492.44
186.420651636,492.44
186.444309415,492.44
186.467920249,492.44
186.491844814,492.44
186.515299647,494.79
186.538511790,494.79
186.562017728,494.79
186.585928180,494.79
186.609519495,494.99
186.632811350,494.99
186.656097286,494.99
186.679451479,494.99
186.702723302,494.28
186.725971382,494.28
186.749138213,494.28
186.772571862,494.28
186.796159944,494.28
186.819359415,497.90
186.842077987,497.90
186.864532972,497.90
186.887491226,497.90
186.911021931,490.79
186.935049057,490.79
186.958428305,490.79
186.981766178,490.79
187.005440148,529.48
187.028332161,529.48
187.051595185,529.48
187.074781472,529.48
187.098121232,529.48
187.121847011,531.11
187.145012306,531.11
187.168052928,531.11
187.191878164,531.11
187.215413414,529.65
187.238845111,529.65
187.262357320,529.65
187.286041147,529.65
187.309206314,531.15
187.332809629,531.15
187.356141965,531.15
187.379708543,531.15
187.403433427,531.15
187.427188774,533.31
187.450588183,533.31
187.474513260,533.31
187.497959198,533.31
187.521630224,533.86
187.545452997,533.86
187.568641172,533.86
187.592469992,533.86
187.616132539,535.64
187.639678925,535.64
187.663073662,535.64
187.686518959,535.64
187.709934400,537.48
187.733541363,537.48
187.756827491,537.48
187.780365653,537.48
187.803950151,537.48
187.827379448,564.24
187.850641480,564.24
187.874339035,564.24
187.897706860,564.24
187.921008060,597.20
187.944729519,597.20
187.967771933,597.20
187.991715122,597.20
188.015656839,597.89
188.039294714,597.89
188.063150799,597.89
188.086622624,597.89
188.110217042,596.36
188.133934182,596.36
188.157725914,596.36
188.181389324,596.36
188.205354370,596.36
188.228645202,602.90
188.255194747,602.90
188.278884814,602.90
188.302947236,602.90
188.326792568,602.69
188.350141481,602.69
188.373238744,602.69
188.397407791,602.69
188.421794887,599.09
188.445247193,599.09
188.469102030,599.09
188.492494975,599.09
188.516107217,596.79
188.539818725,596.79
188.563293879,596.79
188.586745448,596.79
188.610523740,596.79
188.634087054,599.12
188.657301694,599.12
188.680790320,599.12
188.704562212,599.12
188.727728979,600.95
188.750773122,600.95
188.774438837,600.95
188.798384522,600.95
188.821796955,594.15
188.845018219,594.15
188.868175098,594.15
188.891696716,594.15
188.914828540,594.15
188.938379374,571.89
188.962107265,571.89
188.985730644,571.89
189.009614473,571.89
189.032315797,539.25
189.055122433,539.25
189.078227504,539.25
189.102424200,539.25
189.127121411,514.74
189.150658101,514.74
189.174505257,514.74
189.197776217,514.74
189.221483725,510.23
189.245579523,510.23
189.269177142,510.23
189.292544519,510.23
189.316300891,510.23
189.339605932,512.53
189.363108030,512.53
189.387060371,512.53
189.410739239,512.53
189.434269433,513.22
189.458106318,513.22
189.482137092,513.22
189.505541557,513.22
189.529939886,514.99
189.553598049,514.99
189.577058995,514.99
189.600395908,514.99
189.624524347,511.67
189.648109902,511.67
189.671569791,511.67
189.694922384,511.67
189.718660804,511.67
189.741602642,514.92
189.764831298,514.92
189.788185939,514.92
189.812503020,514.92
189.836282368,521.64
189.859824626,521.64
189.883029410,521.64
189.906914487,521.64
189.930533354,538.52
189.954159869,538.52
189.978014610,538.52
190.001544420,538.52
190.024720276,569.59
190.048341703,569.59
190.071745144,569.59
190.094829095,569.59
190.118360218,569.59
190.141477353,606.66
190.165074716,606.66
190.188385452,606.66
190.211804094,606.66
190.235456305,605.85
190.258861538,605.85
190.282157427,605.85
190.305700230,605.85
190.329821277,610.57
190.353609937,610.57
190.377245637,610.57
190.402227746,610.57
190.426252312,610.57
190.450499824,608.51
190.473998723,608.51
190.497868888,608.51
190.521354538,608.51
190.544782844,609.69
190.568211630,609.69
190.592084995,609.69
190.615309715,609.69
190.639081991,613.68
190.662183319,613.68
190.685706537,613.68
190.709544958,613.68
190.733303602,609.51
190.757323241,609.51
190.780791643,609.51
190.804018059,609.51
190.828131234,609.51
190.851574388,607.31
190.875088134,607.31
190.898634873,607.31
190.922102123,607.31
190.945560445,607.42
190.969225905,607.42
190.992562242,607.42
191.015965555,607.42
191.040470925,607.78
191.063418683,607.78
191.086895949,607.78
191.110159102,607.78
191.134522775,606.79
191.157872840,606.79
191.181482203,606.79
191.204503690,606.79
191.227662010,606.79
191.251209900,606.11
191.274547613,606.11
191.297942895,606.11
191.321246272,606.11
191.344295855,604.75
191.367584192,604.75
191.391089971,604.75
191.414498885,604.75
191.437736149,608.06
191.460495266,608.06
191.483952980,608.06
191.507402022,608.06
191.530723383,608.06
191.554421932,607.00
191.577768285,607.00
191.601377072,607.00
191.625559240,607.00
191.649128891,603.88
191.672915696,603.88
191.696354498,603.88
191.719748884,603.88
191.743338695,608.12
191.766692312,608.12
191.789979017,608.12
191.813866111,608.12
191.837223728,608.12
191.860475329,609.68
191.883605456,609.68
191.907063139,609.68
191.930413620,609.68
191.954164872,607.97
191.977383385,607.97
192.000967468,607.97
192.024437278,607.97
192.048771383,609.21
192.072271690,609.21
192.095784860,609.21
192.118934412,609.21
192.143238693,612.01
192.167035770,612.01
192.190173193,612.01
192.213712604,612.01
192.236875116,612.01
192.259964284,612.03
192.283010987,612.03
192.306305372,612.03
192.330293938,612.03
192.353732581,612.69
192.376975158,612.69
192.400538633,612.69
192.424234909,612.69
192.447603855,611.96
192.471075553,611.96
192.496503107,611.96
192.519723379,611.96
192.543051333,612.08
192.566756281,612.08
192.590460109,612.08
192.614025825,612.08
192.637314642,612.08
192.660962470,613.66
192.684136694,613.66
192.707334406,613.66
192.731157596,613.66
192.754560173,615.43
192.777566077,615.43
192.800962478,615.43
192.824582658,615.43
192.848652345,614.89
192.872098604,614.89
192.894952217,614.89
192.918406572,614.89
192.942383010,614.89
192.965749940,614.61
192.989234407,614.61
193.012865754,614.61
193.036560206,614.61
193.060522533,615.42
193.084241081,615.42
193.107835917,615.42
193.131515073,615.42
193.154772402,612.80
193.178410789,612.80
193.201771991,612.80
193.225403083,612.80
193.249145311,614.33
193.272646610,614.33
193.295666689,614.33
193.319078516,614.33
193.342764360,614.33
193.366263611,612.77
193.390011248,612.77
193.413403618,612.77
193.436386705,612.77
193.459900804,610.79
193.483122613,610.79
193.506731241,610.79
193.530148411,610.79
193.553819823,606.98
193.577083265,606.98
193.600573043,606.98
193.624207047,606.98
193.647496633,606.98
193.671268494,607.26
193.694630848,607.26
193.718316532,607.26
193.741968264,607.26
193.765753245,603.47
193.789238992,603.47
193.812701059,603.47
193.835856915,603.47
193.859509319,599.89
193.883020826,599.89
193.906432493,599.89
193.929796287,599.89
193.953208849,599.89
193.976478690,603.64
193.999915829,603.64
194.023353063,603.64
194.046991675,603.64
194.070768400,600.13
194.094214339,600.13
194.117495732,600.13
194.141442186,600.13
194.165297728,598.29
194.188557745,598.29
194.212184165,598.29
194.235481654,598.29
194.259723823,595.17
194.283063009,595.17
194.306645717,595.17
194.330004391,595.17
194.353657243,595.17
194.376980557,595.46
194.400628705,595.46
194.423936595,595.46
194.447441478,595.46
194.470866393,596.71
194.494313196,596.71
194.517457596,596.71
194.544666731,596.71
194.567994397,594.79
194.591666770,594.79
194.615162565,594.79
194.638065524,594.79
194.662080651,595.34
194.685492829,595.34
194.708757647,595.34
194.731800190,595.34
194.755447539,595.34
194.778387201,599.33
194.801877429,599.33
194.825271559,599.33
194.848627481,599.33
194.871893226,600.51
194.895163772,600.51
194.918063466,600.51
194.941491677,600.51
194.965065681,596.27
194.988367906,596.27
195.011896694,596.27
195.035083943,596.27
195.058373240,596.27
195.081658250,596.20
195.105556064,596.20
195.129074227,596.20
195.152784456,596.20
195.175903352,601.00
195.199472620,601.00
195.223296930,601.00
195.247317721,601.00
195.270817932,597.45
195.293808412,597.45
195.317003405,597.45
195.340359551,597.45
195.363939411,597.45
195.387760169,588.98
195.411093147,588.98
195.434357484,588.98
195.458104706,588.98
195.481402036,587.48
195.504963175,587.48
195.528386042,587.48
195.551530251,587.48
195.576242919,587.09
195.599962813,587.09
195.623390383,587.09
195.647102852,587.09
195.670591320,591.44
195.693873769,591.44
195.717389917,591.44
195.740810448,591.44
195.764165538,591.44
195.787810519,590.10
195.810920583,590.10
195.833884182,590.10
195.858166064,590.10
195.881839204,588.17
195.905027925,588.17
195.928444392,588.17
195.952152573,588.17
195.975642384,586.33
195.999184356,586.33
196.022430773,586.33
196.045918313,586.33
196.069630750,586.33
196.093050161,589.66
196.116206049,589.66
196.139506099,589.66
196.162871910,589.66
196.185779220,586.08
196.208826052,586.08
196.231828148,586.08
196.255012837,586.08
196.278146454,591.97
196.301354919,591.97
196.324420247,591.97
196.347447719,591.97
196.370705177,591.97
196.394083084,572.19
196.417442078,572.19
196.440891985,572.19
196.464649447,572.19
196.487858488,543.96
196.511037993,543.96
196.534243227,543.96
196.557687886,543.96
196.582824718,513.32
196.605407259,513.32
196.628140936,513.32
196.677620962,513.32
196.701461529,483.59
196.724954732,483.59
196.748963556,483.59
196.772322390,483.59
196.796147948,482.25
196.820245829,482.25
196.843661400,482.25
196.867709903,482.25
196.891571334,485.83
196.914810999,485.83
196.938672142,485.83
196.962118657,485.83
196.986255609,484.78
197.009715661,484.78
197.033251392,484.78
197.056182160,484.78
197.079590115,484.78
197.102972341,486.29
197.126117446,486.29
197.149708410,486.29
197.173127149,486.29
197.196562529,485.86
197.219955219,485.86
197.243127652,485.86
197.266658904,485.86
197.289732617,492.30
197.312990171,492.30
197.336703632,492.30
197.360023427,492.30
197.383881017,492.30
197.407365773,508.04
197.430697215,508.04
197.453713903,508.04
197.477510853,508.04
197.500725431,537.67
197.524301004,537.67
197.547733023,537.67
197.570635246,537.67
197.594079201,568.65
197.617725430,568.65
197.641214378,568.65
197.664697278,568.65
197.688518676,606.34
197.711610085,606.34
197.735331066,606.34
197.760588764,606.34
197.784025103,606.34
197.807599491,604.14
197.830844181,604.14
197.854064775,604.14
197.877362937,604.14
197.900499178,607.67
197.923800092,607.67
197.947099919,607.67
197.970437057,607.67
197.995086910,608.03
198.018826099,608.03
198.042281095,608.03
198.066111901,608.03
198.089608529,606.92
198.112996420,606.92
198.137007932,606.92
198.160503855,606.92
198.184064164,606.92
198.207740953,607.88
198.231209420,607.88
198.254435134,607.88
198.278007443,607.88
198.301322021,608.73
198.325035195,608.73
198.348364206,608.73
198.371866690,608.73
198.395203700,609.30
198.418218181,609.30
198.441427031,609.30
198.464381318,609.30
198.487617688,609.30
198.511142509,606.14
198.534487647,606.14
198.557642609,606.14
198.583784281,606.14
198.607363182,597.33
198.630780385,597.33
198.653972307,597.33
198.677363078,597.33
198.700942971,598.08
198.724499407,598.08
198.747817698,598.08
198.771246837,598.08
198.794686793,598.02
198.817706041,598.02
198.840737161,598.02
198.863752282,598.02
198.887283086,598.02
198.910811874,592.08
198.933967572,592.08
198.957565704,592.08
198.980814171,592.08
199.004422831,589.53
199.027649249,589.53
199.051084085,589.53
199.074682410,589.53
199.097915708,590.00
199.121286735,590.00
199.144639297,590.00
199.167958228,590.00
199.191595977,590.00
199.214743483,591.74
199.237461257,591.74
199.260630650,591.74
199.284283983,591.74
199.307627650,590.85
199.331089558,590.85
199.354515050,590.85
199.377812029,590.85
199.401466802,590.38
199.424740517,590.38
199.448168280,590.38
199.471645868,590.38
199.494659773,590.38
199.517820942,589.02
199.541072385,589.02
199.564534357,589.02
199.590423579,589.02
199.613602093,601.18
199.636241787,601.18
199.659528717,601.18
199.682990017,601.18
199.706527126,600.01
199.730136203,600.01
199.753546910,600.01
199.776683408,600.01
199.800298853,598.18
199.823828281,598.18
199.847241293,598.18
199.870693537,598.18
199.894017748,598.18
199.917166693,600.65
199.940083573,600.65
199.962980101,600.65
199.986299255,600.65
200.010237519,604.57
200.033704291,604.57
200.057151159,604.57
200.080790444,604.57
200.104607427,584.02
200.127714676,584.02
200.150571555,584.02
200.173668309,584.02
200.197411115,584.02
200.221100864,553.37
200.244654677,553.37
200.267302147,553.37
200.289934704,553.37
200.313223171,512.12
200.336769176,512.12
200.360469326,512.12
200.383966914,512.12
200.407551640,505.78
200.431044780,505.78
200.454082173,505.78
200.477739251,505.78
200.501089926,505.78
200.524568922,505.82
200.548085071,505.82
200.571389442,505.82
200.594484531,505.82
200.617853446,501.54
200.641300730,501.54
200.664717390,501.54
200.688613030,501.54
200.712008313,499.75
200.735816592,499.75
200.759349925,499.75
200.782806841,499.75
200.806601584,499.75
200.830040420,504.85
200.853454839,504.85
200.877390831,504.85
200.902583729,504.85
200.926438440,506.44
200.950372864,506.44
200.973815476,506.44
200.997737355,506.44
201.021700995,503.16
201.045304569,503.16
201.068452394,503.16
201.092398306,503.16
201.115688085,524.18
201.138859239,524.18
201.162390748,524.18
201.185643854,524.18
201.208891617,524.18
201.232839993,558.41
201.255768105,558.41
201.279200477,558.41
201.302540656,558.41
201.326108197,599.92
201.349494425,599.92
201.372914509,599.92
201.395803389,599.92
201.419158737,601.05
201.442698822,601.05
201.465961912,601.05
201.489394604,601.05
201.512860673,602.56
201.536257365,602.56
201.559903019,602.56
201.584717609,602.56
201.608197150,602.56
201.631798771,607.47
201.654853892,607.47
201.678459130,607.47
201.701983951,607.47
201.725635237,606.24
201.749165593,606.24
201.772742319,606.24
201.795780736,606.24
201.819479030,605.92
201.843074827,605.92
201.866368670,605.92
201.890088789,605.92
201.913424680,605.92
201.936738171,605.01
201.960305457,605.01
201.983691044,605.01
202.007231577,605.01
202.030693774,607.56
202.054051297,607.56
202.077014482,607.56
202.100638759,607.56
202.124184444,603.80
202.147723441,603.80
202.170773187,603.80
202.193574098,603.80
202.217119815,603.80
202.240471098,601.70
202.263525004,601.70
202.286623421,601.70
202.310317268,601.70
202.333677767,588.65
202.356206037,588.65
202.378515777,588.65
202.401792180,588.65
202.425263944,551.82
202.449353986,551.82
202.472776214,551.82
202.496267691,551.82
202.520184259,549.44
202.543983834,549.44
202.567469039,549.44
202.591022948,549.44
202.614220119,549.44
202.637983373,546.52
202.661280897,546.52
202.684106480,546.52
202.707570693,546.52
202.731373500,546.77
202.754844561,546.77
202.778795593,546.77
202.802068444,546.77
202.825876436,548.31
202.849930253,548.31
202.873509858,548.31
202.897173464,548.31
202.920990448,548.31
202.944372356,550.34
202.968391964,550.34
202.992040978,550.34
203.015633992,550.34
203.039330302,550.04
203.062852595,550.04
203.085723555,550.04
203.109479034,550.04
203.133732373,550.45
203.157138793,550.45
203.180796863,550.45
203.204232916,550.45
203.228128683,551.64
203.251501887,551.64
203.274948660,551.64
203.298104582,551.64
203.321425818,551.64
203.344759886,574.25
203.368272515,574.25
203.391619895,574.25
203.415144844,574.25
203.438788930,580.62
203.462691323,580.62
203.486285136,580.62
203.508941279,580.62
203.531530221,541.52
203.554414589,541.52
203.577729041,541.52
203.601604105,541.52
203.625547361,541.52
203.649047350,528.85
203.672763981,528.85
203.696175842,528.85
203.720009017,528.85
203.743814417,525.24
203.767317190,525.24
203.790644122,525.24
203.814551634,525.24
203.838645451,526.45
203.862255265,526.45
203.885723382,526.45
203.909212331,526.45
203.933664424,525.65
203.957263357,525.65
203.980373231,525.65
204.005181583,525.65
204.029022310,525.65
204.052499995,525.09
204.076133329,525.09
204.099362564,525.09
204.122809209,525.09
204.146834962,529.28
204.170371879,529.28
204.194010078,529.28
204.217917366,529.28
204.242503987,529.27
204.266317195,529.27
204.290142818,529.27
204.313724056,529.27
204.337915155,530.90
204.361480745,530.90
204.385015102,530.90
204.408744885,530.90
204.432588845,530.90
204.456124707,549.12
204.480070076,549.12
204.503152654,549.12
204.527054854,549.12
204.551028575,594.02
204.574595893,594.02
204.598782127,594.02
204.622446598,594.02
204.646374271,607.49
204.670214646,607.49
204.693734476,607.49
204.717209729,607.49
204.741184858,611.87
204.764674351,611.87
204.788057539,611.87
204.811848379,611.87
204.835267024,611.87
204.858943238,610.50
204.882306843,610.50
204.905433101,610.50
204.933094818,610.50
204.956494711,610.91
204.980029772,610.91
205.003796036,610.91
205.027577403,610.91
205.051185713,611.24
205.075837391,611.24
205.099567399,611.24
205.123366718,611.24
205.147309751,614.02
205.170357001,614.02
205.194143648,614.02
205.218124281,614.02
205.241825040,611.51
205.265626152,611.51
205.289274174,611.51
205.312153775,611.51
205.335437187,611.51
205.358814679,608.20
205.382228460,608.20
205.405247390,608.20
205.428512530,608.20
205.452245417,606.24
205.475408348,606.24
205.498631727,606.24
205.522512072,606.24
205.547210374,578.92
205.570928701,578.92
205.594495571,578.92
205.618079882,578.92
205.641611839,578.92
205.665153653,566.35
205.688788140,566.35
205.712056607,566.35
205.735601429,566.35
205.759062602,567.74
205.782427487,567.74
205.806291991,567.74
205.829922158,567.74
205.853463555,565.23
205.877132986,565.23
205.900091084,565.23
205.923698178,565.23
205.947320536,566.12
205.970977039,566.12
205.994392420,566.12
206.017899769,566.12
206.040738410,566.12
206.064313856,566.79
206.088002455,566.79
206.111551341,566.79
206.135371557,566.79
206.158664441,566.00
206.182098990,566.00
206.205536419,566.00
206.229217562,566.00
206.252946801,565.41
206.276881482,565.41
206.300129501,565.41
206.323508562,565.41
206.347248906,565.41
206.370488989,569.23
206.394279637,569.23
206.417580106,569.23
206.440825693,569.23
206.464282931,573.91
206.487659783,573.91
206.510850267,573.91
206.534749300,573.91
206.558140584,599.44
206.583956208,599.44
206.607431558,599.44
206.630726074,599.44
206.655009717,612.13
206.678470827,612.13
206.701970944,612.13
206.725826009,612.13
206.749345359,612.13
206.772979686,613.15
206.796822398,613.15
206.820111986,613.15
206.843671624,613.15
206.867156414,612.62
206.890605267,612.62
206.914404171,612.62
206.938243011,612.62
206.961647640,614.00
206.985085390,614.00
207.008250273,614.00
207.031811447,614.00
207.055312748,616.80
207.078701345,616.80
207.101737139,616.80
207.124953095,616.80
207.152039256,616.80
207.175051850,615.39
207.198755810,615.39
207.221685907,615.39
207.245528043,615.39
207.268557213,617.08
207.291844114,617.08
207.314795139,617.08
207.337422450,617.08
207.360977513,614.15
207.384363198,614.15
207.407528913,614.15
207.430812837,614.15
207.454034137,614.15
207.477098764,585.53
207.500198078,585.53
207.523291953,585.53
207.546941960,585.53
207.569958426,553.60
207.592259623,553.60
207.614811990,553.60
207.637737799,553.60
207.662287205,521.25
207.685896892,521.25
207.709355025,521.25
207.732676294,521.25
207.756410046,521.25
207.779395696,519.26
207.802877061,519.26
207.826621437,519.26
207.849940146,519.26
207.873913291,518.90
207.897145119,518.90
207.920216658,518.90
207.944055914,518.90
207.967498432,513.02
207.991228631,513.02
208.014746318,513.02
208.037626783,513.02
208.060877043,513.02
208.084133095,510.04
208.107810078,510.04
208.131062194,510.04
208.154703945,510.04
208.177635898,508.29
208.201264753,508.29
208.224518021,508.29
208.247782073,508.29
208.271149230,505.70
208.294483715,505.70
208.317331156,505.70
208.340990060,505.70
208.364610659,505.70
208.387985112,507.15
208.411383501,507.15
208.434752802,507.15
208.457555251,507.15
208.480456356,531.01
208.503349494,531.01
208.526356520,531.01
208.549706237,531.01
208.572840912,567.12
208.596461448,567.12
208.619453626,567.12
208.642633869,567.12
208.666129059,567.12
208.689556889,574.77
208.713043759,574.77
208.735819999,574.77
208.758363726,574.77
208.781070558,537.64
208.803466764,537.64
208.826313725,537.64
208.849561457,537.64
208.873015815,521.40
208.896451292,521.40
208.919951730,521.40
208.943078470,521.40
208.966600732,521.40
208.990177299,521.28
209.013400551,521.28
209.036738075,521.28
209.060339250,521.28
209.083707367,524.00
209.106818779,524.00
209.130769236,524.00
209.154508332,524.00
209.177936770,524.59
209.201836411,524.59
209.224939374,524.59
209.277375940,524.59
209.300887387,523.91
209.324838421,523.91
209.348304907,523.91
209.371874594,523.91
209.396126430,521.22
209.419985143,521.22
209.443682959,521.22
209.467972139,521.22
209.491601155,523.57
209.515290682,523.57
209.539316533,523.57
209.562902572,523.57
209.586928614,519.18
209.610875296,519.18
209.634186837,519.18
209.657795628,519.18
209.681452772,519.18
209.704844697,545.88
209.728570929,545.88
209.751877094,545.88
209.775042842,545.88
209.798398831,577.60
209.821919589,577.60
209.845254170,577.60
209.869099091,577.60
209.892744555,604.23
209.916482627,604.23
209.940058234,604.23
209.963368943,604.23
209.987339561,603.70
210.010829279,603.70
210.033744241,603.70
210.057280231,603.70
210.081148769,603.70
210.104583990,604.08
210.128115373,604.08
210.151498562,604.08
210.175030457,604.08
210.198555887,604.38
210.221843140,604.38
210.245134297,604.38
210.269033074,604.38
210.292259367,606.34
210.317433258,606.34
210.340922209,606.34
210.364913371,606.34
210.388916757,608.29
210.412776559,608.29
210.436409766,608.29
210.460259648,608.29
210.484473852,608.29
210.508496118,605.43
210.532293871,605.43
210.555549028,605.43
210.579248508,605.43
210.603074453,606.49
210.626814957,606.49
210.650832488,606.49
210.674881283,606.49
210.698391065,608.96
210.722349203,608.96
210.746124236,608.96
210.770057062,608.96
210.793992128,609.11
210.817555255,609.11
210.841163214,609.11
210.864803782,609.11
210.888731968,606.74
210.912110517,606.74
210.935810893,606.74
210.958854272,606.74
210.982376183,606.74
211.005990318,608.30
211.029504997,608.30
211.053198621,608.30
211.077145847,608.30
211.100792303,608.36
211.124564807,608.36
211.148066078,608.36
211.172061496,608.36
211.195807761,612.29
211.219010053,612.29
211.242617948,612.29
211.266168467,612.29
211.290994868,611.30
211.314811246,611.30
211.338647527,611.30
211.364264334,611.30
211.388062759,611.30
211.412308900,612.53
211.435967772,612.53
211.459771381,612.53
211.483361324,612.53
211.506790178,613.09
211.530475195,613.09
211.553968849,613.09
211.577974060,613.09
211.601544419,615.79
211.625068442,615.79
211.648986356,615.79
211.672788493,615.79
211.696173347,615.32
211.719825691,615.32
211.743340978,615.32
211.766816200,615.32
211.790279167,615.32
211.813921623,613.37
211.837389741,613.37
211.860745347,613.37
211.883755190,613.37
211.907186828,615.39
211.930554434,615.39
211.954094393,615.39
211.978166420,615.39
212.001451721,616.66
212.025064993,616.66
212.049116476,616.66
212.072415569,616.66
212.095681062,614.20
212.119441662,614.20
212.142636499,614.20
212.165651494,614.20
212.188840986,614.20
212.212386929,613.27
212.235772679,613.27
212.259147805,613.27
212.283500634,613.27
212.307295347,611.39
212.330701706,611.39
212.354154656,611.39
212.377954394,611.39
212.401879060,610.51
212.425860174,610.51
212.449478982,610.51
212.473278592,610.51
212.497072505,610.51
212.520550416,612.01
212.543958630,612.01
212.567742751,612.01
212.591299862,612.01
212.614250185,611.67
212.637858593,611.67
212.661439896,611.67
212.685298514,611.67
212.709487055,610.21
212.732887397,610.21
212.756179930,610.21
212.779649777,610.21
212.802644580,610.66
212.826135451,610.66
212.849804595,610.66
212.873293034,610.66
212.897309797,610.66
212.920820700,610.92
212.943980432,610.92
212.967753417,610.92
212.991127551,610.92
213.014370388,610.72
213.038117229,610.72
213.061069216,610.72
213.084232660,610.72
213.107985805,611.09
213.131550852,611.09
213.155007067,611.09
213.178742708,611.09
213.201874408,611.09
213.225869730,611.14
213.249490842,611.14
213.272637199,611.14
213.296425640,611.14
213.319646301,614.49
213.342955379,614.49
213.366781932,614.49
213.390330948,614.49
213.413515993,612.65
213.437265202,612.65
213.460537415,612.65
213.483627355,612.65
213.509935784,609.18
213.533259390,609.18
213.556101584,609.18
213.579285573,609.18
213.602330744,609.18
213.625716430,604.01
213.649363143,604.01
213.672621628,604.01
213.695121003,604.01
213.717521114,573.72
213.740665070,573.72
213.763952228,573.72
213.787952415,573.72
213.812401693,553.35
213.836002069,553.35
213.859708014,553.35
213.882637793,553.35
213.905962422,553.35
213.929403533,547.65
213.952628482,547.65
213.975813655,547.65
213.999863730,547.65
214.022710788,546.61
214.046067834,546.61
214.069673042,546.61
214.093713902,546.61
214.117438727,546.27
214.141228704,546.27
214.164436757,546.27
214.188167022,546.27
214.212072392,543.82
214.235834401,543.82
214.259743292,543.82
214.283272915,543.82
214.306942668,543.82
214.330816614,541.91
214.354442431,541.91
214.378013206,541.91
214.401668207,541.91
214.424878436,542.95
214.448297595,542.95
214.471804722,542.95
214.495226665,542.95
214.518813409,542.74
214.542524602,542.74
214.565865456,542.74
214.591080565,542.74
214.614661677,542.74
214.638264485,543.22
214.661600059,543.22
214.684902289,543.22
214.708158470,543.22
214.731370908,572.17
214.754424719,572.17
214.777557796,572.17
214.802103043,572.17
214.826060126,578.29
214.849175059,578.29
214.872065157,578.29
214.895078649,578.29
214.918494672,551.54
214.941943462,551.54
214.965121595,551.54
214.988664723,551.54
215.011669478,551.54
215.034619130,524.75
215.057481868,524.75
215.080930499,524.75
215.103966615,524.75
215.128350485,498.13
215.151972397,498.13
215.175936776,498.13
215.199618401,498.13
215.223091448,481.64
215.246460718,481.64
215.269998886,481.64
215.293354397,481.64
215.317397176,481.64
215.341020561,477.71
215.364730570,477.71
215.388476740,477.71
215.411749657,477.71
215.435067279,471.96
215.458559591,471.96
215.481950110,471.96
215.505536118,471.96
215.528922829,473.21
215.567612539,473.21
215.591212691,473.21
215.614988941,473.21
215.638942504,471.95
215.663006532,471.95
215.686552508,471.95
215.710534039,471.95
215.734098639,475.22
215.758093451,475.22
215.781750915,475.22
215.805598014,475.22
215.828862643,487.52
215.852766894,487.52
215.876827530,487.52
215.900512131,487.52
215.924429694,518.97
215.948347257,518.97
215.971949169,518.97
215.996175150,518.97
216.019920424,518.97
216.043661697,544.07
216.067494683,544.07
216.091048051,544.07
216.115054159,544.07
216.138745896,571.87
216.162241951,571.87
216.185611798,571.87
216.210069525,571.87
216.233353771,591.53
216.257062404,591.53
216.280662429,591.53
216.304019315,591.53
216.327830253,591.53
216.351293957,598.63
216.374824445,598.63
216.398662103,598.63
216.422140751,598.63
216.445753352,598.60
216.469288608,598.60
216.493178234,598.60
216.516615506,598.60
216.540980112,595.39
216.564914955,595.39
216.591153305,595.39
216.617125412,595.39
216.640265817,597.90
216.664333013,597.90
216.687715724,597.90
216.711190979,597.90
216.735148639,602.28
216.758680791,602.28
216.782264463,602.28
216.805988233,602.28
216.829650146,602.28
216.853006456,604.46
216.877085876,604.46
216.900852846,604.46
216.924916619,604.46
216.948478275,601.24
216.971764313,601.24
216.995411410,601.24
217.019340717,601.24
217.043027590,604.85
217.066142971,604.85
217.089482161,604.85
217.112984233,604.85
217.137105894,609.50
217.160681278,609.50
217.183808883,609.50
217.207543949,609.50
217.230922211,609.50
217.254487676,608.39
217.278286934,608.39
217.301839470,608.39
217.325024292,608.39
217.348291834,608.34
217.371540176,608.34
217.394953511,608.34
217.418799906,608.34
217.441743830,609.32
217.464985451,609.32
217.488949703,609.32
217.512369470,609.32
217.536192985,609.32
217.559836370,613.89
217.584713621,613.89
217.608562639,613.89
217.632251465,613.89
217.655871074,611.69
217.679695836,611.69
217.702999251,611.69
217.726449994,611.69
217.750412518,611.13
217.773534907,611.13
217.796835473,611.13
217.820514059,611.13
217.843653952,610.96
217.866930070,610.96
217.890578031,610.96
217.914111335,610.96
217.937552927,610.96
217.961462330,613.75
217.984701264,613.75
218.008198984,613.75
218.031452574,613.75
218.055239192,608.34
218.078983730,608.34
218.102684588,608.34
218.126042114,608.34
218.149539962,599.81
218.172464046,599.81
218.195100671,599.81
218.217788049,599.81
218.240840933,599.81
218.264225148,561.01
218.287566419,561.01
218.310959690,561.01
218.334800645,561.01
218.358347742,560.24
218.381866998,560.24
218.405837170,560.24
218.429282442,560.24
218.453622665,555.29
218.477232898,555.29
218.500219734,555.29
218.523420140,555.29
218.547500008,552.45
218.571112161,552.45
218.594474360,552.45
218.618004497,552.45
218.641121158,552.45
218.664631678,549.82
218.688023190,549.82
218.712212179,549.82
218.736126479,549.82
218.762205723,551.79
218.785108430,551.79
218.808432037,551.79
218.831752220,551.79
218.855143859,551.90
218.878751276,551.90
218.902109955,551.90
218.925467962,551.90
218.949215317,550.93
218.972612044,550.93
218.996140932,550.93
219.019728541,550.93
219.043274230,550.93
219.066668077,554.39
219.090568008,554.39
219.113842527,554.39
219.137548409,554.39
219.161054641,562.61
219.183805091,562.61
219.207098458,562.61
219.230238447,562.61
219.253702855,599.30
219.277136863,599.30
219.300922233,599.30
219.323638635,599.30
219.347154372,599.30
219.370681789,598.77
219.394046964,598.77
219.417376427,598.77
219.441551817,598.77
219.464984032,599.04
219.489021725,599.04
219.512604726,599.04
219.536465105,599.04
219.560435341,604.95
219.584963246,604.95
219.608585095,604.95
219.632529315,604.95
219.657013315,603.85
219.680593628,603.85
219.704400119,603.85
219.727593069,603.85
219.751332903,603.85
219.775080097,602.23
219.798628730,602.23
219.822226451,602.23
219.846246736,602.23
219.869336677,603.42
219.893108223,603.42
219.916956795,603.42
219.940903222,603.42
219.965497015,603.79
219.989268370,603.79
220.012483496,603.79
220.036297187,603.79
220.060099294,599.26
220.083799160,599.26
220.107704019,599.26
220.131057802,599.26
220.154177952,599.26
220.177723992,598.30
220.201174896,598.30
220.224468103,598.30
220.248452579,598.30
220.271835995,601.73
220.295077329,601.73
220.319390160,601.73
220.343007306,601.73
220.366626787,601.66
220.390343678,601.66
220.413342482,601.66
220.437056013,601.66
220.460696166,601.04
220.484100990,601.04
220.507431829,601.04
220.531456274,601.04
220.554546311,601.04
220.578444323,597.38
220.602253630,597.38
220.626090745,597.38
220.649773779,597.38
220.673582126,601.62
220.697015014,601.62
220.720640320,601.62
220.744457083,601.62
220.767828883,601.18
220.791250859,601.18
220.814691427,601.18
220.838191483,601.18
220.861966838,601.18
220.885531279,596.52
220.908653765,596.52
220.931844571,596.52
220.955306835,596.52
220.978555690,588.18
221.002068674,588.18
221.025199256,588.18
221.048524911,588.18
221.071983912,592.03
221.095679266,592.03
221.119456252,592.03
221.142811892,592.03
221.166340013,586.20
221.189793957,586.20
221.212994171,586.20
221.236419315,586.20
221.260505456,586.20
221.284253259,585.28
221.307853637,585.28
221.331371677,585.28
221.355151192,585.28
221.378975412,584.36
221.402358636,584.36
221.425816132,584.36
221.449668992,584.36
221.473326266,586.09
221.497201525,586.09
221.520745166,586.09
221.544613674,586.09
221.568041666,586.09
221.591054935,583.89
221.614555792,583.89
221.637848935,583.89
221.661352704,583.89
221.685079995,584.33
221.708378098,584.33
221.731800874,584.33
221.755592709,584.33
221.779510113,581.93
221.803054138,581.93
221.826593267,581.93
221.850692241,581.93
221.875241522,587.73
221.899426288,587.73
221.923636206,587.73
221.946825829,587.73
221.969864986,587.73
221.993001008,599.27
222.016167974,599.27
222.039174075,599.27
222.062375025,599.27
222.085759881,590.66
222.109083297,590.66
222.132328535,590.66
222.155931409,590.66
222.178977062,567.43
222.202451423,567.43
222.225843095,567.43
222.249188334,567.43
222.272534854,567.43
222.295572987,536.36
222.318361231,536.36
222.341355236,536.36
222.364773532,536.36
222.388042931,512.50
222.411539340,512.50
222.434625762,512.50
222.457668151,512.50
222.480743373,479.71
222.503986852,479.71
222.527511933,479.71
222.551167255,479.71
222.574704305,479.71
222.597159457,449.12
222.619730803,449.12
222.642493990,449.12
222.665889918,449.12
222.690138781,419.89
222.713557974,419.89
222.736574635,419.89
222.760528839,419.89
222.783838815,416.02
222.807081942,416.02
222.830628271,416.02
222.854203241,416.02
222.877931491,420.64
222.903307499,420.64
222.926294752,420.64
222.950269053,420.64
222.974199065,420.64
222.997519409,415.95
223.021095626,415.95
223.044650276,415.95
223.068377343,415.95
223.092128538,417.88
223.115419889,417.88
223.138607111,417.88
223.162573796,417.88
223.185903132,446.77
223.209737815,446.77
223.233311025,446.77
223.256828906,446.77
223.280514789,446.77
223.304033310,473.99
223.327104532,473.99
223.350577485,473.99
223.374037126,473.99
223.397422846,502.99
223.421063800,502.99
223.444537329,502.99
223.467373445,502.99
223.491179041,526.51
223.514597177,526.51
223.538477333,526.51
223.561915502,526.51
223.586014860,557.83
223.609408548,557.83
223.632870877,557.83
223.656315318,557.83
223.679705934,557.83
223.703325032,591.50
223.726869442,591.50
223.750521724,591.50
223.774813756,591.50
223.798446326,592.81
223.821961583,592.81
223.845640138,592.81
223.868943265,592.81
223.892602140,591.61
223.915815827,591.61
223.939000330,591.61
223.962629732,591.61
223.985975932,591.61
224.009294420,594.59
224.032973742,594.59
224.056632809,594.59
224.080415428,594.59
224.103916509,599.63
224.127235413,599.63
224.151264818,599.63
224.175198831,599.63
224.198972906,599.02
224.222572292,599.02
224.246133310,599.02
224.269429493,599.02
224.293496691,598.12
224.316966508,598.12
224.340751176,598.12
224.364514404,598.12
224.388006077,598.12
224.411347445,601.07
224.434889487,601.07
224.458198695,601.07
224.481939586,601.07
224.505660477,604.60
224.528738131,604.60
224.552180332,604.60
224.575977480,604.60
224.600428457,605.77
224.623810913,605.77
224.647160793,605.77
224.670108654,605.77
224.694470414,612.09
224.718081513,612.09
224.741472385,612.09
224.764837114,612.09
224.788570453,612.09
224.811873581,611.57
224.836083340,611.57
224.859593157,611.57
224.883411937,611.57
224.907142108,614.54
224.930655766,614.54
224.954283760,614.54
224.977964491,614.54
225.001865256,614.62
225.025405697,614.62
225.050492551,614.62
225.073602077,614.62
225.097684987,613.63
225.121244085,613.63
225.144618318,613.63
225.167743268,613.63
225.191018556,613.63
225.214222963,612.42
225.237514762,612.42
225.260495200,612.42
225.283639318,612.42
225.306785805,601.30
225.330297319,601.30
225.353815905,601.30
225.377331706,601.30
225.400760627,569.73
225.423847530,569.73
225.446492029,569.73
225.469078383,569.73
225.492251014,569.73
225.515945441,529.86
225.539587996,529.86
225.562815571,529.86
225.586271276,529.86
225.609747622,528.26
225.632915773,528.26
225.656715609,528.26
225.679984145,528.26
225.703493802,526.88
225.727165925,526.88
225.750709759,526.88
225.773992439,526.88
225.797580849,526.88
225.821148939,525.95
225.844691909,525.95
225.868432129,525.95
225.892096988,525.95
225.915363411,525.47
225.938786476,525.47
225.962247814,525.47
225.986300420,525.47
226.009699484,525.67
226.032939316,525.67
226.056544430,525.67
226.079775846,525.67
226.103459265,526.53
226.127500575,526.53
226.150876503,526.53
226.174143503,526.53
226.197560744,526.53
226.221215203,524.95
226.244561115,524.95
226.268311799,524.95
226.291494606,524.95
226.315045832,534.27
226.338387233,534.27
226.361508472,534.27
226.385028753,534.27
226.408879950,563.82
226.432010629,563.82
226.455719072,563.82
226.479349275,563.82
226.502794581,563.82
226.526520304,606.78
226.550041802,606.78
226.573793926,606.78
226.597999941,606.78
226.621768225,606.91
226.645206970,606.91
226.669005207,606.91
226.692322639,606.91
226.716256460,605.88
226.740319850,605.88
226.763548290,605.88
226.786871002,605.88
226.811132442,608.13
226.834535251,608.13
226.858108174,608.13
226.881548999,608.13
226.904868223,608.13
226.928633275,608.72
226.952081685,608.72
226.975339628,608.72
227.000042928,608.72
227.023474761,605.29
227.047033667,605.29
227.070811711,605.29
227.096126727,605.29
227.120672329,607.51
227.146651639,607.51
227.170111344,607.51
227.194462353,607.51
227.217921450,608.88
227.240800735,608.88
227.264373561,608.88
227.287790963,608.88
227.310929194,608.88
227.334529733,608.48
227.358067263,608.48
227.381622201,608.48
227.405162612,608.48
227.428619373,607.24
227.451882566,607.24
227.475386496,607.24
227.498830009,607.24
227.522100497,605.41
227.545594315,605.41
227.568983428,605.41
227.592454334,605.41
227.616052921,608.48
227.639291569,608.48
227.662429192,608.48
227.685686656,608.48
227.709051801,608.48
227.732510930,606.97
227.756491184,606.97
227.779646280,606.97
227.803263522,606.97
227.826531099,604.70
227.850010196,604.70
227.873492974,604.70
227.896943080,604.70
227.921163080,602.27
227.944977252,602.27
227.968737824,602.27
227.992290970,602.27
228.016147959,602.27
228.039747218,605.31
228.063213516,605.31
228.087241194,605.31
228.111017606,605.31
228.134731874,603.75
228.158319421,603.75
228.181852311,603.75
228.205626291,603.75
228.230079572,600.95
228.253765264,600.95
228.277322666,600.95
228.300925157,600.95
228.324301471,600.41
228.347665528,600.41
228.370975792,600.41
228.394390218,600.41
228.417912964,600.41
228.441298206,602.08
228.464053490,602.08
228.487519308,602.08
228.511616875,602.08
228.535224614,601.79
228.558735904,601.79
228.585120305,601.79
228.608308713,601.79
228.632796843,599.54
228.656504871,599.54
228.680300515,599.54
228.703505627,599.54
228.727244599,603.69
228.750373294,603.69
228.773328996,603.69
228.796162105,603.69
228.819181872,603.69
228.842762666,597.73
228.865571519,597.73
228.888455252,597.73
228.912511155,597.73
228.935871756,568.18
228.959324582,568.18
228.982642559,568.18
229.005806550,568.18
229.029658355,529.03
229.052436168,529.03
229.074712184,529.03
229.097067593,529.03
229.120081056,529.03
229.143613786,494.55
229.167278037,494.55
229.192758431,494.55
229.216100248,494.55
229.240463673,493.82
229.263297870,493.82
229.286710728,493.82
229.311224618,493.82
229.334602468,492.79
229.358497185,492.79
229.382024316,492.79
229.404827921,492.79
229.428288107,492.79
229.451477955,491.47
229.475030846,491.47
229.498843258,491.47
229.522453270,491.47
229.546086321,489.74
229.569897166,489.74
229.593765099,489.74
229.617519080,489.74
229.641084962,493.84
229.664893503,493.84
229.688709052,493.84
229.712611514,493.84
229.736708825,494.08
229.760321396,494.08
229.784482132,494.08
229.807777869,494.08
229.831901804,494.08
229.855764105,502.41
229.879633095,502.41
229.903469988,502.41
229.927509634,502.41
229.950773883,530.68
229.974089268,530.68
229.997269484,530.68
230.020420003,530.68
230.043462586,560.25
230.066591281,560.25
230.089973035,560.25
230.113462405,560.25
230.137817062,573.48
230.161439426,573.48
230.184753499,573.48
230.208133492,573.48
230.231759759,543.16
230.277422106,543.16
230.301397624,543.16
230.324643505,543.16
230.347514054,517.20
230.370141178,517.20
230.392805038,517.20
230.416461866,517.20
230.440678346,517.20
230.464348838,489.67
230.487871393,489.67
230.511311387,489.67
230.534999351,489.67
230.559054998,486.84
230.585495176,486.84
230.609033219,486.84
230.633227235,486.84
230.656476731,485.39
230.679774676,485.39
230.702880556,485.39
230.726021795,485.39
230.749361405,480.22
230.772427604,480.22
230.795217737,480.22
230.818748100,480.22
230.842788483,480.22
230.866054011,469.21
230.889466037,469.21
230.912350955,469.21
230.935341281,469.21
230.958535834,438.41
230.981951059,438.41
231.005343597,438.41
231.028875912,438.41
231.052424611,416.82
231.075776860,416.82
231.098786131,416.82
231.121623720,416.82
231.145235876,405.37
231.168204858,405.37
231.191497779,405.37
231.214806796,405.37
231.238144774,405.37
231.261522751,405.84
231.284636183,405.84
231.307866032,405.84
231.331033608,405.84
231.354448770,411.21
231.377853244,411.21
231.401593432,411.21
231.424796369,411.21
231.447321444,409.39
231.469922872,409.39
231.492786797,409.39
231.516663499,409.39
231.540746122,409.39
231.564253061,381.54
231.588292420,381.54
231.611991969,381.54
231.635628861,381.54
231.659328825,380.99
231.683232695,380.99
231.706843219,380.99
231.730970322,380.99
231.755954137,386.16
231.779241938,386.16
231.803124400,386.16
231.826981806,386.16
231.850865803,402.04
231.874860298,402.04
231.898432901,402.04
231.922007265,402.04
231.945871967,402.04
231.969274681,427.06
231.992843956,427.06
232.016369231,427.06
232.039632456,427.06
232.063121315,453.52
232.086471388,453.52
232.110071736,453.52
232.133789588,453.52
232.157521585,484.86
232.180978827,484.86
232.204743592,484.86
232.228073442,484.86
232.251384859,508.83
232.275113848,508.83
232.298488946,508.83
232.321202662,508.83
232.344238878,508.83
232.369574791,534.12
232.392535230,534.12
232.415373812,534.12
232.438508460,534.12
232.461935494,568.29
232.485252352,568.29
232.508339415,568.29
232.531360878,568.29
232.555141644,558.26
232.578210979,558.26
232.601673918,558.26
232.625135417,558.26
232.648597203,558.26
232.671691595,530.35
232.694635618,530.35
232.717541304,530.35
232.740451470,530.35
232.764056458,501.44
232.787518533,501.44
232.810647997,501.44
232.834026935,501.44
232.857888853,474.69
232.880824523,474.69
232.903847330,474.69
232.926973594,474.69
232.950661143,474.69
232.973916304,449.16
232.997170249,449.16
233.020664388,449.16
233.044192063,449.16
233.067389879,420.16
233.090542864,420.16
233.113437798,420.16
233.136227643,420.16
233.160399548,392.44
233.183766869,392.44
233.206885453,392.44
233.230109958,392.44
233.253639873,392.44
233.277133532,360.11
233.300115955,360.11
233.322679431,360.11
233.345061306,360.11
233.367704686,322.05
233.390496227,322.05
233.417032119,322.05
233.440410993,322.05
233.463793739,319.31
233.487285126,319.31
233.510558368,319.31
233.533788601,319.31
233.557562710,319.31
233.581003249,342.79
233.604459148,342.79
233.627834086,342.79
233.651655460,342.79
233.675172255,366.21
233.698508601,366.21
233.721236270,366.21
233.743978019,366.21
233.767136955,396.84
233.791006713,396.84
233.814916888,396.84
233.838399923,396.84
233.861918574,396.84
233.885892781,421.28
233.909570826,421.28
233.933041157,421.28
233.956759010,421.28
233.980110748,449.62
234.003345749,449.62
234.026593678,449.62
234.050582381,449.62
234.074090280,471.36
234.097539459,471.36
234.121020062,471.36
234.144522297,471.36
234.167789907,499.04
234.191480495,499.04
234.215189388,499.04
234.238508806,499.04
234.261752639,499.04
234.285000888,530.68
234.308581556,530.68
234.332084080,530.68
234.355347401,530.68
234.378685635,565.16
234.402428833,565.16
234.425861884,565.16
234.449869915,565.16
234.473576280,588.23
234.496959762,588.23
234.520146059,588.23
234.543266212,588.23
234.567069153,591.91
234.591990984,591.91
234.615297218,591.91
234.638464507,591.91
234.661808693,591.91
234.685202639,597.57
234.708677291,597.57
234.732310855,597.57
234.755700226,597.57
234.778683033,600.77
234.801813969,600.77
234.825531566,600.77
234.848950057,600.77
234.872984393,600.59
234.896381571,600.59
234.920031584,600.59
234.943402746,600.59
234.966900246,600.59
234.990257136,600.16
235.013567466,600.16
235.037314343,600.16
235.060407455,600.16
235.083938875,604.19
235.107673080,604.19
235.130986386,604.19
235.154660111,604.19
235.177831367,608.47
235.201124193,608.47
235.223990519,608.47
235.246847214,608.47
235.269588995,608.47
235.292952478,590.52
235.316332024,590.52
235.339816404,590.52
235.363168078,590.52
235.386249542,559.98
235.408802010,559.98
235.431224749,559.98
235.453800609,559.98
235.477003003,517.40
235.500403893,517.40
235.523919601,517.40
235.547390060,517.40
235.570899784,517.40
235.594711686,521.58
235.617839295,521.58
235.641219673,521.58
235.665419067,521.58
235.688699188,521.03
235.712063663,521.03
235.735454986,521.03
235.759291432,521.03
235.783221063,516.17
235.806808227,516.17
235.830105629,516.17
235.854034268,516.17
235.878009179,516.82
235.902068795,516.82
235.925757337,516.82
235.949567031,516.82
235.973221331,516.82
235.997372756,517.15
236.020667022,517.15
236.044427052,517.15
236.068833871,517.15
236.092618828,516.29
236.116075528,516.29
236.139900934,516.29
236.163268896,516.29
236.187098366,510.56
236.210887004,510.56
236.234453593,510.56
236.258047573,510.56
236.281729522,531.24
236.305369711,531.24
236.329093965,531.24
236.352483495,531.24
236.375958275,531.24
236.399944003,556.14
236.423892066,556.14
236.447069499,556.14
236.470810873,556.14
236.494151955,596.03
236.517531246,596.03
236.540708455,596.03
236.563768320,596.03
236.587006137,590.22
236.610311700,590.22
236.633737071,590.22
236.656812391,590.22
236.680169058,590.22
236.703296091,560.26
236.726435955,560.26
236.749432843,560.26
236.772605732,560.26
236.795858686,535.13
236.819142808,535.13
236.842663860,535.13
236.865951310,535.13
236.889104455,504.68
236.912132703,504.68
236.935373497,504.68
236.958423697,504.68
236.982091182,504.68
237.005426121,479.57
237.028935908,479.57
237.052310079,479.57
237.075391448,479.57
237.098502448,453.17
237.121846283,453.17
237.145046756,453.17
237.169196165,453.17
237.192806626,420.38
237.216382014,420.38
237.239859226,420.38
237.263012275,420.38
237.285586535,420.38
237.307784409,380.24
237.330449070,380.24
237.353532967,380.24
237.377292421,380.24
237.400982018,358.91
237.424362173,358.91
237.447691512,358.91
237.471688472,358.91
237.494857617,357.34
237.518427374,357.34
237.541935658,357.34
237.565371429,357.34
237.592958338,369.76
237.619377749,369.76
237.643025874,369.76
237.666756720,369.76
237.690175084,369.76
237.714028522,394.62
237.737819689,394.62
237.760801313,394.62
237.784703360,394.62
237.808679839,420.59
237.832487390,420.59
237.856398333,420.59
237.880216508,420.59
237.903554358,449.61
237.927256052,449.61
237.950790864,449.61
237.974458925,449.61
237.998257548,482.75
238.021767208,482.75
238.045225251,482.75
238.069005922,482.75
238.092861760,482.75
238.116470909,509.50
238.140069466,509.50
238.163617782,509.50
238.187512886,509.50
238.211082770,541.86
238.234725775,541.86
238.258529582,541.86
238.282901009,541.86
238.306621231,581.50
238.330108075,581.50
238.353351109,581.50
238.376987074,581.50
238.401074467,605.12
238.424659296,605.12
238.448529951,605.12
238.472340222,605.12
238.496530527,605.12
238.520239645,608.42
238.544377310,608.42
238.568136925,608.42
238.593739274,608.42
238.617776042,610.17
238.641529832,610.17
238.667660921,610.17
238.691279671,610.17
238.714847315,611.57
238.738817235,611.57
238.762404656,611.57
238.786101838,611.57
238.810119278,614.39
238.833575018,614.39
238.856913989,614.39
238.880578466,614.39
238.904215488,611.90
238.927770140,611.90
238.951254328,611.90
238.974413554,611.90
238.998344369,611.90
239.022067375,610.61
239.045594828,610.61
239.069093160,610.61
239.093226281,610.61
239.116608580,610.79
239.139894751,610.79
239.163508060,610.79
239.187158617,610.79
239.211741854,610.03
239.235121561,610.03
239.257967504,610.03
239.281000329,610.03
239.303984033,606.34
239.326817912,606.34
239.349702287,606.34
239.372730888,606.34
239.396266244,606.34
239.419765185,593.95
239.443144412,593.95
239.466089972,593.95
239.489394415,593.95
239.513469872,566.34
239.536934828,566.34
239.560354856,566.34
239.585981013,566.34
239.610097366,533.67
239.633551474,533.67
239.656926958,533.67
239.680434922,533.67
239.706680317,508.55
239.730542172,508.55
239.754133273,508.55
239.777408787,508.55
239.800993392,508.55
239.824618734,494.64
239.848298348,494.64
239.871547878,494.64
239.894856929,494.64
239.918560415,497.36
239.941860474,497.36
239.965473943,497.36
239.989129140,497.36
240.012939411,500.76
240.036842323,500.76
240.060363375,500.76
240.083657098,500.76
240.107366600,500.76
240.130684771,497.86
240.154191519,497.86
240.178302561,497.86
240.201988127,497.86
240.225846366,498.17
240.249631516,498.17
240.273637277,498.17
240.297406108,498.17
240.321669630,503.09
240.344811704,503.09
240.368975802,503.09
240.393724960,503.09
240.417728609,511.33
240.441814338,511.33
240.465393696,511.33
240.488869660,511.33
240.512508121,536.86
240.536214168,536.86
240.559640276,536.86
240.585690661,536.86
240.608949695,536.86
240.632288123,563.97
240.655849880,563.97
240.679447605,563.97
240.702521774,563.97
240.725016195,549.38
240.747477079,549.38
240.770122156,549.38
240.793359399,549.38
240.819401080,530.44
240.843398488,530.44
240.867138967,530.44
240.891203768,530.44
240.914971127,527.33
240.939144473,527.33
240.962780150,527.33
240.986297715,527.33
241.009866768,527.33
241.033745936,528.77
241.057019050,528.77
241.080557927,528.77
241.104098756,528.77
241.127777570,529.00
241.151535265,529.00
241.175466305,529.00
241.198928061,529.00
241.223076383,530.55
241.246752381,530.55
241.270346938,530.55
241.294103065,530.55
241.317800791,530.55
241.341182675,531.37
241.365287509,531.37
241.389062804,531.37
241.412897299,531.37
241.437029845,530.15
241.460615122,530.15
241.484481042,530.15
241.509119768,530.15
241.532643253,530.98
241.556050609,530.98
241.579753231,530.98
241.603123915,530.98
241.626535591,535.98
241.650101540,535.98
241.673861763,535.98
241.697208191,535.98
241.720613787,535.98
241.744002006,566.30
241.767179505,566.30
241.790374155,566.30
241.813325635,566.30
241.836476573,594.29
241.860098363,594.29
241.883729113,594.29
241.906914163,594.29
241.930113741,569.20
241.953355304,569.20
241.976600835,569.20
242.000240161,569.20
242.023887006,538.68
242.047595133,538.68
242.071061593,538.68
242.094141203,538.68
242.117436558,538.68
242.140378502,510.83
242.163661089,510.83
242.186807483,510.83
242.210408121,510.83
242.234532602,481.72
242.257954487,481.72
242.281345074,481.72
242.304689486,481.72
242.328622831,453.41
242.351767177,453.41
242.374692033,453.41
242.398385760,453.41
242.421550906,453.41
242.445104471,425.99
242.469028599,425.99
242.492854871,425.99
242.516794232,425.99
242.540717048,394.52
242.564422038,394.52
242.588383639,394.52
242.612393528,394.52
242.636939261,390.14
242.660713693,390.14
242.684129561,390.14
242.707877560,390.14
242.732320316,388.15
242.755933914,388.15
242.779274614,388.15
242.803605882,388.15
242.827389913,388.15
242.851893278,396.24
242.875736669,396.24
242.901359307,396.24
242.925433229,396.24
242.949353965,418.87
242.973219181,418.87
242.996721674,418.87
243.020850796,418.87
243.043941094,444.72
243.067655173,444.72
243.091190626,444.72
243.114801824,444.72
243.138525054,477.60
243.162018267,477.60
243.185411095,477.60
243.209199767,477.60
243.232765844,505.73
243.256008143,505.73
243.279812654,505.73
243.303289067,505.73
243.326636807,505.73
243.349816098,529.42
243.373184766,529.42
243.396683675,529.42
243.419974518,529.42
243.443478836,562.89
243.466829296,562.89
243.489621895,562.89
243.512557600,562.89
243.536058909,574.65
243.559937405,574.65
243.585458122,574.65
243.607957343,574.65
243.630460277,574.65
243.653297964,547.26
243.676782825,547.26
243.700728138,547.26
243.724755083,547.26
243.748101895,536.88
243.771776038,536.88
243.795312259,536.88
243.819275268,536.88
243.842862882,539.14
243.866532225,539.14
243.889961277,539.14
243.913414842,539.14
243.936234482,539.14
243.960176850,543.37
243.983840785,543.37
244.007361870,543.37
244.030851531,543.37
244.054712555,548.91
244.077765701,548.91
244.100940511,548.91
244.124298171,548.91
244.148520830,545.68
244.171722009,545.68
244.194990740,545.68
244.218028974,545.68
244.242786869,544.14
244.266509172,544.14
244.290080978,544.14
244.313831473,544.14
244.337343918,544.14
244.360522185,544.17
244.384023879,544.17
244.407239298,544.17
244.431242531,544.17
244.454874817,543.49
244.478123869,543.49
244.501437144,543.49
244.525555835,543.49
244.549178489,552.34
244.572382740,552.34
244.595772368,552.34
244.618890443,552.34
244.642240135,552.34
244.665666692,590.46
244.688674109,590.46
244.712011417,590.46
244.735422550,590.46
244.758599248,583.52
244.781488809,583.52
244.804473698,583.52
244.827852702,583.52
244.851413020,554.88
244.874800089,554.88
244.897649681,554.88
244.920137414,554.88
244.943376225,554.88
244.967091264,522.63
244.990728959,522.63
245.014474014,522.63
245.037934971,522.63
245.061170006,493.29
245.084395569,493.29
245.107718573,493.29
245.131072009,493.29
245.154326757,463.94
245.177770785,463.94
245.200943100,463.94
245.224230232,463.94
245.247362578,463.94
245.270538285,431.32
245.293441126,431.32
245.316656129,431.32
245.339766811,431.32
245.363224216,404.27
245.386762166,404.27
245.410173043,404.27
245.433153900,404.27
245.455883876,370.27
245.478357209,370.27
245.500951631,370.27
245.523971817,370.27
245.547546215,370.27
245.571154949,346.58
245.594588034,346.58
245.618154144,346.58
245.641717726,346.58
245.664995514,346.90
245.688569912,346.90
245.711845332,346.90
245.735427314,346.90
245.759122545,366.90
245.782690895,366.90
245.805925099,366.90
245.829415208,366.90
245.852997766,392.73
245.876277058,392.73
245.899672511,392.73
245.922787481,392.73
245.946547897,392.73
245.970082967,419.12
245.995143873,419.12
246.018256187,419.12
246.042607040,419.12
246.065791163,445.27
246.089308344,445.27
246.112531795,445.27
246.136453972,445.27
246.159992402,476.75
246.183551952,476.75
246.206482665,476.75
246.230103848,476.75
246.253857447,476.75
246.277447046,503.68
246.301000100,503.68
246.324723971,503.68
246.348112704,503.68
246.372136162,536.62
246.395945698,536.62
246.419336383,536.62
246.443204032,536.62
246.466678301,568.79
246.490050042,568.79
246.513531064,568.79
246.536711347,568.79
246.560684116,602.02
246.586143330,602.02
246.609062107,602.02
246.632305974,602.02
246.655489906,602.02
246.678688429,604.61
246.701841992,604.61
246.724825825,604.61
246.747857467,604.61
246.771312921,601.48
246.794825430,601.48
246.818008754,601.48
246.841777394,601.48
246.865147758,590.10
246.888498763,590.10
246.911421092,590.10
246.934352317,590.10
246.957683609,590.10
246.980964597,592.91
247.004088528,592.91
247.027839888,592.91
247.052834425,592.91
247.076149046,587.98
247.099643955,587.98
247.123254034,587.98
247.146733711,587.98
247.171001459,582.23
247.194265679,582.23
247.217428106,582.23
247.240564773,582.23
247.263941282,583.77
247.287537152,583.77
247.311210944,583.77
247.334406331,583.77
247.358075386,583.77
247.381448279,582.91
247.404700563,582.91
247.428030352,582.91
247.451675695,582.91
247.474953643,580.29
247.498133030,580.29
247.521972519,580.29
247.545932840,580.29
247.569375142,576.43
247.592869156,576.43
247.616341761,576.43
247.639592317,576.43
247.662752025,576.43
247.685951764,575.45
247.709419794,575.45
247.732673806,575.45
247.756102091,575.45
247.779991500,576.93
247.804035150,576.93
247.827403947,576.93
247.850946729,576.93
247.874575368,590.05
247.897975845,590.05
247.920993535,590.05
247.944095834,590.05
247.968051580,590.05
247.991275127,589.84
248.014518131,589.84
248.038011409,589.84
248.061970419,589.84
248.085441424,592.70
248.108596908,592.70
248.132146762,592.70
248.155469894,592.70
248.179248166,596.40
248.202344065,596.40
248.225255226,596.40
248.248058675,596.40
248.271190413,595.49
248.294377609,595.49
248.317126753,595.49
248.339585015,595.49
248.362000876,595.49
248.384376673,550.81
248.407283482,550.81
248.430485654,550.81
248.454140213,550.81
248.477108399,539.06
248.499926056,539.06
248.522970946,539.06
248.546225982,539.06
248.569773117,539.06
248.593087961,529.90
248.616433654,529.90
248.639551089,529.90
248.662795789,529.90
248.685623462,502.38
248.708602272,502.38
248.731921756,502.38
248.755315802,502.38
248.779185211,474.31
248.802838874,474.31
248.825583154,474.31
248.848197641,474.31
248.870733663,474.31
248.893329270,433.57
248.916298384,433.57
248.939715405,433.57
248.963473550,433.57
248.986945612,419.06
249.010601739,419.06
249.034357579,419.06
249.058366093,419.06
249.082157582,423.37
249.105575883,423.37
249.129164938,423.37
249.175977125,423.37
249.199796869,423.37
249.223471621,425.92
249.246921251,425.92
249.270377056,425.92
249.294277762,425.92
249.317737568,433.38
249.341310367,433.38
249.365075487,433.38
249.389124674,433.38
249.412607104,477.51
249.436511970,477.51
249.459630365,477.51
249.483134683,477.51
249.507062525,479.98
249.530462202,479.98
249.554026105,479.98
249.577491095,479.98
249.600709843,479.98
249.624058480,495.00
249.647135755,495.00
249.669971876,495.00
249.693822821,495.00
249.717206403,512.26
249.740707617,512.26
249.763808444,512.26
249.787511644,512.26
249.810528726,508.58
249.833860211,508.58
249.856516171,508.58
249.878862464,508.58
249.901298773,508.58
249.924222095,515.02
249.947765358,515.02
249.972310804,515.02
249.996051637,515.02
250.019514195,508.73
250.043226675,508.73
250.066863442,508.73
250.090355152,508.73
250.114017264,505.85
250.137477614,505.85
250.161107917,505.85
250.184923566,505.85
250.208051177,504.32
250.231949835,504.32
250.255496041,504.32
250.279031400,504.32
250.302831369,504.32
250.326404360,504.88
250.350186153,504.88
250.374095947,504.88
250.398019053,504.88
250.422002479,505.24
250.445831952,505.24
250.469868467,505.24
250.493804757,505.24
250.517962649,502.69
250.541939611,502.69
250.565716732,502.69
250.591240491,502.69
250.614546632,501.30
250.638480682,501.30
250.661790951,501.30
250.685549255,501.30
250.709198375,524.37
250.732506916,524.37
250.755780993,524.37
250.779291071,524.37
250.803072160,524.37
250.826186203,547.38
250.849622681,547.38
250.872799509,547.38
250.896273875,547.38
250.919703665,573.74
250.943076367,573.74
250.966671054,573.74
250.989715753,573.74
251.012840452,557.44
251.036240194,557.44
251.060203876,557.44
251.084103046,557.44
251.107507748,557.44
251.130466590,524.00
251.153179094,524.00
251.175743053,524.00
251.199185675,524.00
251.222728201,492.93
251.246659531,492.93
251.272239483,492.93
251.297009764,492.93
251.320711652,492.04
251.344240707,492.04
251.368452360,492.04
251.391776741,492.04
251.415189923,497.75
251.439135333,497.75
251.462238849,497.75
251.485715007,497.75
251.509234302,497.75
251.532507547,497.82
251.555848664,497.82
251.579696058,497.82
251.604356322,497.82
251.627790432,491.27
251.651607649,491.27
251.675452323,491.27
251.700018922,491.27
251.723798059,467.02
251.747327306,467.02
251.770562854,467.02
251.794270951,467.02
251.818084584,434.17
251.841670791,434.17
251.865051845,434.17
251.888058752,434.17
251.911625663,434.17
251.935149534,418.45
251.958923647,418.45
251.983195652,418.45
252.008280783,418.45
252.032011248,417.51
252.055565263,417.51
252.079024941,417.51
252.102634317,417.51
252.125647815,420.36
252.149238599,420.36
252.172777670,420.36
252.196675848,420.36
252.220521065,429.53
252.245206450,429.53
252.268317133,429.53
252.291389736,429.53
252.314943848,429.53
252.338669768,402.73
252.362873901,402.73
252.386380556,402.73
252.411178133,402.73
252.434614132,367.37
252.458216211,367.37
252.481565745,367.37
252.505554516,367.37
252.529179188,339.93
252.552424657,339.93
252.575128233,339.93
252.597538815,339.93
252.620099478,339.93
252.642990704,302.80
252.666164588,302.80
252.690376401,302.80
252.713755567,302.80
252.737325230,318.34
252.761140880,318.34
252.784583086,318.34
252.808570705,318.34
252.832183121,347.00
252.855755984,347.00
252.879484625,347.00
252.903186513,347.00
252.926384110,376.69
252.950112303,376.69
252.973685774,376.69
252.997051308,376.69
253.021318737,376.69
253.045110226,406.53
253.068705938,406.53
253.093088408,406.53
253.117502974,406.53
253.141372672,439.21
253.165626437,439.21
253.189776521,439.21
253.213510058,439.21
253.237625422,466.76
253.261224141,466.76
253.284926894,466.76
253.308655247,466.76
253.332226127,497.04
253.355638701,497.04
253.379635056,497.04
253.404073655,497.04
253.427955897,497.04
253.451788859,532.10
253.474605940,532.10
253.497974834,532.10
253.521232591,532.10
253.544709358,555.54
253.568133773,555.54
253.592644852,555.54
253.616114163,555.54
253.639518545,582.27
253.663717846,582.27
253.687138708,582.27
253.710025614,582.27
253.733167850,561.03
253.756753290,561.03
253.780248969,561.03
253.803594695,561.03
253.827327496,561.03
253.850685478,534.59
253.873511423,534.59
253.896818333,534.59
253.920114906,534.59
253.943393495,506.88
253.966879318,506.88
253.990508950,506.88
254.014254488,506.88
254.037770391,477.47
254.061013588,477.47
254.084195504,477.47
254.107430829,477.47
254.130964268,477.47
254.154277802,449.61
254.177837930,449.61
254.201322632,449.61
254.224761703,449.61
254.248134533,416.94
254.271684133,416.94
254.295584711,416.94
254.319044710,416.94
254.341436220,377.52
254.364167029,377.52
254.387004335,377.52
254.410846353,377.52
254.435111991,377.52
254.459071577,358.91
254.482483416,358.91
254.506140377,358.91
254.529856090,358.91
254.553145463,351.53
254.576456053,351.53
254.599731218,351.53
254.623505812,351.53
254.647036979,368.23
254.670219376,368.23
254.693987121,368.23
254.717636914,368.23
254.741353555,394.40
254.765293974,394.40
254.788723924,394.40
254.812102355,394.40
254.836043701,394.40
254.860192218,423.48
254.884037820,423.48
254.908090336,423.48
254.931755424,423.48
254.955568258,455.38
254.979342852,455.38
255.002837443,455.38
255.026928359,455.38
255.050592583,485.70
255.074022086,485.70
255.097825032,485.70
255.121240902,485.70
255.144966215,514.89
255.168664072,514.89
255.191937030,514.89
255.215261315,514.89
255.238950212,514.89
255.262695782,542.92
255.286088068,542.92
255.309863686,542.92
255.333727368,542.92
255.357258312,578.77
255.380744039,578.77
255.404380808,578.77
255.428750126,578.77
255.456154797,603.43
255.479818254,603.43
255.506035524,603.43
255.529609828,603.43
255.553343621,604.17
255.577086151,604.17
255.601117642,604.17
255.624461032,604.17
255.647967848,601.35
255.671240710,601.35
255.694443747,601.35
255.717873409,601.35
255.741222368,601.35
255.764821408,597.81
255.788558465,597.81
255.812111137,597.81
255.835514752,597.81
255.858752093,569.35
255.881807545,569.35
255.904944469,569.35
255.928575094,569.35
255.952167734,540.84
255.975637173,540.84
255.999072980,540.84
256.022486675,540.84
256.045721136,540.84
256.068879533,509.37
256.092293932,509.37
256.115393320,509.37
256.139610477,509.37
256.162800170,481.80
256.186233513,481.80
256.209736520,481.80
256.234561203,481.80
256.258046930,451.73
256.281029677,451.73
256.304291819,451.73
256.327783978,451.73
256.351660589,422.89
256.375576784,422.89
256.399348658,422.89
256.422284941,422.89
256.444944646,422.89
256.467303516,384.86
256.489811412,384.86
256.514198522,384.86
256.537873596,384.86
256.561630493,366.85
256.586812715,366.85
256.610415019,366.85
256.634351342,366.85
256.658027087,361.10
256.682243925,361.10
256.705794933,361.10
256.729307765,361.10
256.753333752,361.10
256.776805752,366.82
256.800220183,366.82
256.823927320,366.82
256.847260598,366.82
256.870598645,391.01
256.894718713,391.01
256.918357690,391.01
256.942549151,391.01
256.966440546,415.39
256.990087555,415.39
257.013800452,415.39
257.037724935,415.39
257.061136134,444.44
257.085113930,444.44
257.108799403,444.44
257.132555725,444.44
257.156291950,444.44
257.180154193,470.93
257.203433455,470.93
257.227204657,470.93
257.250781841,470.93
257.274514066,495.38
257.298407221,495.38
257.321882133,495.38
257.345369109,495.38
257.368473809,527.77
257.391541134,527.77
257.414565801,527.77
257.437875336,527.77
257.461162950,551.44
257.484702694,551.44
257.508362823,551.44
257.532132937,551.44
257.556269070,551.44
257.579576876,554.20
257.604667513,554.20
257.628435003,554.20
257.651988027,554.20
257.675625852,527.83
257.699199229,527.83
257.722426650,527.83
257.745813881,527.83
257.768470322,499.33
257.791651695,499.33
257.814705100,499.33
257.838552078,499.33
257.862221519,499.33
257.885571662,476.22
257.908852812,476.22
257.932094634,476.22
257.955332231,476.22
257.978699974,448.55
258.002595913,448.55
258.025821191,448.55
258.048384575,448.55
258.070997175,411.56
258.093921139,411.56
258.117484211,411.56
258.141457943,411.56
258.164999383,395.27
258.188504311,395.27
258.212148728,395.27
258.235451958,395.27
258.258743988,395.27
258.282012722,393.90
258.305512082,393.90
258.329023122,393.90
258.352716500,393.90
258.375615087,398.79
258.399228816,398.79
258.422840977,398.79
258.446432401,398.79
258.469797712,410.08
258.493631123,410.08
258.516486702,410.08
258.539966734,410.08
258.563483278,410.08
258.587040814,436.77
258.610621647,436.77
258.634057838,436.77
258.658052946,436.77
258.682219480,468.07
258.705857081,468.07
258.729533178,468.07
258.753401885,468.07
258.776930494,495.37
258.800003770,495.37
258.823649947,495.37
258.847101371,495.37
258.870622011,525.34
258.894419517,525.34
258.917675611,525.34
258.941117947,525.34
258.964667963,525.34
258.988212380,548.41
259.011515706,548.41
259.035330269,548.41
259.058584635,548.41
259.081951418,588.68
259.105599003,588.68
259.129067611,588.68
259.152331993,588.68
259.176046010,609.62
259.199276824,609.62
259.222758360,609.62
259.246249656,609.62
259.269551094,609.62
259.293192696,608.16
259.317023003,608.16
259.340776381,608.16
259.364530239,608.16
259.387984095,603.87
259.411188701,603.87
259.434755934,603.87
259.458565664,603.87
259.481835295,602.32
259.505783266,602.32
259.529204226,602.32
259.552779843,602.32
259.576362148,606.60
259.599586114,606.60
259.623066338,606.60
259.649229432,606.60
259.672960794,606.60
259.697121855,607.41
259.720788769,607.41
259.743617564,607.41
259.767091260,607.41
259.790333690,603.47
259.813650584,603.47
259.837285114,603.47
259.861347646,603.47
259.884493212,605.58
259.908165565,605.58
259.931660221,605.58
259.954860635,605.58
259.978729086,610.56
260.002085149,610.56
260.025129946,610.56
260.048293975,610.56
260.072313020,610.56
260.095828412,610.92
260.119923873,610.92
260.143490946,610.92
260.167621511,610.92
260.191322793,608.17
260.215379246,608.17
260.238749933,608.17
260.263586520,608.17
260.286851958,608.16
260.310535128,608.16
260.334028633,608.16
260.357222391,608.16
260.380546069,608.16
260.404461849,595.97
260.428258492,595.97
260.452022943,595.97
260.475531487,595.97
260.498949119,566.49
260.522383295,566.49
260.546131393,566.49
260.569361599,566.49
260.592078009,528.01
260.614874132,528.01
260.637778575,528.01
260.661181615,528.01
260.684840400,498.84
260.708523442,498.84
260.731996179,498.84
260.755856790,498.84
260.779213141,498.84
260.803592733,497.58
260.827102621,497.58
260.850827295,497.58
260.875308360,497.58
260.899239436,495.29
260.922488042,495.29
260.945672584,495.29
260.970138544,495.29
260.993392270,489.73
261.017215985,489.73
261.040969972,489.73
261.063962672,489.73
261.087506737,485.44
261.110825168,485.44
261.134000813,485.44
261.157569614,485.44
261.181328913,485.44
261.204617168,489.13
261.228236465,489.13
261.251648049,489.13
261.275107505,489.13
261.298672338,490.65
261.322047153,490.65
261.345275792,490.65
261.369050770,490.65
261.392560883,503.40
261.416224245,503.40
261.439752726,503.40
261.462753746,503.40
261.485694574,503.40
261.508507913,528.22
261.531569446,528.22
261.554672739,528.22
261.577802689,528.22
261.600937599,556.46
261.624126685,556.46
261.647192250,556.46
261.670962300,556.46
261.694951233,557.75
261.718272608,557.75
261.740984730,557.75
261.763775637,557.75
261.787561432,557.75
261.811173785,519.14
261.835170334,519.14
261.858692895,519.14
261.882775716,519.14
261.906426086,521.01
261.929480931,521.01
261.952804386,521.01
261.977686830,521.01
262.001217039,525.86
262.024361996,525.86
262.047856653,525.86
262.071114283,525.86
262.094854158,527.65
262.118372751,527.65
262.141942192,527.65
262.165555665,527.65
262.189112786,527.65
262.212374353,525.32
262.236526327,525.32
262.259775477,525.32
262.283143925,525.32
262.306694262,526.39
262.329716627,526.39
262.352983122,526.39
262.376299377,526.39
262.399760177,529.49
262.423214002,529.49
262.447000245,529.49
262.470585462,529.49
262.494172728,529.49
262.517959835,533.17
262.541577949,533.17
262.565315775,533.17
262.589366885,533.17
262.612726212,536.34
262.636185061,536.34
262.659784358,536.34
262.683276167,536.34
262.706696199,565.25
262.730401801,565.25
262.754478063,565.25
262.778300114,565.25
262.802275287,600.12
262.825886681,600.12
262.849886237,600.12
262.873769537,600.12
262.897606341,600.12
262.921536265,605.06
262.945133195,605.06
262.968880781,605.06
262.992944371,605.06
263.016144913,604.78
263.039824467,604.78
263.063438741,604.78
263.086758964,604.78
263.109894674,605.54
263.133525268,605.54
263.156861235,605.54
263.180634262,605.54
263.204493178,600.39
263.228055355,600.39
263.251731133,600.39
263.275163134,600.39
263.298760447,600.39
263.322683876,598.59
263.346446279,598.59
263.370223754,598.59
263.394564434,598.59
263.417950450,598.67
263.441748245,598.67
263.465532441,598.67
263.489029914,598.67
263.512753084,595.54
263.536655105,595.54
263.559718014,595.54
263.586183351,595.54
263.609918330,591.80
263.633705085,591.80
263.657168574,591.80
263.680953121,591.80
263.704509091,591.80
263.728271878,597.03
263.751968040,597.03
263.775694987,597.03
263.799444686,597.03
263.823251634,598.56
263.850628306,598.56
263.874224564,598.56
263.898542748,598.56
263.922052253,599.87
263.945969185,599.87
263.969290049,599.87
263.993704393,599.87
264.020232643,597.71
264.043420993,597.71
264.067051939,597.71
264.090592645,597.71
264.113827171,596.81
264.136800704,596.81
264.159853597,596.81
264.183034107,596.81
264.205930295,596.81
264.229092566,595.50
264.252066514,595.50
264.275207792,595.50
264.298779442,595.50
264.322156210,568.88
264.345801396,568.88
264.368957171,568.88
264.392091377,568.88
264.415699475,541.60
264.439018675,541.60
264.462490931,541.60
264.485958612,541.60
264.509496022,541.60
264.532536563,510.63
264.555902227,510.63
264.579335156,510.63
264.603773116,510.63
264.626745145,480.16
264.649462580,480.16
264.672022669,480.16
264.695165612,480.16
264.719189681,450.63
264.743142486,450.63
264.766636279,450.63
264.790110744,450.63
264.814248350,450.63
264.837552958,446.08
264.861169568,446.08
264.884783778,446.08
264.908356260,446.08
264.934521115,442.46
264.957652217,442.46
264.981211706,442.46
265.004787740,442.46
265.028247069,440.11
265.051479964,440.11
265.074651386,440.11
265.098371325,440.11
265.121745405,428.40
265.144902651,428.40
265.168095130,428.40
265.191617179,428.40
265.215132829,428.40
265.238890688,403.85
265.262547330,403.85
265.285901762,403.85
265.309148258,403.85
265.332457793,399.05
265.355687136,399.05
265.379149954,399.05
265.403582187,399.05
265.427404783,400.92
265.450818159,400.92
265.474142063,400.92
265.497529327,400.92
265.520528652,400.92
265.543563786,397.86
265.566914346,397.86
265.592632862,397.86
265.616173983,397.86
265.639604864,398.34
265.662840159,398.34
265.685722523,398.34
265.708745593,398.34
265.732099161,406.71
265.756279232,406.71
265.780029635,406.71
265.803848455,406.71
265.827284104,380.18
265.849838369,380.18
265.872245370,380.18
265.894902708,380.18
265.917820945,380.18
265.942699421,335.26
265.966438209,335.26
265.990064963,335.26
266.014466764,335.26
266.038042030,339.03
266.061373101,339.03
266.085376371,339.03
266.109095478,339.03
266.132864474,350.85
266.156540572,350.85
266.180087998,350.85
266.203494591,350.85
266.226827999,376.77
266.250005853,376.77
266.273416062,376.77
266.296836095,376.77
266.320089022,376.77
266.343615520,408.56
266.366750398,408.56
266.390004478,408.56
266.413110300,408.56
266.436401276,409.39
266.459735228,409.39
266.482803962,409.39
266.505805655,409.39
266.529042487,409.54
266.551993748,409.54
266.575663990,409.54
266.598801141,409.54
266.622298294,409.54
266.645494389,412.08
266.668669908,412.08
266.692008532,412.08
266.715483638,412.08
266.738955063,410.43
266.762439064,410.43
266.785298453,410.43
266.807954895,410.43
266.831211055,416.53
266.854715856,416.53
266.878076945,416.53
266.901027469,416.53
266.924704240,416.53
266.948162994,425.56
266.971244624,425.56
266.997425479,425.56
267.021227723,425.56
267.044969263,412.34
267.068424176,412.34
267.092044402,412.34
267.116178969,412.34
267.139667034,421.10
267.162914650,421.10
267.186577533,421.10
267.210256928,421.10
267.233540543,422.63
267.257033409,422.63
267.280433698,422.63
267.303517920,422.63
267.327058626,422.63
267.350370882,423.48
267.373777603,423.48
267.397428006,423.48
267.420680421,423.48
267.443846084,450.95
267.467347974,450.95
267.490656934,450.95
267.514062119,450.95
267.537767658,479.73
267.560925865,479.73
267.586993120,479.73
267.610366753,479.73
267.633795330,479.73
267.656977153,505.68
267.680291361,505.68
267.703410592,505.68
267.726493054,505.68
267.749364730,534.05
267.772466201,534.05
267.795474902,534.05
267.818469556,534.05
267.841664243,556.03
267.864961587,556.03
267.887848368,556.03
267.910891854,556.03
267.934307823,556.03
267.957608367,552.08
267.980877390,552.08
268.004075566,552.08
268.028488983,552.08
268.051597173,535.05
268.074615027,535.05
268.098216534,535.05
268.122178907,535.05
268.145463163,504.04
268.168443832,504.04
268.191485110,504.04
268.214768214,504.04
268.238356185,504.04
268.261774202,470.39
268.285338396,470.39
268.308295225,470.39
268.330928596,470.39
268.353406669,434.19
268.376206058,434.19
268.399686923,434.19
268.424648825,434.19
268.448293180,416.72
268.471545916,416.72
268.495029374,416.72
268.518403423,416.72
268.541707423,416.72
268.565059391,409.88
268.588248511,409.88
268.611595999,409.88
268.635457956,409.88
268.658248256,415.61
268.682024196,415.61
268.705296772,415.61
268.729072201,415.61
268.752573130,418.02
268.776430383,418.02
268.799729519,418.02
268.823324914,418.02
268.847080758,419.81
268.870861754,419.81
268.894780864,419.81
268.918510723,419.81
268.942016261,419.81
268.965887274,447.35
268.989699279,447.35
269.013349458,447.35
269.037274519,447.35
269.060732249,478.45
269.084230938,478.45
269.107855197,478.45
269.131776323,478.45
269.155560839,515.01
269.179028008,515.01
269.202286248,515.01
269.225485352,515.01
269.248724551,538.59
269.272020104,538.59
269.295288552,538.59
269.318382119,538.59
269.341852840,538.59
269.365033064,572.31
269.387996645,572.31
269.411289382,572.31
269.434660263,572.31
269.458169929,556.04
269.481453961,556.04
269.504721609,556.04
269.527715399,556.04
269.550817382,528.62
269.574344744,528.62
269.597977003,528.62
269.621252651,528.62
269.644482411,528.62
269.667625354,500.24
269.690893962,500.24
269.713512101,500.24
269.737402091,500.24
269.761490065,470.65
269.784834418,470.65
269.807386636,470.65
269.829789733,470.65
269.852785539,426.97
269.877121612,426.97
269.901141491,426.97
269.924772054,426.97
269.948218295,426.97
269.971921531,426.45
269.995428317,426.45
270.018618429,426.45
270.043176199,426.45
270.066425575,425.62
270.090203148,425.62
270.113471052,425.62
270.169352665,421.55
270.193213054,421.55
270.219256757,421.55
270.242696791,421.55
270.265510771,425.41
270.289199191,425.41
270.313089309,425.41
270.336486110,425.41
270.360429028,425.41
270.383899078,432.48
270.407089254,432.48
270.430670152,432.48
270.454569198,432.48
270.477763822,460.23
270.501411889,460.23
270.524690097,460.23
270.548481494,460.23
270.571770359,486.94
270.595431098,486.94
270.619158078,486.94
270.642780226,486.94
270.666103906,520.74
270.689491908,520.74
270.712896165,520.74
270.736291078,520.74
270.759987946,520.74
270.783612270,552.25
270.806489611,552.25
270.830052717,552.25
270.853970227,552.25
270.877544790,589.91
270.900967480,589.91
270.924509434,589.91
270.947987356,589.91
270.971421662,597.33
270.994984001,597.33
271.018381570,597.33
271.041971013,597.33
271.065136772,598.14
271.088582694,598.14
271.112173769,598.14
271.135540362,598.14
271.159190190,598.14
271.182858994,602.74
271.206538741,602.74
271.230535996,602.74
271.254826340,602.74
271.278464360,604.34
271.301854793,604.34
271.325350700,604.34
271.348699021,604.34
271.373156407,604.12
271.396610969,604.12
271.419754841,604.12
271.443552254,604.12
271.466575196,606.45
271.489984254,606.45
271.513736098,606.45
271.537082147,606.45
271.560684807,606.45
271.586378395,605.65
271.609198936,605.65
271.632249175,605.65
271.655375830,605.65
271.678344084,598.05
271.701506548,598.05
271.724946582,598.05
271.749215294,598.05
271.772426718,581.24
271.795813248,581.24
271.818838110,581.24
271.842156927,581.24
271.865503200,581.24
271.888814945,546.34
271.912160130,546.34
271.935106208,546.34
271.957839836,546.34
271.981096381,517.60
272.004121851,517.60
272.027444764,517.60
272.051746853,517.60
272.075108134,491.00
272.098707338,491.00
272.121923562,491.00
272.144846247,491.00
272.167616740,491.00
272.190490785,461.16
272.213548096,461.16
272.236741312,461.16
272.268652456,461.16
272.292124394,426.06
272.315065928,426.06
272.337759140,426.06
272.360933380,426.06
272.384377126,396.46
272.407202403,396.46
272.429687549,396.46
272.452128215,396.46
272.474987604,354.31
272.498673912,354.31
272.522326140,354.31
272.545783551,354.31
272.569525635,354.31
272.594845845,351.73
272.617778995,351.73
272.641254837,351.73
272.664821272,351.73
272.688260538,357.79
272.711807389,357.79
272.735261728,357.79
272.758609761,357.79
272.781962306,377.30
272.805181763,377.30
272.828322050,377.30
272.851683044,377.30
272.875026533,401.60
272.898509415,401.60
272.921763016,401.60
272.944916584,401.60
272.968393258,401.60
272.991673131,415.90
273.014638345,415.90
273.037554695,415.90
273.060838472,415.90
273.084194249,419.02
273.107461482,419.02
273.131037261,419.02
273.154117260,419.02
273.177247404,418.75
273.200217226,418.75
273.223046055,418.75
273.246617514,418.75
273.269946091,418.75
273.293042827,419.01
273.317314676,419.01
273.340684310,419.01
273.363663316,419.01
273.386522834,419.83
273.409153357,419.83
273.432022603,419.83
273.455305644,419.83
273.478899119,433.02
273.502108720,433.02
273.524331944,433.02
273.546637249,433.02
273.569271804,433.02
273.595447573,398.39
273.619151130,398.39
273.642541116,398.39
273.665994974,398.39
273.690052293,396.83
273.713227654,396.83
273.736501894,396.83
273.759805704,396.83
273.783299690,401.25
273.806465130,401.25
273.829703243,401.25
273.852861163,401.25
273.876435534,401.25
273.900140051,396.08
273.923731318,396.08
273.947596092,396.08
273.972879534,396.08
273.996790772,406.68
274.021097565,406.68
274.044833250,406.68
274.068612519,406.68
274.092744047,438.23
274.116023856,438.23
274.139764053,438.23
274.163279416,438.23
274.187076349,462.63
274.210820002,462.63
274.234121507,462.63
274.257265923,462.63
274.280952807,462.63
274.304203208,494.45
274.327510890,494.45
274.351222798,494.45
274.375975260,494.45
274.399479807,523.40
274.422733696,523.40
274.445748863,523.40
274.469683365,523.40
274.492715844,561.18
274.515854660,561.18
274.538811747,561.18
274.562235333,561.18
274.588312349,567.44
274.612086307,567.44
274.635491941,567.44
274.659060328,567.44
274.682499851,567.44
274.705670027,538.72
274.728799691,538.72
274.752206989,538.72
274.775585775,538.72
274.798903217,507.78
274.822389075,507.78
274.845557428,507.78
274.868773556,507.78
274.891564081,485.85
274.914570960,485.85
274.937563535,485.85
274.961055794,485.85
274.984392403,485.85
275.007724565,458.95
275.031051318,458.95
275.054139606,458.95
275.077354423,458.95
275.100545815,425.75
275.123695319,425.75
275.146897592,425.75
275.170196249,425.75
275.193573371,397.93
275.217097182,397.93
275.241084133,397.93
275.264314758,397.93
275.286980066,397.93
275.309463709,366.18
275.332337403,366.18
275.356054208,366.18
275.380142888,366.18
275.403492938,342.11
275.426926284,342.11
275.450312942,342.11
275.473677808,342.11
275.497331157,343.79
275.520866104,343.79
275.544781503,343.79
275.568579588,343.79
275.593762422,343.79
275.616499282,367.62
275.639454673,367.62
275.662614705,367.62
275.685844754,367.62
275.708972050,393.45
275.731855696,393.45
275.755103121,393.45
275.779615613,393.45
275.803351362,402.12
275.827125191,402.12
275.850417257,402.12
275.873541993,402.12
275.897190509,402.12
275.920114956,399.64
275.942622343,399.64
275.965287363,399.64
275.988321122,399.64
276.012036871,388.20
276.035753324,388.20
276.059271887,388.20
276.083126741,388.20
276.106900699,419.19
276.129885978,419.19
276.153311868,419.19
276.176917632,419.19
276.200349379,442.61
276.223897286,442.61
276.247221576,442.61
276.270495049,442.61
276.293997549,442.61
276.317360047,475.21
276.340874418,475.21
276.364511031,475.21
276.388188188,475.21
276.411791904,503.12
276.436128714,503.12
276.460464660,503.12
276.485269763,503.12
276.510582645,506.34
276.533273041,506.34
276.556667764,506.34
276.580161719,506.34
276.603698427,506.34
276.627995781,503.53
276.651539561,503.53
276.674516072,503.53
276.698159660,503.53
276.721464366,503.69
276.745352148,503.69
276.769050521,503.69
276.792354459,503.69
276.815318682,523.79
276.838370873,523.79
276.861843933,523.79
276.884979677,523.79
276.908197470,553.77
276.931357438,553.77
276.954212956,553.77
276.977681663,553.77
277.001284260,553.77
277.024685798,564.19
277.047899079,564.19
277.070768325,564.19
277.093755012,564.19
277.117000869,535.48
277.139840387,535.48
277.162454399,535.48
277.185093979,535.48
277.208099643,535.48
277.231810208,495.27
277.255261667,495.27
277.278390499,495.27
277.302276234,495.27
277.325661420,499.19
277.348731948,499.19
277.372292624,499.19
277.395647443,499.19
277.419087510,495.68
277.442717658,495.68
277.466041468,495.68
277.489204701,495.68
277.514422383,493.13
277.537674384,493.13
277.560662447,493.13
277.583949809,493.13
277.607307507,493.13
277.630446740,490.37
277.653454067,490.37
277.676141008,490.37
277.699337201,490.37
277.722826292,476.37
277.746245335,476.37
277.769692858,476.37
277.792811771,476.37
277.815837594,447.17
277.838917498,447.17
277.862168508,447.17
277.885622111,447.17
277.909057538,447.17
277.932385732,420.80
277.955486308,420.80
277.978786566,420.80
278.002093128,420.80
278.024955334,419.02
278.048706988,419.02
278.071902317,419.02
278.095427408,419.02
278.119014165,421.91
278.142322839,421.91
278.165368918,421.91
278.188115700,421.91
278.211468950,421.91
278.234751288,432.89
278.257898584,432.89
278.281252250,432.89
278.304757598,432.89
278.327688317,402.39
278.350667613,402.39
278.373692700,402.39
278.396763324,402.39
278.420534530,379.24
278.443739076,379.24
278.467057702,379.24
278.490470857,379.24
278.513954092,379.24
278.537105933,354.20
278.561409016,354.20
278.586947564,354.20
278.609783978,354.20
278.633138477,321.63
278.656078156,321.63
278.679418158,321.63
278.703860666,321.63
278.727269725,312.69
278.750866433,312.69
278.773978658,312.69
278.796424413,312.69
278.818807703,312.69
278.841796982,300.48
278.865378363,300.48
278.888883743,300.48
278.912508579,300.48
278.936100872,314.84
278.959754989,314.84
278.983531155,314.84
279.007207704,314.84
279.030486426,342.47
279.053564890,342.47
279.077186751,342.47
279.100531105,342.47
279.123410720,369.31
279.146828994,369.31
279.169847362,369.31
279.193225221,369.31
279.216416390,369.31
279.239602759,399.27
279.262819208,399.27
279.285693863,399.27
279.308861416,399.27
279.331954633,404.50
279.355197962,404.50
279.378445708,404.50
279.401346795,404.50
279.424452844,404.50
279.447414411,403.85
279.470820270,403.85
279.494161713,403.85
279.517621652,403.85
279.540784021,403.43
279.563978455,403.43
279.588809317,403.43
279.619364676,403.43
279.642529029,400.91
279.665464004,400.91
279.688438596,400.91
279.711350691,400.91
279.734578981,400.70
279.758228426,400.70
279.781584332,400.70
279.804378474,400.70
279.827315689,400.70
279.850190472,399.86
279.873680428,399.86
279.898046935,399.86
279.921558683,399.86
279.945049951,406.55
279.968535715,406.55
279.991512034,406.55
280.015362921,406.55
280.038959021,407.70
280.062539730,407.70
280.085655795,407.70
280.109193527,407.70
280.132147958,401.76
280.155122134,401.76
280.178164278,401.76
280.201349719,401.76
280.224553401,401.76
280.247704473,403.55
280.270975931,403.55
280.293982427,403.55
280.317008091,403.55
280.340004187,404.31
280.363287294,404.31
280.386581088,404.31
280.409754753,404.31
280.433031587,405.09
280.456298438,405.09
280.479281701,405.09
280.502269669,405.09
280.525639464,405.09
280.548959371,405.58
280.571853354,405.58
280.594951306,405.58
280.617963690,405.58
280.640769097,404.40
280.666866274,404.40
280.690057988,404.40
280.713503911,404.40
280.737098924,401.95
280.760152813,401.95
280.783417967,401.95
280.806359950,401.95
280.829661840,401.95
280.852520303,417.75
280.876339670,417.75
280.899744921,417.75
280.923366750,417.75
280.946875138,399.64
280.970066244,399.64
280.993314470,399.64
281.016675593,399.64
281.040355630,365.21
281.063177933,365.21
281.085843594,365.21
281.108874186,365.21
281.133075284,365.21
281.156859802,344.35
281.180275389,344.35
281.203752289,344.35
281.228333230,344.35
281.251745650,339.20
281.275280726,339.20
281.298727642,339.20
281.323349352,339.20
281.347023181,360.56
281.369948653,360.56
281.393512658,360.56
281.417144407,360.56
281.440657531,388.15
281.464035038,388.15
281.487513731,388.15
281.510649732,388.15
281.534155688,388.15
281.557556427,414.68
281.580859438,414.68
281.604355986,414.68
281.627754870,414.68
281.651071192,445.84
281.674941408,445.84
281.698233378,445.84
281.721610181,445.84
281.745368236,476.19
281.768408716,476.19
281.792123154,476.19
281.815645687,476.19
281.839303996,476.19
281.863100931,500.63
281.886396901,500.63
281.909287396,500.63
281.934106868,500.63
281.957368502,529.61
281.980568408,529.61
282.003917243,529.61
282.028232838,529.61
282.051834315,550.74
282.075236750,550.74
282.098976565,550.74
282.122392376,550.74
282.145981021,586.95
282.169125118,586.95
282.192753252,586.95
282.216020646,586.95
282.239737388,586.95
282.263287569,588.65
282.286376338,588.65
282.309433202,588.65
282.332412370,588.65
282.355305394,588.66
282.378434291,588.66
282.401592116,588.66
282.424355859,588.66
282.447541397,588.66
282.470900856,575.12
282.494227003,575.12
282.517821856,575.12
282.541137507,575.12
282.564321029,549.02
282.605739327,549.02
282.629097570,549.02
282.652538470,549.02
282.676526542,521.50
282.699807793,521.50
282.722249805,521.50
282.745347758,521.50
282.775094278,477.10
282.799094383,477.10
282.822923478,477.10
282.846971935,477.10
282.870404867,468.14
282.894338667,468.14
282.917404204,468.14
282.941608630,468.14
282.965057946,471.85
282.988603807,471.85
283.012268357,471.85
283.035868842,471.85
283.059185805,471.85
283.082464079,473.99
283.105878035,473.99
283.129403352,473.99
283.152996797,473.99
283.176901317,473.58
283.200733036,473.58
283.224272240,473.58
283.248063191,473.58
283.271488955,470.92
283.295065600,470.92
283.318179202,470.92
283.341689958,470.92
283.365146667,474.49
283.388433997,474.49
283.411787793,474.49
283.435353526,474.49
283.458499064,474.49
283.482025020,483.46
283.505495105,483.46
283.528717923,483.46
283.552660427,483.46
283.575485098,516.74
283.598280681,516.74
283.621396522,516.74
283.644563820,516.74
283.667520044,545.43
283.691082481,545.43
283.713734191,545.43
283.736640558,545.43
283.760209972,545.43
283.783618903,567.94
283.807403102,567.94
283.830931171,567.94
283.854526985,567.94
283.877422760,550.48
283.900881260,550.48
283.923511242,550.48
283.945896965,550.48
283.968669668,513.64
283.991483202,513.64
284.015245001,513.64
284.039016592,513.64
284.062882072,513.64
284.086292668,501.05
284.110148995,501.05
284.133206756,501.05
284.156985387,501.05
284.180532240,499.82
284.203789843,499.82
284.227571449,499.82
284.251013694,499.82
284.274151903,500.95
284.297648868,500.95
284.321006408,500.95
284.345044625,500.95
284.368987513,500.61
284.391929849,500.61
284.414985434,500.61
284.438428319,500.61
284.461942212,500.61
284.485230599,498.90
284.509101230,498.90
284.532104047,498.90
284.556674525,498.90
284.580477124,500.14
284.604029289,500.14
284.627604591,500.14
284.651320469,500.14
284.674476311,497.96
284.698314623,497.96
284.721726019,497.96
284.744815908,497.96
284.768278441,514.61
284.791692813,514.61
284.814854831,514.61
284.838343763,514.61
284.862800992,514.61
284.886331621,536.92
284.910617265,536.92
284.933541040,536.92
284.957391192,536.92
284.980676507,579.54
285.003794045,579.54
285.027135296,579.54
285.051847727,579.54
285.074507949,592.87
285.097725551,592.87
285.121138035,592.87
285.144635512,592.87
285.168354591,592.87
285.191728706,596.38
285.214524609,596.38
285.237466497,596.38
285.260652515,596.38
285.283784165,594.88
285.306810246,594.88
285.329859719,594.88
285.354229940,594.88
285.377245685,581.79
285.400086132,581.79
285.423266614,581.79
285.446477785,581.79
285.469834973,581.79
285.493609060,554.14
285.516727942,554.14
285.539659494,554.14
285.562838952,554.14
285.587840730,523.88
285.611107997,523.88
285.633717882,523.88
285.656295255,523.88
285.678853268,483.53
285.701778100,483.53
285.725552572,483.53
285.749036161,483.53
285.772879560,483.53
285.796505422,475.18
285.820299702,475.18
285.843285622,475.18
285.866873948,475.18
285.890482626,478.64
285.915312658,478.64
285.939429660,478.64
285.964232652,478.64
285.987546703,476.87
286.010885299,476.87
286.033966197,476.87
286.058757828,476.87
286.081996647,478.56
286.105150697,478.56
286.128277707,478.56
286.151559502,478.56
286.174779761,478.56
286.197826194,463.80
286.221228214,463.80
286.244787547,463.80
286.268276416,463.80
286.291550563,437.13
286.314553764,437.13
286.337764775,437.13
286.361538671,437.13
286.384591728,415.66
286.407449392,415.66
286.431081078,415.66
286.454427258,415.66
286.477557948,415.66
286.500959072,415.96
286.524300324,415.96
286.547603815,415.96
286.570560328,414.87
286.603916448,414.87
286.626391068,414.87
286.649316797,414.87
286.673003075,414.87
286.697193742,417.35
286.720671859,417.35
286.744371578,417.35
286.768151745,417.35
286.791092546,435.54
286.814790889,435.54
286.837884266,435.54
286.861610737,435.54
286.885013686,433.36
286.908331929,433.36
286.931156249,433.36
286.954078873,433.36
286.977462333,433.36
287.002308494,432.95
287.025712146,432.95
287.048530033,432.95
287.073019679,432.95
287.096393507,421.16
287.119819367,421.16
287.143247052,421.16
287.167548376,421.16
287.190512408,402.17
287.213757563,402.17
287.236609627,402.17
287.260104192,402.17
287.283430020,402.17
287.306549670,403.44
287.329684488,403.44
287.352846251,403.44
287.376056622,403.44
287.398785613,401.10
287.422377683,401.10
287.445755447,401.10
287.470362757,401.10
287.493697705,398.05
287.516457353,398.05
287.539015782,398.05
287.561901478,398.05
287.588432677,399.42
287.611989355,399.42
287.635426703,399.42
287.658717203,399.42
287.682478554,399.42
287.705668861,432.37
287.729444581,432.37
287.753165708,432.37
287.778319103,432.37
287.802360617,430.59
287.825537708,430.59
287.848894832,430.59
287.872648695,430.59
287.895756409,425.92
287.918635097,425.92
287.941555322,425.92
287.964503930,425.92
287.987579964,425.92
288.013162131,422.19
288.036407318,422.19
288.060052349,422.19
288.083505729,422.19
288.106797861,412.64
288.129895111,412.64
288.152457508,412.64
288.175630791,412.64
288.198913738,411.01
288.222457968,411.01
288.246000054,411.01
288.269451131,411.01
288.292473532,411.01
288.315771648,410.31
288.338757569,410.31
288.361678242,410.31
288.385221160,410.31
288.408545356,414.11
288.431827119,414.11
288.454797008,414.11
288.477726865,414.11
288.500594545,418.96
288.523503058,418.96
288.546662708,418.96
288.570159610,418.96
288.594438598,418.96
288.617708041,416.88
288.640760811,416.88
288.663729068,416.88
288.686911951,416.88
288.710007505,387.89
288.733018034,387.89
288.756488152,387.89
288.780479809,387.89
288.803599907,358.41
288.825948959,358.41
288.848461724,358.41
288.871136571,358.41
288.894750945,358.41
288.918547657,325.23
288.941914702,325.23
288.965431475,325.23
288.989316124,325.23
289.013093124,334.95
289.036611434,334.95
289.060854645,334.95
289.084460892,334.95
289.108027618,359.80
289.131859274,359.80
289.155072141,359.80
289.178692852,359.80
289.201887319,384.50
289.225245595,384.50
289.248811521,384.50
289.272274310,384.50
289.295637739,384.50
289.319485715,414.05
289.342956633,414.05
289.365960858,414.05
289.390974573,414.05
289.413763020,443.38
289.437330034,443.38
289.460509429,443.38
289.484797506,443.38
289.508148934,468.09
289.531638060,468.09
289.554324714,468.09
289.578054738,468.09
289.601788826,468.09
289.625379808,501.17
289.649149480,501.17
289.672510285,501.17
289.695989554,501.17
289.719729466,527.93
289.743333728,527.93
289.766956871,527.93
289.790648494,527.93
289.813728624,551.84
289.837100821,551.84
289.860467129,551.84
289.883856734,551.84
289.907472773,593.04
289.930873066,593.04
289.954031532,593.04
289.977585971,593.04
290.001115576,593.04
290.024322332,594.44
290.047817537,594.44
290.070918788,594.44
290.093983494,594.44
290.117186121,593.99
290.140490189,593.99
290.163502670,593.99
290.186788114,593.99
290.210073718,595.27
290.233184728,595.27
290.255990968,595.27
290.278964442,595.27
290.302347422,595.27
290.325882693,579.93
290.349147945,579.93
290.372049577,579.93
290.394870633,579.93
290.418161837,548.97
290.441412593,548.97
290.464779542,548.97
290.487619222,548.97
290.510874106,520.11
290.533875516,520.11
290.556951902,520.11
290.580162177,520.11
290.603555206,520.11
290.627211053,494.55
290.650852020,494.55
290.674048536,494.55
290.696760311,494.55
290.719329781,463.56
290.742313270,463.56
290.765677691,463.56
290.789267618,463.56
290.812729351,440.21
290.836104876,440.21
290.859679731,440.21
290.882765429,440.21
290.906205722,440.21
290.929694784,438.43
290.953062853,438.43
290.976592107,438.43
291.000172945,438.43
291.023053714,435.95
291.046487767,435.95
291.069861500,435.95
291.093259297,435.95
291.116855240,441.14
291.140217196,441.14
291.163427568,441.14
291.187238744,441.14
291.210824351,441.14
291.233987842,438.34
291.257360838,438.34
291.280839852,438.34
291.305070008,438.34
291.328232508,453.50
291.351202045,453.50
291.374066430,453.50
291.398409643,453.50
291.421671919,482.86
291.445118580,482.86
291.468738843,482.86
291.491962175,482.86
291.515147651,482.86
291.538284549,482.18
291.561319688,482.18
291.584573452,482.18
291.607975121,482.18
291.631314901,485.49
291.654680794,485.49
291.677617468,485.49
291.701335075,485.49
291.724133796,489.71
291.747402536,489.71
291.770864045,489.71
291.794181810,489.71
291.817564983,489.71
291.841328671,484.62
291.864829733,484.62
291.887746214,484.62
291.910873353,484.62
291.933763530,458.36
291.956638059,458.36
291.979968239,458.36
292.004392925,458.36
292.027786946,425.06
292.050225407,425.06
292.072958719,425.06
292.095949217,425.06
292.119866698,425.06
292.143936885,389.56
292.167576380,389.56
292.191201635,389.56
292.218031397,389.56
292.241368746,393.93
292.265245971,393.93
292.288593112,393.93
292.312184991,393.93
292.335550212,392.58
292.358552326,392.58
292.381872299,392.58
292.404901005,392.58
292.427832942,395.33
292.451225652,395.33
292.474512376,395.33
292.497994334,395.33
292.521212898,395.33
292.544298788,403.19
292.567294150,403.19
292.590781485,403.19
292.614810583,403.19
292.638872130,405.90
292.662152358,405.90
292.684887078,405.90
292.707886024,405.90
292.730804361,391.14
292.754452657,391.14
292.778393211,391.14
292.801816160,391.14
292.825409607,391.14
292.849133615,415.06
292.872280403,415.06
292.895704152,415.06
292.919146334,415.06
292.942200224,447.26
292.965648390,447.26
292.989436431,447.26
293.012224559,447.26
293.035862742,475.25
293.059388445,475.25
293.083081092,475.25
293.106547082,475.25
293.130608917,475.25
293.153689976,508.78
293.177280735,508.78
293.200395202,508.78
293.223692454,508.78
293.247206797,510.15
293.270441681,510.15
293.293790806,510.15
293.318502982,510.15
293.342044877,505.73
293.365346002,505.73
293.388809976,505.73
293.412569344,505.73
293.436520074,503.84
293.460523733,503.84
293.484156701,503.84
293.507423681,503.84
293.531270186,503.84
293.554451534,525.89
293.577870388,525.89
293.601368186,525.89
293.625011362,525.89
293.648204805,548.93
293.671902381,548.93
293.694936528,548.93
293.718122964,548.93
293.741441912,587.86
293.765085760,587.86
293.788491206,587.86
293.811752554,587.86
293.835019726,587.86
293.858089873,594.90
293.881680632,594.90
293.905295712,594.90
293.929825263,594.90
293.953192980,597.22
293.976250742,597.22
293.999198296,597.22
294.023214211,597.22
294.046177829,591.45
294.069161095,591.45
294.092159753,591.45
294.115406765,591.45
294.139007860,591.45
294.162452730,565.55
294.185954913,565.55
294.209090884,565.55
294.231517857,565.55
294.253934430,526.63
294.276393884,526.63
294.299837602,526.63
294.323566091,526.63
294.347085233,509.47
294.370862970,509.47
294.394590147,509.47
294.417976680,509.47
294.441373870,509.47
294.464732755,510.49
294.488285882,510.49
294.511614239,510.49
294.535852204,510.49
294.558847182,507.79
294.582077619,507.79
294.605152694,507.79
294.628109624,507.79
294.651517661,506.82
294.674862115,506.82
294.697780228,506.82
294.721185226,506.82
294.744644272,506.82
294.767863476,489.72
294.791035000,489.72
294.813817913,489.72
294.837285759,489.72
294.860645668,466.96
294.884134891,466.96
294.907656305,466.96
294.931422362,466.96
294.954558558,433.93
294.977134204,433.93
295.000085118,433.93
295.023359555,433.93
295.046757161,433.93
295.070312208,411.14
295.093303346,411.14
295.116008370,411.14
295.139220598,411.14
295.162690684,407.00
295.185852064,407.00
295.208106076,407.00
295.231659299,407.00
295.254454051,406.97
295.277595207,406.97
295.301472305,406.97
295.324836950,406.97
295.348273917,419.79
295.376048840,419.79
295.399253068,419.79
295.422744658,419.79
295.446586588,419.79
295.470031554,424.11
295.493833452,424.11
295.516950287,424.11
295.541271709,424.11
295.564261695,420.91
295.588895791,420.91
295.612343638,420.91
295.635813852,420.91
295.659460580,412.67
295.682765353,412.67
295.706156879,412.67
295.729106001,412.67
295.752265237,412.67
295.775799356,402.19
295.799336675,402.19
295.822630248,402.19
295.845921037,402.19
295.868965136,401.04
295.891988914,401.04
295.915038325,401.04
295.938821534,401.04
295.962357478,402.88
295.986045582,402.88
296.008727534,402.88
296.031121963,402.88
296.054047821,402.88
296.077947575,387.35
296.101745184,387.35
296.125018981,387.35
296.148553132,387.35
296.172005426,416.14
296.195203382,416.14
296.218480475,416.14
296.241893889,416.14
296.265175334,453.43
296.289080368,453.43
296.312496631,453.43
296.335223447,453.43
296.358633181,454.51
296.381844002,454.51
296.405061702,454.51
296.428413164,454.51
296.451536623,454.51
296.475186936,449.84
296.498704543,449.84
296.522126661,449.84
296.545816493,449.84
296.568993169,424.32
296.594289928,424.32
296.616785670,424.32
296.639219652,424.32
296.661925380,388.51
296.685230121,388.51
296.709159476,388.51
296.732449337,388.51
296.756007904,388.51
296.779516039,408.02
296.803054543,408.02
296.826368596,408.02
296.850619329,408.02
296.874043079,436.25
296.897552334,436.25
296.921331992,436.25
296.944692061,436.25
296.968241701,463.99
296.992055534,463.99
297.015688470,463.99
297.038927611,463.99
297.062518339,506.91
297.085610086,506.91
297.109435536,506.91
297.132818070,506.91
297.156364157,506.91
297.179990021,509.54
297.203358410,509.54
297.226605615,509.54
297.250024149,509.54
297.273273018,510.31
297.296317310,510.31
297.319569347,510.31
297.342930600,510.31
297.366339727,509.20
297.389415730,509.20
297.412672759,509.20
297.436077533,509.20
297.459438403,509.20
297.482959243,483.53
297.506543250,483.53
297.530144538,483.53
297.553514176,483.53
297.576170016,479.38
297.598826720,479.38
297.621543585,479.38
297.644756421,479.38
297.668684144,492.16
297.692281496,492.16
297.715848415,492.16
297.739193445,492.16
297.762924366,492.16
297.786041490,500.31
297.809516121,500.31
297.832900895,500.31
297.857736465,500.31
297.880681332,500.41
297.904043642,500.41
297.927489728,500.41
297.952041296,500.41
297.975091027,501.95
297.998472922,501.95
298.021614878,501.95
298.045144165,501.95
298.067984806,501.95
298.090458821,475.14
298.113076132,475.14
298.135814021,475.14
298.160411701,475.14
298.183950877,451.78
298.207461252,451.78
298.231008203,451.78
298.255627996,451.78
298.278894977,454.53
298.302654827,454.53
298.326056337,454.53
298.349541912,454.53
298.373270593,456.70
298.396823817,456.70
298.419920845,456.70
298.442881711,456.70
298.466299446,456.70
298.489494075,479.96
298.513856009,479.96
298.536844044,479.96
298.560255859,479.96
298.583312854,513.22
298.606469402,513.22
298.629151643,513.22
298.652171454,513.22
298.675775782,513.22
298.698979179,509.22
298.722800629,509.22
298.746320284,509.22
298.769583873,509.22
298.792260930,476.39
298.814643039,476.39
298.837181887,476.39
298.861213642,476.39
298.884828019,441.80
298.908197561,441.80
298.931499486,441.80
298.954792708,441.80
298.978288587,444.71
299.001946867,444.71
299.025439035,444.71
299.048942018,444.71
299.072670635,444.71
299.095949201,472.80
299.119030676,472.80
299.142071383,472.80
299.165150523,472.80
299.188359360,492.00
299.211446788,492.00
299.234521959,492.00
299.257711788,492.00
299.281020658,480.73
299.304150038,480.73
299.327589693,480.73
299.351252678,480.73
299.374987279,480.73
299.398028531,452.71
299.421325560,452.71
299.444154778,452.71
299.467311902,452.71
299.490485603,428.55
299.513702504,428.55
299.537137807,428.55
299.570337961,428.55
299.594395957,400.95
299.618524258,400.95
299.641111905,400.95
299.664060228,400.95
299.687492459,388.26
299.711507351,388.26
299.734834429,388.26
299.758555078,388.26
299.782301967,388.26
299.805803575,423.39
299.829442143,423.39
299.852886470,423.39
299.877342710,423.39
299.901060927,456.08
299.924618887,456.08
299.948636019,456.08
299.972750112,456.08
299.996113734,458.87
300.019848367,458.87
300.043782650,458.87
300.066837982,458.87
300.090349958,456.64
300.113635499,456.64
300.136791824,456.64
300.160304407,456.64
300.183664253,456.64
300.206528959,458.31
300.229948966,458.31
300.253008458,458.31
300.276484433,458.31
300.300150426,473.76
300.323418176,473.76
300.346476580,473.76
300.369713865,473.76
300.393501939,504.36
300.416721816,504.36
300.440033918,504.36
300.463194499,504.36
300.486739403,504.36
300.509788911,525.63
300.532761106,525.63
300.555764181,525.63
300.579326589,525.63
300.602849893,539.39
300.626269324,539.39
300.649766963,539.39
300.673397852,539.39
300.696326591,546.32
300.719335746,546.32
300.742495239,546.32
300.765835341,546.32
300.789381525,546.32
300.812622235,517.91
300.835969377,517.91
300.859254535,517.91
300.882469036,517.91
300.905532496,490.22
300.929076024,490.22
300.952318461,490.22
300.975159551,490.22
300.997553725,455.24
301.020227774,455.24
301.043154369,455.24
301.067034795,455.24
301.091111736,455.24
301.114747745,436.51
301.138490250,436.51
301.162495446,436.51
301.187057607,436.51
301.210594671,432.97
301.234036470,432.97
301.257555838,432.97
301.282084270,432.97
301.305245043,432.36
301.328617273,432.36
301.352003360,432.36
301.375417159,432.36
301.398715213,432.36
301.422071060,434.04
301.445479195,434.04
301.468958562,434.04
301.492281321,434.04
301.515536238,434.61
301.538750356,434.61
301.562244571,434.61
301.585542017,434.61
301.608801799,445.60
301.632147886,445.60
301.655410707,445.60
301.678646297,445.60
301.701824894,474.41
301.724893282,474.41
301.748392010,474.41
301.771638607,474.41
301.794829845,474.41
301.817725943,497.92
301.840722843,497.92
301.863939520,497.92
301.887660266,497.92
301.911315315,502.37
301.934207829,502.37
301.956856278,502.37
301.979144723,502.37
302.001810676,502.37
302.024885688,496.54
302.048291903,496.54
302.071815623,496.54
302.095211374,496.54
302.119094521,509.16
302.142807203,509.16
302.166192521,509.16
302.189868115,509.16
302.213549148,510.19
302.237110660,510.19
302.260843822,510.19
302.284311766,510.19
302.307821662,508.74
302.331193764,508.74
302.354492011,508.74
302.377421294,508.74
302.400584371,508.74
302.423660631,513.03
302.446890333,513.03
302.470156387,513.03
302.493491945,513.03
302.516970545,497.91
302.540662203,497.91
302.563865280,497.91
302.590492098,497.91
302.613807049,472.27
302.637322545,472.27
302.660324725,472.27
302.683601435,472.27
302.706521406,472.27
302.729861636,442.06
302.755665824,442.06
302.778986534,442.06
302.801885993,442.06
302.824738155,419.89
302.847674511,419.89
302.870651442,419.89
302.893706838,419.89
302.917101629,418.32
302.940658054,418.32
302.963507528,418.32
302.986426955,418.32
303.009340078,418.32
303.032482195,431.39
303.055940923,431.39
303.079225153,431.39
303.102927274,431.39
303.126222321,410.70
303.149418326,410.70
303.172579803,410.70
303.196060995,410.70
303.218836516,373.28
303.241113890,373.28
303.263584065,373.28
303.286292450,373.28
303.309789899,373.28
303.333338899,350.23
303.357026301,350.23
303.380663782,350.23
303.404410992,350.23
303.427442004,343.86
303.450655162,343.86
303.473716510,343.86
303.497629610,343.86
303.520865136,358.85
303.544253623,358.85
303.567730911,358.85
303.590952773,358.85
303.614426829,358.85
303.637835220,384.83
303.661004281,384.83
303.684137182,384.83
303.707727239,384.83
303.730958925,409.44
303.754547222,409.44
303.777766587,409.44
303.801983914,409.44
303.824670891,400.63
303.847538894,400.63
303.870365264,400.63
303.894128602,400.63
303.918066022,414.12
303.941732496,414.12
303.965680988,414.12
303.989159012,414.12
304.012454346,414.12
304.035228364,443.33
304.058440434,443.33
304.081713144,443.33
304.104860061,443.33
304.127777728,469.41
304.151238504,469.41
304.174680687,469.41
304.197772788,469.41
304.221116763,486.29
304.244156287,486.29
304.267426213,486.29
304.290787756,486.29
304.314168083,486.29
304.337320345,517.38
304.360642144,517.38
304.384085639,517.38
304.407917970,517.38
304.431314298,514.58
304.454429279,514.58
304.477810342,514.58
304.501050316,514.58
304.524138897,516.02
304.547009364,516.02
304.570020408,516.02
304.595740403,516.02
304.619180827,516.02
304.642408065,513.22
304.665142147,513.22
304.688134791,513.22
304.712881114,513.22
304.736182144,492.52
304.759722729,492.52
304.783021455,492.52
304.807105693,492.52
304.830475172,492.62
304.854843251,492.62
304.878492509,492.62
304.901760227,492.62
304.925041994,491.45
304.948490034,491.45
304.971646327,491.45
304.994716668,491.45
305.017762368,491.45
305.040870565,459.52
305.064797521,459.52
305.087943190,459.52
305.110411221,459.52
305.132952918,420.02
305.156173916,420.02
305.179805157,420.02
305.203537263,420.02
305.227364282,416.16
305.250501439,416.16
305.274351019,416.16
305.297623057,416.16
305.321124666,416.16
305.344474465,424.35
305.368022346,424.35
305.391409425,424.35
305.414838873,424.35
305.437980319,430.09
305.461814698,430.09
305.485073040,430.09
305.508810171,430.09
305.532296387,429.67
305.555080325,429.67
305.578240811,429.67
305.601713779,429.67
305.624977242,429.67
305.648693252,434.66
305.671984650,434.66
305.695135376,434.66
305.720581193,434.66
305.743929296,458.96
305.767540826,458.96
305.791261988,458.96
305.814700332,458.96
305.838233173,486.52
305.862182849,486.52
305.885782346,486.52
305.909145905,486.52
305.933042365,520.05
305.956366884,520.05
305.979645003,520.05
306.003020434,520.05
306.026270745,520.05
306.049876738,551.03
306.073296202,551.03
306.096359086,551.03
306.119587669,551.03
306.142969308,591.67
306.166097761,591.67
306.189042533,591.67
306.212209131,591.67
306.235659219,596.19
306.258799864,596.19
306.281506842,596.19
306.304471934,596.19
306.327903014,596.19
306.351218797,571.05
306.374481236,571.05
306.397878907,571.05
306.421148738,571.05
306.444681515,543.95
306.468269524,543.95
306.491068791,543.95
306.513290837,543.95
306.536183864,543.95
306.559201181,508.66
306.582735525,508.66
306.606399631,508.66
306.629734359,508.66
306.653333888,494.42
306.676922762,494.42
306.700081359,494.42
306.723743001,494.42
306.747054112,491.19
306.770557289,491.19
306.794001873,491.19
306.817621403,491.19
306.840939202,490.50
306.864386986,490.50
306.888197109,490.50
306.911767134,490.50
306.934833987,490.50
306.957656358,489.07
306.980726539,489.07
307.003527246,489.07
307.026504114,489.07
307.049470390,481.45
307.072455418,481.45
307.095482975,481.45
307.118816582,481.45
307.142357263,455.11
307.165857304,455.11
307.189215071,455.11
307.212189987,455.11
307.235267240,455.11
307.258135499,429.44
307.281142672,429.44
307.304448823,429.44
307.327633661,429.44
307.350772035,421.67
307.374191595,421.67
307.397425362,421.67
307.420285653,421.67
307.443204857,419.56
307.466214621,419.56
307.489634629,419.56
307.512940717,419.56
307.536350453,419.56
307.559780637,430.38
307.583379526,430.38
307.606414987,430.38
307.628985132,430.38
307.651398860,410.85
307.674244655,410.85
307.697151923,410.85
307.720885405,410.85
307.744544776,410.85
307.768113649,389.12
307.791539801,389.12
307.815100482,389.12
307.838328137,389.12
307.861758097,387.26
307.884916983,387.26
307.908107101,387.26
307.931634982,387.26
307.975665150,387.94
307.999073638,387.94
308.022607311,387.94
308.045794518,387.94
308.069032924,400.29
308.092295043,400.29
308.115627626,400.29
308.138882161,400.29
308.162854558,400.29
308.185998307,410.87
308.208417859,410.87
308.231162309,410.87
308.253962024,410.87
308.277594994,397.75
308.301040699,397.75
308.324675141,397.75
308.348199598,397.75
308.371483637,424.30
308.394829053,424.30
308.418564680,424.30
308.442462228,424.30
308.465878428,455.05
308.489471142,455.05
308.513183857,455.05
308.536546169,455.05
308.560177379,455.05
308.583691628,480.20
308.607399991,480.20
308.630734462,480.20
308.654134502,480.20
308.677311085,522.81
308.700744853,522.81
308.724123677,522.81
308.747247235,522.81
308.770370056,541.75
308.794043411,541.75
308.817559164,541.75
308.841125189,541.75
308.864533294,541.75
308.888140760,540.82
308.911519519,540.82
308.934802022,540.82
308.957914956,540.82
308.981571798,539.86
309.005060767,539.86
309.028221573,539.86
309.051790831,539.86
309.075552922,539.96
309.099213861,539.96
309.122658541,539.96
309.145889620,539.96
309.169320860,562.28
309.192830373,562.28
309.215953451,562.28
309.239823927,562.28
309.263305248,562.28
309.286600519,594.70
309.309791278,594.70
309.332967380,594.70
309.356950017,594.70
309.380017159,598.52
309.402917803,598.52
309.426138449,598.52
309.449306360,598.52
309.472417534,597.67
309.495473827,597.67
309.518368295,597.67
309.542241875,597.67
309.565940158,597.67
309.589823658,575.87
309.613714263,575.87
309.636828829,575.87
309.660429735,575.87
309.683324811,562.67
309.706537809,562.67
309.729740728,562.67
309.753384642,562.67
309.776628745,560.64
309.800182611,560.64
309.822936502,560.64
309.846260669,560.64
309.869425252,559.73
309.892844972,559.73
309.915851281,559.73
309.939407579,559.73
309.962438272,559.73
309.985709703,555.16
310.008809677,555.16
310.032248949,555.16
310.055518332,555.16
310.079239879,527.63
310.102956466,527.63
310.126688381,527.63
310.150333160,527.63
310.174060307,501.61
310.197469883,501.61
310.220298175,501.61
310.243504677,501.61
310.266829709,501.61
310.290373207,471.29
310.313725151,471.29
310.336932229,471.29
310.360394670,471.29
310.383371859,440.50
310.406197047,440.50
310.429201020,440.50
310.452514564,440.50
310.476163726,416.56
310.499535254,416.56
310.521783253,416.56
310.544186741,416.56
310.567354011,416.56
310.591536970,395.27
310.615223029,395.27
310.638470365,395.27
310.662083527,395.27
310.685880339,405.88
310.709337340,405.88
310.732832549,405.88
310.757114069,405.88
310.780307516,413.16
310.803958598,413.16
310.827221645,413.16
310.851655551,413.16
310.874471714,414.42
310.897762314,414.42
310.921043697,414.42
310.944424697,414.42
310.967889346,414.42
310.991032297,409.36
311.014074190,409.36
311.037297589,409.36
311.060726430,409.36
311.084360584,413.12
311.107753777,413.12
311.130419987,413.12
311.153800475,413.12
311.176857376,396.31
311.200486891,396.31
311.224345079,396.31
311.247822176,396.31
311.271525227,423.04
311.295489849,423.04
311.318788545,423.04
311.341949799,423.04
311.365504625,423.04
311.388862169,447.77
311.412195457,447.77
311.435845388,447.77
311.459159892,447.77
311.482647965,475.97
311.506106375,475.97
311.529170380,475.97
311.552805303,475.97
311.576108511,520.22
311.599424135,520.22
311.622623182,520.22
311.645800500,520.22
311.669188029,520.22
311.692426404,524.01
311.715845165,524.01
311.739288630,524.01
311.762395612,524.01
311.785422241,524.42
311.808634760,524.42
311.832078481,524.42
311.855346009,524.42
311.878647265,525.58
311.901416100,525.58
311.924392297,525.58
311.947674864,525.58
311.970813655,525.58
311.994267072,528.15
312.017266725,528.15
312.040372235,528.15
312.063912789,528.15
312.087577792,533.92
312.110781319,533.92
312.133035622,533.92
312.155528006,533.92
312.178550444,531.57
312.202015829,531.57
312.226230853,531.57
312.249559117,531.57
312.273103350,531.57
312.296554400,541.97
312.319436196,541.97
312.342873453,541.97
312.366542360,541.97
312.390157635,543.06
312.413577804,543.06
312.437485977,543.06
312.460714016,543.06
312.484522381,542.17
312.507781588,542.17
312.531107068,542.17
312.554461189,542.17
312.577741421,542.17
312.601091701,539.45
312.624773376,539.45
312.648165481,539.45
312.671718995,539.45
312.695102748,537.46
312.718520709,537.46
312.741685355,537.46
312.765761146,537.46
312.788849120,534.97
312.812233033,534.97
312.835442000,534.97
312.858464565,534.97
312.881750109,534.97
312.904987940,530.63
312.928161067,530.63
312.950913487,530.63
312.974151798,530.63
312.997578047,505.57
313.020940999,505.57
313.044369553,505.57
313.068289886,505.57
313.091527045,494.49
313.114502762,494.49
313.137424591,494.49
313.160469205,494.49
313.183603291,494.49
313.206693889,511.09
313.229926057,511.09
313.253045583,511.09
313.276127317,511.09
313.299412765,482.90
313.322952712,482.90
313.345947661,482.90
313.369522103,482.90
313.392374140,442.36
313.415500258,442.36
313.439213614,442.36
313.463195740,442.36
313.486878023,442.36
313.510408785,428.29
313.533961116,428.29
313.557423429,428.29
313.581124145,428.29
313.604878173,427.48
313.627955043,427.48
313.651479277,427.48
313.674633876,427.48
313.697954620,430.80
313.721669640,430.80
313.745399763,430.80
313.769382017,430.80
313.793121293,433.12
313.816712152,433.12
313.840598021,433.12
313.864389233,433.12
313.888252670,433.12
313.911772360,434.86
313.935202513,434.86
313.958984702,434.86
313.982732266,434.86
314.006259732,459.55
314.029954687,459.55
314.053468329,459.55
314.076786673,459.55
314.100566462,489.98
314.123939590,489.98
314.147283279,489.98
314.171141820,489.98
314.194227298,515.03
314.217450761,515.03
314.240476239,515.03
314.263451124,515.03
314.286453338,515.03
314.310138502,551.18
314.333242380,551.18
314.356839831,551.18
314.380112319,551.18
314.405212023,579.71
314.428818370,579.71
314.452833104,579.71
314.476149272,579.71
314.499420385,592.29
314.523250605,592.29
314.546681495,592.29
314.569807069,592.29
314.595463194,592.29
314.618975364,594.45
314.642155307,594.45
314.666080121,594.45
314.689367969,594.45
314.712813195,594.75
314.736420470,594.75
314.759481884,594.75
314.783470314,594.75
314.807183830,597.26
314.830380893,597.26
314.853839975,597.26
314.877426641,597.26
314.900978844,597.06
314.924351141,597.06
314.947455115,597.06
314.970819412,597.06
314.994247966,597.06
315.017456965,593.47
315.040587660,593.47
315.063973589,593.47
315.086822041,593.47
315.109098105,565.66
315.131513177,565.66
315.154269181,565.66
315.178138506,565.66
315.201789781,538.90
315.225492545,538.90
315.249161613,538.90
315.273074234,538.90
315.296522052,538.90
315.320278416,535.55
315.344256062,535.55
315.368031467,535.55
315.392801056,535.55
315.416148425,543.84
315.439277648,543.84
315.463450336,543.84
315.487113707,543.84
315.510791511,544.79
315.534534819,544.79
315.558359056,544.79
315.581796442,544.79
315.605321764,542.85
315.629037360,542.85
315.652447386,542.85
315.675962596,542.85
315.698976298,542.85
315.722427412,542.22
315.746042527,542.22
315.769372967,542.22
315.792962386,542.22
315.816280923,543.34
315.839521251,543.34
315.863063469,543.34
315.886400950,543.34
315.910095202,541.43
315.933278121,541.43
315.956458993,541.43
315.979827578,541.43
316.002851104,541.43
316.025826437,539.01
316.048895468,539.01
316.072575736,539.01
316.097181931,539.01
316.120594389,553.71
316.144007422,553.71
316.167207302,553.71
316.191963739,553.71
316.215262563,541.76
316.238659084,541.76
316.261953365,541.76
316.285248061,541.76
316.308545830,541.76
316.332013040,513.97
316.356787621,513.97
316.379821035,513.97
316.403376406,513.97
316.426881665,481.28
316.450181865,481.28
316.473370833,481.28
316.496380119,481.28
316.519160923,443.30
316.541786238,443.30
316.564662211,443.30
316.591252360,443.30
316.615074933,423.93
316.638144667,423.93
316.661735527,423.93
316.685269457,423.93
316.708989693,423.93
316.732718250,422.43
316.756336981,422.43
316.779748799,422.43
316.803816558,422.43
316.827258744,425.07
316.850640929,425.07
316.874228012,425.07
316.898031257,425.07
316.922037896,422.05
316.945132334,422.05
316.967943123,422.05
316.991326876,422.05
317.015106153,427.66
317.038624691,427.66
317.062349728,427.66
317.086066380,427.66
317.109416181,427.66
317.133244738,444.56
317.156674028,444.56
317.179736274,444.56
317.203449790,444.56
317.226821800,474.36
317.250140208,474.36
317.273510266,474.36
317.296964452,474.36
317.320680720,502.95
317.343974105,502.95
317.367382787,502.95
317.390802444,502.95
317.414457688,502.95
317.437770497,534.73
317.461281900,534.73
317.484857975,534.73
317.508177856,534.73
317.532216015,564.34
317.555674041,564.34
317.579169219,564.34
317.602837871,564.34
317.626087544,592.23
317.649412769,592.23
317.672884107,592.23
317.696172148,592.23
317.719465180,592.23
317.742762693,596.08
317.765749451,596.08
317.788599056,596.08
317.811525909,596.08
317.834553500,589.54
317.857619427,589.54
317.880943468,589.54
317.905354430,589.54
317.928845096,562.31
317.951924879,562.31
317.974392401,562.31
317.997201397,562.31
318.020865057,562.31
318.045115250,530.38
318.068722718,530.38
318.092178792,530.38
318.116547034,530.38
318.139860163,531.45
318.163276876,531.45
318.186608757,531.45
318.210100832,531.45
318.233681259,530.69
318.256875347,530.69
318.279988410,530.69
318.304074314,530.69
318.327706966,527.54
318.350842813,527.54
318.374514569,527.54
318.397259661,527.54
318.420664791,527.54
318.444219874,529.80
318.467866222,529.80
318.491126455,529.80
318.515869644,529.80
318.538643505,531.27
318.561931514,531.27
318.585193442,531.27
318.609232241,531.27
318.632627675,529.84
318.656779435,529.84
318.679808818,529.84
318.702734616,529.84
318.726143138,529.84
318.748813989,504.89
318.771533769,504.89
318.795192725,504.89
318.819004386,504.89
318.842104906,494.58
318.865589812,494.58
318.889470754,494.58
318.912829227,494.58
318.936625081,519.88
318.960214212,519.88
318.983480077,519.88
319.007335034,519.88
319.030502050,553.08
319.053880748,553.08
319.077513080,553.08
319.100820929,553.08
319.123956360,553.08
319.147010255,554.98
319.169870164,554.98
319.192886715,554.98
319.215853537,554.98
319.239248458,538.19
319.262421650,538.19
319.285568442,538.19
319.308476352,538.19
319.331818441,538.19
319.354895984,514.88
319.378217818,514.88
319.401482466,514.88
319.424523433,514.88
319.447526896,484.52
319.470838009,484.52
319.493602590,484.52
319.516739333,484.52
319.541411994,444.47
319.564751812,444.47
319.591312393,444.47
319.614678739,444.47
319.638206846,439.11
319.661953739,439.11
319.685249236,439.11
319.708328283,439.11
319.731953031,439.11
319.755272080,454.94
319.778784347,454.94
319.802409479,454.94
319.825430573,454.94
319.848781687,474.53
319.872536452,474.53
319.895745708,474.53
319.919745435,474.53
319.943143781,478.40
319.966417934,478.40
319.989937049,478.40
320.013153922,478.40
320.036251913,478.40
320.060020438,467.98
320.082932316,467.98
320.105521119,467.98
320.128038017,467.98
320.150885766,421.94
320.174523666,421.94
320.198107326,421.94
320.222631538,421.94
320.246114972,432.27
320.269743560,432.27
320.292561485,432.27
320.315942775,432.27
320.339333217,432.27
320.362752556,460.73
320.386496697,460.73
320.409867395,460.73
320.433263341,460.73
320.456563958,485.92
320.480303747,485.92
320.503543436,485.92
320.527008694,485.92
320.553679581,523.97
320.577060167,523.97
320.600712755,523.97
320.624921572,523.97
320.648431727,528.14
320.671494711,528.14
320.694108346,528.14
320.717007072,528.14
320.740734029,528.14
320.764589659,497.52
320.788030725,497.52
320.811508304,497.52
320.835209053,497.52
320.858692296,498.70
320.882211603,498.70
320.905325178,498.70
320.928504291,498.70
320.951633450,496.74
320.974602193,496.74
320.998083420,496.74
321.021446149,496.74
321.044719502,496.74
321.068178297,498.43
321.091667332,498.43
321.114688491,498.43
321.137884147,498.43
321.161533087,531.72
321.184712424,531.72
321.207994129,531.72
321.231118520,531.72
321.254734916,541.11
321.278112942,541.11
321.301081013,541.11
321.324153597,541.11
321.347552263,542.59
321.371001938,542.59
321.394329915,542.59
321.417184993,542.59
321.440400265,542.59
321.463783540,542.74
321.487594369,542.74
321.510708361,542.74
321.534402774,542.74
321.558067971,537.11
321.581521965,537.11
321.604771766,537.11
321.628328386,537.11
321.651775501,554.73
321.674860244,554.73
321.697750554,554.73
321.720800674,554.73
321.744413934,554.73
321.767782328,578.54
321.790736190,578.54
321.813890854,578.54
321.837478994,578.54
321.861045502,580.13
321.884392904,580.13
321.907468815,580.13
321.930428470,580.13
321.954211235,577.24
321.977875216,577.24
322.000943095,577.24
322.024681989,577.24
322.048401362,577.24
322.071806748,587.06
322.095009829,587.06
322.118483440,587.06
322.142780930,587.06
322.165697576,590.62
322.188782959,590.62
322.212443196,590.62
322.235589508,590.62
322.258893421,591.87
322.282087222,591.87
322.305126781,591.87
322.328864971,591.87
322.352375030,591.87
322.375833249,591.42
322.399505870,591.42
322.423194299,591.42
322.446579621,591.42
322.469983152,592.57
322.493822366,592.57
322.517231944,592.57
322.540430961,592.57
322.563180118,596.88
322.586814562,596.88
322.610464847,596.88
322.633875738,596.88
322.657205987,596.88
322.680389932,599.30
322.703951736,599.30
322.727895303,599.30
322.751298418,599.30
322.774474106,597.90
322.798306760,597.90
322.821630258,597.90
322.845170686,597.90
322.868720938,598.15
322.892385046,598.15
322.916208612,598.15
322.939488654,598.15
322.963084794,599.54
322.986861608,599.54
323.010507636,599.54
323.033898783,599.54
323.057272873,599.54
323.080517906,603.03
323.103966877,603.03
323.127401160,603.03
323.151917532,603.03
323.175860395,592.26
323.199743354,592.26
323.223148516,592.26
323.246457358,592.26
323.269998105,589.50
323.292811871,589.50
323.316217930,589.50
323.339684245,589.50
323.363452515,591.27
323.386745068,591.27
323.410181911,591.27
323.433057981,591.27
323.456584009,591.27
323.479993236,589.99
323.503439999,589.99
323.526540263,589.99
323.549825104,589.99
323.572899512,587.95
323.597641870,587.95
323.620891736,587.95
323.643888223,587.95
323.667825262,587.93
323.693329995,587.93
323.716438931,587.93
323.740077024,587.93
323.763712749,587.93
323.787102039,586.06
323.810227615,586.06
323.833244231,586.06
323.857118901,586.06
323.880115740,582.40
323.903107044,582.40
323.926151147,582.40
323.949097042,582.40
323.972495388,559.80
323.995814566,559.80
324.019204337,559.80
324.042793021,559.80
324.066067015,559.80
324.088898732,531.37
324.111552465,531.37
324.134615064,531.37
324.159018892,531.37
324.182508663,515.75
324.205889825,515.75
324.229708496,515.75
324.253958210,515.75
324.276450436,475.12
324.299155113,475.12
324.322276690,475.12
324.345974335,475.12
324.370170417,475.12
324.393694749,453.77
324.417242793,453.77
324.441113911,453.77
324.464528930,453.77
324.487727531,457.52
324.511059318,457.52
324.533828219,457.52
324.557207205,457.52
324.580467567,458.30
324.603696600,458.30
324.627498151,458.30
324.650926194,458.30
324.674119675,448.16
324.697643463,448.16
324.721087954,448.16
324.749345959,448.16
324.772379886,448.16
324.795354229,450.61
324.818419165,450.61
324.841327012,450.61
324.864977873,450.61
324.888444540,450.01
324.912053385,450.01
324.935523636,450.01
324.959339362,450.01
324.982519051,467.92
325.006034711,467.92
325.029852838,467.92
325.053191152,467.92
325.076440761,495.35
325.100007365,495.35
325.123948917,495.35
325.147537313,495.35
325.171011341,495.35
325.194544121,523.26
325.217927331,523.26
325.241248014,523.26
325.264477751,523.26
325.287598495,556.37
325.310678376,556.37
325.333726671,556.37
325.356964217,556.37
325.380215107,581.69
325.403309963,581.69
325.425970735,581.69
325.449024183,581.69
325.472312897,581.69
325.494922853,559.71
325.517323112,559.71
325.540319695,559.71
325.564061789,559.71
325.590099807,536.39
325.613338889,536.39
325.636962037,536.39
325.660260864,536.39
325.683406920,540.06
325.706881332,540.06
325.730397760,540.06
325.753648201,540.06
325.777329943,540.06
325.800429919,545.22
325.823687753,545.22
325.847083316,545.22
325.871710729,545.22
325.894999251,548.16
325.918187005,548.16
325.941203556,548.16
325.965978395,548.16
325.989492807,549.05
326.012492718,549.05
326.035828025,549.05
326.059199620,549.05
326.082585230,549.05
326.106487774,545.05
326.129737191,545.05
326.153180243,545.05
326.177032354,545.05
326.200311563,547.47
326.224053209,547.47
326.247893832,547.47
326.271361876,547.47
326.295170850,546.03
326.318466925,546.03
326.341150418,546.03
326.364001976,546.03
326.387033536,545.05
326.410023623,545.05
326.432930638,545.05
326.455947830,545.05
326.478998526,545.05
326.501792452,561.55
326.524805900,561.55
326.548665947,561.55
326.572457801,561.55
326.596836893,546.44
326.619466177,546.44
326.642071014,546.44
326.664884556,546.44
326.688511065,520.57
326.712057573,520.57
326.735186638,520.57
326.758406071,520.57
326.781975172,520.57
326.804869483,516.52
326.828023700,516.52
326.877347104,516.52
326.900782699,516.52
326.924447065,518.33
326.947295039,518.33
326.970453704,518.33
326.993790963,518.33
327.016717018,520.77
327.039953059,520.77
327.063041292,520.77
327.086521879,520.77
327.109820706,511.24
327.133019883,511.24
327.156153588,511.24
327.179509343,511.24
327.203341198,511.24
327.226336405,481.42
327.248929849,481.42
327.271827040,481.42
327.295018985,481.42
327.318627351,443.89
327.342233476,443.89
327.365951922,443.89
327.389706624,443.89
327.413197836,445.15
327.436561463,445.15
327.460238949,445.15
327.484160565,445.15
327.507698433,452.17
327.531239438,452.17
327.554563768,452.17
327.578191525,452.17
327.601620657,452.17
327.625124829,489.19
327.648702314,489.19
327.671517104,489.19
327.695155678,489.19
327.718817579,514.33
327.742274871,514.33
327.765493793,514.33
327.788944236,514.33
327.812462521,516.32
327.835532993,516.32
327.858888236,516.32
327.882218455,516.32
327.905933957,516.32
327.929140622,516.29
327.952166614,516.29
327.976079302,516.29
327.999588370,516.29
328.022649275,513.61
328.045734819,513.61
328.068790731,513.61
328.092364568,513.61
328.116509322,522.54
328.139625811,522.54
328.163010142,522.54
328.186793037,522.54
328.210149239,547.73
328.233512642,547.73
328.257045999,547.73
328.280309593,547.73
328.303719460,547.73
328.326836270,587.72
328.350590716,587.72
328.374129705,587.72
328.397458452,587.72
328.420869183,587.62
328.444280395,587.62
328.467414004,587.62
328.491795144,587.62
328.515416469,589.72
328.538545118,589.72
328.561504486,589.72
328.585385781,589.72
328.609292165,587.65
328.632633680,587.65
328.655780665,587.65
328.678775361,587.65
328.701785865,587.65
328.724873490,588.37
328.747871994,588.37
328.771075684,588.37
328.794624433,588.37
328.818183069,578.74
328.841462440,578.74
328.864761010,578.74
328.887718938,578.74
328.910131485,535.91
328.933026340,535.91
328.956526352,535.91
328.980366271,535.91
329.003712202,535.91
329.026868564,533.73
329.050420096,533.73
329.073663179,533.73
329.097412473,533.73
329.121026790,534.70
329.144211536,534.70
329.167391481,534.70
329.191089928,534.70
329.214098032,537.05
329.237624476,537.05
329.260979687,537.05
329.284501652,537.05
329.307825631,537.05
329.331048329,537.85
329.354073841,537.85
329.377667326,537.85
329.400959465,537.85
329.424059090,536.35
329.447565727,536.35
329.470477542,536.35
329.493855121,536.35
329.516634584,533.12
329.539806209,533.12
329.562913418,533.12
329.586056948,533.12
329.609269054,533.12
329.632604745,536.15
329.655639409,536.15
329.679028957,536.15
329.702623146,536.15
329.726093622,511.80
329.749434337,511.80
329.772819469,511.80
329.795839861,511.80
329.818379033,487.30
329.840969438,487.30
329.863391105,487.30
329.886266760,487.30
329.909787092,487.30
329.933161696,495.61
329.956706157,495.61
329.980010296,495.61
330.003960264,495.61
330.027153426,508.01
330.051108642,508.01
330.074775280,508.01
330.098656576,508.01
330.122302766,510.68
330.145445431,510.68
330.168955172,510.68
330.192636690,510.68
330.216221023,509.51
330.239853932,509.51
330.262769044,509.51
330.285884989,509.51
330.309475211,509.51
330.332994231,503.60
330.356197697,503.60
330.379580813,503.60
330.403060954,503.60
330.426295940,506.93
330.449680400,506.93
330.473003035,506.93
330.496470279,506.93
330.519871219,509.38
330.542793114,509.38
330.566347400,509.38
330.591359553,509.38
330.614955951,509.38
330.638734590,508.96
330.662038345,508.96
330.685046353,508.96
330.709400101,508.96
330.732829361,531.52
330.756308382,531.52
330.779442439,531.52
330.803420024,531.52
330.826999109,561.00
330.850481522,561.00
330.874060351,561.00
330.897965551,561.00
330.921114265,561.00
330.944211906,595.94
330.967779215,595.94
330.991243772,595.94
331.014778344,595.94
331.038486775,597.39
331.063306735,597.39
331.086771003,597.39
331.110513002,597.39
331.133722388,595.22
331.157206529,595.22
331.180384747,595.22
331.203725014,595.22
331.227386724,597.43
331.250880753,597.43
331.273965210,597.43
331.297379526,597.43
331.320890451,597.43
331.343998972,601.29
331.367724971,601.29
331.391223447,601.29
331.415120136,601.29
331.438748214,603.58
331.461843647,603.58
331.485014697,603.58
331.509171259,603.58
331.532407910,599.67
331.556102004,599.67
331.579493632,599.67
331.602546089,599.67
331.625872629,599.67
331.649049822,598.23
331.672384522,598.23
331.695764246,598.23
331.719316035,598.23
331.742900208,589.59
331.766170043,589.59
331.788875681,589.59
331.811535879,589.59
331.834252365,549.11
331.857897723,549.11
331.881845483,549.11
331.905091574,549.11
331.928791300,546.57
331.952486771,546.57
331.975552828,546.57
331.998722150,546.57
332.022649654,546.57
332.046035458,542.41
332.069399150,542.41
332.093136893,542.41
332.117828564,542.41
332.140986654,541.98
332.164345961,541.98
332.187568916,541.98
332.210751646,541.98
332.234467308,542.33
332.257515221,542.33
332.280967778,542.33
332.304436014,542.33
332.328231198,542.33
332.351466633,524.20
332.374084014,524.20
332.396529426,524.20
332.419468666,524.20
332.442953991,487.61
332.466670710,487.61
332.490172931,487.61
332.513585583,487.61
332.537467839,490.40
332.560613417,490.40
332.584083414,490.40
332.607737444,490.40
332.631300049,490.40
332.654879487,490.72
332.678341868,490.72
332.701386965,490.72
332.724824289,490.72
332.747795690,496.26
332.770885651,496.26
332.794152158,496.26
332.818813717,496.26
332.842096160,538.90
332.865393707,538.90
332.888562869,538.90
332.911645887,538.90
332.935125963,538.90
332.958720441,518.56
332.982153926,518.56
333.005145486,518.56
333.028266296,518.56
333.051299425,492.36
333.074176456,492.36
333.097473491,492.36
333.121686983,492.36
333.145031890,461.53
333.167477558,461.53
333.190029819,461.53
333.213672521,461.53
333.237459576,461.53
333.261371657,429.45
333.285192601,429.45
333.308825543,429.45
333.332344788,429.45
333.355533951,447.15
333.379187149,447.15
333.402724219,447.15
333.426366249,447.15
333.449930999,481.64
333.473588997,481.64
333.496857872,481.64
333.520150940,481.64
333.544065452,479.70
333.567382488,479.70
333.591439754,479.70
333.614721013,479.70
333.638229442,479.70
333.661623503,478.74
333.685122396,478.74
333.708560104,478.74
333.731843508,478.74
333.755339553,477.28
333.778504139,477.28
333.802251418,477.28
333.826388109,477.28
333.849616888,481.67
333.873120613,481.67
333.896842708,481.67
333.920289217,481.67
333.944210929,497.50
333.967262747,497.50
333.990306372,497.50
334.013374573,497.50
334.036430358,497.50
334.059600705,528.97
334.082982957,528.97
334.106462906,528.97
334.129840102,528.97
334.152797646,535.95
334.176048953,535.95
334.199469093,535.95
334.223030931,535.95
334.246517536,553.45
334.269894732,553.45
334.293698268,553.45
334.317589261,553.45
334.341271132,553.45
334.364703080,547.42
334.388457464,547.42
334.411996934,547.42
334.436278138,547.42
334.459801223,548.62
334.483349045,548.62
334.506829058,548.62
334.530802035,548.62
334.553945886,547.83
334.577665485,547.83
334.601134234,547.83
334.624426917,547.83
334.647821010,547.83
334.671521665,547.08
334.694522282,547.08
334.717455346,547.08
334.740891871,547.08
334.764181642,547.39
334.787334708,547.39
334.810525887,547.39
334.834115917,547.39
334.857692923,545.91
334.881050919,545.91
334.904570165,545.91
334.927794176,545.91
334.950929322,544.85
334.974420535,544.85
334.997439968,544.85
335.020477129,544.85
335.043846549,544.85
335.066926815,544.37
335.090329579,544.37
335.113727000,544.37
335.136711105,544.37
335.159167685,530.88
335.181866475,530.88
335.204757683,530.88
335.228324225,530.88
335.252825271,530.88
335.277105291,531.14
335.301524801,531.14
335.324650827,531.14
335.347603795,531.14
335.371194466,535.82
335.394926129,535.82
335.418297118,535.82
335.441875564,535.82
335.465324889,538.56
335.489409067,538.56
335.512874648,538.56
335.536390918,538.56
335.559894035,536.74
335.583677155,536.74
335.607279570,536.74
335.630617758,536.74
335.653870793,536.74
335.677624537,540.72
335.701129990,540.72
335.724497779,540.72
335.748051872,540.72
335.771541902,540.47
335.795175292,540.47
335.818599657,540.47
335.842178679,540.47
335.865522276,541.63
335.889033553,541.63
335.912756640,541.63
335.936107949,541.63
335.959852060,542.28
335.982836133,542.28
336.005897007,542.28
336.029695135,542.28
336.053356654,542.28
336.076682522,542.10
336.100160551,542.10
336.123732661,542.10
336.146943200,542.10
336.170338316,568.69
336.193864954,568.69
336.217551849,568.69
336.240928278,568.69
336.264639429,597.70
336.288582262,597.70
336.312176709,597.70
336.335629074,597.70
336.359257121,597.70
336.382968016,598.95
336.406303292,598.95
336.429693577,598.95
336.453469945,598.95
336.477060199,597.26
336.500434932,597.26
336.523556958,597.26
336.547457967,597.26
336.571284256,596.91
336.598669616,596.91
336.622148093,596.91
336.646529010,596.91
336.669819198,597.75
336.693127498,597.75
336.716696472,597.75
336.740040132,597.75
336.763767924,597.75
336.786919391,600.69
336.810491117,600.69
336.833525462,600.69
336.856571872,600.69
336.879826508,599.28
336.902954646,599.28
336.925920415,599.28
336.949551214,599.28
336.972671928,595.87
336.995963620,595.87
337.019054350,595.87
337.041895798,595.87
337.064957471,595.87
337.088194027,568.86
337.111820633,568.86
337.135059205,568.86
337.158199983,568.86
337.181281881,539.64
337.204249602,539.64
337.227137034,539.64
337.251665441,539.64
337.275221679,503.99
337.298852158,503.99
337.321453572,503.99
337.344034730,503.99
337.376519590,503.99
337.400264886,464.21
337.424218792,464.21
337.447453715,464.21
337.470928257,464.21
337.494487535,465.50
337.517929436,465.50
337.541447146,465.50
337.564819831,465.50
337.592029925,465.32
337.615637620,465.32
337.638589117,465.32
337.662151371,465.32
337.685535064,465.32
337.708656931,462.87
337.732152592,462.87
337.755758559,462.87
337.778938090,462.87
337.802240694,464.39
337.825851493,464.39
337.849238226,464.39
337.873264612,464.39
337.896864307,467.54
337.919810396,467.54
337.943134152,467.54
337.966329651,467.54
337.989531326,467.54
338.012929387,479.58
338.036256375,479.58
338.059856230,479.58
338.083495413,479.58
338.106913346,497.82
338.129998540,497.82
338.153257816,497.82
338.176628740,497.82
338.199988401,499.14
338.223497887,499.14
338.247213422,499.14
338.270569435,499.14
338.293165729,495.62
338.315485989,495.62
338.338227628,495.62
338.361890587,495.62
338.385704396,495.62
338.409051129,505.81
338.432723144,505.81
338.456024628,505.81
338.479716420,505.81
338.503403443,501.52
338.527157828,501.52
338.550486480,501.52
338.573940798,501.52
338.599437501,499.78
338.622718217,499.78
338.646077110,499.78
338.669367586,499.78
338.693335764,499.78
338.716665952,504.45
338.739613033,504.45
338.763174520,504.45
338.787127658,504.45
338.810258484,502.90
338.833627745,502.90
338.857221552,502.90
338.880749598,502.90
338.903963338,499.82
338.927589849,499.82
338.951027814,499.82
338.974121168,499.82
338.997303932,499.82
339.020810634,498.43
339.044796124,498.43
339.068090952,498.43
339.091456693,498.43
339.115247205,507.25
339.138439632,507.25
339.161523419,507.25
339.184740070,507.25
339.207968594,532.99
339.231710338,532.99
339.254835884,532.99
339.278147609,532.99
339.301688839,563.41
339.324988436,563.41
339.348555202,563.41
339.371988080,563.41
339.395237724,563.41
339.418514504,591.88
339.442520570,591.88
339.465817191,591.88
339.489032594,591.88
339.515377465,598.32
339.538521508,598.32
339.562141203,598.32
339.586636362,598.32
339.610005399,598.81
339.632882592,598.81
339.655880394,598.81
339.678995220,598.81
339.702723300,598.81
339.726111954,596.23
339.749990243,596.23
339.773346928,596.23
339.795889974,596.23
339.818594429,565.80
339.841436933,565.80
339.864792242,565.80
339.889044710,565.80
339.912401203,549.33
339.935810849,549.33
339.959154477,549.33
339.982099831,549.33
340.005541476,549.33
340.028952082,548.77
340.052381503,548.77
340.076083023,548.77
340.099833535,548.77
340.123266861,552.85
340.147174270,552.85
340.170684877,552.85
340.194544478,552.85
340.218021932,552.09
340.241525658,552.09
340.264832838,552.09
340.288640791,552.09
340.312029156,550.18
340.335777237,550.18
340.359306051,550.18
340.382195692,550.18
340.405625338,550.18
340.428876102,548.63
340.451978609,548.63
340.475221981,548.63
340.499732788,548.63
340.522613661,543.90
340.545785800,543.90
340.568880787,543.90
340.594068656,543.90
340.617544062,526.10
340.640535400,526.10
340.664118327,526.10
340.687062912,526.10
340.709846888,526.10
340.733029556,489.84
340.757020390,489.84
340.780872663,489.84
340.804562535,489.84
340.828114582,521.70
340.851757894,521.70
340.874831312,521.70
340.898197885,521.70
340.921637867,531.34
340.945196794,531.34
340.968690280,531.34
340.991806611,531.34
341.015414178,528.97
341.038615662,528.97
341.061771961,528.97
341.084814595,528.97
341.108090511,528.97
341.131082201,529.71
341.154747241,529.71
341.178319416,529.71
341.201671173,529.71
341.224748079,520.05
341.248026908,520.05
341.271182215,520.05
341.294378131,520.05
341.318021250,516.57
341.341337231,516.57
341.364398714,516.57
341.387745287,516.57
341.411361558,516.57
341.434767300,518.08
341.458158897,518.08
341.481711584,518.08
341.504795851,518.08
341.528184696,516.91
341.551372644,516.91
341.575137461,516.91
341.599487115,516.91
341.622969337,537.50
341.646249958,537.50
341.669766804,537.50
341.693270083,537.50
341.716858898,537.50
341.740351808,569.68
341.763859887,569.68
341.787050618,569.68
341.810501448,569.68
341.833526707,583.41
341.857022593,583.41
341.880415054,583.41
341.905036775,583.41
341.928523157,583.62
341.952046500,583.62
341.975278512,583.62
341.998756382,583.62
342.022244044,584.83
342.045440600,584.83
342.068746789,584.83
342.091972369,584.83
342.115633313,584.83
342.138556458,585.52
342.161469139,585.52
342.184685599,585.52
342.207685193,585.52
342.230554194,590.92
342.253616061,590.92
342.277038346,590.92
342.300766971,590.92
342.323991655,576.15
342.347768920,576.15
342.370874627,576.15
342.394213520,576.15
342.417973793,576.15
342.441948564,566.06
342.465668453,566.06
342.489047410,566.06
342.512726082,566.06
342.535757005,566.03
342.559307420,566.03
342.582545704,566.03
342.609813208,566.03
342.633235781,565.03
342.657091415,565.03
342.681052266,565.03
342.704751514,565.03
342.728292073,562.68
342.751678455,562.68
342.775349383,562.68
342.799053463,562.68
342.822675783,562.68
342.845902131,564.59
342.869375329,564.59
342.892769359,564.59
342.915984731,564.59
342.939661419,564.36
342.963501181,564.36
342.986686377,564.36
343.010041494,564.36
343.033767206,564.66
343.056735696,564.66
343.080231327,564.66
343.103445643,564.66
343.126869497,564.66
343.150335655,563.38
343.173463506,563.38
343.196428828,563.38
343.220794707,563.38
343.244141088,568.33
343.267205227,568.33
343.290197365,568.33
343.314416714,568.33
343.337637078,589.49
343.361618249,589.49
343.384885206,589.49
343.408390501,589.49
343.432135510,577.13
343.456263530,577.13
343.479696216,577.13
343.502468576,577.13
343.525334217,577.13
343.548185842,535.65
343.571836770,535.65
343.600722273,535.65
343.624049358,535.65
343.647259098,529.33
343.677264738,529.33
343.700476398,529.33
343.723824892,529.33
343.747655597,528.72
343.771435742,528.72
343.794778412,528.72
343.818764607,528.72
343.842137228,528.72
343.865760252,528.68
343.889219851,528.68
343.912662617,528.68
343.936331785,528.68
343.959585238,528.08
343.983249222,528.08
344.006537555,528.08
344.030396229,528.08
344.053438031,529.83
344.076743068,529.83
344.100077322,529.83
344.124172798,529.83
344.148054480,522.48
344.171663103,522.48
344.195470993,522.48
344.218640157,522.48
344.242407470,522.48
344.265649370,526.59
344.289010120,526.59
344.312585880,526.59
344.335993286,526.59
344.359368307,525.74
344.382962499,525.74
344.406041198,525.74
344.429998561,525.74
344.453691602,543.25
344.476794525,543.25
344.500123307,543.25
344.524377696,543.25
344.548014448,587.98
344.571436127,587.98
344.595126159,587.98
344.618148826,587.98
344.641742154,587.98
344.665022870,591.96
344.688560102,591.96
344.711866867,591.96
344.735341570,591.96
344.760733217,592.13
344.784064847,592.13
344.807329755,592.13
344.830760138,592.13
344.854350105,596.89
344.877738503,596.89
344.900889203,596.89
344.924224929,596.89
344.947559118,596.89
344.970884283,595.04
344.994325994,595.04
345.017360436,595.04
345.040716962,595.04
345.063806957,592.57
345.086706359,592.57
345.109751330,592.57
345.133504979,592.57
345.156742784,595.20
345.179949324,595.20
345.203145720,595.20
345.226167523,595.20
345.249430064,595.20
345.273073344,574.84
345.296220940,574.84
345.319417112,574.84
345.342356098,574.84
345.365627087,541.09
345.389002845,541.09
345.411930215,541.09
345.434539567,541.09
345.457205910,496.65
345.479934879,496.65
345.503168491,496.65
345.526682618,496.65
345.550146153,496.65
345.573457719,493.48
345.601384941,493.48
345.624318999,493.48
345.647979271,493.48
345.671018866,495.02
345.694318463,495.02
345.718090097,495.02
345.741839970,495.02
345.765225104,492.16
345.788252347,492.16
345.811930284,492.16
345.835717117,492.16
345.858944074,492.60
345.882545978,492.60
345.905747846,492.60
345.929037748,492.60
345.952620195,475.45
345.975875696,475.45
345.999350239,475.45
346.022524715,475.45
346.045306260,475.45
346.067786650,444.20
346.090742724,444.20
346.114920121,444.20
346.138709963,444.20
346.161974264,430.79
346.185485831,430.79
346.209164216,430.79
346.232399429,430.79
346.256595226,452.15
346.279835974,452.15
346.303106708,452.15
346.326809317,452.15
346.349960593,452.15
346.373519297,479.78
346.396845902,479.78
346.420397886,479.78
346.444810709,479.78
346.468602791,519.93
346.491513489,519.93
346.514857823,519.93
346.539389111,519.93
346.562889222,534.88
346.586285813,534.88
346.609874821,534.88
346.632951344,534.88
346.656493408,534.88
346.679879342,532.41
346.703122427,532.41
346.726525353,532.41
346.750011128,532.41
346.773630313,531.80
346.796765045,531.80
346.820372197,531.80
346.843934101,531.80
346.867049088,516.48
346.890401390,516.48
346.914110623,516.48
346.937783216,516.48
346.961343808,523.67
346.984901040,523.67
347.008472543,523.67
347.031671084,523.67
347.055040634,523.67
347.078852268,555.27
347.102102297,555.27
347.125534120,555.27
347.148921206,555.27
347.171781599,577.05
347.195116173,577.05
347.218356218,577.05
347.241580199,577.05
347.264763699,578.36
347.288668518,578.36
347.311438287,578.36
347.334875358,578.36
347.358094219,578.36
347.381579674,578.39
347.404977161,578.39
347.428412184,578.39
347.452523340,578.39
347.476184061,573.58
347.499799374,573.58
347.523021530,573.58
347.547656692,573.58
347.570940481,579.07
347.594488817,579.07
347.617932160,579.07
347.641315982,579.07
347.664613692,579.07
347.688304941,579.81
347.711517402,579.81
347.735133482,579.81
347.758523353,579.81
347.781776806,579.58
347.805368566,579.58
347.829213352,579.58
347.852199699,579.58
347.875688706,594.76
347.899269427,594.76
347.922872195,594.76
347.946600084,594.76
347.970182756,599.81
347.993245456,599.81
348.016629726,599.81
348.039735402,599.81
348.063153049,599.81
348.086867434,601.39
348.110223736,601.39
348.133520102,601.39
348.156970325,601.39
348.180209794,600.27
348.203622256,600.27
348.227149760,600.27
348.250518958,600.27
348.273756699,595.82
348.296916968,595.82
348.319858482,595.82
348.342734044,595.82
348.365784296,595.82
348.388670034,600.09
348.412204994,600.09
348.435602257,600.09
348.458805565,600.09
348.481415045,572.71
348.504055437,572.71
348.527263482,572.71
348.550743401,572.71
348.574383546,556.04
348.599712826,556.04
348.623204073,556.04
348.646575672,556.04
348.669955462,556.04
348.693571511,554.33
348.717076614,554.33
348.740333076,554.33
348.764150054,554.33
348.787084081,553.92
348.810681057,553.92
348.834079184,553.92
348.858092228,553.92
348.881523955,552.53
348.907349399,552.53
348.930206145,552.53
348.953514510,552.53
348.977115519,550.50
349.000213835,550.50
349.023431832,550.50
349.046749542,550.50
349.070246133,550.50
349.093897638,535.04
349.116873201,535.04
349.139396344,535.04
349.162142177,535.04
349.185348750,493.06
349.208977598,493.06
349.232533550,493.06
349.255618778,493.06
349.279225771,496.40
349.302657242,496.40
349.325609445,496.40
349.349063764,496.40
349.372539236,496.40
349.395703760,494.39
349.419167904,494.39
349.442293420,494.39
349.465664379,494.39
349.489159178,520.96
349.512476120,520.96
349.535998408,520.96
349.559543576,520.96
349.582919719,537.52
349.606281397,537.52
349.630441355,537.52
349.654126460,537.52
349.678173809,537.52
349.701631520,537.60
349.725021455,537.60
349.749134212,537.60
349.773078103,537.60
349.796382501,534.75
349.820112151,534.75
349.843608167,534.75
349.867051350,534.75
349.891049770,536.36
349.914515898,536.36
349.937733095,536.36
349.962058174,536.36
349.985185290,539.86
350.008719578,539.86
350.032028776,539.86
350.055645305,539.86
350.079269802,539.86
350.102454102,548.50
350.125510434,548.50
350.148887249,548.50
350.173438794,548.50
350.196788088,586.39
350.219972229,586.39
350.243320243,586.39
350.267788140,586.39
350.291493693,594.75
350.314978445,594.75
350.338757183,594.75
350.361952461,594.75
350.384853847,594.75
350.408149349,594.35
350.431656341,594.35
350.455011268,594.35
350.478408947,594.35
350.502009955,593.28
350.525259345,593.28
350.548510463,593.28
350.572033647,593.28
350.598836476,595.09
350.621969832,595.09
350.644709873,595.09
350.668238721,595.09
350.691670737,592.41
350.714977855,592.41
350.738587600,592.41
350.761888606,592.41
350.785248940,592.41
350.808838461,597.78
350.831923209,597.78
350.854839220,597.78
350.878928361,597.78
350.901729235,598.94
350.924813279,598.94
350.947783306,598.94
350.970747573,598.94
350.993861890,581.96
351.017418930,581.96
351.041345573,581.96
351.064766613,581.96
351.088383461,581.96
351.111532498,553.06
351.135194115,553.06
351.158314256,553.06
351.181103354,553.06
351.203570528,519.50
351.226175272,519.50
351.249383733,519.50
351.273011878,519.50
351.296886874,498.52
351.319987974,498.52
351.343408502,498.52
351.366725924,498.52
351.389896945,498.52
351.413072094,500.82
351.436191339,500.82
351.459702299,500.82
351.483917905,500.82
351.507352353,501.10
351.530880081,501.10
351.554568227,501.10
351.578155667,501.10
351.601797989,499.15
351.625536855,499.15
351.648746596,499.15
351.672057747,499.15
351.695897350,501.92
351.719162739,501.92
351.742595811,501.92
351.766031218,501.92
351.788971517,501.92
351.812543630,497.99
351.835966429,497.99
351.859273836,497.99
351.882919005,497.99
351.905922889,496.58
351.928934164,496.58
351.952794695,496.58
351.975949044,496.58
351.999403524,509.94
352.023002133,509.94
352.048652248,509.94
352.071848869,509.94
352.095737305,509.94
352.118882117,538.11
352.142743929,538.11
352.166126696,538.11
352.189526135,538.11
352.213076775,565.59
352.236932986,565.59
352.260547467,565.59
352.284293982,565.59
352.307763246,595.01
352.331219581,595.01
352.354447211,595.01
352.377848378,595.01
352.400789478,585.07
352.424435543,585.07
352.447939655,585.07
352.471480440,585.07
352.494775846,585.07
352.517851443,555.79
352.541029600,555.79
352.564487152,555.79
352.588476612,555.79
352.611959732,527.79
352.634529948,527.79
352.657109060,527.79
352.679991919,527.79
352.703401598,491.37
352.727698165,491.37
352.750967300,491.37
352.774300818,491.37
352.798113797,491.37
352.821008720,490.72
352.844140221,490.72
352.867557132,490.72
352.891098333,490.72
352.914555085,491.38
352.937997692,491.38
352.961054088,491.38
352.984601209,491.38
353.008332427,492.00
353.031508217,492.00
353.055333484,492.00
353.078692890,492.00
353.115821731,489.14
353.139422740,489.14
353.162898628,489.14
353.186291124,489.14
353.210006758,493.09
353.233294740,493.09
353.256578882,493.09
353.279791760,493.09
353.302987230,493.09
353.326432141,492.50
353.349815357,492.50
353.372721704,492.50
353.396032694,492.50
353.419824329,490.01
353.443700349,490.01
353.466823498,490.01
353.489400498,490.01
353.512163484,481.85
353.535282729,481.85
353.558830521,481.85
353.582598252,481.85
353.606008860,481.85
353.629514828,511.27
353.653068157,511.27
353.676643054,511.27
353.701494922,511.27
353.724765432,541.32
353.748368266,541.32
353.771772217,541.32
353.796009360,541.32
353.819662050,539.94
353.843040113,539.94
353.866245919,539.94
353.890105010,539.94
353.913328480,539.97
353.936412877,539.97
353.960113983,539.97
353.984028435,539.97
354.007744005,539.97
354.031852251,542.28
354.055240714,542.28
354.078659674,542.28
354.102343371,542.28
354.125746587,540.35
354.149477869,540.35
354.172757916,540.35
354.196182027,540.35
354.219767132,536.08
354.243526287,536.08
354.266931390,536.08
354.290412079,536.08
354.314283651,536.08
354.337468944,536.84
354.361140802,536.84
354.384677331,536.84
354.407994274,536.84
354.431654644,553.24
354.454964867,553.24
354.478471379,553.24
354.501751650,553.24
354.525493140,582.11
354.548867492,582.11
354.572281363,582.11
354.598497884,582.11
354.622378800,591.36
354.646099298,591.36
354.669245871,591.36
354.692406077,591.36
354.716120623,591.36
354.739140060,579.19
354.761681700,579.19
354.784540366,579.19
354.809352778,579.19
354.833004444,550.15
354.856506573,550.15
354.880305056,550.15
354.904428790,550.15
354.927622788,550.08
354.951480151,550.08
354.974977800,550.08
354.998500984,550.08
355.022334252,551.93
355.045242935,551.93
355.068376836,551.93
355.091727059,551.93
355.115250692,551.93
355.138955990,553.01
355.162145540,553.01
355.185526580,553.01
355.212633284,553.01
355.236354934,554.22
355.260043593,554.22
355.283730235,554.22
355.307669327,554.22
355.330741756,555.89
355.354146860,555.89
355.377298778,555.89
355.401255022,555.89
355.424384252,555.89
355.448087694,556.97
355.471669887,556.97
355.495189072,556.97
355.518687361,556.97
355.542305106,557.55
355.565750115,557.55
355.592272782,557.55
355.616305635,557.55
355.639523474,559.71
355.662925857,559.71
355.686378449,559.71
355.710632777,559.71
355.734094809,564.71
355.757612778,564.71
355.780976953,564.71
355.804448490,564.71
355.828284669,599.28
355.851635053,599.28
355.875453792,599.28
355.898926512,599.28
355.923001062,599.28
355.946231220,603.31
355.969679781,603.31
355.993523992,603.31
356.016900040,603.31
356.040220503,602.65
356.063744744,602.65
356.087002006,602.65
356.110269285,602.65
356.133565332,601.76
356.157028100,601.76
356.180328531,601.76
356.203926628,601.76
356.227450677,601.76
356.252370290,602.82
356.275824611,602.82
356.299801592,602.82
356.323301448,602.82
356.347035131,604.78
356.369873030,604.78
356.393401431,604.78
356.417059561,604.78
356.440574074,603.03
356.463880009,603.03
356.487655613,603.03
356.510667177,603.03
356.534612446,598.98
356.558337073,598.98
356.581492414,598.98
356.605167505,598.98
356.628728546,598.98
356.652316148,597.43
356.675990662,597.43
356.699809658,597.43
356.724891224,597.43
356.748697836,599.85
356.771788185,599.85
356.795067816,599.85
356.819075261,599.85
356.842363852,600.28
356.865778524,600.28
356.889444462,600.28
356.912456987,600.28
356.935805770,600.28
356.959336187,598.57
356.982630410,598.57
357.006153243,598.57
357.029862958,598.57
357.052664984,599.39
357.075984648,599.39
357.099265878,599.39
357.122451140,599.39
357.146012342,600.38
357.169376645,600.38
357.192704917,600.38
357.216104005,600.38
357.239385587,597.50
357.262868516,597.50
357.286495254,597.50
357.309684260,597.50
357.332846482,597.50
357.356227458,595.73
357.379873396,595.73
357.403211908,595.73
357.426380850,595.73
357.449607616,599.59
357.472758574,599.59
357.495634810,599.59
357.518498341,599.59
357.541618194,591.55
357.564784352,591.55
357.588000687,591.55
357.611817506,591.55
357.635103698,591.55
357.657851068,553.36
357.680327620,553.36
357.703230383,553.36
357.726810913,553.36
357.750388435,528.57
357.773856451,528.57
357.797287508,528.57
357.820765796,528.57
357.843874130,529.20
357.867476996,529.20
357.891069109,529.20
357.913969153,529.20
357.937877494,529.20
357.961168581,528.68
357.984167185,528.68
358.007471104,528.68
358.030830544,528.68
358.054180864,529.03
358.077643216,529.03
358.100781566,529.03
358.123976908,529.03
358.147787168,529.02
358.170999182,529.02
358.194335646,529.02
358.218039376,529.02
358.241292479,529.02
358.264340620,530.33
358.287344953,530.33
358.310919786,530.33
358.334483612,530.33
358.357511369,532.42
358.381078843,532.42
358.404744941,532.42
358.428077213,532.42
358.451371884,530.50
358.475015071,530.50
358.497931371,530.50
358.521205818,530.50
358.544708715,530.50
358.567859705,546.96
358.593172090,546.96
358.616348072,546.96
358.639738744,546.96
358.663330282,579.38
358.686702906,579.38
358.709809736,579.38
358.733967231,579.38
358.757399695,600.95
358.780511709,600.95
358.803644491,600.95
358.827086107,600.95
358.850590380,603.07
358.874394112,603.07
358.897575214,603.07
358.920867870,603.07
358.944626001,603.07
358.967926592,601.21
358.991622355,601.21
359.014949603,601.21
359.038043248,601.21
359.061797124,601.37
359.085128659,601.37
359.108343010,601.37
359.131632689,601.37
359.155040385,600.11
359.178313776,600.11
359.201486271,600.11
359.224974159,600.11
359.248205566,600.11
359.271196843,602.24
359.294237560,602.24
359.317789514,602.24
359.340957592,602.24
359.364006469,594.99
359.387747289,594.99
359.411549421,594.99
359.435122046,594.99
359.457846665,559.43
359.480528467,559.43
359.503361310,559.43
359.526709742,559.43
359.550787748,559.43
359.574472471,536.16
359.599772729,536.16
359.623251338,536.16
359.646915868,536.16
359.670243596,537.19
359.694500388,537.19
359.718007893,537.19
359.741566791,537.19
359.765469692,539.82
359.788946829,539.82
359.812649792,539.82
359.836104529,539.82
359.859445921,536.34
359.882937266,536.34
359.906490180,536.34
359.929473104,536.34
359.952867265,536.34
359.976406034,533.54
359.999750402,533.54
360.023506966,533.54
360.046688772,533.54
360.069567472,534.10
360.092466748,534.10
360.115338695,534.10
360.138297268,534.10
360.161530371,531.37
360.184487567,531.37
360.207843103,531.37
360.231731572,531.37
360.255330310,531.37
360.278170577,507.28
360.300631225,507.28
360.323313732,507.28
360.346551603,507.28
360.370286854,480.81
360.394064282,480.81
360.417879918,480.81
360.446418541,480.81
360.469480794,504.95
360.495867269,504.95
360.519208597,504.95
360.542497509,504.95
360.566186136,537.29
360.596690632,537.29
360.619899286,537.29
360.644084430,537.29
360.667600799,535.00
360.691110289,535.00
360.714654851,535.00
360.737536175,535.00
360.761174881,535.00
360.784623026,532.42
360.807976578,532.42
360.831212081,532.42
360.855927854,532.42
360.878725625,535.75
360.902284491,535.75
360.925440313,535.75
360.949879795,535.75
360.973036065,535.55
360.996635955,535.55
361.019883043,535.55
361.043538997,535.55
361.066318656,535.55
361.088781832,520.66
361.111410354,520.66
361.134861923,520.66
361.158883577,520.66
361.182399083,499.28
361.205848220,499.28
361.229613775,499.28
361.253164129,499.28
361.276595922,522.02
361.300741641,522.02
361.324248475,522.02
361.347897774,522.02
361.371892836,557.42
361.395259924,557.42
361.418821574,557.42
361.442122870,557.42
361.465442438,557.42
361.488657781,558.06
361.512705260,558.06
361.536529824,558.06
361.561362557,558.06
361.584954000,554.75
361.608401889,554.75
361.632070100,554.75
361.655981641,554.75
361.679393882,554.82
361.702839307,554.82
361.726081178,554.82
361.749393706,554.82
361.772921116,561.12
361.796402029,561.12
361.819923199,561.12
361.843738388,561.12
361.867496583,561.12
361.891056314,557.76
361.914677804,557.76
361.937883963,557.76
361.961148875,557.76
361.984597532,556.80
362.007754666,556.80
362.031188763,556.80
362.054669069,556.80
362.077655865,571.71
362.101069706,571.71
362.124558300,571.71
362.147786891,571.71
362.171229340,571.71
362.194367786,600.56
362.217513881,600.56
362.240699143,600.56
362.263782773,600.56
362.287011013,595.64
362.310000690,595.64
362.333454819,595.64
362.356891028,595.64
362.380122019,566.76
362.402789742,566.76
362.425427192,566.76
362.448743368,566.76
362.472701982,566.76
362.496106542,541.40
362.519327134,541.40
362.543001265,541.40
362.566072415,541.40
362.592303337,541.96
362.615715642,541.96
362.638979273,541.96
362.663432196,541.96
362.687059159,545.97
362.710118692,545.97
362.733567574,545.97
362.757040295,545.97
362.780210966,545.97
362.803594982,542.49
362.826969047,542.49
362.850355464,542.49
362.874265917,542.49
362.897720558,541.25
362.921198528,541.25
362.944776914,541.25
362.968442182,541.25
362.991745046,544.15
363.015022085,544.15
363.038140564,544.15
363.060987775,544.15
363.083992525,542.73
363.107116699,542.73
363.130421227,542.73
363.154080190,542.73
363.177712881,542.73
363.200362395,521.91
363.222817956,521.91
363.245591407,521.91
363.268823006,521.91
363.292552754,488.43
363.315842978,488.43
363.339079698,488.43
363.362661348,488.43
363.385939348,519.82
363.409396197,519.82
363.432882711,519.82
363.456012678,519.82
363.479483607,519.82
363.502921929,543.98
363.526156216,543.98
363.549772907,543.98
363.573501887,543.98
363.599788330,544.19
363.623389341,544.19
363.647090480,544.19
363.671406121,544.19
363.695177214,541.26
363.718578863,541.26
363.742045568,541.26
363.765552402,541.26
363.788782402,542.43
363.812078034,542.43
363.835903206,542.43
363.859461561,542.43
363.883489391,542.43
363.907171715,544.52
363.930458067,544.52
363.954000517,544.52
363.978053564,544.52
364.001385900,543.58
364.024734781,543.58
364.048395216,543.58
364.071338909,543.58
364.094866735,541.31
364.118151839,541.31
364.141366478,541.31
364.164843488,541.31
364.188199025,541.31
364.211414592,572.54
364.234999539,572.54
364.258160801,572.54
364.282534043,572.54
364.306087022,601.91
364.329358046,601.91
364.352772623,601.91
364.377120296,601.91
364.400236439,599.50
364.423509223,599.50
364.447135354,599.50
364.469937510,599.50
364.493521337,599.50
364.516949738,597.61
364.540381692,597.61
364.563303912,597.61
364.586339350,597.61
364.609495429,598.38
364.632981495,598.38
364.656151718,598.38
364.682320208,598.38
364.705708097,580.60
364.728341579,580.60
364.750950901,580.60
364.774124101,580.60
364.797767128,552.99
364.821361835,552.99
364.844626875,552.99
364.868273454,552.99
364.891896801,552.99
364.915529812,550.93
364.939143399,550.93
364.962621529,550.93
364.987424887,550.93
365.011272076,553.31
365.034171001,553.31
365.057572906,553.31
365.082406760,553.31
365.105939642,552.66
365.129420364,552.66
365.153051135,552.66
365.176074829,552.66
365.199567103,550.45
365.223106833,550.45
365.246438754,550.45
365.269721522,550.45
365.293085091,550.45
365.316288146,546.95
365.339559362,546.95
365.362824114,546.95
365.386182883,546.95
365.409708086,549.45
365.432934949,549.45
365.456224310,549.45
365.479453350,549.45
365.502977496,532.94
365.526429130,532.94
365.549689786,532.94
365.572743784,532.94
365.595746166,532.94
365.618850884,505.40
365.641979763,505.40
365.665080258,505.40
365.711823876,505.40
365.734835986,499.83
365.757880320,499.83
365.780509098,499.83
365.803715738,499.83
365.826586086,499.83
365.849961879,489.70
365.873702923,489.70
365.896592952,489.70
365.919444164,489.70
365.942557011,453.03
365.966376744,453.03
365.989445079,453.03
366.012000128,453.03
366.034566922,413.92
366.057537688,413.92
366.081064394,413.92
366.104731486,413.92
366.128367985,413.92
366.152208870,407.60
366.175976347,407.60
366.199143562,407.60
366.222841022,407.60
366.246434033,403.74
366.269662529,403.74
366.293341269,403.74
366.316659909,403.74
366.339685907,404.49
366.363165926,404.49
366.386542103,404.49
366.409715174,404.49
366.433164984,406.85
366.456272935,406.85
366.479431702,406.85
366.502924936,406.85
366.526306522,406.85
366.549605418,426.21
366.573321983,426.21
366.599227654,426.21
366.623426207,426.21
366.646578670,454.70
366.669990176,454.70
366.693528050,454.70
366.718083342,454.70
366.741430143,480.78
366.765852314,480.78
366.789234891,480.78
366.812695261,480.78
366.836318416,512.37
366.859523520,512.37
366.883018802,512.37
366.906408804,512.37
366.929703476,512.37
366.953334472,548.56
366.976578840,548.56
366.999776807,548.56
367.023332186,548.56
367.046541802,588.10
367.069730937,588.10
367.093044586,588.10
367.116366267,588.10
367.139406601,596.97
367.162471799,596.97
367.186152363,596.97
367.209477756,596.97
367.233432498,596.97
367.256299135,600.70
367.279721009,600.70
367.302817536,600.70
367.326146321,600.70
367.349164959,603.79
367.372065772,603.79
367.395035738,603.79
367.418092584,603.79
367.441115990,597.24
367.464365095,597.24
367.487419893,597.24
367.510653189,597.24
367.534242424,597.24
367.558196783,572.44
367.581548960,572.44
367.604306124,572.44
367.627066968,572.44
367.650687083,527.54
367.674741155,527.54
367.698551352,527.54
367.721938282,527.54
367.745594909,526.83
367.768863374,526.83
367.792251999,526.83
367.819074351,526.83
367.842201055,526.83
367.865578032,525.41
367.888941921,525.41
367.912335091,525.41
367.936251977,525.41
367.959407768,524.63
367.982862250,524.63
368.006106267,524.63
368.029796527,524.63
368.053555428,526.04
368.077297496,526.04
368.100806091,526.04
368.124014811,526.04
368.147971057,526.21
368.171020512,526.21
368.194258288,526.21
368.217309150,526.21
368.240866033,526.21
368.264393700,523.76
368.287532883,523.76
368.310936261,523.76
368.334471416,523.76
368.357842890,524.57
368.381154394,524.57
368.404664845,524.57
368.427784828,524.57
368.451214830,528.02
368.474642080,528.02
368.498278996,528.02
368.521778855,528.02
368.545250073,528.02
368.568440905,555.93
368.593915566,555.93
368.617235615,555.93
368.640598608,555.93
368.664034594,599.29
368.687395507,599.29
368.710269441,599.29
368.733697234,599.29
368.756875362,603.58
368.780485398,603.58
368.803477732,603.58
368.826374833,603.58
368.849876132,603.58
368.873616409,602.50
368.897037642,602.50
368.920538333,602.50
368.943845806,602.50
368.967276480,604.61
368.990983669,604.61
369.014793034,604.61
369.038478302,604.61
369.062295348,607.36
369.085513412,607.36
369.108441681,607.36
369.131464704,607.36
369.154836081,603.60
369.177716286,603.60
369.200730924,603.60
369.223470232,603.60
369.246479815,603.60
369.269039569,592.48
369.292013855,592.48
369.315232079,592.48
369.338856003,592.48
369.362236789,565.49
369.385738503,565.49
369.408796022,565.49
369.431524514,565.49
369.453975884,565.49
369.476538198,524.91
369.499545028,524.91
369.523252473,524.91
369.546820972,524.91
369.569937660,513.11
369.593947507,513.11
369.617301956,513.11
369.640660502,513.11
369.664347370,514.08
369.687596603,514.08
369.710773995,514.08
369.734528960,514.08
369.757512494,510.14
369.780786847,510.14
369.804340594,510.14
369.827947910,510.14
369.851456025,510.14
369.875247086,512.44
369.898346589,512.44
369.921872464,512.44
369.945291746,512.44
369.969099000,510.92
369.992559946,510.92
370.016339519,510.92
370.039566512,510.92
370.063577959,506.04
370.087019449,506.04
370.110375563,506.04
370.133997663,506.04
370.157006509,506.04
370.180344607,507.70
370.203914738,507.70
370.227469573,507.70
370.250769558,507.70
370.274364170,514.44
370.297426233,514.44
370.320397575,514.44
370.344604160,514.44
370.367981266,541.09
370.391454917,541.09
370.414580468,541.09
370.437722020,541.09
370.461164695,541.09
370.484883979,576.71
370.508362430,576.71
370.531771600,576.71
370.555251011,576.71
370.578472243,597.47
370.601994055,597.47
370.625343288,597.47
370.648703754,597.47
370.672014107,600.13
370.695112874,600.13
370.718857408,600.13
370.742168721,600.13
370.765856997,598.80
370.789210455,598.80
370.812209957,598.80
370.835612984,598.80
370.859055306,598.80
370.882493916,597.18
370.905421610,597.18
370.928138390,597.18
370.954446434,597.18
370.978340217,581.41
371.002227119,581.41
371.025997028,581.41
371.050992997,581.41
371.074419223,581.83
371.097619943,581.83
371.120925816,581.83
371.144091752,581.83
371.167739421,583.59
371.191066894,583.59
371.214324127,583.59
371.237648240,583.59
371.260992418,583.59
371.284458260,583.10
371.307875495,583.10
371.330850517,583.10
371.354269799,583.10
371.377324182,580.44
371.400839946,580.44
371.424246300,580.44
371.447653966,580.44
371.471006720,580.37
371.494565364,580.37
371.517883141,580.37
371.541251447,580.37
371.564552872,580.37
371.587944986,584.08
371.611635663,584.08
371.635440069,584.08
371.658848887,584.08
371.682457387,579.82
371.706369794,579.82
371.729741524,579.82
371.752778659,579.82
371.776305686,581.11
371.799614120,581.11
371.822983834,581.11
371.846323787,581.11
371.870070656,581.11
371.893595508,582.73
371.917205416,582.73
371.940474457,582.73
371.964127117,582.73
371.986967322,600.27
372.010365933,600.27
372.033632446,600.27
372.058286747,600.27
372.082159762,601.62
372.105471299,601.62
372.128815701,601.62
372.152471625,601.62
372.176256607,599.47
372.200023284,599.47
372.223175332,599.47
372.246294772,599.47
372.269572485,599.47
372.292503859,597.78
372.315388513,597.78
372.338489200,597.78
372.361944675,597.78
372.385281941,583.49
372.408774664,583.49
372.432189243,583.49
372.455790703,583.49
372.478960191,551.04
372.501760972,551.04
372.524556281,551.04
372.547343046,551.04
372.570717080,551.04
372.594764496,513.26
372.618371140,513.26
372.642203002,513.26
372.665841839,513.26
372.689705093,515.73
372.713173016,515.73
372.736818381,515.73
372.760380193,515.73
372.784624346,512.28
372.808510929,512.28
372.831872003,512.28
372.854797073,512.28
372.878030658,512.28
372.901053393,514.97
372.924582469,514.97
372.947708628,514.97
372.971201992,514.97
372.994892349,511.36
373.018282383,511.36
373.041558464,511.36
373.065939643,511.36
373.090336790,502.15
373.114403951,502.15
373.138089156,502.15
373.161866393,502.15
373.185352173,503.13
373.209174179,503.13
373.232665878,503.13
373.256295466,503.13
373.279760797,503.13
373.303261329,505.79
373.326259871,505.79
373.349931444,505.79
373.374537906,505.79
373.398027525,516.36
373.421838075,516.36
373.445156365,516.36
373.469168997,516.36
373.492706841,543.31
373.516674160,543.31
373.539790720,543.31
373.563251315,543.31
373.586965417,585.07
373.610413211,585.07
373.633726733,585.07
373.657332610,585.07
373.680667379,585.07
373.704244999,588.86
373.727972797,588.86
373.751280015,588.86
373.775014500,588.86
373.798640121,592.17
373.822474575,592.17
373.846066691,592.17
373.869945914,592.17
373.893588655,589.59
373.917095554,589.59
373.940615862,589.59
373.963700421,589.59
373.986669844,589.59
374.009570146,592.57
374.032893236,592.57
374.056090564,592.57
374.080450527,592.57
374.104026740,596.82
374.127052515,596.82
374.150163411,596.82
374.174299116,596.82
374.197752159,569.48
374.220982608,569.48
374.244191872,569.48
374.267232816,569.48
374.290678019,569.48
374.313808019,537.82
374.336479487,537.82
374.359336045,537.82
374.383023138,537.82
374.406813304,513.47
374.430350316,513.47
374.453749662,513.47
374.477358707,513.47
374.500455107,510.56
374.523930454,510.56
374.547224040,510.56
374.570631451,510.56
374.594344688,514.35
374.617834723,514.35
374.640965684,514.35
374.664097892,514.35
374.687713080,514.35
374.711185964,508.77
374.734834337,508.77
374.758225555,508.77
374.781732903,508.77
374.805808255,502.39
374.829483637,502.39
374.853202058,502.39
374.876999840,502.39
374.900690742,505.98
374.924243338,505.98
374.947323353,505.98
374.970226120,505.98
374.993378712,505.98
375.016515336,507.44
375.039487287,507.44
375.062647815,507.44
375.085837400,507.44
375.108996265,497.97
375.132294906,497.97
375.155757198,497.97
375.179539204,497.97
375.202680788,492.78
375.224929756,492.78
375.247358502,492.78
375.270274100,492.78
375.294061835,492.78
375.317764480,492.48
375.341423669,492.48
375.364968041,492.48
375.388974978,492.48
375.412104434,520.10
375.435602598,520.10
375.459519421,520.10
375.484750176,520.10
375.508584439,520.95
375.531989802,520.95
375.554849208,520.95
375.578482317,520.95
375.602117666,520.95
375.625530068,516.82
375.649051496,516.82
375.672479387,516.82
375.695970383,516.82
375.719536995,519.23
375.742846485,519.23
375.766087879,519.23
375.790077343,519.23
375.813330384,524.30
375.836832196,524.30
375.860164150,524.30
375.883591753,524.30
375.907027388,520.60
375.930102700,520.60
375.953054203,520.60
375.976496206,520.60
375.999782080,520.60
376.023038801,518.89
376.046281827,518.89
376.069855895,518.89
376.092786181,518.89
376.115378929,492.58
376.138290047,492.58
376.162223127,492.58
376.186262895,492.58
376.210098054,497.92
376.236779734,497.92
376.260508876,497.92
376.283892799,497.92
376.307385971,497.92
376.330631044,536.76
376.353877846,536.76
376.376984134,536.76
376.400313176,536.76
376.423665899,536.05
376.447323424,536.05
376.470642962,536.05
376.493930756,536.05
376.516928756,517.74
376.540298438,517.74
376.563562424,517.74
376.587090988,517.74
376.610166236,517.74
376.633373965,522.87
376.656551966,522.87
376.680289652,522.87
376.703949161,522.87
376.727789312,520.06
376.751347093,520.06
376.774797992,520.06
376.798368509,520.06
376.821790416,517.75
376.845314436,517.75
376.868871128,517.75
376.892247211,517.75
376.915302139,514.78
376.938656941,514.78
376.961655580,514.78
376.985022383,514.78
377.008269921,514.78
377.031800533,523.14
377.055404522,523.14
377.079055903,523.14
377.102656755,523.14
377.126177383,552.71
377.149541882,552.71
377.172761835,552.71
377.196089790,552.71
377.219481873,571.36
377.245048407,571.36
377.268267464,571.36
377.291491354,571.36
377.314373992,571.36
377.337254487,574.65
377.360483720,574.65
377.383787578,574.65
377.407725106,574.65
377.430973860,571.38
377.454575641,571.38
377.478210734,571.38
377.501965668,571.38
377.525007060,584.26
377.548381543,584.26
377.571798234,584.26
377.594963947,584.26
377.618460639,584.26
377.642130613,588.98
377.665318726,588.98
377.688763513,588.98
377.711841674,588.98
377.734737272,594.38
377.757803400,594.38
377.781593439,594.38
377.805312437,594.38
377.828760424,595.27
377.852149179,595.27
377.875232619,595.27
377.898492797,595.27
377.921958513,597.73
377.945644999,597.73
377.969001209,597.73
377.992722575,597.73
378.015722175,597.73
378.038801807,595.65
378.061883167,595.65
378.084924623,595.65
378.107890942,595.65
378.131004879,601.24
378.154222304,601.24
378.177135055,601.24
378.200444129,601.24
378.224230232,580.47
378.247643627,580.47
378.270125430,580.47
378.311265161,580.47
378.334665756,536.91
378.359482332,536.91
378.383224243,536.91
378.406868904,536.91
378.430990114,538.85
378.454388629,538.85
378.477399237,538.85
378.500831352,538.85
378.524836433,538.85
378.548129123,539.53
378.571513302,539.53
378.594581894,539.53
378.618708000,539.53
378.641894897,538.76
378.665333861,538.76
378.688832601,538.76
378.713191157,538.76
378.736279685,533.10
378.759376982,533.10
378.782620040,533.10
378.805990299,533.10
378.829482287,533.10
378.853079940,538.55
378.876535352,538.55
378.899998987,538.55
378.923520544,538.55
378.946965075,535.46
378.970204709,535.46
378.993481591,535.46
379.017268110,535.46
379.040525152,533.10
379.063158828,533.10
379.085472694,533.10
379.108305764,533.10
379.132120731,533.10
379.155920242,506.01
379.179671976,506.01
379.203562624,506.01
379.227159509,506.01
379.250284229,534.79
379.273929179,534.79
379.297538704,534.79
379.320971012,534.79
379.344617881,569.70
379.367611209,569.70
379.390949276,569.70
379.414643570,569.70
379.438290760,568.10
379.461488697,568.10
379.485111022,568.10
379.507966045,568.10
379.531398865,568.10
379.554604770,567.05
379.577712371,567.05
379.601168711,567.05
379.625667268,567.05
379.648638804,569.18
379.672425995,569.18
379.695792606,569.18
379.720332795,569.18
379.743955729,572.24
379.767026113,572.24
379.790691031,572.24
379.814086154,572.24
379.837394749,572.24
379.861038898,568.58
379.884117923,568.58
379.907323028,568.58
379.931308013,568.58
379.954983203,571.96
379.978162452,571.96
380.001867050,571.96
380.025425407,571.96
380.048790610,574.52
380.072040868,574.52
380.095607961,574.52
380.119260335,574.52
380.142709923,604.54
380.166375416,604.54
380.189789900,604.54
380.213477666,604.54
380.236889045,604.54
380.260374442,602.36
380.283567451,602.36
380.306570731,602.36
380.331175466,602.36
380.354476956,603.07
380.377853199,603.07
380.401272163,603.07
380.425512094,603.07
380.450961956,604.79
380.474272311,604.79
380.497766955,604.79
380.521103038,604.79
380.544359057,608.90
380.567915078,608.90
380.593547821,608.90
380.616938529,608.90
380.640725528,608.90
380.663832649,607.37
380.686760888,607.37
380.710041354,607.37
380.734406279,607.37
380.757688825,606.12
380.781214606,606.12
380.804627553,606.12
380.829027902,606.12
380.852694100,605.22
380.875871173,605.22
380.899434362,605.22
380.923066096,605.22
380.946513700,605.22
380.970150906,605.62
380.993579725,605.62
381.017045185,605.62
381.040830840,605.62
381.063897385,607.21
381.087134043,607.21
381.110814513,607.21
381.134495239,607.21
381.157817242,604.86
381.181346895,604.86
381.204494080,604.86
381.227433775,604.86
381.250902275,603.80
381.274278935,603.80
381.297195462,603.80
381.320338967,603.80
381.343635402,603.80
381.366743099,599.72
381.389746635,599.72
381.412646042,599.72
381.435802252,599.72
381.461654198,578.23
381.484916520,578.23
381.507465428,578.23
381.530480612,578.23
381.553610838,546.26
381.576751111,546.26
381.604639011,546.26
381.627924182,546.26
381.650770468,546.26
381.673636755,518.58
381.696684452,518.58
381.719826165,518.58
381.743502667,518.58
381.766803422,487.96
381.789339882,487.96
381.811774901,487.96
381.834522243,487.96
381.858010327,451.40
381.882305747,451.40
381.905820424,451.40
381.929249404,451.40
381.953208276,451.40
381.976319845,453.81
381.999711673,453.81
382.023038828,453.81
382.046518112,453.81
382.069992213,447.64
382.093624554,447.64
382.116331384,447.64
382.139778828,447.64
382.163332321,449.74
382.186468850,449.74
382.209732837,449.74
382.232970007,449.74
382.256223721,449.74
382.279997856,445.54
382.303347188,445.54
382.326684967,445.54
382.350500703,445.54
382.373814130,452.86
382.396939651,452.86
382.420372183,452.86
382.443728874,452.86
382.467061758,469.11
382.490731796,469.11
382.513824773,469.11
382.537139032,469.11
382.560489067,497.40
382.584065889,497.40
382.607478837,497.40
382.631202987,497.40
382.654444798,497.40
382.677938323,531.29
382.700923651,531.29
382.723950259,531.29
382.747082277,531.29
382.770078901,565.02
382.793031460,565.02
382.816110741,565.02
382.839100517,565.02
382.862505273,581.77
382.885944365,581.77
382.909334497,581.77
382.932536563,581.77
382.955941991,581.77
382.979171481,554.34
383.001851239,554.34
383.024373331,554.34
383.047106848,554.34
383.071033785,517.06
383.095076851,517.06
383.118527367,517.06
383.141783513,517.06
383.165404751,517.05
383.188321919,517.05
383.211849844,517.05
383.235379753,517.05
383.258651643,517.05
383.281968078,519.61
383.305387458,519.61
383.328729014,519.61
383.352717743,519.61
383.376153860,513.97
383.399925467,513.97
383.423795667,513.97
383.448537907,513.97
383.472080424,515.33
383.495836928,515.33
383.519472822,515.33
383.543238381,515.33
383.566711394,522.41
383.593431348,522.41
383.616947337,522.41
383.640292444,522.41
383.663900690,522.41
383.687336134,516.14
383.710557369,516.14
383.734089038,516.14
383.757868677,516.14
383.781511291,517.13
383.805125937,517.13
383.828713191,517.13
383.852265532,517.13
383.876277334,532.87
383.900056173,532.87
383.923545346,532.87
383.947068439,532.87
383.970559404,568.29
383.994226370,568.29
384.018176283,568.29
384.041895090,568.29
384.065668489,568.29
384.089348640,601.51
384.112379153,601.51
384.135533154,601.51
384.158879382,601.51
384.182341674,602.25
384.205858047,602.25
384.229100946,602.25
384.252241763,602.25
384.276269181,601.23
384.299816275,601.23
384.322989861,601.23
384.346647515,601.23
384.370175313,601.23
384.393351331,602.75
384.416771095,602.75
384.440286092,602.75
384.464082404,602.75
384.487363031,604.90
384.510370503,604.90
384.533780444,604.90
384.558016791,604.90
384.581544972,601.76
384.605058594,601.76
384.628704056,601.76
384.652122860,601.76
384.676063237,603.34
384.699508602,603.34
384.723015311,603.34
384.746505988,603.34
384.770062873,603.34
384.793230443,603.50
384.816611807,603.50
384.840109204,603.50
384.863620329,603.50
384.887290112,607.23
384.910238224,607.23
384.933844582,607.23
384.957388187,607.23
384.981007921,604.79
385.004318565,604.79
385.027765945,604.79
385.050620616,604.79
385.073587385,604.79
385.096598729,601.00
385.119771035,601.00
385.143129007,601.00
385.166410498,601.00
385.189507507,598.65
385.212562724,598.65
385.235982841,598.65
385.259317516,598.65
385.282975203,574.72
385.306505944,574.72
385.329224198,574.72
385.352383480,574.72
385.375609131,574.72
385.399022655,545.44
385.422740759,545.44
385.446097579,545.44
385.469506367,545.44
385.492050219,506.34
385.515587137,506.34
385.539060022,506.34
385.562263080,506.34
385.585555356,499.35
385.609355955,499.35
385.632329700,499.35
385.678036546,499.35
385.701551224,499.35
385.725069485,497.05
385.748367232,497.05
385.771093391,497.05
385.794985479,497.05
385.818725439,494.43
385.842178419,494.43
385.865801002,494.43
385.889599137,494.43
385.912530545,492.01
385.936279081,492.01
385.959728350,492.01
385.982957744,492.01
386.006653831,491.66
386.030091548,491.66
386.053390543,491.66
386.076947365,491.66
386.099931669,491.66
386.123328778,493.28
386.146726686,493.28
386.170109458,493.28
386.193568935,493.28
386.217192605,489.18
386.240556881,489.18
386.263795428,489.18
386.286596371,489.18
386.309827590,486.35
386.333257146,486.35
386.356704303,486.35
386.380683881,486.35
386.403815963,486.35
386.426947789,489.26
386.450370465,489.26
386.473132272,489.26
386.495968863,489.26
386.518763950,485.30
386.541670750,485.30
386.565474966,485.30
386.589412431,485.30
386.612896677,474.94
386.636507963,474.94
386.659944976,474.94
386.683084930,474.94
386.706766201,473.26
386.730506064,473.26
386.753930597,473.26
386.777806205,473.26
386.801391860,473.26
386.824822760,476.51
386.848171100,476.51
386.871322222,476.51
386.895002341,476.51
386.918170552,477.01
386.941435371,477.01
386.964874175,477.01
386.988428949,477.01
387.011888650,475.92
387.035232190,475.92
387.058745396,475.92
387.081936198,475.92
387.105072152,475.92
387.128558093,480.62
387.152118819,480.62
387.175799258,480.62
387.199008813,480.62
387.222688548,485.10
387.246482908,485.10
387.269701871,485.10
387.293632968,485.10
387.317361471,513.98
387.340764308,513.98
387.364589228,513.98
387.388597286,513.98
387.412243293,540.22
387.435847444,540.22
387.459384233,540.22
387.483111297,540.22
387.506602806,540.22
387.530369198,574.33
387.553990853,574.33
387.577119895,574.33
387.600480811,574.33
387.623470684,597.95
387.646496909,597.95
387.669529598,597.95
387.692716209,597.95
387.716048037,592.37
387.739711932,592.37
387.765103010,592.37
387.787535566,592.37
387.810270941,558.48
387.833270190,558.48
387.856415520,558.48
387.880128791,558.48
387.903745326,558.48
387.927152162,542.98
387.950724152,542.98
387.973954252,542.98
387.998231688,542.98
388.021746302,544.54
388.044924912,544.54
388.068730536,544.54
388.091977788,544.54
388.114845163,546.89
388.138169535,546.89
388.161542067,546.89
388.185430732,546.89
388.208916450,544.96
388.232607353,544.96
388.256548082,544.96
388.280417099,544.96
388.304391333,544.96
388.328136349,542.93
388.351874357,542.93
388.375486379,542.93
388.399089954,542.93
388.422812442,541.98
388.446650002,541.98
388.470251273,541.98
388.493535036,541.98
388.517448438,544.73
388.540916875,544.73
388.564407905,544.73
388.588042423,544.73
388.611544237,546.64
388.634820193,546.64
388.658485464,546.64
388.681850764,546.64
388.705433122,546.64
388.728966136,559.89
388.752078634,559.89
388.775518655,559.89
388.800368673,559.89
388.823845271,589.54
388.847071562,589.54
388.870567263,589.54
388.896937231,589.54
388.920947113,604.04
388.944507936,604.04
388.968717148,604.04
388.991903342,604.04
389.015129761,603.81
389.038958362,603.81
389.062566449,603.81
389.086104679,603.81
389.109648125,603.81
389.133315860,604.40
389.156944875,604.40
389.180205086,604.40
389.203474193,604.40
389.226861542,608.45
389.250144378,608.45
389.273276748,608.45
389.297927980,608.45
389.321380674,604.13
389.344659957,604.13
389.367933353,604.13
389.391149500,604.13
389.414449360,604.13
389.437637155,593.35
389.461138457,593.35
389.484366028,593.35
389.508033987,593.35
389.531562489,593.85
389.555185616,593.85
389.578508612,593.85
389.606076191,593.85
389.629546612,590.36
389.652889225,590.36
389.676230333,590.36
389.701021631,590.36
389.724394899,588.39
389.747991562,588.39
389.770973755,588.39
389.794763219,588.39
389.818559692,589.09
389.841793695,589.09
389.865644696,589.09
389.889419056,589.09
389.912546915,589.09
389.935786390,586.78
389.959114410,586.78
389.982465055,586.78
390.005602673,586.78
390.028595458,589.53
390.051859606,589.53
390.075433196,589.53
390.099004259,589.53
390.123189791,573.11
390.146794453,573.11
390.169522148,573.11
390.192398324,573.11
390.215494278,573.11
390.239172862,529.08
390.263361050,529.08
390.287117010,529.08
390.312466073,529.08
390.335889326,531.59
390.359384291,531.59
390.383129564,531.59
390.407752572,531.59
390.431164017,539.09
390.454989418,539.09
390.478642433,539.09
390.501935765,539.09
390.525674861,539.53
390.549059810,539.53
390.572786810,539.53
390.598846855,539.53
390.622093435,539.53
390.645560720,539.40
390.669349033,539.40
390.693021824,539.40
390.716585463,539.40
390.740436656,539.09
390.763763204,539.09
390.787117529,539.09
390.810762384,539.09
390.834227718,542.85
390.857901885,542.85
390.881148465,542.85
390.907115485,542.85
390.930509330,540.43
390.954227786,540.43
390.977549918,540.43
391.001278390,540.43
391.024201703,540.43
391.047807614,538.43
391.071370516,538.43
391.094860970,538.43
391.119583339,538.43
391.143081633,562.69
391.166052210,562.69
391.189779818,562.69
391.213789252,562.69
391.237298490,596.56
391.261101267,596.56
391.284435463,596.56
391.307758428,596.56
391.331553557,596.56
391.355286125,596.56
391.378535713,596.56
391.402096247,596.56
391.425317195,596.56
391.448767360,597.77
391.472388439,597.77
391.495612587,597.77
391.519068096,597.77
391.542468790,600.38
391.565452103,600.38
391.588871612,600.38
391.612667957,600.38
391.636097418,601.19
391.659720546,601.19
391.683166967,601.19
391.706516044,601.19
391.730682312,601.19
391.754252351,601.20
391.777401073,601.20
391.800987368,601.20
391.824721472,601.20
391.848212022,600.37
391.871601035,600.37
391.894837631,600.37
391.919016731,600.37
391.942399376,605.76
391.965705061,605.76
391.989092314,605.76
392.012708657,605.76
392.036179526,607.03
392.059488315,607.03
392.082500300,607.03
392.105724992,607.03
392.129436408,607.03
392.152719628,604.43
392.176061697,604.43
392.199504438,604.43
392.222755274,604.43
392.246527394,606.18
392.269814294,606.18
392.293008650,606.18
392.316292958,606.18
392.339467025,607.10
392.363216266,607.10
392.386829825,607.10
392.410256118,607.10
392.434049743,607.10
392.457030305,609.08
392.480367381,609.08
392.504033773,609.08
392.527506147,609.08
392.550652854,608.93
392.574422511,608.93
392.597797860,608.93
392.620991511,608.93
392.644509389,611.43
392.667795426,611.43
392.691562234,611.43
392.714764654,611.43
392.738361669,611.43
392.761792122,610.37
392.785467442,610.37
392.808804647,610.37
392.832500703,610.37
392.855383407,612.02
392.878916966,612.02
392.902461757,612.02
392.926969820,612.02
392.950523155,608.95
392.974134954,608.95
392.997073275,608.95
393.020697490,608.95
393.045538805,609.31
393.069165068,609.31
393.092614562,609.31
393.115654196,609.31
393.139591502,609.31
393.163126724,611.22
393.186531642,611.22
393.210252402,611.22
393.234625552,611.22
393.257500609,610.39
393.280915286,610.39
393.304545422,610.39
393.328968332,610.39
393.352644804,609.54
393.376233275,609.54
393.399365070,609.54
393.422418209,609.54
393.446021976,609.54
393.469739600,610.90
393.492889475,610.90
393.516183672,610.90
393.540060274,610.90
393.563433031,609.84
393.586803388,609.84
393.610270354,609.84
393.633336868,609.84
393.656732218,609.53
393.680193200,609.53
393.703550597,609.53
393.727138044,609.53
393.750684787,610.19
393.773848710,610.19
393.797536638,610.19
393.820881203,610.19
393.844116999,610.19
393.867856095,611.17
393.891155220,611.17
393.914683946,611.17
393.938455299,611.17
393.961637430,610.15
393.985229678,610.15
394.008236608,610.15
394.031196145,610.15
394.056478872,607.25
394.079799020,607.25
394.102429691,607.25
394.125010729,607.25
394.148719521,607.25
394.172532698,578.80
394.196072305,578.80
394.219540839,578.80
394.243462785,578.80
394.266971159,581.02
394.290268140,581.02
394.314152102,581.02
394.337509339,581.02
394.360570670,581.25
394.384560169,581.25
394.407524890,581.25
394.431186066,581.25
394.454593928,581.25
394.477810140,575.31
394.501377139,575.31
394.524676455,575.31
394.547753146,575.31
394.571353457,574.47
394.598360040,574.47
394.621526235,574.47
394.646389758,574.47
394.669760915,575.72
394.693083976,575.72
394.716472190,575.72
394.740984989,575.72
394.764050480,573.85
394.787074914,573.85
394.810221205,573.85
394.833530058,573.85
394.856915231,573.85
394.880464502,569.74
394.903913869,569.74
394.927658597,569.74
394.950798072,569.74
394.973472743,544.56
394.996774204,544.56
395.020401396,544.56
395.043626824,544.56
395.066392023,511.13
395.089167335,511.13
395.118197968,511.13
395.142687824,511.13
395.166367560,519.92
395.189591644,519.92
395.213225363,519.92
395.236438183,519.92
395.259939678,519.92
395.283291219,517.47
395.306675113,517.47
395.330324256,517.47
395.353765559,517.47
395.376945962,514.05
395.400496257,514.05
395.423614901,514.05
395.447059403,514.05
395.470802436,517.92
395.494257338,517.92
395.517340460,517.92
395.541343368,517.92
395.564652221,517.92
395.588084691,517.98
395.611630250,517.98
395.634501626,517.98
395.657775791,517.98
395.681224933,516.98
395.704367161,516.98
395.727399499,516.98
395.750573055,516.98
395.773564432,519.83
395.797012711,519.83
395.820271355,519.83
395.843120620,519.83
395.866788772,508.06
395.890711422,508.06
395.913994067,508.06
395.936804163,508.06
395.959742005,508.06
395.983181291,493.20
396.007109989,493.20
396.031021760,493.20
396.055149212,493.20
396.078674483,522.28
396.101996104,522.28
396.125401758,522.28
396.150045311,522.28
396.176882708,540.47
396.200268714,540.47
396.224096259,540.47
396.247197462,540.47
396.270530187,539.74
396.293842848,539.74
396.317449240,539.74
396.340789357,539.74
396.364042178,539.74
396.387355447,542.50
396.411685269,542.50
396.435110123,542.50
396.459365289,542.50
396.482969441,543.08
396.506055380,543.08
396.529423241,543.08
396.554124395,543.08
396.577741091,544.44
396.604827866,544.44
396.627898765,544.44
396.651296995,544.44
396.675575937,543.02
396.699018039,543.02
396.722242507,543.02
396.745995460,543.02
396.769067671,543.02
396.792335564,542.84
396.815861731,542.84
396.839053399,542.84
396.862931057,542.84
396.886411176,557.04
396.909854206,557.04
396.933233076,557.04
396.956736554,557.04
396.980141696,594.51
397.003697432,594.51
397.026682186,594.51
397.049856861,594.51
397.073248179,594.51
397.096465735,601.40
397.120057215,601.40
397.143257491,601.40
397.166375014,601.40
397.189923517,600.39
397.213465685,600.39
397.237006924,600.39
397.262220498,600.39
397.285445382,602.86
397.308954526,602.86
397.332463380,602.86
397.355923691,602.86
397.379422786,604.28
397.403260764,604.28
397.426619378,604.28
397.449688581,604.28
397.473291644,604.28
397.496913748,601.82
397.520378315,601.82
397.543409374,601.82
397.567471354,601.82
397.590530509,599.96
397.613560703,599.96
397.636673554,599.96
397.661075186,599.96
397.684244646,597.59
397.707555771,597.59
397.730547533,597.59
397.753823938,597.59
397.777534267,597.59
397.800493197,568.10
397.823072603,568.10
397.845854923,568.10
397.870041545,568.10
397.893680193,531.65
397.917273497,531.65
397.940418156,531.65
397.965113134,531.65
397.988519748,531.77
398.011786201,531.77
398.035132078,531.77
398.058360451,531.77
398.082050779,533.69
398.105373425,533.69
398.128660966,533.69
398.152177981,533.69
398.175661876,533.69
398.199188459,534.33
398.222901764,534.33
398.246441179,534.33
398.273754549,534.33
398.297338380,531.38
398.320635106,531.38
398.344095800,531.38
398.368330422,531.38
398.391183591,532.99
398.414773247,532.99
398.438441944,532.99
398.461669100,532.99
398.484748415,532.99
398.508003988,532.44
398.531336650,532.44
398.555150884,532.44
398.578650395,532.44
398.603760225,525.74
398.626375119,525.74
398.649888551,525.74
398.673592608,525.74
398.696890037,503.02
398.720366892,503.02
398.743849506,503.02
398.767275161,503.02
398.790378508,535.21
398.813710018,535.21
398.837187481,535.21
398.860480078,535.21
398.884622379,535.21
398.907511516,568.36
398.930985299,568.36
398.954171751,568.36
398.978969674,568.36
399.002512706,571.54
399.026231931,571.54
399.049327758,571.54
399.073355690,571.54
399.096563806,567.94
399.119894932,567.94
399.143432619,567.94
399.166755873,567.94
399.190253656,567.94
399.213661518,568.76
399.236770721,568.76
399.260144663,568.76
399.283476717,568.76
399.306801506,572.75
399.330001911,572.75
399.353152363,572.75
399.376201054,572.75
399.399731989,556.67
399.423145324,556.67
399.446454625,556.67
399.469160081,556.67
399.492225380,556.67
399.515635067,528.27
399.538673102,528.27
399.562033252,528.27
399.585451034,528.27
399.608578542,515.08
399.631579744,515.08
399.654778229,515.08
399.678404269,515.08
399.702162439,499.21
399.725464412,499.21
399.747860489,499.21
399.770177878,499.21
399.793051303,499.21
399.816452509,459.86
399.840245239,459.86
399.863801359,459.86
399.887132485,459.86
399.910915454,456.38
399.934218132,456.38
399.957790124,456.38
399.981642726,456.38
400.004918939,452.75
400.028513075,452.75
400.051975402,452.75
400.074709946,452.75
400.098281906,451.05
400.121944971,451.05
400.145288225,451.05
400.168793848,451.05
400.192580274,451.05
400.215483939,453.52
400.238888026,453.52
400.262478226,453.52
400.285691206,453.52
400.309297663,447.98
400.332659125,447.98
400.356019883,447.98
400.379424961,447.98
400.403261436,461.82
400.426590577,461.82
400.449493059,461.82
400.472895162,461.82
400.496447026,461.82
400.519721863,486.31
400.542851067,486.31
400.565804045,486.31
400.589353861,486.31
400.613089790,496.22
400.636871032,496.22
400.660491281,496.22
400.683280066,496.22
400.706092723,486.18
400.729475145,486.18
400.753380036,486.18
400.777038141,486.18
400.801087001,486.18
400.824690833,518.16
400.847964327,518.16
400.871347229,518.16
400.895516410,518.16
400.919022898,523.68
400.942691467,523.68
400.966298755,523.68
400.989738074,523.68
401.013018063,528.01
401.036586887,528.01
401.060018110,528.01
401.083628310,528.01
401.107026316,531.78
401.130481027,531.78
401.154209661,531.78
401.177751285,531.78
401.201303052,531.78
401.225042278,530.37
401.248382652,530.37
401.271797202,530.37
401.296509717,530.37
401.320172974,531.38
401.343526308,531.38
401.366770297,531.38
401.391524828,531.38
401.418358834,532.65
401.441748841,532.65
401.465179744,532.65
401.488511381,532.65
401.511781099,538.41
401.534976639,538.41
401.558437431,538.41
401.582091759,538.41
401.605482950,538.41
401.628379768,560.16
401.651757998,560.16
401.675091332,560.16
401.699611653,560.16
401.723065244,595.24
401.746662613,595.24
401.769778248,595.24
401.794334890,595.24
401.817791457,603.80
401.841104470,603.80
401.864625358,603.80
401.887699138,603.80
401.911177817,603.80
401.934769457,605.22
401.958084711,605.22
401.981649695,605.22
402.004767283,605.22
402.027869735,605.40
402.052009636,605.40
402.075564764,605.40
402.098895122,605.40
402.122494667,607.23
402.145728512,607.23
402.169026261,607.23
402.192484876,607.23
402.215954563,608.09
402.239298330,608.09
402.262394829,608.09
402.285769764,608.09
402.309719072,608.09
402.333065142,609.04
402.356408876,609.04
402.379835715,609.04
402.403046968,609.04
402.426266157,608.79
402.449602083,608.79
402.472780152,608.79
402.496112430,608.79
402.519440420,610.03
402.542550296,610.03
402.565758253,610.03
402.589120227,610.03
402.612790620,610.03
402.636065394,611.18
402.659014980,611.18
402.682456092,611.18
402.707573282,611.18
402.730982137,608.60
402.754469040,608.60
402.777923175,608.60
402.802275687,608.60
402.825826367,609.10
402.849042100,609.10
402.872315050,609.10
402.895671232,609.10
402.918893077,609.10
402.942305292,609.84
402.965671138,609.84
402.988623669,609.84
403.012320334,609.84
403.035674180,612.32
403.058887353,612.32
403.082651027,612.32
403.106161067,612.32
403.129314368,609.39
403.152532885,609.39
403.175896779,609.39
403.199250945,609.39
403.222562967,609.26
403.246155344,609.26
403.269652327,609.26
403.293235328,609.26
403.316799320,609.26
403.340294448,607.50
403.363640934,607.50
403.387001309,607.50
403.410449652,607.50
403.433839307,608.82
403.457070432,608.82
403.480427319,608.82
403.506191907,608.82
403.529652603,607.67
403.553076498,607.67
403.576276711,607.67
403.603546753,607.67
403.626632085,604.54
403.649619048,604.54
403.672584827,604.54
403.695786128,604.54
403.718823107,604.54
403.742154170,602.94
403.765527376,602.94
403.788129856,602.94
403.810798672,602.94
403.833553153,565.60
403.856702965,565.60
403.880406543,565.60
403.904249514,565.60
403.927593888,551.84
403.951590685,551.84
403.974840978,551.84
403.998275113,551.84
404.021996739,551.84
404.045696317,549.98
404.069096339,549.98
404.092949870,549.98
404.116069283,549.98
404.139511226,548.87
404.163026770,548.87
404.186160550,548.87
404.209348859,548.87
404.233272151,550.35
404.256287498,550.35
404.279337726,550.35
404.302691956,550.35
404.325956010,550.35
404.349422978,550.62
404.373105019,550.62
404.395983629,550.62
404.419184579,550.62
404.442642970,547.06
404.466107602,547.06
404.489087365,547.06
404.512128537,547.06
404.535492559,543.37
404.558801925,543.37
404.582107387,543.37
404.607396164,543.37
404.631179166,543.37
404.654065265,526.87
404.677616649,526.87
404.701099041,526.87
404.724855547,526.87
404.748180849,522.79
404.771682569,522.79
404.795629541,522.79
404.819692354,522.79
404.843366524,556.82
404.866863508,556.82
404.890232010,556.82
404.913349823,556.82
404.936638549,556.03
404.960046860,556.03
404.983537668,556.03
405.007100188,556.03
405.030355058,556.03
405.053762025,556.83
405.077012542,556.83
405.100742872,556.83
405.124222896,556.83
405.148108012,560.21
405.171389185,560.21
405.194540470,560.21
405.217952973,560.21
405.241450949,559.67
405.264859132,559.67
405.288185587,559.67
405.311215398,559.67
405.334567325,559.67
405.358008052,559.28
405.381377771,559.28
405.404926372,559.28
405.428880448,559.28
405.452101078,563.94
405.475492973,563.94
405.499092326,563.94
405.523550886,563.94
405.547052030,569.67
405.569999889,569.67
405.598030611,569.67
405.621389994,569.67
405.645041155,585.69
405.668833310,585.69
405.691820401,585.69
405.715071047,585.69
405.738599391,585.69
405.762140216,600.95
405.785708401,600.95
405.809202121,600.95
405.832243292,600.95
405.855895894,608.42
405.879618320,608.42
405.902592643,608.42
405.927352039,608.42
405.950899263,612.19
405.974496088,612.19
405.998103921,612.19
406.021655626,612.19
406.045236386,612.34
406.068809595,612.34
406.091824783,612.34
406.115357159,612.34
406.138825215,612.34
406.162004916,608.70
406.185757358,608.70
406.208751202,608.70
406.231917143,608.70
406.255747762,608.08
406.279408619,608.08
406.302766626,608.08
406.326303643,608.08
406.349691378,609.65
406.372696582,609.65
406.395719321,609.65
406.419003856,609.65
406.442698762,609.65
406.465546492,610.66
406.488361486,610.66
406.511885350,610.66
406.535753026,610.66
406.559141529,606.53
406.582713490,606.53
406.606266922,606.53
406.629335999,606.53
406.652768214,609.30
406.676195022,609.30
406.702141692,609.30
406.725666197,609.30
406.748515591,609.30
406.772512452,607.11
406.795734873,607.11
406.818711213,607.11
406.842105572,607.11
406.865693853,610.47
406.888447566,610.47
406.912057607,610.47
406.935703937,610.47
406.959138521,607.36
406.982611440,607.36
407.006196713,607.36
407.029218301,607.36
407.052572244,602.17
407.075707145,602.17
407.098986559,602.17
407.122235733,602.17
407.145640236,602.17
407.169375303,604.09
407.193075425,604.09
407.215792946,604.09
407.238235520,604.09
407.260993009,569.59
407.284515402,569.59
407.307981538,569.59
407.331271736,569.59
407.354590063,564.04
407.378495499,564.04
407.401488191,564.04
407.424456850,564.04
407.447994827,564.04
407.471161408,561.42
407.494611160,561.42
407.517824654,561.42
407.540941634,561.42
407.564387962,563.67
407.587880307,563.67
407.611087816,563.67
407.634763042,563.67
407.658057433,560.76
407.681299695,560.76
407.706653560,560.76
407.729995215,560.76
407.753339046,560.76
407.777073888,562.69
407.800039092,562.69
407.822845733,562.69
407.847203526,562.69
407.870415771,559.15
407.893317070,559.15
407.916486596,559.15
407.939551448,559.15
407.962812046,558.64
407.986127365,558.64
408.009129528,558.64
408.032232397,558.64
408.055514691,558.64
408.078463191,543.27
408.101471530,543.27
408.124788353,543.27
408.149278722,543.27
408.172556793,515.01
408.195915760,515.01
408.219155814,515.01
408.243695016,515.01
408.266655803,515.72
408.289820560,515.72
408.312488193,515.72
408.335401300,515.72
408.358870956,515.72
408.382334053,498.40
408.405817085,498.40
408.428862513,498.40
408.451961030,498.40
408.474883257,470.58
408.498342257,470.58
408.521769513,470.58
408.545563396,470.58
408.568150484,435.07
408.590788005,435.07
408.621356734,435.07
408.645456892,435.07
408.669033365,435.07
408.692741584,412.33
408.716278025,412.33
408.739767393,412.33
408.778725384,412.33
408.801937150,404.21
408.825229076,404.21
408.848842414,404.21
408.872289382,404.21
408.895519164,406.34
408.919018868,406.34
408.942424940,406.34
408.965867108,406.34
408.989431133,416.10
409.012780884,416.10
409.036484846,416.10
409.059999623,416.10
409.083526079,416.10
409.106765333,438.42
409.130528496,438.42
409.153687814,438.42
409.177478625,438.42
409.200985593,464.05
409.224389393,464.05
409.247777544,464.05
409.270985118,464.05
409.294356342,490.62
409.317990895,490.62
409.341139941,490.62
409.364541469,490.62
409.388010741,490.62
409.410829063,520.04
409.434132702,520.04
409.457768568,520.04
409.481795221,520.04
409.505375183,549.28
409.528882439,549.28
409.552070429,549.28
409.576526654,549.28
409.604440544,589.01
409.628068218,589.01
409.651766292,589.01
409.675625616,589.01
409.698963207,604.48
409.722467840,604.48
409.745975192,604.48
409.769685747,604.48
409.792984458,604.48
409.818807416,606.33
409.842546675,606.33
409.865834537,606.33
409.889216929,606.33
409.912619448,609.14
409.935604716,609.14
409.958882083,609.14
409.982717375,609.14
410.006140438,608.49
410.029680527,608.49
410.053028455,608.49
410.076129468,608.49
410.099548595,611.20
410.122987115,611.20
410.146157313,611.20
410.169807419,611.20
410.193010001,611.20
410.216792780,612.98
410.240408422,612.98
410.263817981,612.98
410.288376416,612.98
410.311655543,616.43
410.334878093,616.43
410.357946242,616.43
410.382099840,616.43
410.405432504,615.93
410.429150322,615.93
410.452519946,615.93
410.475991298,615.93
410.499525148,615.93
410.522846899,614.55
410.546198090,614.55
410.569763843,614.55
410.597220609,614.55
410.620899003,614.48
410.644252946,614.48
410.667538825,614.48
410.691493702,614.48
410.714499674,615.33
410.738147988,615.33
410.762008208,615.33
410.786116335,615.33
410.809842122,616.30
410.833434851,616.30
410.856968252,616.30
410.880975674,616.30
410.904673876,613.78
410.928743730,613.78
410.952638095,613.78
410.975733668,613.78
410.999875458,613.78
411.023606525,612.54
411.047326392,612.54
411.070756848,612.54
411.094288425,612.54
411.117636032,613.58
411.141503517,613.58
411.165376185,613.58
411.189220117,613.58
411.213053681,612.26
411.236790860,612.26
411.260490022,612.26
411.284487172,612.26
411.308180126,608.55
411.331561654,608.55
411.355283345,608.55
411.378631208,608.55
411.402295491,608.55
411.429179323,609.86
411.452982519,609.86
411.476971924,609.86
411.500497101,609.86
411.524128839,609.85
411.547831394,609.85
411.571317755,609.85
411.598927834,609.85
411.622692533,610.76
411.646146093,610.76
411.669682119,610.76
411.693512579,610.76
411.717067388,610.11
411.740865880,610.11
411.764522034,610.11
411.787772744,610.11
411.811523236,609.84
411.834960796,609.84
411.858387476,609.84
411.882056399,609.84
411.905030787,609.84
411.928429083,611.18
411.952064981,611.18
411.975425068,611.18
411.999365769,611.18
412.022854146,614.26
412.046431548,614.26
412.070162391,614.26
412.093581455,614.26
412.117108552,612.46
412.140949572,612.46
412.164258107,612.46
412.187560658,612.46
412.211270957,612.46
412.234442403,612.12
412.258115165,612.12
412.281653047,612.12
412.305053039,612.12
412.328597224,616.56
412.352021537,616.56
412.375386232,616.56
412.399024531,616.56
412.422014215,612.10
412.445741346,612.10
412.469819169,612.10
412.493306521,612.10
412.516722962,613.98
412.540648719,613.98
412.563854213,613.98
412.587225597,613.98
412.610706582,613.98
412.634290511,613.26
412.657942602,613.26
412.681276577,613.26
412.705134878,613.26
412.728775192,610.78
412.752502419,610.78
412.775749482,610.78
412.799519301,610.78
412.822654427,612.05
412.846024659,612.05
412.869632173,612.05
412.893208135,612.05
412.917026595,612.05
412.940687197,613.89
412.964290551,613.89
412.988055219,613.89
413.014038850,613.89
413.037527099,609.77
413.061087253,609.77
413.084507757,609.77
413.107632995,609.77
413.130945914,611.73
413.154286386,611.73
413.177731562,611.73
413.201460421,611.73
413.224760156,610.72
413.248372695,610.72
413.271793391,610.72
413.294819268,610.72
413.318174588,610.72
413.341607828,607.69
413.364570536,607.69
413.388660199,607.69
413.413031080,607.69
413.436803044,608.37
413.460839458,608.37
413.484143001,608.37
413.507836852,608.37
413.531420046,610.07
413.555175562,610.07
413.578438017,610.07
413.604811444,610.07
413.628070155,607.56
413.651321346,607.56
413.674310391,607.56
413.697586574,607.56
413.721210696,607.56
413.744585088,596.80
413.768043481,596.80
413.791279920,596.80
413.815495343,596.80
413.838218753,564.52
413.860886995,564.52
413.884057129,564.52
413.909202097,564.52
413.933338000,530.45
413.956984331,530.45
413.980676550,530.45
414.004295008,530.45
414.027688152,532.03
414.051354867,532.03
414.074623370,532.03
414.098130051,532.03
414.121656029,532.03
414.145074901,531.08
414.168331788,531.08
414.191777125,531.08
414.215147773,531.08
414.238687766,531.32
414.262299248,531.32
414.285449798,531.32
414.308638557,531.32
414.332001685,529.63
414.355391949,529.63
414.378602180,529.63
414.402263199,529.63
414.425131570,529.63
414.448315240,527.73
414.471686112,527.73
414.495207162,527.73
414.518789012,527.73
414.542015115,529.05
414.565131297,529.05
414.588452664,529.05
414.611761872,529.05
414.634999303,529.05
414.658562369,532.61
414.681526901,532.61
414.704862637,532.61
414.728230693,532.61
414.751711998,548.93
414.775292888,548.93
414.798640976,548.93
414.821522851,548.93
414.844559832,584.33
414.867885584,584.33
414.891172455,584.33
414.914379614,584.33
414.938089817,607.85
414.961410545,607.85
414.984926218,607.85
415.008670022,607.85
415.032354113,607.85
415.058606228,610.62
415.081616361,610.62
415.104885760,610.62
415.128355225,610.62
415.151660848,610.25
415.174948520,610.25
415.198342208,610.25
415.221179667,610.25
415.244594988,610.48
415.267655105,610.48
415.290997593,610.48
415.314517618,610.48
415.337736873,610.48
415.360760990,612.24
415.384389465,612.24
415.407599088,612.24
415.431095497,612.24
415.454409793,613.44
415.477182100,613.44
415.500027303,613.44
415.523121277,613.44
415.546198450,611.17
415.569466921,611.17
415.592766977,611.17
415.616139001,611.17
415.639751988,611.17
415.663204685,597.36
415.686343427,597.36
415.709189142,597.36
415.732363853,597.36
415.756095336,573.35
415.779436736,573.35
415.802673623,573.35
415.825988367,573.35
415.849279719,536.62
415.872656767,536.62
415.895294576,536.62
415.917832865,536.62
415.940610228,536.62
415.963861835,492.94
415.987599206,492.94
416.011434211,492.94
416.034856604,492.94
416.058476918,487.51
416.081760430,487.51
416.112225032,487.51
416.136120965,487.51
416.159888353,484.54
416.183455739,484.54
416.206673265,484.54
416.230019977,484.54
416.253525539,482.89
416.277478945,482.89
416.300726552,482.89
416.324179665,482.89
416.347478249,484.05
416.370723840,484.05
416.394404091,484.05
416.417497425,484.05
416.440854601,484.05
416.464442180,482.43
416.487706139,482.43
416.511003091,482.43
416.534145833,482.43
416.557261023,482.12
416.580715992,482.12
416.604964345,482.12
416.628281809,482.12
416.651682953,486.63
416.674888352,486.63
416.697945174,486.63
416.721085836,486.63
416.744429668,486.63
416.767770268,491.67
416.791051796,491.67
416.814023432,491.67
416.837996486,491.67
416.861007580,492.75
416.884487445,492.75
416.907810285,492.75
416.932511186,492.75
416.955880490,502.19
416.979376579,502.19
417.003066015,502.19
417.025898514,502.19
417.048557508,502.19
417.071359575,462.77
417.094971122,462.77
417.118725518,462.77
417.142538858,462.77
417.167854964,454.38
417.191523824,454.38
417.214716838,454.38
417.238294625,454.38
417.261732410,457.64
417.285282708,457.64
417.309103344,457.64
417.332520330,457.64
417.356177189,455.71
417.379980929,455.71
417.403156568,455.71
417.426722034,455.71
417.450209004,455.71
417.473507876,456.30
417.496929629,456.30
417.520815418,456.30
417.544254643,456.30
417.567941231,459.28
417.591873004,459.28
417.615456903,459.28
417.639958506,459.28
417.663558917,467.05
417.687402337,467.05
417.711185310,467.05
417.734931578,467.05
417.758600757,495.01
417.782161455,495.01
417.805677993,495.01
417.829105218,495.01
417.852871550,495.01
417.876306264,521.21
417.900320214,521.21
417.923877264,521.21
417.947695565,521.21
417.971158630,555.91
417.994649856,555.91
418.018093017,555.91
418.041818549,555.91
418.064994092,587.93
418.088497253,587.93
418.112065984,587.93
418.135515033,587.93
418.159619672,608.28
418.183378612,608.28
418.208733023,608.28
418.232622813,608.28
418.258333675,608.28
418.282274121,610.13
418.305881476,610.13
418.329564639,610.13
418.353130010,610.13
418.376948310,613.12
418.400254799,613.12
418.424097387,613.12
418.447634598,613.12
418.471268481,613.06
418.495095582,613.06
418.518556887,613.06
418.541987632,613.06
418.566084816,610.72
418.589718827,610.72
418.613113956,610.72
418.636685694,610.72
418.660276793,610.72
418.684153558,613.85
418.707895122,613.85
418.731049385,613.85
418.755051752,613.85
418.778368032,615.65
418.801386933,615.65
418.825142961,615.65
418.848559275,615.65
418.871885411,615.39
418.895434173,615.39
418.918416114,615.39
418.941744554,615.39
418.965214180,613.37
418.988435867,613.37
419.011641234,613.37
419.035044811,613.37
419.057989152,613.37
419.081632923,615.63
419.105073781,615.63
419.128527278,615.63
419.152209930,615.63
419.175793220,616.10
419.199066076,616.10
419.222665847,616.10
419.246005295,616.10
419.269173446,612.68
419.292829377,612.68
419.316330843,612.68
419.340229273,612.68
419.364367769,612.68
419.387983732,610.40
419.411264236,610.40
419.435108105,610.40
419.458458050,610.40
419.482070173,608.68
419.505690552,608.68
419.529399316,608.68
419.553585300,608.68
419.577524850,612.81
419.604969041,612.81
419.628469035,612.81
419.653226160,612.81
419.676681994,611.86
419.700339334,611.86
419.723532765,611.86
419.747249721,611.86
419.770783379,608.69
419.794681329,608.69
419.817820871,608.69
419.841507971,608.69
419.864618969,608.69
419.888112467,605.75
419.912046737,605.75
419.935892111,605.75
419.959410377,605.75
419.982630048,608.38
420.006076762,608.38
420.029142448,608.38
420.052119877,608.38
420.075038329,599.44
420.097923438,599.44
420.120997860,599.44
420.144321148,599.44
420.167762421,599.44
420.191940662,572.23
420.215379311,572.23
420.238896073,572.23
420.262303043,572.23
420.285063478,536.10
420.317158176,536.10
420.340180725,536.10
420.363864945,536.10
420.387873200,511.97
420.411292617,511.97
420.434718307,511.97
420.459614218,511.97
420.482806593,511.35
420.506849280,511.35
420.530251610,511.35
420.553632371,511.35
420.577571217,509.34
420.604604076,509.34
420.627948293,509.34
420.651410430,509.34
420.675052090,509.34
420.698534708,504.43
420.722481618,504.43
420.745482119,504.43
420.769611719,504.43
420.793065505,503.93
420.816702653,503.93
420.840098838,503.93
420.863902003,503.93
420.886842248,505.67
420.910301281,505.67
420.933794107,505.67
420.957472535,505.67
420.981026130,501.87
421.004401419,501.87
421.027525505,501.87
421.050491735,501.87
421.073450124,501.87
421.096670243,505.04
421.119789210,505.04
421.142924561,505.04
421.166086472,505.04
421.189161918,502.86
421.212466070,502.86
421.235920144,502.86
421.259581163,502.86
421.282830371,502.86
421.305722040,502.43
421.328336394,502.43
421.351133598,502.43
421.374353813,502.43
421.398568534,499.55
421.422323475,499.55
421.445829677,499.55
421.469811692,499.55
421.493230150,499.82
421.516533086,499.82
421.540499421,499.82
421.563969847,499.82
421.587670483,499.47
421.611600849,499.47
421.634867241,499.47
421.658216130,499.47
421.681940638,499.47
421.705210198,498.99
421.728842322,498.99
421.752455821,498.99
421.776209482,498.99
421.799632931,497.95
421.822966076,497.95
421.846383830,497.95
421.870815705,497.95
421.894317107,500.89
421.917539083,500.89
421.941317831,500.89
421.964652960,500.89
421.988276348,502.13
422.011984184,502.13
422.035235152,502.13
422.058404807,502.13
422.082640808,502.13
422.106169187,505.56
422.129743998,505.56
422.153556571,505.56
422.177124982,505.56
422.200322061,533.67
422.223965801,533.67
422.247203584,533.67
422.270420120,533.67
422.293694224,561.95
422.316959081,561.95
422.340328194,561.95
422.363613722,561.95
422.386653584,561.95
422.412155261,587.65
422.435988667,587.65
422.459464757,587.65
422.482915983,587.65
422.506341993,559.99
422.529309342,559.99
422.551879664,559.99
422.576003728,559.99
422.615368222,526.48
422.638780440,526.48
422.661942063,526.48
422.684879684,526.48
422.708344094,526.48
422.731785144,499.26
422.755467636,499.26
422.778503658,499.26
422.801134653,499.26
422.823588269,461.09
422.846369281,461.09
422.869684154,461.09
422.893201460,461.09
422.916500141,454.15
422.939974183,454.15
422.963466113,454.15
422.986364694,454.15
423.010112595,454.15
423.033697550,451.84
423.056982662,451.84
423.080880485,451.84
423.104445023,451.84
423.127852505,452.91
423.151974073,452.91
423.175274546,452.91
423.198556138,452.91
423.222084005,452.07
423.245484350,452.07
423.269601055,452.07
423.293264123,452.07
423.317203609,450.10
423.340900502,450.10
423.364567090,450.10
423.387858474,450.10
423.411601607,450.10
423.435251043,463.07
423.460670415,463.07
423.484642638,463.07
423.508064648,463.07
423.531564035,489.12
423.554953148,489.12
423.578451063,489.12
423.605428530,489.12
423.628801611,520.11
423.652155844,520.11
423.675823584,520.11
423.699705278,520.11
423.722885206,544.04
423.746471633,544.04
423.769809162,544.04
423.793288645,544.04
423.816706014,581.04
423.840920480,581.04
423.864147800,581.04
423.888317400,581.04
423.911672146,581.04
423.935163948,600.30
423.959134987,600.30
423.982843015,600.30
424.006528260,600.30
424.030297793,604.00
424.053556441,604.00
424.077148885,604.00
424.100917810,604.00
424.124276107,601.04
424.147652740,601.04
424.171032126,601.04
424.194379095,601.04
424.218231156,597.51
424.241864144,597.51
424.264878950,597.51
424.288647843,597.51
424.312408161,597.51
424.336060669,599.44
424.359730361,599.44
424.383356661,599.44
424.406932752,599.44
424.430338826,602.72
424.453488769,602.72
424.476987004,602.72
424.502149766,602.72
424.525579520,600.93
424.549756897,600.93
424.573142491,600.93
424.599545009,600.93
424.622882186,600.39
424.646778120,600.39
424.670099745,600.39
424.694126849,600.39
424.717237624,604.29
424.740699218,604.29
424.763997355,604.29
424.787361220,604.29
424.810935104,604.29
424.834444954,605.77
424.857514289,605.77
424.881022380,605.77
424.904377061,605.77
424.927939456,605.22
424.951307546,605.22
424.974460337,605.22
424.997463047,605.22
425.021324613,602.08
425.044930273,602.08
425.068545341,602.08
425.092335226,602.08
425.116139896,602.08
425.139809908,605.14
425.163496816,605.14
425.187051820,605.14
425.210555110,605.14
425.233563516,607.97
425.256626387,607.97
425.280262959,607.97
425.303647145,607.97
425.326976546,603.01
425.350132602,603.01
425.373038319,603.01
425.396804940,603.01
425.420283495,573.92
425.443856866,573.92
425.467345533,573.92
425.490332947,573.92
425.513026918,573.92
425.535725530,533.54
425.577810050,533.54
425.605962376,533.54
425.629425250,526.48
425.653106783,526.48
425.676766363,526.48
425.700727674,526.48
425.724484663,526.48
425.748259925,523.35
425.771600526,523.35
425.795461868,523.35
425.818476834,523.35
425.841996637,524.77
425.865518200,524.77
425.888595343,524.77
425.912323660,524.77
425.935943976,525.69
425.959356578,525.69
425.983262721,525.69
426.006726299,525.69
426.030348215,524.69
426.054132085,524.69
426.077698192,524.69
426.100742695,524.69
426.124372099,524.69
426.147615259,522.38
426.171267863,522.38
426.194682577,522.38
426.217957194,522.38
426.241341188,520.65
426.264603068,520.65
426.287999094,520.65
426.311819892,520.65
426.335472689,529.01
426.358540008,529.01
426.381760160,529.01
426.405741823,529.01
426.429120409,551.31
426.452688437,551.31
426.475500265,551.31
426.498605057,551.31
426.521857689,551.31
426.545332692,587.58
426.568717230,587.58
426.592219593,587.58
426.618046489,587.58
426.641649813,605.83
426.665611541,605.83
426.689207088,605.83
426.712851917,605.83
426.736008325,608.94
426.759379454,608.94
426.783002618,608.94
426.806576854,608.94
426.830434196,607.69
426.854090385,607.69
426.877689133,607.69
426.901594155,607.69
426.925453674,607.69
426.948880004,606.70
426.972662945,606.70
426.995709336,606.70
427.019192627,606.70
427.043037937,607.58
427.066310186,607.58
427.089794245,607.58
427.113267583,607.58
427.136213909,609.41
427.159601967,609.41
427.182990985,609.41
427.206450404,609.41
427.230293282,611.53
427.253548794,611.53
427.276869556,611.53
427.300660594,611.53
427.324227565,611.53
427.347542759,607.94
427.371069698,607.94
427.394129209,607.94
427.417786934,607.94
427.441232240,607.27
427.464507881,607.27
427.487975140,607.27
427.511279805,607.27
427.534510358,606.50
427.558081393,606.50
427.581453899,606.50
427.605013991,606.50
427.628624355,606.50
427.652031645,606.92
427.675063060,606.92
427.698547215,606.92
427.722538479,606.92
427.745801576,604.39
427.769360547,604.39
427.792472891,604.39
427.816926687,604.39
427.840187959,600.62
427.863441328,600.62
427.886819434,600.62
427.910564904,600.62
427.933988194,593.02
427.957291195,593.02
427.979920558,593.02
428.002173502,593.02
428.024854417,593.02
428.047919656,553.80
428.071383011,553.80
428.094841246,553.80
428.119113856,553.80
428.142448569,550.88
428.165993685,550.88
428.189388047,550.88
428.213178029,550.88
428.236498598,549.81
428.259724767,549.81
428.283352507,549.81
428.306553812,549.81
428.330395634,549.81
428.354186416,551.72
428.378030638,551.72
428.401623210,551.72
428.425499721,551.72
428.448729346,550.36
428.472558976,550.36
428.496361790,550.36
428.521297703,550.36
428.545227334,551.85
428.568871043,551.85
428.592115707,551.85
428.616001498,551.85
428.640032506,547.35
428.663488341,547.35
428.687517045,547.35
428.714333968,547.35
428.738422672,547.21
428.764519044,547.21
428.788243681,547.21
428.811725660,547.21
428.835311416,547.21
428.858305359,553.72
428.881629800,553.72
428.905181476,553.72
428.928608062,553.72
428.952092666,560.88
428.975684470,560.88
428.998942703,560.88
429.022917390,560.88
429.046750893,601.05
429.070172327,601.05
429.093826404,601.05
429.117115101,601.05
429.141078045,601.05
429.165243390,600.28
429.189159261,600.28
429.212637560,600.28
429.236790937,600.28
429.259870641,602.18
429.283765136,602.18
429.307487469,602.18
429.331089161,602.18
429.354577541,602.24
429.378397635,602.24
429.401502171,602.24
429.425171096,602.24
429.448542834,602.84
429.472135886,602.84
429.495832331,602.84
429.519084292,602.84
429.542257084,602.84
429.565845913,601.78
429.589367860,601.78
429.612922448,601.78
429.636757999,601.78
429.659685573,606.84
429.683204160,606.84
429.706819357,606.84
429.731079135,606.84
429.754610907,607.47
429.778333880,607.47
429.801629329,607.47
429.825643410,607.47
429.849132333,605.19
429.872712649,605.19
429.896181252,605.19
429.919370653,605.19
429.942584757,605.19
429.966035760,605.54
429.989499147,605.54
430.012819941,605.54
430.036450561,605.54
430.059828348,608.06
430.083027796,608.06
430.106268973,608.06
430.129426565,608.06
430.153246660,612.63
430.176925121,612.63
430.200300443,612.63
430.224289691,612.63
430.247822230,612.63
430.270871886,611.39
430.294448970,611.39
430.317999750,611.39
430.341879813,611.39
430.365533186,612.77
430.388654522,612.77
430.412198230,612.77
430.436305847,612.77
430.459075083,612.23
430.482701480,612.23
430.506402501,612.23
430.530031970,612.23
430.553639455,613.99
430.577513470,613.99
430.604090006,613.99
430.627928500,613.99
430.651399760,613.99
430.674968204,612.76
430.698803690,612.76
430.722464615,612.76
430.745965795,612.76
430.769674304,609.53
430.793332669,609.53
430.816877241,609.53
430.839885616,609.53
430.862820646,606.55
430.886033855,606.55
430.909553947,606.55
430.933154359,606.55
430.956763988,586.07
430.980390800,586.07
431.003522665,586.07
431.026401438,586.07
431.050163868,586.07
431.073919610,556.02
431.097150835,556.02
431.119760550,556.02
431.142548507,556.02
431.165541906,508.30
431.189277871,508.30
431.213089102,508.30
431.236683658,508.30
431.260078053,504.86
431.283980164,504.86
431.307076892,504.86
431.330456950,504.86
431.353717872,504.86
431.377095018,503.80
431.400758472,503.80
431.424215331,503.80
431.447473404,503.80
431.471318427,502.49
431.494851671,502.49
431.518123344,502.49
431.541919919,502.49
431.565206248,505.26
431.588524322,505.26
431.611936125,505.26
431.635149686,505.26
431.658691666,505.26
431.682270574,502.53
431.705507144,502.53
431.729083236,502.53
431.752514655,502.53
431.776535743,504.22
431.799987291,504.22
431.823203380,504.22
431.846388012,504.22
431.878224854,502.24
431.901371662,502.24
431.924654408,502.24
431.947762048,502.24
431.971020889,512.53
431.994646326,512.53
432.018238770,512.53
432.041527276,512.53
432.065175625,512.53
432.088567108,541.94
432.111403449,541.94
432.135139255,541.94
432.158433521,541.94
432.181830155,584.15
432.205252230,584.15
432.228253181,584.15
432.251526263,584.15
432.274782352,590.41
432.297950377,590.41
432.321324931,590.41
432.344915584,590.41
432.367891415,590.42
432.391394002,590.42
432.414730925,590.42
432.438090439,590.42
432.461427521,590.42
432.485107295,593.48
432.508115510,593.48
432.531398480,593.48
432.555088397,593.48
432.578421671,592.03
432.605590405,592.03
432.628886271,592.03
432.653374212,592.03
432.677205859,590.93
432.700471037,590.93
432.723487668,590.93
432.747213842,590.93
432.770323754,592.84
432.793915303,592.84
432.817026943,592.84
432.840290520,592.84
432.863552658,592.84
432.887107374,596.82
432.910229254,596.82
432.933473760,596.82
432.956343797,596.82
432.979329004,587.95
433.002650567,587.95
433.026051521,587.95
433.049155193,587.95
433.072448851,587.95
433.095582508,558.36
433.118818885,558.36
433.142276480,558.36
433.165208343,558.36
433.187612584,520.33
433.210264572,520.33
433.233244083,520.33
433.258150236,520.33
433.282183677,499.82
433.305932827,499.82
433.329899515,499.82
433.353504120,499.82
433.376644817,500.04
433.400316078,500.04
433.424351343,500.04
433.447725258,500.04
433.471533032,500.04
433.494890403,497.62
433.517993723,497.62
433.541504087,497.62
433.565958524,497.62
433.589312854,498.98
433.614764165,498.98
433.637661211,498.98
433.661025845,498.98
433.684835060,498.98
433.708037997,499.23
433.731369448,499.23
433.755045061,499.23
433.778413248,499.23
433.802296031,499.57
433.825545113,499.57
433.848599729,499.57
433.872252238,499.57
433.895237925,502.15
433.918343869,502.15
433.941712184,502.15
433.965324917,502.15
433.988891025,515.04
434.012639632,515.04
434.035684391,515.04
434.059314244,515.04
434.082727071,515.04
434.106107194,543.19
434.129728343,543.19
434.152894864,543.19
434.176799536,543.19
434.200405165,575.75
434.223631078,575.75
434.247043105,575.75
434.271431557,575.75
434.294753664,608.03
434.318083450,608.03
434.341189330,608.03
434.364954193,608.03
434.388494189,611.35
434.411664390,611.35
434.434902272,611.35
434.458352187,611.35
434.481831063,611.35
434.504986320,609.86
434.528264042,609.86
434.551655397,609.86
434.575099296,609.86
434.598739006,611.90
434.622171961,611.90
434.645579956,611.90
434.668961391,611.90
434.691931526,611.36
434.715098687,611.36
434.738208184,611.36
434.761446833,611.36
434.784797068,611.36
434.808232135,611.96
434.831433344,611.96
434.854642970,611.96
434.877944948,611.96
434.901262542,611.11
434.924743370,611.11
434.947817634,611.11
434.971055484,611.11
434.994058771,611.87
435.019428352,611.87
435.042637466,611.87
435.066022709,611.87
435.089011212,609.45
435.112401703,609.45
435.135935651,609.45
435.159402911,609.45
435.182530904,609.45
435.205897778,580.88
435.228997067,580.88
435.252242180,580.88
435.275613023,580.88
435.299326141,551.33
435.323151677,551.33
435.346365174,551.33
435.368980938,551.33
435.391831904,507.42
435.414505620,507.42
435.437761710,507.42
435.461583757,507.42
435.485106602,507.42
435.508485189,495.35
435.532038241,495.35
435.555394364,495.35
435.578673270,495.35
435.605236943,491.70
435.628689067,491.70
435.651947845,491.70
435.676118023,491.70
435.699080254,491.05
435.722496666,491.05
435.745889525,491.05
435.769049934,491.05
435.792708204,491.05
435.816249160,493.23
435.839052094,493.23
435.862552794,493.23
435.886239288,493.23
435.909799605,492.05
435.933406258,492.05
435.957051503,492.05
435.980253929,492.05
436.003843558,488.87
436.027165184,488.87
436.050592572,488.87
436.074170168,488.87
436.097532467,490.76
436.121028335,490.76
436.144863343,490.76
436.168511724,490.76
436.192391340,490.76
436.216314988,515.97
436.239863305,515.97
436.263408933,515.97
436.287452871,515.97
436.310852738,541.03
436.334257117,541.03
436.357734297,541.03
436.381544217,541.03
436.404606641,573.51
436.427622473,573.51
436.450718913,573.51
436.473988027,573.51
436.497399735,573.51
436.520997364,595.70
436.544642482,595.70
436.567694794,595.70
436.591044485,595.70
436.614129885,583.17
436.637802235,583.17
436.660708498,583.17
436.684005644,583.17
436.707119685,579.56
436.730154429,579.56
436.753289973,579.56
436.776983796,579.56
436.800639793,579.56
436.824269775,575.97
436.848027310,575.97
436.871673579,575.97
436.894986374,575.97
436.918320385,569.18
436.941502074,569.18
436.964840597,569.18
436.987843980,569.18
437.011165703,568.82
437.034987334,568.82
437.058327841,568.82
437.081548955,568.82
437.105195064,562.03
437.128700821,562.03
437.153045081,562.03
437.176198994,562.03
437.199664814,562.03
437.223225515,560.98
437.246512581,560.98
437.269883104,560.98
437.294784074,560.98
437.317713889,566.91
437.340681304,566.91
437.363715312,566.91
437.388511609,566.91
437.412386297,569.66
437.435643923,569.66
437.458741580,569.66
437.482165287,569.66
437.505665348,569.66
437.529311457,565.80
437.552714205,565.80
437.575936631,565.80
437.600033785,565.80
437.623413300,577.17
437.646991729,577.17
437.670199659,577.17
437.693681959,577.17
437.716867233,587.73
437.740008826,587.73
437.763539862,587.73
437.787344566,587.73
437.811095317,590.89
437.834458576,590.89
437.858041069,590.89
437.881569354,590.89
437.905332712,590.89
437.928460481,596.03
437.951901789,596.03
437.975684668,596.03
438.000285667,596.03
438.023973921,598.79
438.047288572,598.79
438.070517046,598.79
438.094350197,598.79
438.117248716,609.18
438.140314437,609.18
438.164180132,609.18
438.187736897,609.18
438.211072956,609.18
438.234808763,605.29
438.258053333,605.29
438.281427024,605.29
438.304859308,605.29
438.328339209,605.14
438.352028167,605.14
438.375571812,605.14
438.399080609,605.14
438.422414779,608.51
438.445526388,608.51
438.468629901,608.51
438.492074249,608.51
438.515598854,608.85
438.539160931,608.85
438.562410461,608.85
438.585890042,608.85
438.609248565,608.85
438.632559760,609.51
438.656091501,609.51
438.679646410,609.51
438.703308808,609.51
438.726544642,602.99
438.749384312,602.99
438.772471537,602.99
438.796105167,602.99
438.819672684,588.18
438.842948742,588.18
438.866549764,588.18
438.889992800,588.18
438.913273466,588.18
438.936671926,587.53
438.960371956,587.53
438.983544686,587.53
439.007129259,587.53
439.030644168,588.73
439.054508552,588.73
439.078743179,588.73
439.103688117,588.73
439.127321011,586.17
439.151187539,586.17
439.174154699,586.17
439.197783689,586.17
439.221565160,586.17
439.245048708,587.96
439.268979717,587.96
439.292711748,587.96
439.315938622,587.96
439.339496187,585.61
439.363123417,585.61
439.386514421,585.61
439.410029393,585.61
439.433647087,586.75
439.456962826,586.75
439.480721417,586.75
439.504162149,586.75
439.527491649,584.29
439.551238080,584.29
439.574588731,584.29
439.599138881,584.29
439.622179194,584.29
439.645513045,583.99
439.668723759,583.99
439.692024266,583.99
439.715965643,583.99
439.739158468,584.52
439.762307230,584.52
439.785561336,584.52
439.809928349,584.52
439.833445338,579.38
439.856390577,579.38
439.878998566,579.38
439.901569658,579.38
439.924730675,579.38
439.948574899,536.83
439.972184497,536.83
439.996027057,536.83
440.019677679,536.83
440.043458350,533.12
440.066612679,533.12
440.090226661,533.12
440.113903460,533.12
440.137557506,531.09
440.161121439,531.09
440.184966719,531.09
440.208090008,531.09
440.232007289,526.54
440.255415733,526.54
440.278703439,526.54
440.304337792,526.54
440.328098623,526.54
440.351532220,527.60
440.375291515,527.60
440.398707191,527.60
440.422285460,527.60
440.445802769,528.89
440.468853994,528.89
440.492586057,528.89
440.516153542,528.89
440.539622595,526.00
440.562847069,526.00
440.586713118,526.00
440.609960856,526.00
440.633699863,524.72
440.657305589,524.72
440.680955955,524.72
440.704436176,524.72
440.728273072,524.72
440.751337992,526.12
440.774616931,526.12
440.798086016,526.12
440.821351002,526.12
440.844752022,558.98
440.868285779,558.98
440.891931090,558.98
440.915218124,558.98
440.938564296,584.85
440.962022532,584.85
440.985555489,584.85
441.008853244,584.85
441.032184792,584.85
441.055373233,558.46
441.078965903,558.46
441.102388715,558.46
441.126382701,558.46
441.150049035,533.23
441.173555208,533.23
441.195974171,533.23
441.219309686,533.23
441.242255149,490.22
441.265767754,490.22
441.289390409,490.22
441.312920422,490.22
441.336273729,490.22
441.359724318,488.82
441.383104698,488.82
441.406686743,488.82
441.430299029,488.82
441.454195606,485.64
441.477892821,485.64
441.501842774,485.64
441.525289171,485.64
441.549171219,484.15
441.572634960,484.15
441.599046984,484.15
441.623897778,484.15
441.647498480,490.60
441.671131310,490.60
441.694876749,490.60
441.718860078,490.60
441.742523629,488.83
441.766579055,488.83
441.789854378,488.83
441.813517960,488.83
441.837430857,488.83
441.861262825,490.04
441.884977448,490.04
441.908867593,490.04
441.932243493,490.04
441.955990852,497.07
441.979530177,497.07
442.003066303,497.07
442.026860606,497.07
442.050433884,522.97
442.074418142,522.97
442.098549344,522.97
442.122391105,522.97
442.146056511,551.19
442.170184834,551.19
442.193560318,551.19
442.217051803,551.19
442.241042236,551.19
442.264514521,594.60
442.288606107,594.60
442.312147353,594.60
442.335736279,594.60
442.359301141,604.71
442.383177525,604.71
442.406579217,604.71
442.430536723,604.71
442.454046928,610.96
442.477663118,610.96
442.501383501,610.96
442.524756809,610.96
442.548605194,613.05
442.572192391,613.05
442.599001892,613.05
442.622736035,613.05
442.646420162,613.05
442.669972191,611.69
442.693813120,611.69
442.717422430,611.69
442.740807514,611.69
442.763926547,610.29
442.786980524,610.29
442.810248199,610.29
442.833501890,610.29
442.856995199,610.82
442.880507804,610.82
442.903836984,610.82
442.927567703,610.82
442.951480120,590.40
442.974939348,590.40
442.997901804,590.40
443.020698307,590.40
443.043401177,590.40
443.066494610,546.22
443.090185937,546.22
443.114012241,546.22
443.137452685,546.22
443.160883178,542.83
443.184610089,542.83
443.208251527,542.83
443.232694989,542.83
443.256360780,545.11
443.280123276,545.11
443.303955916,545.11
443.327580906,545.11
443.351485099,545.11
443.375197451,542.33
443.401630723,542.33
443.425284386,542.33
443.449105826,542.33
443.472230236,538.44
443.495839866,538.44
443.519785212,538.44
443.543893887,538.44
443.567408764,535.34
443.590589654,535.34
443.614324598,535.34
443.638765660,535.34
443.662476827,534.16
443.685742294,534.16
443.709309332,534.16
443.732819729,534.16
443.755921290,534.81
443.779596585,534.81
443.802826660,534.81
443.825854845,534.81
443.849525500,534.81
443.873321660,533.59
443.897590656,533.59
443.921415424,533.59
443.944838589,533.59
443.968718238,549.77
443.992041625,549.77
444.015675736,549.77
444.039350071,549.77
444.063306616,598.55
444.086776213,598.55
444.110170769,598.55
444.133936881,598.55
444.157875506,598.55
444.181478320,598.92
444.204986158,598.92
444.228775406,598.92
444.252039881,598.92
444.275282916,597.47
444.298862530,597.47
444.322246366,597.47
444.345731451,597.47
444.368935670,599.26
444.392746422,599.26
444.416433909,599.26
444.446014028,599.26
444.469869837,596.84
444.494024016,596.84
444.517744431,596.84
444.541211180,596.84
444.564776938,599.73
444.588645163,599.73
444.612033512,599.73
444.635362467,599.73
444.658617950,599.73
444.682132476,600.93
444.705648825,600.93
444.729235095,600.93
444.753814335,600.93
444.777277820,600.97
444.800614200,600.97
444.824208662,600.97
444.849083872,600.97
444.872439132,577.35
444.895607318,577.35
444.918801521,577.35
444.941517415,577.35
444.964178428,577.35
444.986711601,543.18
445.009517799,543.18
445.032679522,543.18
445.056553603,543.18
445.080084800,519.17
445.103431932,519.17
445.127126427,519.17
445.150849179,519.17
445.174167318,517.38
445.197754868,517.38
445.221221010,517.38
445.244971249,517.38
445.268443566,521.84
445.291489895,521.84
445.315156454,521.84
445.338801381,521.84
445.362145441,521.84
445.385922497,519.24
445.409513376,519.24
445.433101534,519.24
445.457153409,519.24
445.480665854,517.40
445.504279453,517.40
445.528161438,517.40
445.552114528,517.40
445.575814335,515.70
445.599330269,515.70
445.622543608,515.70
445.646037269,515.70
445.669814005,515.70
445.692642668,518.69
445.715929800,518.69
445.739458853,518.69
445.763280678,518.69
445.786922469,522.00
445.810702277,522.00
445.833674045,522.00
445.857532894,522.00
445.881266270,541.83
445.904658298,541.83
445.928407034,541.83
445.951742294,541.83
445.975054642,579.81
445.998453998,579.81
446.021720458,579.81
446.044877988,579.81
446.068705444,579.81
446.091754654,603.45
446.114835095,603.45
446.138486294,603.45
446.161708881,603.45
446.185417360,606.97
446.209052079,606.97
446.232555117,606.97
446.256266956,606.97
446.279498023,608.64
446.303026085,608.64
446.326555235,608.64
446.349787646,608.64
446.373754496,608.64
446.397495264,608.69
446.421210175,608.69
446.445141441,608.69
446.469017282,608.69
446.492387967,610.46
446.516066494,610.46
446.544728172,610.46
446.568242090,610.46
446.592148779,612.10
446.615805642,612.10
446.639306152,612.10
446.663336299,612.10
446.686817224,610.53
446.710472391,610.53
446.734062150,610.53
446.757812870,610.53
446.781981866,611.13
446.805681161,611.13
446.829141446,611.13
446.852818502,611.13
446.876447972,611.13
446.899517342,614.89
446.923037628,614.89
446.946489497,614.89
446.970478139,614.89
446.994380541,615.86
447.017638360,615.86
447.042435874,615.86
447.066113377,615.86
447.089683711,615.45
447.113297854,615.45
447.136693467,615.45
447.159849141,615.45
447.182899662,609.69
447.205680677,609.69
447.228420444,609.69
447.251358292,609.69
447.274493966,609.69
447.297585160,603.46
447.320974021,603.46
447.344930055,603.46
447.368738535,603.46
447.391973987,572.32
447.415135613,572.32
447.437999541,572.32
447.461218640,572.32
447.485029553,543.97
447.508418477,543.97
447.531100803,543.97
447.553755353,543.97
447.576664881,498.52
447.623903151,498.52
447.647353772,498.52
447.670996075,498.52
447.694518409,496.60
447.717584451,496.60
447.740606812,496.60
447.763936376,496.60
447.787342421,496.62
447.810788338,496.62
447.834309520,496.62
447.856924710,496.62
447.880415491,496.62
447.904192804,495.29
447.927657633,495.29
447.951346849,495.29
447.975024160,495.29
447.998084026,491.52
448.021699800,491.52
448.045296023,491.52
448.068626419,491.52
448.091961071,495.32
448.115339308,495.32
448.138580519,495.32
448.161998116,495.32
448.185662916,495.32
448.208856926,495.12
448.232545342,495.12
448.256073372,495.12
448.280073022,495.12
448.303503100,505.05
448.327172091,505.05
448.350552696,505.05
448.374776381,505.05
448.398129529,530.79
448.421549078,530.79
448.445076628,530.79
448.468299216,530.79
448.492261426,569.12
448.515721039,569.12
448.539128812,569.12
448.562965389,569.12
448.586650509,569.12
448.613556235,604.02
448.637374252,604.02
448.662726331,604.02
448.686391163,604.02
448.710425182,606.37
448.733917275,606.37
448.757686364,606.37
448.782889770,606.37
448.806360039,608.72
448.830336522,608.72
448.853794791,608.72
448.878018988,608.72
448.901821709,611.17
448.925128009,611.17
448.948774344,611.17
448.972377575,611.17
448.995901253,610.29
449.019519140,610.29
449.043163907,610.29
449.066306941,610.29
449.089965117,610.29
449.113756125,606.60
449.137280988,606.60
449.160997659,606.60
449.186130057,606.60
449.209499717,608.52
449.235216216,608.52
449.258818967,608.52
449.282163955,608.52
449.305946452,612.24
449.329461938,612.24
449.353130482,612.24
449.376545295,612.24
449.400394064,609.54
449.423393962,609.54
449.446496036,609.54
449.469920353,609.54
449.493583201,609.54
449.516765692,604.81
449.539887030,604.81
449.563055697,604.81
449.586576303,604.81
449.613737392,587.96
449.636848010,587.96
449.660172326,587.96
449.684312618,587.96
449.710524450,553.47
449.732951798,553.47
449.755416010,553.47
449.778308322,553.47
449.802156548,517.97
449.825945348,517.97
449.849182496,517.97
449.872512988,517.97
449.896477695,517.97
449.919444088,517.77
449.942952630,517.77
449.966417651,517.77
449.989943314,517.77
450.013296302,517.96
450.036717068,517.96
450.060182377,517.96
450.084075499,517.96
450.107715402,517.58
450.131419626,517.58
450.155213227,517.58
450.178995148,517.58
450.203176464,517.58
450.227281172,514.21
450.251111797,514.21
450.274813653,514.21
450.298757559,514.21
450.322025971,514.25
450.346109719,514.25
450.369974872,514.25
450.395572682,514.25
450.419249482,512.89
450.443096043,512.89
450.466585801,512.89
450.490998224,512.89
450.514892850,516.60
450.538633746,516.60
450.562423603,516.60
450.586184308,516.60
450.613914650,535.27
450.637669755,535.27
450.661224153,535.27
450.684855929,535.27
450.708255446,535.27
450.731314800,574.34
450.757039107,574.34
450.780608642,574.34
450.804139936,574.34
450.827582686,599.30
450.850517878,599.30
450.874032853,599.30
450.897833718,599.30
450.921207699,573.64
450.944106571,573.64
450.967602409,573.64
450.990989958,573.64
451.014424516,549.29
451.037923874,549.29
451.061797572,549.29
451.085246369,549.29
451.108555550,549.29
451.131785081,518.14
451.154965204,518.14
451.178799477,518.14
451.202325844,518.14
451.226109013,490.04
451.249786068,490.04
451.273023280,490.04
451.296507182,490.04
451.319580328,462.64
451.342860965,462.64
451.366296290,462.64
451.389715936,462.64
451.413122621,429.69
451.437065760,429.69
451.460407420,429.69
451.483354677,429.69
451.506483568,429.69
451.529489514,401.95
451.552731653,401.95
451.576410981,401.95
451.599420351,401.95
451.621951060,366.01
451.644565770,366.01
451.667462307,366.01
451.691018529,366.01
451.715282023,366.01
451.738930759,342.66
451.762256579,342.66
451.786299847,342.66
451.819132861,345.16
451.842929214,345.16
451.866508413,345.16
451.890126365,345.16
451.914033727,345.16
451.937510013,366.89
451.960870426,366.89
451.984574810,366.89
452.008359835,366.89
452.031674807,391.11
452.055397240,391.11
452.078762709,391.11
452.102536821,391.11
452.126028596,418.13
452.150111703,418.13
452.173666518,418.13
452.196834097,418.13
452.220027405,446.19
452.243642700,446.19
452.267334316,446.19
452.290456487,446.19
452.313880389,446.19
452.337475716,478.83
452.361150052,478.83
452.384530177,478.83
452.408152609,478.83
452.431578014,510.74
452.454576568,510.74
452.477665746,510.74
452.501145713,510.74
452.524938418,537.16
452.548336367,537.16
452.572001839,537.16
452.595744880,537.16
452.620729372,537.16
452.644260731,566.22
452.668341087,566.22
452.691708348,566.22
452.715434333,566.22
452.738479639,602.56
452.762064118,602.56
452.785439699,602.56
452.808926833,602.56
452.832765139,601.28
452.858650824,601.28
452.881988005,601.28
452.905692005,601.28
452.929430950,600.51
452.952686722,600.51
452.975996510,600.51
452.999246202,600.51
453.022444886,600.51
453.045680466,602.09
453.069007022,602.09
453.092538573,602.09
453.116299822,602.09
453.139500042,606.07
453.162714341,606.07
453.186663144,606.07
453.210504137,606.07
453.233548420,603.84
453.257146755,603.84
453.280098044,603.84
453.303171159,603.84
453.326234641,603.84
453.349739408,601.12
453.372816522,601.12
453.395782883,601.12
453.418548347,601.12
453.441744311,597.12
453.464923602,597.12
453.488384560,597.12
453.512568981,597.12
453.535501422,573.42
453.558849004,573.42
453.582433259,573.42
453.605396836,573.42
453.627884857,573.42
453.650433519,534.13
453.673220774,534.13
453.696620740,534.13
453.720715880,534.13
453.744064261,518.24
453.767349186,518.24
453.790885441,518.24
453.813829722,518.24
453.837224407,516.32
453.860737142,516.32
453.884358326,516.32
453.913217287,516.32
453.936806470,518.99
453.961828307,518.99
453.985378322,518.99
454.008831888,518.99
454.032094508,518.99
454.055766189,520.69
454.079208267,520.69
454.102291781,520.69
454.126934383,520.69
454.150400397,516.81
454.173701353,516.81
454.197102951,516.81
454.221209707,516.81
454.244276806,516.85
454.267596130,516.85
454.290835647,516.85
454.314202012,516.85
454.337777179,516.85
454.361095832,518.28
454.384914682,518.28
454.408493433,518.28
454.432194074,518.28
454.455500279,520.56
454.479189079,520.56
454.502262002,520.56
454.525542382,520.56
454.548931180,541.62
454.571944966,541.62
454.595030433,541.62
454.620158255,541.62
454.643606157,584.37
454.667331598,584.37
454.690513161,584.37
454.713711781,584.37
454.736800128,584.37
454.759246484,581.35
454.781512679,581.35
454.804008828,581.35
454.826827285,581.35
454.850022576,546.16
454.873801906,546.16
454.896966509,546.16
454.920343595,546.16
454.944157164,547.22
454.967378920,547.22
454.990768166,547.22
455.014018082,547.22
455.037425696,547.22
455.060849598,549.92
455.084049082,549.92
455.107283030,549.92
455.131426362,549.92
455.154817720,551.29
455.178800891,551.29
455.202567356,551.29
455.226002490,551.29
455.249608826,550.99
455.273417532,550.99
455.296900378,550.99
455.320386809,550.99
455.344360316,550.99
455.367755898,552.76
455.391600188,552.76
455.415371741,552.76
455.439159199,552.76
455.462659166,552.84
455.486054747,552.84
455.509689723,552.84
455.533596414,552.84
455.557172830,546.91
455.579985366,546.91
455.602601452,546.91
455.625543974,546.91
455.649064645,546.91
455.672700197,520.26
455.696083202,520.26
455.719478912,520.26
455.743287138,520.26
455.766619775,539.08
455.790342496,539.08
455.813830399,539.08
455.837580512,539.08
455.861028382,575.49
455.885047586,575.49
455.908372511,575.49
455.933212458,575.49
455.956802378,573.23
455.980434474,573.23
456.006597986,573.23
456.029465339,573.23
456.052950777,571.35
456.076518649,571.35
456.100008055,571.35
456.123671576,571.35
456.147734108,571.35
456.170836759,571.55
456.194213877,571.55
456.217457361,571.55
456.240876495,571.55
456.264494959,573.95
456.287957709,573.95
456.311362923,573.95
456.334857482,573.95
456.358242376,571.47
456.381706470,571.47
456.405155685,571.47
456.428869254,571.47
456.452418981,571.47
456.475866340,573.82
456.499467203,573.82
456.522960898,573.82
456.546199519,573.82
456.569299546,586.46
456.592980378,586.46
456.619689048,586.46
456.643056661,586.46
456.666154000,604.77
456.689708336,604.77
456.713349328,604.77
456.736811599,604.77
456.759850025,574.47
456.782282750,574.47
456.804721459,574.47
456.827269321,574.47
456.850606662,574.47
456.874133509,537.14
456.897859974,537.14
456.921211460,537.14
456.944982117,537.14
456.968650438,537.66
456.992343014,537.66
457.015882950,537.66
457.039287684,537.66
457.062620513,538.01
457.086192481,538.01
457.110113955,538.01
457.133969638,538.01
457.157501093,538.01
457.181059524,537.34
457.204781797,537.34
457.228759497,537.34
457.252508778,537.34
457.276563694,536.35
457.300490481,536.35
457.324476469,536.35
457.348626682,536.35
457.372724191,538.45
457.396214238,538.45
457.419834462,538.45
457.444940684,538.45
457.468837743,536.92
457.492775250,536.92
457.516402354,536.92
457.540080275,536.92
457.564522715,531.45
457.588256572,531.45
457.614570166,531.45
457.638178742,531.45
457.661536148,531.45
457.685182708,536.53
457.708770804,536.53
457.732334356,536.53
457.755800211,536.53
457.779682165,568.31
457.802766416,568.31
457.826481393,568.31
457.850215506,568.31
457.873864275,605.13
457.897931351,605.13
457.921376950,605.13
457.945711069,605.13
457.969499519,606.14
457.993385025,606.14
458.016930529,606.14
458.041067174,606.14
458.064540677,606.14
458.088315046,606.53
458.112316426,606.53
458.135918794,606.53
458.159660395,606.53
458.183239403,609.59
458.206488744,609.59
458.229983175,609.59
458.253404421,609.59
458.276862564,610.14
458.300580357,610.14
458.323715937,610.14
458.346741435,610.14
458.370339867,611.87
458.393750458,611.87
458.417135320,611.87
458.440875705,611.87
458.463863571,611.87
458.487203057,610.96
458.510628143,610.96
458.533945421,610.96
458.557427660,610.96
458.580822698,614.39
458.604063463,614.39
458.627472453,614.39
458.651242887,614.39
458.674864583,615.67
458.698586056,615.67
458.722030599,615.67
458.745080546,615.67
458.768678818,615.67
458.792081216,614.64
458.816165765,614.64
458.839758693,614.64
458.862947041,614.64
458.886188286,615.12
458.909769470,615.12
458.932977402,615.12
458.957424514,615.12
458.980827680,615.96
459.004383616,615.96
459.027736446,615.96
459.050954842,615.96
459.074700060,617.84
459.098274780,617.84
459.121312886,617.84
459.144893462,617.84
459.168520087,617.84
459.193719878,616.38
459.217380199,616.38
459.241040039,616.38
459.265585840,616.38
459.289180977,615.72
459.312421805,615.72
459.335839788,615.72
459.360446614,615.72
459.383519505,618.14
459.406700877,618.14
459.429893482,618.14
459.453599051,618.14
459.477144138,620.53
459.500779179,620.53
459.524010248,620.53
459.548049324,620.53
459.571985712,620.53
459.595730929,619.05
459.621208707,619.05
459.644582305,619.05
459.668815496,619.05
459.692437352,618.99
459.715893959,618.99
459.739271749,618.99
459.763377002,618.99
459.786923882,620.57
459.811079311,620.57
459.834489070,620.57
459.858093742,620.57
459.881788879,620.67
459.905160109,620.67
459.928977679,620.67
459.952649648,620.67
459.976345810,620.67
459.999919218,618.84
460.023838037,618.84
460.047112594,618.84
460.072111839,618.84
460.095453021,619.75
460.118989149,619.75
460.142606493,619.75
460.166340927,619.75
460.189529435,618.03
460.212769176,618.03
460.236070485,618.03
460.259491124,618.03
460.283067444,618.03
460.306370097,620.82
460.329797232,620.82
460.353149774,620.82
460.376492876,620.82
460.399871274,619.44
460.423367434,619.44
460.446625287,619.44
460.469714338,619.44
460.492901343,619.08
460.515980506,619.08
460.539070678,619.08
460.562276178,619.08
460.585393038,619.08
460.608792172,612.80
460.632067402,612.80
460.654711841,612.80
460.677777212,612.80
460.701088890,583.30
460.724869692,583.30
460.748633470,583.30
460.771718009,583.30
460.795030199,553.74
460.817942449,553.74
460.841072813,553.74
460.864463115,553.74
460.888041355,522.51
460.911723116,522.51
460.935155947,522.51
460.958668715,522.51
460.981795911,522.51
461.004654720,487.81
461.027875069,487.81
461.051258395,487.81
461.075079677,487.81
461.098752670,454.94
461.121450838,454.94
461.144028205,454.94
461.166779973,454.94
461.190395974,421.66
461.214377322,421.66
461.237704647,421.66
461.261338952,421.66
461.285105738,421.66
461.308758155,417.59
461.332172618,417.59
461.355418247,417.59
461.378707780,417.59
461.402234820,415.70
461.426029991,415.70
461.448790143,415.70
461.472122333,415.70
461.495675165,414.39
461.519167453,414.39
461.542576379,414.39
461.566253180,414.39
461.589206327,414.39
461.614354886,417.24
461.637507010,417.24
461.660642206,417.24
461.684129662,417.24
461.707394363,446.76
461.730599192,446.76
461.754276441,446.76
461.778270749,446.76
461.801669884,477.20
461.825126139,477.20
461.848329976,477.20
461.872007513,477.20
461.896149630,506.22
461.919581053,506.22
461.943157854,506.22
461.966739262,506.22
461.989927738,506.22
462.013273976,529.68
462.036358580,529.68
462.059477360,529.68
462.082662317,529.68
462.105936138,558.88
462.129293416,558.88
462.152939817,558.88
462.176246599,558.88
462.200017929,599.91
462.223696650,599.91
462.247031432,599.91
462.270344454,599.91
462.294728430,599.91
462.318004843,600.22
462.341810990,600.22
462.365437071,600.22
462.389065616,600.22
462.412451086,598.30
462.435994350,598.30
462.459435501,598.30
462.483678100,598.30
462.507363030,602.79
462.530507506,602.79
462.553806192,602.79
462.577241391,602.79
462.600601453,601.63
462.624458448,601.63
462.647877359,601.63
462.670667688,601.63
462.693992774,601.63
462.717545446,598.93
462.740823620,598.93
462.763979872,598.93
462.787398111,598.93
462.810715645,599.57
462.834031131,599.57
462.857341081,599.57
462.880886681,599.57
462.904353656,600.46
462.927813271,600.46
462.950903411,600.46
462.974713110,600.46
462.998174453,600.46
463.021488211,601.50
463.045036275,601.50
463.068061486,601.50
463.091584334,601.50
463.114570441,603.05
463.137593732,603.05
463.160565598,603.05
463.183880732,603.05
463.207267035,603.51
463.230461880,603.51
463.253231024,603.51
463.276123658,603.51
463.299742859,603.51
463.322899848,580.08
463.375598430,580.08
463.398408119,580.08
463.421589780,580.08
463.445020723,547.30
463.468521939,547.30
463.491888401,547.30
463.515830837,547.30
463.538815440,517.89
463.561879596,517.89
463.585204042,517.89
463.608731434,517.89
463.631874214,492.69
463.655363366,492.69
463.678935942,492.69
463.702610664,492.69
463.725772836,492.69
463.748987137,462.00
463.772064925,462.00
463.795297434,462.00
463.818465463,462.00
463.841760917,437.20
463.865127603,437.20
463.888572275,437.20
463.912576663,437.20
463.935902613,406.39
463.958681166,406.39
463.981096228,406.39
464.003865053,406.39
464.027180379,362.82
464.050819164,362.82
464.074576414,362.82
464.097877980,362.82
464.121673982,362.82
464.145373440,361.64
464.168711326,361.64
464.192452128,361.64
464.216134946,361.64
464.239446624,362.19
464.263102945,362.19
464.286690434,362.19
464.310475653,362.19
464.334473609,383.14
464.358096842,383.14
464.381973870,383.14
464.405452206,383.14
464.428723019,410.20
464.451956553,410.20
464.475543497,410.20
464.499001449,410.20
464.522261158,410.20
464.546162666,443.04
464.569432008,443.04
464.592678085,443.04
464.616613578,443.04
464.639840039,468.46
464.663403783,468.46
464.687035529,468.46
464.710781931,468.46
464.734659022,494.95
464.758304944,494.95
464.781580045,494.95
464.806146391,494.95
464.829337364,529.23
464.852884181,529.23
464.876492054,529.23
464.900528731,529.23
464.923952986,529.23
464.947620859,559.81
464.970409780,559.81
464.993979221,559.81
465.018021050,559.81
465.041454553,594.75
465.065033562,594.75
465.088950846,594.75
465.112015578,594.75
465.135285816,602.70
465.158655670,602.70
465.181811955,602.70
465.205220242,602.70
465.228761522,604.12
465.252585941,604.12
465.276178710,604.12
465.300300284,604.12
465.323952029,604.12
465.347954914,607.59
465.371016638,607.59
465.394481854,607.59
465.418275361,607.59
465.442037539,607.02
465.467892666,607.02
465.491609052,607.02
465.515645249,607.02
465.539356579,609.01
465.563284615,609.01
465.586941481,609.01
465.613791081,609.01
465.636833124,611.34
465.660633831,611.34
465.684242216,611.34
465.707530790,611.34
465.731106663,613.32
465.754631783,613.32
465.777748196,613.32
465.800971329,613.32
465.824717092,613.32
465.848210019,614.47
465.871681475,614.47
465.895092066,614.47
465.918541538,614.47
465.942196196,612.02
465.965695716,612.02
465.988980482,612.02
466.012857253,612.02
466.036213604,616.19
466.059565763,616.19
466.083126595,616.19
466.106357505,616.19
466.129868225,616.19
466.153857381,619.92
466.177113763,619.92
466.200673156,619.92
466.224083619,619.92
466.247261472,618.38
466.270846145,618.38
466.293937245,618.38
466.318188964,618.38
466.341740613,616.63
466.365368486,616.63
466.388805126,616.63
466.412675434,616.63
466.435698917,616.86
466.458503903,616.86
466.481947998,616.86
466.505279517,616.86
466.528493915,616.86
466.551809881,617.12
466.575188504,617.12
466.598452406,617.12
466.621929878,617.12
466.645259924,590.17
466.668646707,590.17
466.692188468,590.17
466.716184889,590.17
466.739557496,574.69
466.763197689,574.69
466.786725594,574.69
466.810225722,574.69
466.833806107,569.80
466.857405308,569.80
466.880969501,569.80
466.904292219,569.80
466.928079262,569.80
466.951694431,568.27
466.974878493,568.27
466.998612383,568.27
467.021971518,568.27
467.045352605,565.00
467.069501027,565.00
467.093028228,565.00
467.116674021,565.00
467.140595241,565.88
467.164086921,565.88
467.187780171,565.88
467.211700016,565.88
467.235215024,565.88
467.259048883,566.02
467.282707925,566.02
467.305706161,566.02
467.329683957,566.02
467.353439384,561.27
467.377203099,561.27
467.401166208,561.27
467.424876354,561.27
467.447799613,560.65
467.471100795,560.65
467.494105719,560.65
467.517215571,560.65
467.540679123,557.38
467.563667311,557.38
467.587124142,557.38
467.613821325,557.38
467.637427119,557.38
467.661005680,549.32
467.684932948,549.32
467.707819982,549.32
467.731240718,549.32
467.754534956,541.66
467.778113965,541.66
467.801537901,541.66
467.825346832,541.66
467.849370197,515.70
467.872708404,515.70
467.895587918,515.70
467.918405896,515.70
467.941330467,476.15
467.964980389,476.15
467.988990314,476.15
468.012625452,476.15
468.036166092,476.15
468.060011152,470.01
468.083606673,470.01
468.107141618,470.01
468.130921909,470.01
468.154343572,466.56
468.177927221,466.56
468.201681784,466.56
468.225071095,466.56
468.248327797,468.47
468.271685140,468.47
468.294725328,468.47
468.317837421,468.47
468.340872329,468.47
468.363348223,471.71
468.386862656,471.71
468.410246047,471.71
468.434440774,471.71
468.457899302,449.46
468.481273958,449.46
468.504800870,449.46
468.529187503,449.46
468.552769712,425.93
468.576035502,425.93
468.599081323,425.93
468.626843220,425.93
468.650104338,419.47
468.673296175,419.47
468.696326315,419.47
468.719415592,419.47
468.742886216,419.47
468.766336584,417.05
468.789855560,417.05
468.813346825,417.05
468.837559888,417.05
468.860503467,417.61
468.883701864,417.61
468.906987911,417.61
468.929950274,417.61
468.952629851,420.95
468.975165298,420.95
468.998077549,420.95
469.021551981,420.95
469.045282416,420.95
469.068664143,402.07
469.092132207,402.07
469.115662800,402.07
469.140630270,402.07
469.164036638,402.24
469.187503070,402.24
469.210954430,402.24
469.235194405,402.24
469.259116874,402.71
469.282235270,402.71
469.306059882,402.71
469.329491434,402.71
469.353115244,401.80
469.376584716,401.80
469.400543345,401.80
469.423694862,401.80
469.447268847,401.80
469.470610190,425.23
469.493798412,425.23
469.517396109,425.23
469.540878350,425.23
469.564385070,450.28
469.588128849,450.28
469.611839508,450.28
469.635431829,450.28
469.660130657,485.26
469.683680226,485.26
469.707869897,485.26
469.730824645,485.26
469.754099523,485.26
469.777190656,506.95
469.800598975,506.95
469.823940158,506.95
469.847163708,506.95
469.870308313,508.99
469.894222942,508.99
469.917914528,508.99
469.941771556,508.99
469.964693407,515.67
469.987475577,515.67
470.010326675,515.67
470.033778483,515.67
470.057383189,511.85
470.081138776,511.85
470.104234228,511.85
470.127648820,511.85
470.151142933,511.85
470.174707510,511.90
470.198243159,511.90
470.221829560,511.90
470.245523098,511.90
470.269284766,513.99
470.292530396,513.99
470.315872571,513.99
470.339183386,513.99
470.362446936,512.28
470.385897752,512.28
470.409636443,512.28
470.432632855,512.28
470.456524860,512.28
470.479833146,513.99
470.503202746,513.99
470.526843516,513.99
470.551716298,513.99
470.574870695,511.75
470.598441736,511.75
470.625299401,511.75
470.648732201,511.75
470.672398315,513.31
470.695662314,513.31
470.719006985,513.31
470.742344200,513.31
470.765865769,516.44
470.789350921,516.44
470.813059852,516.44
470.836067272,516.44
470.859072164,516.44
470.881999263,537.63
470.905163709,537.63
470.928202521,537.63
470.951444215,537.63
470.974925560,560.09
470.998334199,560.09
471.021500853,560.09
471.044526673,560.09
471.067813296,567.74
471.091212239,567.74
471.114607311,567.74
471.137721644,567.74
471.160544806,567.74
471.183901957,539.46
471.206992002,539.46
471.230213536,539.46
471.253562207,539.46
471.276805502,510.78
471.299887962,510.78
471.323044952,510.78
471.346152085,510.78
471.369259218,481.29
471.392632722,481.29
471.416168211,481.29
471.439946390,481.29
471.463466839,481.29
471.486331954,450.36
471.508984555,450.36
471.532076999,450.36
471.555395878,450.36
471.579320811,416.85
471.603182576,416.85
471.626562863,416.85
471.650216849,416.85
471.674026933,414.76
471.697660343,414.76
471.721562012,414.76
471.745309023,414.76
471.778198106,414.61
471.801973117,414.61
471.825182747,414.61
471.849118208,414.61
471.873234055,420.55
471.896773960,420.55
471.920543723,420.55
471.944258350,420.55
471.967601325,420.55
471.991348976,425.74
472.015015987,425.74
472.038220337,425.74
472.062573818,425.74
472.085738615,453.95
472.109240056,453.95
472.133068284,453.95
472.157155234,453.95
472.180570851,485.22
472.204184196,485.22
472.227220993,485.22
472.250705025,485.22
472.274368036,512.26
472.297832452,512.26
472.321460038,512.26
472.345091337,512.26
472.368178438,512.26
472.391430692,534.49
472.414801220,534.49
472.437736415,534.49
472.461090335,534.49
472.484343869,577.60
472.507774686,577.60
472.531154749,577.60
472.554412700,577.60
472.577591482,595.61
472.600457429,595.61
472.625280290,595.61
472.648545377,595.61
472.671565373,595.61
472.695402753,564.59
472.719011363,564.59
472.742548581,564.59
472.767166928,564.59
472.790721938,534.22
472.816261926,534.22
472.839079264,534.22
472.861607960,534.22
472.884340050,490.63
472.907182188,490.63
472.930647565,490.63
472.954394608,490.63
472.977975634,490.63
473.001649236,478.79
473.025133717,478.79
473.048261138,478.79
473.071915477,478.79
473.095209108,481.09
473.118776213,481.09
473.142277942,481.09
473.165708278,481.09
473.189051062,478.34
473.212552087,478.34
473.235880662,478.34
473.259531160,478.34
473.283333116,482.67
473.307323234,482.67
473.330865187,482.67
473.355017547,482.67
473.379117426,482.67
473.402831189,484.92
473.426820826,484.92
473.450169562,484.92
473.474083967,484.92
473.497821186,481.41
473.521665191,481.41
473.545166920,481.41
473.569253006,481.41
473.592656718,485.57
473.619814354,485.57
473.643392404,485.57
473.668052704,485.57
473.691759587,516.83
473.715499719,516.83
473.739008712,516.83
473.762740683,516.83
473.786277580,543.66
473.809824334,543.66
473.833068813,543.66
473.856096585,543.66
473.879763756,543.66
473.903698161,580.98
473.927135281,580.98
473.951115415,580.98
473.974630424,580.98
473.998201914,576.54
474.022006590,576.54
474.045372030,576.54
474.068641756,576.54
474.091939323,548.23
474.115538109,548.23
474.139102751,548.23
474.162645825,548.23
474.186511013,548.23
474.210054311,518.61
474.233425062,518.61
474.256405954,518.61
474.279580512,518.61
474.302710142,482.90
474.325482168,482.90
474.348944153,482.90
474.373658854,482.90
474.397020966,463.27
474.420259236,463.27
474.443264993,463.27
474.466728386,463.27
474.490503301,459.75
474.513927142,459.75
474.537162788,459.75
474.560520068,459.75
474.583675682,459.75
474.607066786,460.60
474.630804614,460.60
474.654383816,460.60
474.677793864,460.60
474.701724397,456.47
474.724987852,456.47
474.748469805,456.47
474.771821389,456.47
474.795542064,456.47
474.819316500,460.24
474.842880725,460.24
474.866565368,460.24
474.890269660,460.24
474.914171713,460.71
474.937864740,460.71
474.962194541,460.71
474.986079634,460.71
475.009647987,489.23
475.033139412,489.23
475.056543765,489.23
475.080433146,489.23
475.104350239,519.17
475.127782463,519.17
475.151603491,519.17
475.175550249,519.17
475.199131403,541.12
475.222676396,541.12
475.246245486,541.12
475.269140650,541.12
475.292661899,541.12
475.315888010,564.80
475.339476492,564.80
475.362866124,564.80
475.386467470,564.80
475.409438571,562.40
475.434490235,562.40
475.457993308,562.40
475.481790112,562.40
475.505341826,541.36
475.528801251,541.36
475.551973409,541.36
475.574993758,541.36
475.598706753,512.80
475.625436865,512.80
475.648925090,512.80
475.672536933,512.80
475.695877317,512.80
475.718516670,481.31
475.741316760,481.31
475.764261012,481.31
475.787749077,481.31
475.811734683,445.64
475.835219100,445.64
475.858775774,445.64
475.883646733,445.64
475.907229487,450.42
475.930522734,450.42
475.954260529,450.42
475.977837780,450.42
476.002568065,446.23
476.026386565,446.23
476.049626628,446.23
476.073307719,446.23
476.097278829,446.23
476.120645293,443.67
476.144316111,443.67
476.167834577,443.67
476.191806135,443.67
476.214987061,444.63
476.238797369,444.63
476.262346843,444.63
476.287222505,444.63
476.310830188,451.18
476.333889033,451.18
476.357478699,451.18
476.381221039,451.18
476.404765585,472.69
476.428538485,472.69
476.451991126,472.69
476.475321110,472.69
476.499143162,472.69
476.522662588,498.92
476.546057788,498.92
476.569567614,498.92
476.592750588,498.92
476.619189658,532.19
476.643107615,532.19
476.666439519,532.19
476.690580774,532.19
476.714159944,559.32
476.737283622,559.32
476.760955881,559.32
476.784348106,559.32
476.807895148,601.44
476.831531310,601.44
476.854960463,601.44
476.878497425,601.44
476.902030514,601.44
476.925455475,599.22
476.948971669,599.22
476.972273940,599.22
476.995922711,599.22
477.019395096,599.68
477.043346558,599.68
477.066752255,599.68
477.090543491,599.68
477.114294823,596.53
477.137677927,596.53
477.161541324,596.53
477.185250415,596.53
477.209026067,596.53
477.232891672,600.13
477.256349305,600.13
477.279916603,600.13
477.303673087,600.13
477.326828829,602.50
477.350413792,602.50
477.373995202,602.50
477.397503812,602.50
477.421274312,600.50
477.445011564,600.50
477.468608654,600.50
477.492266225,600.50
477.516388313,601.74
477.540071420,601.74
477.563978753,601.74
477.587706469,601.74
477.611585706,601.74
477.635606129,603.68
477.658851664,603.68
477.682038158,603.68
477.706360664,603.68
477.729560598,600.15
477.753188121,600.15
477.776968061,600.15
477.800044123,600.15
477.823836415,597.78
477.847709572,597.78
477.871253734,597.78
477.894879721,597.78
477.918610605,604.45
477.941611370,604.45
477.964947689,604.45
477.988535660,604.45
478.012309680,604.45
478.035696624,605.98
478.058823502,605.98
478.082101390,605.98
478.106495096,605.98
478.129641462,602.13
478.152655059,602.13
478.175634671,602.13
478.198824718,602.13
478.222326512,588.01
478.245975506,588.01
478.269373715,588.01
478.292704627,588.01
478.315616303,588.01
478.338803310,556.14
478.362515121,556.14
478.385858002,556.14
478.409631158,556.14
478.432982038,531.42
478.456107412,531.42
478.479015152,531.42
478.503212472,531.42
478.526549176,500.62
478.549858776,500.62
478.573460795,500.62
478.597131966,500.62
478.624735271,466.86
478.647234591,466.86
478.669815640,466.86
478.692644755,466.86
478.716215478,466.86
478.740025466,431.52
478.763724190,431.52
478.787128223,431.52
478.810356350,431.52
478.833889792,433.14
478.857600899,433.14
478.881547145,433.14
478.906364791,433.14
478.929594775,432.96
478.953721278,432.96
478.976779708,432.96
479.000535808,432.96
479.024035169,432.96
479.047634980,426.38
479.071061029,426.38
479.094987339,426.38
479.118548717,426.38
479.143115545,432.15
479.166363128,432.15
479.189792441,432.15
479.213507421,432.15
479.237114239,449.43
479.260739266,449.43
479.284542215,449.43
479.309539703,449.43
479.333087545,471.94
479.356927294,471.94
479.380185278,471.94
479.403723680,471.94
479.427159361,471.94
479.450861989,500.61
479.474264102,500.61
479.497711463,500.61
479.521108808,500.61
479.544238278,524.52
479.567287331,524.52
479.590510946,524.52
479.618853555,524.52
479.641968689,557.11
479.665397426,557.11
479.688755922,557.11
479.713264222,557.11
479.736517213,566.79
479.759516538,566.79
479.782780026,566.79
479.806465533,566.79
479.830310946,538.07
479.854096519,538.07
479.877856587,538.07
479.900978825,538.07
479.924161928,538.07
479.947420039,508.78
479.970626950,508.78
479.994222409,508.78
480.018008910,508.78
480.042001492,482.33
480.065549270,482.33
480.088691189,482.33
480.111954548,482.33
480.135227828,454.65
480.158819030,454.65
480.181986901,454.65
480.205693625,454.65
480.229212443,454.65
480.252546427,423.32
480.275762266,423.32
480.299174299,423.32
480.323431300,423.32
480.346118110,392.90
480.369355390,392.90
480.392543132,392.90
480.415813468,392.90
480.439252861,366.52
480.462711423,366.52
480.486293378,366.52
480.509561089,366.52
480.532963490,366.52
480.555955935,340.83
480.579310368,340.83
480.602717505,340.83
480.625757694,340.83
480.648171670,308.78
480.670719662,308.78
480.693842157,308.78
480.717477936,308.78
480.741943579,310.13
480.765763232,310.13
480.789366467,310.13
480.813160744,310.13
480.836695370,310.13
480.860519279,334.66
480.884400372,334.66
480.907876918,334.66
480.931485849,334.66
480.955238877,369.55
480.978219994,369.55
481.001824093,369.55
481.025402784,369.55
481.048669535,396.01
481.072017728,396.01
481.095407297,396.01
481.118837986,396.01
481.142950314,421.73
481.166296010,421.73
481.189572042,421.73
481.213332494,421.73
481.238233086,421.73
481.261499933,445.64
481.285768807,445.64
481.309026534,445.64
481.332091396,445.64
481.355505413,473.60
481.378538051,473.60
481.401806435,473.60
481.426770291,473.60
481.450307477,500.16
481.473414515,500.16
481.496977494,500.16
481.520248374,500.16
481.543569878,527.34
481.567079128,527.34
481.590277591,527.34
481.619365871,527.34
481.642450573,527.34
481.665752493,570.38
481.689179951,570.38
481.712345581,570.38
481.735608749,570.38
481.759291985,587.23
481.782923924,587.23
481.805993234,587.23
481.829408275,587.23
481.852253583,570.38
481.875715921,570.38
481.899468149,570.38
481.922927383,570.38
481.946293399,569.32
481.970096156,569.32
481.993241371,569.32
482.016133239,569.32
482.039062548,569.32
482.061934352,570.95
482.085056142,570.95
482.108218221,570.95
482.131456236,570.95
482.154723500,570.12
482.178041644,570.12
482.201324076,570.12
482.224917519,570.12
482.252236150,550.48
482.275407125,550.48
482.298321553,550.48
482.321444016,550.48
482.344974354,550.48
482.368566069,536.08
482.391873846,536.08
482.414956180,536.08
482.439694882,536.08
482.463091427,537.20
482.486859336,537.20
482.510314729,537.20
482.535056407,537.20
482.558450744,541.65
482.581872698,541.65
482.605025753,541.65
482.628914239,541.65
482.652528642,541.65
482.675838882,538.98
482.699264388,538.98
482.722378786,538.98
482.746438153,538.98
482.769643433,545.28
482.793241516,545.28
482.816420395,545.28
482.840593780,545.28
482.863984981,560.66
482.887468247,560.66
482.910450740,560.66
482.933518290,560.66
482.956598448,566.04
482.980108530,566.04
483.003055471,566.04
483.026018540,566.04
483.049660143,566.04
483.073254226,564.77
483.096824597,564.77
483.119941140,564.77
483.142874768,564.77
483.165708204,565.31
483.188579368,565.31
483.211413572,565.31
483.234337344,565.31
483.257864451,574.58
483.281337381,574.58
483.304499716,574.58
483.327162846,574.58
483.350375678,574.58
483.373821599,560.57
483.397000094,560.57
483.420375840,560.57
483.444067428,560.57
483.467335300,534.08
483.490598628,534.08
483.514130662,534.08
483.537611048,534.08
483.560756135,516.16
483.583887334,516.16
483.607356104,516.16
483.630807434,516.16
483.654369900,516.16
483.677701069,509.80
483.701227248,509.80
483.724892019,509.80
483.749235294,509.80
483.772764256,507.68
483.796382500,507.68
483.819592931,507.68
483.843725420,507.68
483.867319631,509.38
483.890387853,509.38
483.913850959,509.38
483.937117199,509.38
483.960781779,509.38
483.984659992,506.26
484.008220731,506.26
484.031902975,506.26
484.055722309,506.26
484.079593835,507.65
484.103332655,507.65
484.126560911,507.65
484.150299443,507.65
484.173744085,508.11
484.196934228,508.11
484.220146772,508.11
484.243666166,508.11
484.266920086,504.72
484.290214742,504.72
484.313499223,504.72
484.341147105,504.72
484.364823333,501.23
484.388555722,501.23
484.411901291,501.23
484.434670886,501.23
484.457261952,501.23
484.479827897,492.17
484.502727606,492.17
484.526151863,492.17
484.549721082,492.17
484.573569344,490.27
484.597118755,490.27
484.642219605,490.27
484.666259101,490.27
484.689898497,502.96
484.713264418,502.96
484.736759268,502.96
484.760572330,502.96
484.783796969,504.01
484.806938504,504.01
484.830168424,504.01
484.853669706,504.01
484.877158093,504.43
484.900946546,504.43
484.924084657,504.43
484.948188025,504.43
484.971566106,504.43
484.995516001,503.10
485.019087076,503.10
485.042221091,503.10
485.065662533,503.10
485.089099270,500.80
485.112640489,500.80
485.135982826,500.80
485.160060786,500.80
485.182949422,505.75
485.206809748,505.75
485.230437304,505.75
485.254446623,505.75
485.277895073,524.82
485.301932713,524.82
485.324974951,524.82
485.348412713,524.82
485.371782282,552.44
485.397130238,552.44
485.420389822,552.44
485.444145603,552.44
485.467500164,552.44
485.490504674,587.84
485.513862979,587.84
485.537185732,587.84
485.560551973,587.84
485.584067976,605.74
485.607466442,605.74
485.630685065,605.74
485.653512261,605.74
485.676994824,583.62
485.699866916,583.62
485.722899266,583.62
485.746695431,583.62
485.770347307,583.62
485.793971727,555.19
485.817581235,555.19
485.840777586,555.19
485.864684505,555.19
485.887742711,524.89
485.910868822,524.89
485.934629755,524.89
485.959719725,524.89
485.983440657,498.97
486.006839251,498.97
486.029448173,498.97
486.051945030,498.97
486.074629536,498.97
486.097457564,453.64
486.121296034,453.64
486.144798533,453.64
486.168613258,453.64
486.191994603,445.81
486.215631087,445.81
486.238571052,445.81
486.262187376,445.81
486.285534321,446.85
486.309040564,446.85
486.332346581,446.85
486.356202363,446.85
486.379962464,444.21
486.403569603,444.21
486.427136199,444.21
486.450526568,444.21
486.474094443,444.21
486.497902257,445.87
486.521022480,445.87
486.544895062,445.87
486.568530042,445.87
486.592156126,440.79
486.619635655,440.79
486.642461539,440.79
486.666215464,440.79
486.689892269,457.93
486.713492624,457.93
486.737023443,457.93
486.760963802,457.93
486.783975608,489.45
486.808018752,489.45
486.831188511,489.45
486.854464736,489.45
486.878079619,489.45
486.901400836,517.33
486.924453443,517.33
486.947222014,517.33
486.970122747,517.33
486.993096920,547.36
487.016118934,547.36
487.038950643,547.36
487.062168851,547.36
487.085503572,568.89
487.109014390,568.89
487.132475801,568.89
487.155683032,568.89
487.179222267,568.89
487.202530812,554.08
487.226052447,554.08
487.249408384,554.08
487.272900579,554.08
487.296271492,526.18
487.319613734,526.18
487.342396737,526.18
487.365427712,526.18
487.388858562,499.93
487.412263235,499.93
487.435457379,499.93
487.458875493,499.93
487.483388914,499.93
487.506815668,470.51
487.529795569,470.51
487.552551085,470.51
487.575890510,470.51
487.599280944,441.98
487.626426006,441.98
487.650039130,441.98
487.673425627,441.98
487.696647131,412.35
487.719941052,412.35
487.743262461,412.35
487.766052601,412.35
487.788629299,412.35
487.811315022,373.69
487.834088969,373.69
487.857432139,373.69
487.881260529,373.69
487.904784756,353.08
487.927927219,353.08
487.951215348,353.08
487.975528446,353.08
487.999041793,354.40
488.022751686,354.40
488.046149800,354.40
488.069390408,354.40
488.093420080,372.76
488.116467118,372.76
488.139900144,372.76
488.163308050,372.76
488.186730260,372.76
488.209869235,400.40
488.233334166,400.40
488.256689943,400.40
488.280319067,400.40
488.303778653,431.30
488.326986206,431.30
488.350615202,431.30
488.374029060,431.30
488.397192451,457.25
488.421121098,457.25
488.444351083,457.25
488.467512202,457.25
488.490790635,457.25
488.513972747,490.35
488.539960646,490.35
488.563627306,490.35
488.586936875,490.35
488.610486382,521.85
488.634178259,521.85
488.657499156,521.85
488.681112440,521.85
488.704531130,545.48
488.728016189,545.48
488.751673633,545.48
488.775157444,545.48
488.798595206,582.51
488.822179050,582.51
488.845915567,582.51
488.869260528,582.51
488.893112023,582.51
488.916511033,613.66
488.939738905,613.66
488.963455870,613.66
488.986804671,613.66
489.010341571,615.82
489.034179849,615.82
489.057643563,615.82
489.081074701,615.82
489.104371694,614.10
489.127603854,614.10
489.151097361,614.10
489.174597716,614.10
489.198132695,614.10
489.221771420,614.63
489.245378463,614.63
489.268948483,614.63
489.292834058,614.63
489.316651568,617.31
489.340313332,617.31
489.363494484,617.31
489.386828150,617.31
489.410345785,619.13
489.434039038,619.13
489.457268446,619.13
489.480701600,619.13
489.504384453,615.83
489.527402979,615.83
489.550352161,615.83
489.573509537,615.83
489.596817474,615.83
489.625365366,612.68
489.648355124,612.68
489.671577364,612.68
489.695070327,612.68
489.718530490,590.90
489.741757178,590.90
489.764639895,590.90
489.788637215,590.90
489.811756094,562.01
489.835010591,562.01
489.858497505,562.01
489.882100773,562.01
489.905961260,530.26
489.929451407,530.26
489.952639727,530.26
489.975316842,530.26
489.997949220,530.26
490.020601951,489.85
490.043531357,489.85
490.067174177,489.85
490.090925990,489.85
490.114231336,472.77
490.137730058,472.77
490.161427087,472.77
490.184754609,472.77
490.208375765,471.39
490.231720630,471.39
490.255060408,471.39
490.278464474,471.39
490.302260384,471.39
490.325441664,473.32
490.348968323,473.32
490.372530983,473.32
490.395755303,473.32
490.419064425,465.02
490.442749166,465.02
490.465893773,465.02
490.489164174,465.02
490.512817011,466.17
490.536221173,466.17
490.559596087,466.17
490.583190363,466.17
490.606569917,466.17
490.630515396,470.41
490.653921766,470.41
490.678939736,470.41
490.702819775,470.41
490.726291330,491.50
490.749796677,491.50
490.773135046,491.50
490.796377095,491.50
490.819697896,520.31
490.843465710,520.31
490.866494253,520.31
490.889783374,520.31
490.913299889,520.31
490.936504305,546.44
490.960170550,546.44
490.983630329,546.44
491.006533174,546.44
491.029759222,584.84
491.052656308,584.84
491.075849812,584.84
491.099214934,584.84
491.122361685,601.48
491.145616246,601.48
491.168979480,601.48
491.192265817,601.48
491.215787868,601.48
491.239536002,574.93
491.262214173,574.93
491.285435997,574.93
491.308793823,574.93
491.331928991,544.00
491.355420930,544.00
491.379148999,544.00
491.402649259,544.00
491.425706954,513.75
491.448775049,513.75
491.472063338,513.75
491.494820870,513.75
491.517261567,513.75
491.539506134,478.78
491.562154129,478.78
491.585523635,478.78
491.608944981,478.78
491.632349784,457.69
491.655738810,457.69
491.711751671,457.69
491.735742175,457.69
491.761614585,454.76
491.785091804,454.76
491.808687905,454.76
491.832565639,454.76
491.855999402,454.45
491.879552782,454.45
491.902898031,454.45
491.926111056,454.45
491.949748532,457.42
491.973723324,457.42
491.997456802,457.42
492.021541611,457.42
492.045343761,457.42
492.069042998,457.19
492.092980829,457.19
492.116672098,457.19
492.140275495,457.19
492.163888843,463.87
492.187515503,463.87
492.211163348,463.87
492.234925850,463.87
492.258265563,492.19
492.282032193,492.19
492.305671430,492.19
492.328916327,492.19
492.352372138,523.17
492.376211120,523.17
492.399616243,523.17
492.423061430,523.17
492.446490360,523.17
492.469885243,553.71
492.493398750,553.71
492.517191876,553.71
492.540499462,553.71
492.564100330,588.35
492.587350699,588.35
492.610433194,588.35
492.634246929,588.35
492.657435153,612.24
492.681022741,612.24
492.704297014,612.24
492.727670489,612.24
492.751312637,617.28
492.774751840,617.28
492.798298468,617.28
492.821604069,617.28
492.845007464,617.28
492.868423274,619.63
492.891883789,619.63
492.915048173,619.63
492.939332728,619.63
492.962756539,619.69
492.986045820,619.69
493.009596800,619.69
493.033316069,619.69
493.056454437,619.96
493.080104362,619.96
493.103462060,619.96
493.126938351,619.96
493.150543667,621.34
493.173940630,621.34
493.197197655,621.34
493.220962365,621.34
493.244586689,621.34
493.268359335,620.16
493.291489671,620.16
493.314399973,620.16
493.337530213,620.16
493.360427778,614.72
493.383515298,614.72
493.406440256,614.72
493.429578688,614.72
493.452532510,598.19
493.475761599,598.19
493.499135937,598.19
493.522430658,598.19
493.545961990,598.19
493.569291688,573.92
493.592300167,573.92
493.618808199,573.92
493.641914247,573.92
493.665303945,535.35
493.688814989,535.35
493.712591219,535.35
493.735965109,535.35
493.758814386,495.14
493.781455949,495.14
493.805918298,495.14
493.829334717,495.14
493.853712265,469.68
493.877169260,469.68
493.900586223,469.68
493.924212915,469.68
493.948022362,469.68
493.971290587,464.40
493.995212578,464.40
494.018704806,464.40
494.042370379,464.40
494.066000912,464.88
494.089268657,464.88
494.112603155,464.88
494.136739772,464.88
494.160377825,463.78
494.183873413,463.78
494.207124966,463.78
494.230902700,463.78
494.254031148,465.09
494.277501327,465.09
494.301137620,465.09
494.324506518,465.09
494.348352829,465.09
494.371819104,467.44
494.395731656,467.44
494.419265484,467.44
494.442959889,467.44
494.466294035,480.43
494.489757622,480.43
494.512931767,480.43
494.536521595,480.43
494.559758684,506.78
494.583078526,506.78
494.606471873,506.78
494.630315208,506.78
494.653672714,506.78
494.677306415,539.23
494.700932723,539.23
494.724033171,539.23
494.747403605,539.23
494.770710327,572.08
494.794017657,572.08
494.817532381,572.08
494.840614780,572.08
494.864351042,591.09
494.887797445,591.09
494.910393152,591.09
494.932758232,591.09
494.955425524,591.09
494.978279473,545.55
495.002049720,545.55
495.025295929,545.55
495.048748060,545.55
495.072154974,545.09
495.095705666,545.09
495.118852995,545.09
495.142248389,545.09
495.165588231,544.09
495.189136075,544.09
495.212408781,544.09
495.235728686,544.09
495.259148817,542.16
495.283259419,542.16
495.306643101,542.16
495.329762269,542.16
495.353128960,542.16
495.376197663,543.82
495.399636579,543.82
495.423048741,543.82
495.447480626,543.82
495.470631442,542.28
495.494255479,542.28
495.517495864,542.28
495.542069479,542.28
495.565532650,544.73
495.589115982,544.73
495.612224238,544.73
495.635563760,544.73
495.658895282,544.73
495.682344886,545.01
495.705509014,545.01
495.728754967,545.01
495.752317596,545.01
495.775874528,544.32
495.798708349,544.32
495.822189121,544.32
495.845551651,544.32
495.869128007,557.70
495.892498890,557.70
495.920596442,557.70
495.944789477,557.70
495.967962789,591.81
495.991378568,591.81
496.014734730,591.81
496.037894251,591.81
496.061492303,591.81
496.084749073,595.80
496.107481357,595.80
496.130832463,595.80
496.153975631,595.80
496.177161168,568.30
496.200590099,568.30
496.224187384,568.30
496.247693435,568.30
496.270712603,540.00
496.293280085,540.00
496.315544461,540.00
496.337884582,540.00
496.360869957,540.00
496.384239495,494.73
496.407802156,494.73
496.431525170,494.73
496.455023701,494.73
496.478902429,493.44
496.502440801,493.44
496.525889156,493.44
496.549295431,493.44
496.572673258,495.13
496.596008652,495.13
496.626883191,495.13
496.650066264,495.13
496.673523228,490.70
496.696853150,490.70
496.720194848,490.70
496.744059143,490.70
496.767962639,490.70
496.791565108,490.96
496.815284122,490.96
496.839010464,490.96
496.862822407,490.96
496.886770287,490.40
496.910124401,490.40
496.933608693,490.40
496.960121014,490.40
496.983875420,495.94
497.007468801,495.94
497.031318504,495.94
497.054694123,495.94
497.078636115,502.03
497.102213367,502.03
497.125535673,502.03
497.149168223,502.03
497.172750243,528.07
497.195602817,528.07
497.218475038,528.07
497.241438909,528.07
497.264559805,528.07
497.287453659,562.95
497.310567515,562.95
497.333920830,562.95
497.357558915,562.95
497.381501707,578.32
497.404769357,578.32
497.427740780,578.32
497.450979181,578.32
497.474346064,548.09
497.497961397,548.09
497.521657947,548.09
497.545655812,548.09
497.568996870,548.09
497.591804035,517.02
497.618637191,517.02
497.641368740,517.02
497.665026217,517.02
497.688598702,483.05
497.712516086,483.05
497.735867160,483.05
497.760290885,483.05
497.783948683,482.65
497.807025227,482.65
497.830395181,482.65
497.854078259,482.65
497.877551351,482.42
497.901073371,482.42
497.924759329,482.42
497.947920993,482.42
497.971548294,482.42
497.995214444,478.81
498.018531246,478.81
498.042017714,478.81
498.066863491,478.81
498.090535753,482.25
498.114161550,482.25
498.137553873,482.25
498.161806268,482.25
498.185801892,483.48
498.209260264,483.48
498.233030511,483.48
498.256432114,483.48
498.280120279,483.96
498.303523739,483.96
498.327035967,483.96
498.350155135,483.96
498.374044103,483.96
498.397342217,504.88
498.420540202,504.88
498.444302641,504.88
498.467494962,504.88
498.490480689,533.74
498.513499472,533.74
498.536531184,533.74
498.559961235,533.74
498.583985404,556.48
498.607132381,556.48
498.630736802,556.48
498.653805186,556.48
498.676393053,556.48
498.698862423,567.54
498.721671956,567.54
498.744964310,567.54
498.768557211,567.54
498.792357314,546.24
498.815689701,546.24
498.839215881,546.24
498.862671629,546.24
498.886247889,546.42
498.910098809,546.42
498.933563165,546.42
498.957163458,546.42
498.980627653,546.42
499.003593508,548.85
499.026823238,548.85
499.050214185,548.85
499.074771351,548.85
499.099640936,546.91
499.122975435,546.91
499.146001258,546.91
499.169781553,546.91
499.193277557,540.63
499.216476022,540.63
499.239803832,540.63
499.263102875,540.63
499.286190459,540.63
499.309252379,522.22
499.332487004,522.22
499.355877535,522.22
499.379555333,522.22
499.402756294,493.64
499.426254155,493.64
499.449437548,493.64
499.472763054,493.64
499.495863919,463.61
499.519146353,463.61
499.542578324,463.61
499.565874262,463.61
499.589069495,440.42
499.612313433,440.42
499.635317528,440.42
499.658190359,440.42
499.681776828,440.42
499.705246271,438.26
499.728324512,438.26
499.750902843,438.26
499.773535478,438.26
499.796290803,424.05
499.819274995,424.05
499.842943672,424.05
499.866587422,424.05
499.889952193,424.05
499.913565510,405.48
499.937344109,405.48
499.960492238,405.48
499.983671311,405.48
500.006997105,405.98
500.030523798,405.98
500.053839704,405.98
500.077740672,405.98
500.110076986,401.13
500.133206619,401.13
500.156857472,401.13
500.180078658,401.13
500.202941632,407.56
500.226171649,407.56
500.249426307,407.56
500.273017224,407.56
500.296437068,411.19
500.319479275,411.19
500.341983878,411.19
500.364893989,411.19
500.388102630,411.19
500.411713835,408.85
500.435327697,408.85
500.458208591,408.85
500.481311632,408.85
500.504293039,410.89
500.527315950,410.89
500.550753810,410.89
500.574361687,410.89
500.598417921,411.18
500.625253350,411.18
500.647867618,411.18
500.670320412,411.18
500.693054872,411.18
500.715969751,395.37
500.739675357,395.37
500.763263170,395.37
500.787365389,395.37
500.810606574,432.73
500.834411158,432.73
500.857521974,432.73
500.881654913,432.73
500.904817890,443.93
500.928004003,443.93
500.951365318,443.93
500.974791817,443.93
500.997945450,443.93
501.021028587,438.31
501.044043978,438.31
501.067120906,438.31
501.090288043,438.31
501.113274699,441.83
501.136843856,441.83
501.160404884,441.83
501.184208476,441.83
501.208122948,410.00
501.231494279,410.00
501.254262948,410.00
501.277123234,410.00
501.300610695,410.00
501.323945865,402.89
501.347443086,402.89
501.370871570,402.89
501.393771344,402.89
501.416541485,402.27
501.439626894,402.27
501.462927632,402.27
501.486419317,402.27
501.509855192,403.87
501.533302460,403.87
501.556702176,403.87
501.579831904,403.87
501.603194148,401.55
501.626690824,401.55
501.649590214,401.55
501.672167234,401.55
501.694875935,401.55
501.717875614,404.79
501.741369123,404.79
501.765321355,404.79
501.788811184,404.79
501.812340212,397.70
501.835935866,397.70
501.859790689,397.70
501.883481960,397.70
501.906862955,398.49
501.930473136,398.49
501.953967125,398.49
501.977319544,398.49
502.000612858,398.49
502.023632858,402.20
502.046792827,402.20
502.069792667,402.20
502.093081917,402.20
502.116406464,406.29
502.139566913,406.29
502.162513696,406.29
502.186207046,406.29
502.211953408,411.05
502.235524133,411.05
502.258842696,411.05
502.281609125,411.05
502.304738086,411.05
502.327966248,411.87
502.351457421,411.87
502.374836432,411.87
502.398817817,411.87
502.421842777,409.47
502.445020506,409.47
502.468123259,409.47
502.492640969,409.47
502.516002477,409.34
502.538934604,409.34
502.562362159,409.34
502.586104790,409.34
502.609451385,409.34
502.632838205,420.75
502.655538714,420.75
502.678499097,420.75
502.701945181,420.75
502.725754596,451.71
502.749350794,451.71
502.772723597,451.71
502.796309714,451.71
502.819793815,452.00
502.843389948,452.00
502.866825664,452.00
502.890511750,452.00
502.914234829,456.97
502.938144022,456.97
502.961273431,456.97
502.985605571,456.97
503.009425835,456.97
503.032797390,453.74
503.056711031,453.74
503.080156155,453.74
503.104383846,453.74
503.128039948,448.84
503.151402191,448.84
503.175004565,448.84
503.199177376,448.84
503.222142463,474.54
503.245833350,474.54
503.269588173,474.54
503.295875276,474.54
503.319395217,503.44
503.343064344,503.44
503.366559196,503.44
503.390969386,503.44
503.414900082,503.44
503.439269984,535.54
503.462675555,535.54
503.486128103,535.54
503.509925551,535.54
503.533750871,565.65
503.557163642,565.65
503.580564990,565.65
503.603580318,565.65
503.626868385,569.05
503.651034572,569.05
503.674566385,569.05
503.697866067,569.05
503.721649307,587.61
503.745484003,587.61
503.768612772,587.61
503.792372491,587.61
503.816004945,587.61
503.839358740,593.30
503.862845465,593.30
503.886515743,593.30
503.910131621,593.30
503.933853579,591.63
503.957542866,591.63
503.980939926,591.63
504.005133505,591.63
504.028400451,597.07
504.051865384,597.07
504.075304236,597.07
504.098677391,597.07
504.122195380,601.72
504.146032924,601.72
504.169736162,601.72
504.193721708,601.72
504.217394706,601.72
504.241122073,600.19
504.264930273,600.19
504.288608391,600.19
504.313784924,600.19
504.337458307,600.72
504.361215594,600.72
504.385103026,600.72
504.409077980,600.72
504.432678113,603.36
504.456586410,603.36
504.480081263,603.36
504.503660852,603.36
504.527496060,604.97
504.551240324,604.97
504.574766697,604.97
504.598219245,604.97
504.625968891,615.78
504.649686530,615.78
504.673420265,615.78
504.696535210,615.78
504.720043279,615.78
504.743642516,619.86
504.766828502,619.86
504.790180409,619.86
504.814406053,619.86
504.838319950,619.38
504.862376120,619.38
504.886091807,619.38
504.909497379,619.38
504.933624558,622.84
504.957211539,622.84
504.980754680,622.84
505.004706306,622.84
505.028148390,622.84
505.052045518,623.43
505.075822262,623.43
505.099328763,623.43
505.122729663,623.43
505.146297060,621.48
505.170034123,621.48
505.193592304,621.48
505.217190454,621.48
505.240695419,620.27
505.264324257,620.27
505.287565571,620.27
505.311021480,620.27
505.334879088,623.43
505.358302036,623.43
505.381558935,623.43
505.404923482,623.43
505.429177702,623.43
505.452644299,624.51
505.476174480,624.51
505.499499187,624.51
505.523043800,624.51
505.546326811,617.85
505.569534013,617.85
505.592804064,617.85
505.620810193,617.85
505.643798705,595.34
505.667109364,595.34
505.690669881,595.34
505.714742275,595.34
505.738289705,565.96
505.761574092,565.96
505.784902447,565.96
505.808116177,565.96
505.831753207,565.96
505.855224732,534.75
505.878566943,534.75
505.901766337,534.75
505.925083620,534.75
505.948179781,501.65
505.971361831,501.65
505.994756107,501.65
506.017813483,501.65
506.041078990,469.35
506.063840011,469.35
506.086646121,469.35
506.110386097,469.35
506.134334298,469.35
506.158092673,434.89
506.181794504,434.89
506.205413742,434.89
506.230530371,434.89
506.254038504,432.10
506.277410347,432.10
506.300864912,432.10
506.325559745,432.10
506.348771171,430.16
506.371563105,430.16
506.395693740,430.16
506.418597035,430.16
506.441847502,430.16
506.465217041,424.24
506.488580533,424.24
506.511592629,424.24
506.535125659,424.24
506.558860834,410.10
506.582557865,410.10
506.605271302,410.10
506.631600295,410.10
506.654538886,386.93
506.678451759,386.93
506.702243351,386.93
506.725941790,386.93
506.749301218,403.84
506.773072841,403.84
506.796463565,403.84
506.820029875,403.84
506.843575320,403.84
506.867282463,433.99
506.890791972,433.99
506.914306057,433.99
506.937659821,433.99
506.960925232,464.53
506.984452757,464.53
507.007574582,464.53
507.030685879,464.53
507.053931066,501.15
507.077024443,501.15
507.100242973,501.15
507.123300382,501.15
507.146050747,501.15
507.169182717,521.74
507.192757283,521.74
507.216314760,521.74
507.239870254,521.74
507.262961327,497.35
507.285659052,497.35
507.308698669,497.35
507.332725047,497.35
507.356087867,465.39
507.379727553,465.39
507.403014660,465.39
507.425413534,465.39
507.451473948,423.28
507.474342427,423.28
507.497297499,423.28
507.520840513,423.28
507.544333062,423.28
507.567770026,432.07
507.591360144,432.07
507.619609700,432.07
507.643214698,432.07
507.667053554,477.45
507.690337333,477.45
507.713854202,477.45
507.737382944,477.45
507.760800260,480.99
507.784068231,480.99
507.807410986,480.99
507.830483083,480.99
507.854200659,477.99
507.878119196,477.99
507.901400511,477.99
507.924915908,477.99
507.948925774,477.99
507.972560245,479.14
507.996276252,479.14
508.019619711,479.14
508.043745546,479.14
508.067454226,474.69
508.091031511,474.69
508.114340827,474.69
508.138685672,474.69
508.161949899,485.29
508.185358543,485.29
508.208707539,485.29
508.232102391,485.29
508.255690461,485.29
508.278826526,510.52
508.301696189,510.52
508.325430469,510.52
508.348949546,510.52
508.372146445,537.08
508.395528561,537.08
508.419258552,537.08
508.443074464,537.08
508.466690279,583.48
508.492553859,583.48
508.516415084,583.48
508.540964731,583.48
508.564048028,595.48
508.587867781,595.48
508.611326314,595.48
508.634499404,595.48
508.657804143,595.48
508.681543670,596.86
508.704656824,596.86
508.727999324,596.86
508.751452576,596.86
508.774937541,595.70
508.798372778,595.70
508.821913840,595.70
508.845323380,595.70
508.868295892,595.54
508.891654616,595.54
508.914852922,595.54
508.937942971,595.54
508.960875035,596.34
508.984362336,596.34
509.007329376,596.34
509.030141279,596.34
509.053691172,596.34
509.077161993,574.67
509.100433260,574.67
509.123531149,574.67
509.146674543,574.67
509.169953842,547.02
509.193318390,547.02
509.216707226,547.02
509.239749051,547.02
509.262549370,547.02
509.285825469,516.88
509.308933470,516.88
509.332298530,516.88
509.355670246,516.88
509.378723591,489.87
509.401687335,489.87
509.424438085,489.87
509.447976459,489.87
509.471096429,464.71
509.494466353,464.71
509.517729332,464.71
509.545111039,464.71
509.568671813,434.25
509.592292555,434.25
509.619553205,434.25
509.642793176,434.25
509.665981115,402.67
509.689149053,402.67
509.712178493,402.67
509.735866948,402.67
509.759285417,402.67
509.782680685,375.32
509.805832431,375.32
509.828708878,375.32
509.851991570,375.32
509.875153972,351.63
509.898919420,351.63
509.921887804,351.63
509.944228246,351.63
509.966883123,351.63
509.990731836,306.20
510.014333826,306.20
510.037676198,306.20
510.061127371,306.20
510.084479951,323.85
510.107866515,323.85
510.131498329,323.85
510.154989215,323.85
510.178612709,358.05
510.202429422,358.05
510.225870418,358.05
510.249128597,358.05
510.272311896,383.93
510.295345464,383.93
510.318233944,383.93
510.341278713,383.93
510.364410171,383.93
510.387665278,402.01
510.411563399,402.01
510.435138765,402.01
510.459069143,402.01
510.482400091,399.20
510.505056312,399.20
510.527535988,399.20
510.550224721,399.20
510.573329011,390.42
510.627562788,390.42
510.651193003,390.42
510.674757841,390.42
510.698924605,420.33
510.722443810,420.33
510.746604782,420.33
510.770629497,420.33
510.794349185,448.23
510.817860614,448.23
510.841341547,448.23
510.865104339,448.23
510.888799867,477.15
510.912378913,477.15
510.935860198,477.15
510.959775568,477.15
510.983084051,477.15
511.006544120,515.55
511.030383617,515.55
511.053877319,515.55
511.077827216,515.55
511.101795386,519.74
511.124971709,519.74
511.148551555,519.74
511.172085705,519.74
511.195526798,520.22
511.218679408,520.22
511.242406743,520.22
511.265659610,520.22
511.289008926,523.91
511.312392611,523.91
511.335730919,523.91
511.359093067,523.91
511.382655473,523.91
511.405815571,535.64
511.429225656,535.64
511.452688253,535.64
511.476189795,535.64
511.499859978,569.88
511.523080813,569.88
511.546517586,569.88
511.570187577,569.88
511.593626814,606.20
511.619727837,606.20
511.643365188,606.20
511.669229793,606.20
511.692972041,612.18
511.716548303,612.18
511.739784946,612.18
511.763396952,612.18
511.786953087,612.18
511.809891743,613.16
511.833292579,613.16
511.856458982,613.16
511.880145101,613.16
511.903847477,616.84
511.927040375,616.84
511.950261626,616.84
511.973514909,616.84
511.996735136,613.60
512.019997827,613.60
512.043530601,613.60
512.067267345,613.60
512.091029273,616.67
512.114369277,616.67
512.137922691,616.67
512.161542538,616.67
512.185661077,616.67
512.208795607,617.11
512.232517951,617.11
512.256185958,617.11
512.279840686,617.11
512.303048048,620.06
512.326251699,620.06
512.349780025,620.06
512.373419520,620.06
512.396950566,614.35
512.420545197,614.35
512.444253524,614.35
512.467556568,614.35
512.490376151,578.96
512.513007028,578.96
512.535535120,578.96
512.558309391,578.96
512.581683572,578.96
512.605179161,556.54
512.628513629,556.54
512.651957666,556.54
512.675647114,556.54
512.698839533,553.47
512.722215057,553.47
512.745836024,553.47
512.769059963,553.47
512.793024965,553.80
512.816646476,553.80
512.839989040,553.80
512.863448053,553.80
512.886733849,553.80
512.909806682,549.20
512.933122078,549.20
512.956154271,549.20
512.979409635,549.20
513.002939145,535.78
513.026636656,535.78
513.050227607,535.78
513.072810612,535.78
513.095570162,491.27
513.118386545,491.27
513.141592404,491.27
513.165067385,491.27
513.189112740,491.27
513.212545257,475.16
513.235993358,475.16
513.259600917,475.16
513.284309639,475.16
513.307804460,472.18
513.331115216,472.18
513.354614998,472.18
513.378970148,472.18
513.402846510,477.23
513.425949552,477.23
513.449064946,477.23
513.472296565,477.23
513.495661914,477.23
513.518715771,504.25
513.542679397,504.25
513.566588495,504.25
513.590476377,504.25
513.618680204,530.17
513.642130802,530.17
513.665531606,530.17
513.689298015,530.17
513.713314602,514.44
513.737086418,514.44
513.761515873,514.44
513.785749774,514.44
513.811798829,513.41
513.835440052,513.41
513.859198780,513.41
513.883155334,513.41
513.906618444,515.49
513.930479989,515.49
513.954034428,515.49
513.977913253,515.49
514.001702510,525.75
514.025180243,525.75
514.048299637,525.75
514.071532408,525.75
514.094730907,525.75
514.117916286,548.77
514.141039072,548.77
514.164247875,548.77
514.187435718,548.77
514.213610246,573.00
514.245678879,573.00
514.275132511,573.00
514.298703558,573.00
514.321417604,563.85
514.344065122,563.85
514.367559016,563.85
514.391179087,563.85
514.414625524,542.21
514.437839255,542.21
514.461106427,542.21
514.484937604,542.21
514.508766413,541.35
514.532417077,541.35
514.555769689,541.35
514.578545976,541.35
514.601609017,541.35
514.625573412,548.25
514.649378957,548.25
514.672858674,548.25
514.696208183,548.25
514.719511739,560.36
514.742882400,560.36
514.766214372,560.36
514.790224943,560.36
514.816108204,555.67
514.839825812,555.67
514.863833887,555.67
514.887522247,555.67
514.911075021,551.18
514.934676532,551.18
514.958385820,551.18
514.981967267,551.18
515.005995822,551.18
515.029283057,556.26
515.052970937,556.26
515.076568928,556.26
515.100144775,556.26
515.123894767,567.07
515.147757081,567.07
515.171434784,567.07
515.194989927,567.07
515.218495693,568.21
515.241926962,568.21
515.265762811,568.21
515.289577988,568.21
515.312844520,578.90
515.336457679,578.90
515.359701906,578.90
515.383151960,578.90
515.407262596,578.90
515.431260111,598.84
515.455419579,598.84
515.478801088,598.84
515.502479464,598.84
515.526153072,601.34
515.549965625,601.34
515.573695329,601.34
515.598170449,601.34
515.626130626,601.56
515.649781962,601.56
515.673253711,601.56
515.696220528,601.56
515.719746487,604.40
515.743290589,604.40
515.767156583,604.40
515.790745070,604.40
515.814314484,604.40
515.837305749,611.31
515.863260499,611.31
515.886447158,611.31
515.909589081,611.31
515.932719195,608.95
515.955865182,608.95
515.979089985,608.95
516.002671528,608.95
516.026487473,579.31
516.050165049,579.31
516.073570334,579.31
516.096527231,579.31
516.119924484,547.16
516.143422185,547.16
516.166593420,547.16
516.189951569,547.16
516.213029651,547.16
516.236151925,518.45
516.259605659,518.45
516.283204098,518.45
516.306998059,518.45
516.330917077,486.14
516.354141721,486.14
516.377355228,486.14
516.401738539,486.14
516.425076143,456.50
516.448353843,456.50
516.471947866,456.50
516.495219390,456.50
516.518424385,456.50
516.541347490,424.11
516.564228962,424.11
516.587361220,424.11
516.610870187,424.11
516.634325936,393.80
516.657881687,393.80
516.680852952,393.80
516.704079035,393.80
516.727310911,364.22
516.750672740,364.22
516.773455971,364.22
516.795849950,364.22
516.818289370,364.22
516.841141242,320.77
516.864809377,320.77
516.888714348,320.77
516.913266108,320.77
516.936758530,313.80
516.960334313,313.80
516.984253555,313.80
517.007810874,313.80
517.031102750,340.25
517.054551716,340.25
517.077857576,340.25
517.101774770,340.25
517.125243352,370.32
517.148748286,370.32
517.171929889,370.32
517.195473384,370.32
517.218993742,370.32
517.242490196,401.05
517.265678039,401.05
517.288969883,401.05
517.312602819,401.05
517.335980808,428.31
517.359457454,428.31
517.383309880,428.31
517.406301497,428.31
517.429289658,452.76
517.452332124,452.76
517.475368894,452.76
517.498409663,452.76
517.521692003,452.76
517.544934951,485.77
517.568113034,485.77
517.591683089,485.77
517.619698276,485.77
517.642875047,491.46
517.665562533,491.46
517.688063265,491.46
517.711662025,491.46
517.734935565,478.71
517.758951224,478.71
517.782480287,478.71
517.805801123,478.71
517.829452299,529.82
517.853350837,529.82
517.876447031,529.82
517.899992574,529.82
517.923921384,529.82
517.947277389,531.70
517.970938773,531.70
517.996974900,531.70
518.020726493,531.70
518.043705246,529.88
518.066843809,529.88
518.089663488,529.88
518.112626433,529.88
518.135380128,522.43
518.158464162,522.43
518.181801511,522.43
518.205259469,522.43
518.228892308,522.43
518.251858997,493.15
518.274947224,493.15
518.298248380,493.15
518.322897646,493.15
518.346232850,464.23
518.369280756,464.23
518.391797425,464.23
518.414529360,464.23
518.437445105,419.41
518.460582259,419.41
518.484383325,419.41
518.508146630,419.41
518.531807021,419.41
518.555207219,416.54
518.579036092,416.54
518.602284192,416.54
518.627113620,416.54
518.650314583,436.50
518.673421914,436.50
518.697028033,436.50
518.721627730,436.50
518.744997783,479.69
518.768523166,479.69
518.791982404,479.69
518.815372585,479.69
518.839088786,483.74
518.862381174,483.74
518.885468952,483.74
518.908767837,483.74
518.932157154,483.74
518.955591752,485.08
518.979260624,485.08
519.002023727,485.08
519.025612374,485.08
519.050901102,483.32
519.074373268,483.32
519.097924251,483.32
519.121726628,483.32
519.144860487,490.31
519.168245612,490.31
519.191634225,490.31
519.214776468,490.31
519.238169658,490.31
519.261530655,522.67
519.284766787,522.67
519.307566786,522.67
519.330304545,522.67
519.353145569,543.09
519.376107234,543.09
519.399030435,543.09
519.422431209,543.09
519.445889487,569.72
519.469506966,569.72
519.493269087,569.72
519.516382978,569.72
519.539222786,569.72
519.561719519,546.97
519.584663040,546.97
519.608136198,546.97
519.632105169,546.97
519.655720153,530.14
519.679226175,530.14
519.702922952,530.14
519.726475438,530.14
519.750638299,532.52
519.774006849,532.52
519.797546343,532.52
519.821150415,532.52
519.844774039,532.52
519.868034107,531.72
519.891022556,531.72
519.914183295,531.72
519.937609605,531.72
519.960755336,531.56
519.984147662,531.56
520.007329585,531.56
520.031201371,531.56
520.055036133,520.02
520.078211976,520.02
520.101709327,520.02
520.124968979,520.02
520.148305912,520.02
520.171397242,482.58
520.194408124,482.58
520.217970403,482.58
520.241052709,482.58
520.263725508,451.80
520.286409442,451.80
520.309251586,451.80
520.334072246,451.80
520.358045697,422.54
520.381515239,422.54
520.404864172,422.54
520.428284434,422.54
520.451607127,439.11
520.474882075,439.11
520.498206464,439.11
520.521476389,439.11
520.544996619,439.11
520.568538674,478.25
520.591584405,478.25
520.619526503,478.25
520.643081582,478.25
520.666474259,493.66
520.689821400,493.66
520.713481281,493.66
520.736860006,493.66
520.760711824,490.25
520.784219671,490.25
520.807543515,490.25
520.831176963,490.25
520.854923116,490.25
520.878195537,489.88
520.902102683,489.88
520.925329951,489.88
520.948544867,489.88
520.971900264,488.31
520.995342638,488.31
521.018601938,488.31
521.042043416,488.31
521.065221564,507.74
521.088649154,507.74
521.120042678,507.74
521.142892886,507.74
521.165869911,507.74
521.188899737,536.09
521.211783546,536.09
521.234700507,536.09
521.257787709,536.09
521.281129026,559.72
521.304451815,559.72
521.327601259,559.72
521.350947568,559.72
521.373930097,564.31
521.397672219,564.31
521.421007136,564.31
521.444216516,564.31
521.467379431,564.31
521.490743340,534.86
521.513711950,534.86
521.537185300,534.86
521.560839676,534.86
521.584957993,504.95
521.608225358,504.95
521.630695434,504.95
521.653289160,504.95
521.676013127,464.55
521.699469645,464.55
521.723000436,464.55
521.746965088,464.55
521.770370085,454.14
521.794260880,454.14
521.818526238,454.14
521.841790658,454.14
521.865545580,454.14
521.889211764,452.40
521.912547673,452.40
521.936203521,452.40
521.959696136,452.40
521.982962284,451.83
522.005789516,451.83
522.028702445,451.83
522.052418966,451.83
522.075420120,457.13
522.099047008,457.13
522.122351461,457.13
522.146103150,457.13
522.169301554,457.13
522.192413301,436.26
522.215540344,436.26
522.239249280,436.26
522.262628230,436.26
522.286041964,417.10
522.309276272,417.10
522.332374675,417.10
522.355722808,417.10
522.379014173,414.72
522.402861095,414.72
522.426138092,414.72
522.449432176,414.72
522.472021774,409.44
522.494517707,409.44
522.517320715,409.44
522.540455503,409.44
522.564173847,409.44
522.587815104,413.61
522.611279398,413.61
522.635039183,413.61
522.658516598,413.61
522.681951164,453.45
522.705313442,453.45
522.728690087,453.45
522.751986700,453.45
522.775314833,467.29
522.798983706,467.29
522.822597986,467.29
522.845768997,467.29
522.868845096,467.29
522.892007211,460.91
522.915337425,460.91
522.938953464,460.91
522.962447839,460.91
522.985534562,439.97
523.008363714,439.97
523.031041089,439.97
523.053870081,439.97
523.076562880,394.40
523.100152520,394.40
523.123816112,394.40
523.147152405,394.40
523.170444090,394.40
523.194013506,410.62
523.217751531,410.62
523.240966927,410.62
523.264371701,410.62
523.287981149,439.93
523.311483844,439.93
523.335125100,439.93
523.358487761,439.93
523.381806167,463.73
523.405447199,463.73
523.428482209,463.73
523.451488515,463.73
523.474428901,501.29
523.497347782,501.29
523.520551018,501.29
523.543711406,501.29
523.567133780,501.29
523.590044277,513.73
523.613039479,513.73
523.636238683,513.73
523.659826435,513.73
523.683594540,513.73
523.706805968,489.73
523.729349966,489.73
523.752016172,489.73
523.774693131,489.73
523.797772334,445.20
523.821600888,445.20
523.845204832,445.20
523.868514373,445.20
523.892031820,442.40
523.915857366,442.40
523.938827864,442.40
523.962333343,442.40
523.985744421,463.95
524.009359629,463.95
524.032702035,463.95
524.056225754,463.95
524.079413310,463.95
524.102378815,501.70
524.125396418,501.70
524.148431588,501.70
524.171890794,501.70
524.194895884,512.13
524.218149073,512.13
524.241382197,512.13
524.264667322,512.13
524.287341273,487.06
524.310526045,487.06
524.333849218,487.06
524.357012774,487.06
524.380332459,487.06
524.403307181,461.27
524.426076461,461.27
524.449110895,461.27
524.472529974,461.27
524.495867355,430.16
524.519253985,430.16
524.542594502,430.16
524.565704842,430.16
524.588746732,412.98
524.611757838,412.98
524.634810033,412.98
524.658000885,412.98
524.681403739,412.98
524.704678656,412.09
524.727933028,412.09
524.750924199,412.09
524.774269388,412.09
524.797493328,423.76
524.820974711,423.76
524.844081978,423.76
524.868130951,423.76
524.891521837,406.95
524.914833490,406.95
524.937823924,406.95
524.960453778,406.95
524.983476917,406.95
525.006436887,377.45
525.029842973,377.45
525.053125154,377.45
525.076237381,377.45
525.099100134,345.92
525.121801445,345.92
525.144730534,345.92
525.168796787,345.92
525.192091000,319.75
525.215587199,319.75
525.238581377,319.75
525.261320736,319.75
525.284203009,319.75
525.308176077,310.24
525.331611444,310.24
525.355177724,310.24
525.378974054,310.24
525.401997864,309.25
525.424986698,309.25
525.448120078,309.25
525.471353970,309.25
525.495036155,309.14
525.518187487,309.14
525.540689948,309.14
525.563131705,309.14
525.585802552,309.14
525.609028828,294.35
525.632895431,294.35
525.656693137,294.35
525.680309241,294.35
525.703487742,314.38
525.727249351,314.38
525.750931920,314.38
525.774644665,314.38
525.798017375,346.13
525.821625544,346.13
525.845288912,346.13
525.868775799,346.13
525.892255294,373.42
525.916016744,373.42
525.939351789,373.42
525.962522705,373.42
525.985925112,373.42
526.008989146,403.87
526.032324896,403.87
526.055928712,403.87
526.079664210,403.87
526.103038712,434.07
526.126636960,434.07
526.149923109,434.07
526.173062056,434.07
526.196394734,461.72
526.219698323,461.72
526.242745910,461.72
526.266041883,461.72
526.288957692,461.72
526.312311106,488.66
526.335771625,488.66
526.359384657,488.66
526.383976643,488.66
526.407987568,519.84
526.431199796,519.84
526.454681979,519.84
526.478567974,519.84
526.501822251,549.84
526.525192721,549.84
526.548829210,549.84
526.572244544,549.84
526.595749799,585.99
526.619701971,585.99
526.643136378,585.99
526.666597633,585.99
526.690244713,585.99
526.714133236,592.05
526.738276194,592.05
526.761022082,592.05
526.783639008,592.05
526.806395552,568.12
526.829526468,568.12
526.852626215,568.12
526.875738603,568.12
526.899071728,568.65
526.922435926,568.65
526.945071253,568.65
526.967861301,568.65
526.990858776,568.65
527.013283700,536.72
527.035757073,536.72
527.058454449,536.72
527.082804416,536.72
527.106265543,511.78
527.129552108,511.78
527.152896082,511.78
527.176426746,511.78
527.199599070,509.70
527.223364488,509.70
527.246528108,509.70
527.269752784,509.70
527.293161015,509.70
527.316937025,514.28
527.340543721,514.28
527.363914511,514.28
527.386724272,514.28
527.409032491,477.33
527.431424776,477.33
527.454344713,477.33
527.477809264,477.33
527.501508986,477.33
527.524803039,456.86
527.547927235,456.86
527.571810222,456.86
527.595322614,453.73
527.626982637,453.73
527.650478869,453.73
527.673975964,453.73
527.697780358,453.73
527.721331534,455.93
527.744552499,455.93
527.768110843,455.93
527.791673859,455.93
527.815140970,477.26
527.838850675,477.26
527.862125016,477.26
527.885971971,477.26
527.909681005,484.50
527.932970802,484.50
527.956257015,484.50
527.979996801,484.50
528.003463528,484.50
528.027078832,515.54
528.050365558,515.54
528.073533882,515.54
528.097319524,515.54
528.121016333,545.14
528.144422740,545.14
528.168041916,545.14
528.191427458,545.14
528.214926186,546.06
528.238453809,546.06
528.261390451,546.06
528.284729977,546.06
528.308342082,547.33
528.332007915,547.33
528.355166863,547.33
528.378884473,547.33
528.401900155,547.33
528.425271201,581.47
528.452463981,581.47
528.475711730,581.47
528.499442684,581.47
528.522941700,607.03
528.546079656,607.03
528.569185035,607.03
528.593364729,607.03
528.619518459,605.81
528.643028066,605.81
528.666224263,605.81
528.689237578,605.81
528.712522831,604.46
528.735917557,604.46
528.759099578,604.46
528.782126237,604.46
528.805245472,604.46
528.828680007,599.59
528.851821675,599.59
528.874943919,599.59
528.898468663,599.59
528.922055711,582.32
528.945541606,582.32
528.968959565,582.32
528.992426484,582.32
529.015477303,549.37
529.038284568,549.37
529.060989495,549.37
529.083985690,549.37
529.107668867,549.37
529.131345741,517.56
529.155087574,517.56
529.178717535,517.56
529.202393960,517.56
529.225976977,514.34
529.249960957,514.34
529.273482181,514.34
529.298175320,514.34
529.321598431,516.56
529.345285256,516.56
529.368505549,516.56
529.391734738,516.56
529.415134073,516.56
529.438079099,513.10
529.461373504,513.10
529.484433284,513.10
529.507422054,513.10
529.530466473,508.68
529.553754447,508.68
529.577127701,508.68
529.601372900,508.68
529.626025623,486.43
529.648536501,486.43
529.670669039,486.43
529.693145452,486.43
529.715931757,486.43
529.739244147,444.39
529.763030781,444.39
529.786402595,444.39
529.809586120,444.39
529.833151088,444.34
529.856718616,444.34
529.880096863,444.34
529.904300973,444.34
529.927671764,456.42
529.951201692,456.42
529.974831236,456.42
529.998297420,456.42
530.021760307,482.94
530.045284731,482.94
530.068540928,482.94
530.091915878,482.94
530.115774993,482.94
530.138829685,525.19
530.162082202,525.19
530.185756547,525.19
530.209274347,525.19
530.232763922,523.65
530.256477468,523.65
530.279448318,523.65
530.302923430,523.65
530.326454510,525.83
530.349821524,525.83
530.373277404,525.83
530.396895556,525.83
530.420408876,525.83
530.444093270,522.71
530.467549309,522.71
530.490970276,522.71
530.514762543,522.71
530.541593559,528.41
530.564435960,528.41
530.587424955,528.41
530.610483294,528.41
530.633393440,548.21
530.656310114,548.21
530.679509639,548.21
530.702513834,548.21
530.725741871,574.74
530.749586298,574.74
530.772843903,574.74
530.796405479,574.74
530.819960944,574.74
530.842960402,548.27
530.865838708,548.27
530.888405587,548.27
530.911135795,548.27
530.934028276,510.58
530.957915104,510.58
530.981933389,510.58
531.005622166,510.58
531.029153342,503.86
531.052922857,503.86
531.076512945,503.86
531.100009209,503.86
531.123793187,503.86
531.147099273,500.37
531.170767379,500.37
531.194524573,500.37
531.218613770,500.37
531.242183283,500.39
531.265848252,500.39
531.289140770,500.39
531.313344785,500.39
531.336902329,497.49
531.360260031,497.49
531.383855816,497.49
531.407029133,497.49
531.430321394,501.87
531.454161534,501.87
531.477744390,501.87
531.501460944,501.87
531.525318075,501.87
531.548830339,501.82
531.572300907,501.82
531.596129046,501.82
531.619539613,501.82
531.643366408,501.73
531.667115858,501.73
531.690446840,501.73
531.713899712,501.73
531.737565641,521.97
531.760363402,521.97
531.783648848,521.97
531.806652595,521.97
531.830430941,521.97
531.853951365,557.28
531.877162474,557.28
531.900626290,557.28
531.924943330,557.28
531.948176103,571.04
531.970652165,571.04
531.993163907,571.04
532.015928291,571.04
532.039241129,545.54
532.062644976,545.54
532.085973942,545.54
532.109198715,545.54
532.132838916,545.54
532.156153994,542.77
532.179183213,542.77
532.202632885,542.77
532.227002021,542.77
532.250438796,546.50
532.274149270,546.50
532.297521213,546.50
532.321487850,546.50
532.344850992,547.12
532.368461817,547.12
532.391842464,547.12
532.415062341,547.12
532.438858224,542.35
532.462038645,542.35
532.484889942,542.35
532.507662807,542.35
532.531002749,542.35
532.554864905,507.43
532.578702324,507.43
532.602386942,507.43
532.626187849,507.43
532.650039092,512.20
532.673776254,512.20
532.697649322,512.20
532.721353940,512.20
532.744672666,508.96
532.768575558,508.96
532.792116078,508.96
532.816001562,508.96
532.839719748,508.96
532.863208652,508.44
532.886643379,508.44
532.910064154,508.44
532.933055197,508.44
532.956254370,528.01
532.979876939,528.01
533.003333587,528.01
533.027112253,528.01
533.050871880,562.17
533.074193870,562.17
533.100038637,562.17
533.123555893,562.17
533.147289087,560.78
533.170855656,560.78
533.194759540,560.78
533.218605215,560.78
533.243109841,560.78
533.266846267,557.06
533.290505893,557.06
533.314387729,557.06
533.337423220,557.06
533.360819291,557.58
533.384416036,557.58
533.407579977,557.58
533.430900847,557.58
533.454444952,560.62
533.477808830,560.62
533.501364007,560.62
533.524626508,560.62
533.548202261,590.00
533.571639165,590.00
533.595512392,590.00
533.619815512,590.00
533.643506338,590.00
533.666935402,591.72
533.691527421,591.72
533.715310951,591.72
533.738578989,591.72
533.761762258,591.36
533.785150233,591.36
533.808103004,591.36
533.832824016,591.36
533.855965172,596.45
533.879058232,596.45
533.901778712,596.45
533.925034078,596.45
533.948521190,596.45
533.972420114,568.70
533.995988187,568.70
534.019350689,568.70
534.042514982,568.70
534.065386568,539.31
534.088725486,539.31
534.111895123,539.31
534.135508284,539.31
534.158669121,509.86
534.182489164,509.86
534.206025940,509.86
534.229291834,509.86
534.252307933,476.42
534.275106943,476.42
534.297954368,476.42
534.321616810,476.42
534.345485366,476.42
534.368934557,458.04
534.392279076,458.04
534.416063951,458.04
534.439476630,458.04
534.463124128,461.12
534.487210670,461.12
534.510815095,461.12
534.534245631,461.12
534.558732432,462.76
534.582272921,462.76
534.606299590,462.76
534.630003856,462.76
534.653685594,462.76
534.677407845,462.34
534.700778156,462.34
534.724181939,462.34
534.747825052,462.34
534.772008875,464.52
534.795525780,464.52
534.819226334,464.52
534.843028329,464.52
534.866829492,461.00
534.890397213,461.00
534.913630754,461.00
534.937169547,461.00
534.961070135,487.84
534.984334301,487.84
535.008032359,487.84
535.031361997,487.84
535.055131416,487.84
535.078556415,516.42
535.102124648,516.42
535.125900755,516.42
535.149651902,516.42
535.173449513,544.49
535.196930897,544.49
535.220677755,544.49
535.244103043,544.49
535.267675020,584.17
535.291067827,584.17
535.314246584,584.17
535.337529726,584.17
535.361296425,609.02
535.384701712,609.02
535.408186200,609.02
535.431751713,609.02
535.455164297,609.02
535.478409486,607.96
535.502143033,607.96
535.525293214,607.96
535.548745189,607.96
535.572159021,605.95
535.595516500,605.95
535.619956357,605.95
535.643534062,605.95
535.666827668,606.15
535.690229020,606.15
535.713445313,606.15
535.736491045,606.15
535.759674506,606.15
535.786481939,609.60
535.809702104,609.60
535.833324130,609.60
535.856504647,609.60
535.879409641,599.96
535.902783920,599.96
535.926210904,599.96
535.949230555,599.96
535.972266815,565.47
535.995735783,565.47
536.019309680,565.47
536.042574582,565.47
536.065788347,535.17
536.088808639,535.17
536.111825570,535.17
536.134965575,535.17
536.158453679,535.17
536.181565460,506.66
536.204815033,506.66
536.227913662,506.66
536.251028322,506.66
536.274061510,481.93
536.297370700,481.93
536.320804788,481.93
536.344734657,481.93
536.368201865,448.23
536.390841001,448.23
536.413395623,448.23
536.436006151,448.23
536.458892777,448.23
536.482608564,408.51
536.506314494,408.51
536.529510500,408.51
536.553012204,408.51
536.576709526,408.42
536.599857115,408.42
536.626253472,408.42
536.649714280,408.42
536.673073743,404.57
536.696478071,404.57
536.720156609,404.57
536.743370246,404.57
536.766350153,404.57
536.789480334,403.24
536.812837141,403.24
536.879316806,403.24
536.902507340,403.24
536.926086677,411.05
536.949225274,411.05
536.972040507,411.05
536.995568068,411.05
537.018541159,412.95
537.041752557,412.95
537.065504311,412.95
537.089109185,412.95
537.112427591,413.72
537.136013105,413.72
537.159472185,413.72
537.182750655,413.72
537.205766370,413.72
537.228677509,425.75
537.252314958,425.75
537.275743638,425.75
537.299009916,425.75
537.322370372,446.65
537.346052174,446.65
537.369206899,446.65
537.392213622,446.65
537.415341755,482.45
537.438671714,482.45
537.461917960,482.45
537.485275311,482.45
537.508256178,506.12
537.531534809,506.12
537.554952512,506.12
537.578691659,506.12
537.602046002,506.12
537.625773725,482.45
537.648774528,482.45
537.671683363,482.45
537.695158187,482.45
537.718532146,454.64
537.741824281,454.64
537.765183808,454.64
537.788086722,454.64
537.811133767,427.30
537.833735654,427.30
537.856882571,427.30
537.880302419,427.30
537.903656570,427.30
537.926848575,403.02
537.949788546,403.02
537.972862918,403.02
537.995649128,403.02
538.018467210,402.24
538.041355628,402.24
538.064484785,402.24
538.087746327,402.24
538.111618691,401.36
538.135478031,401.36
538.158920087,401.36
538.181943547,401.36
538.204676604,401.36
538.227011609,379.36
538.249977276,379.36
538.273612966,379.36
538.297564083,379.36
538.320695288,373.66
538.344122623,373.66
538.367851242,373.66
538.391519957,373.66
538.414818683,368.26
538.438344260,368.26
538.461930061,368.26
538.485625528,368.26
538.509150529,370.98
538.532247365,370.98
538.555624845,370.98
538.578734738,370.98
538.601966711,370.98
538.625899492,389.74
538.649189547,389.74
538.672930358,389.74
538.696173116,389.74
538.718698843,394.74
538.741123289,394.74
538.763623415,394.74
538.786755004,394.74
538.810185668,392.29
538.833557676,392.29
538.856834738,392.29
538.880012023,392.29
538.903987332,392.29
538.927449421,422.11
538.951386618,422.11
538.974913954,422.11
538.999095698,422.11
539.022663515,452.05
539.046438150,452.05
539.070071664,452.05
539.094319136,452.05
539.118067275,485.48
539.141931671,485.48
539.165565409,485.48
539.188513060,485.48
539.212084046,518.48
539.235455285,518.48
539.258623354,518.48
539.281955009,518.48
539.305582283,518.48
539.329058580,538.92
539.352430491,538.92
539.375867587,538.92
539.399406412,538.92
539.423212696,542.13
539.446591168,542.13
539.470265738,542.13
539.494425145,542.13
539.517942050,538.60
539.541301481,538.60
539.564730705,538.60
539.588248506,538.60
539.612134343,545.79
539.635592175,545.79
539.658996535,545.79
539.682397502,545.79
539.706208586,545.79
539.729467536,568.57
539.752803672,568.57
539.776085246,568.57
539.800130892,568.57
539.823358354,603.58
539.846792314,603.58
539.869948319,603.58
539.894016718,603.58
539.917213651,597.56
539.940393273,597.56
539.963617823,597.56
539.986355968,597.56
540.008728510,597.56
540.031073883,560.43
540.055538925,560.43
540.078655410,560.43
540.102866242,560.43
540.126301994,546.51
540.149797458,546.51
540.173289435,546.51
540.196447488,546.51
540.219648934,547.62
540.242960589,547.62
540.266103794,547.62
540.289321048,547.62
540.313124580,548.10
540.336346026,548.10
540.359770034,548.10
540.383016152,548.10
540.406519265,548.10
540.429741703,547.90
540.453149071,547.90
540.476168051,547.90
540.499533498,547.90
540.523004995,550.30
540.546664013,550.30
540.569922068,550.30
540.593132602,550.30
540.619015130,545.34
540.642019358,545.34
540.664875136,545.34
540.687844740,545.34
540.711279788,545.34
540.734972055,536.87
540.758710210,536.87
540.782650223,536.87
540.806846751,536.87
540.830104069,504.37
540.853167914,504.37
540.876016172,504.37
540.899959577,504.37
540.923632036,469.30
540.947475088,469.30
540.970812695,469.30
540.994371680,469.30
541.018079883,507.36
541.041234001,507.36
541.082399080,507.36
541.105803696,507.36
541.129149112,521.96
541.152774946,521.96
541.175719717,521.96
541.198690152,521.96
541.221880782,521.96
541.244969427,522.49
541.268455228,522.49
541.291635713,522.49
541.315234635,522.49
541.338838837,520.73
541.362274397,520.73
541.385281185,520.73
541.408747306,520.73
541.431941776,517.84
541.455060277,517.84
541.478238235,517.84
541.501331392,517.84
541.524596870,517.84
541.548169744,521.66
541.571552599,521.66
541.594587228,521.66
541.619888215,521.66
541.643076636,526.20
541.666491493,526.20
541.690015246,526.20
541.713110642,526.20
541.736464698,532.63
541.760151781,532.63
541.783850672,532.63
541.807309144,532.63
541.830423709,561.16
541.853667172,561.16
541.877184717,561.16
541.900262673,561.16
541.923486392,561.16
541.946299738,591.85
541.969531104,591.85
541.992762150,591.85
542.016377520,591.85
542.039801080,568.25
542.063195008,568.25
542.086213604,568.25
542.109235208,568.25
542.132650065,532.69
542.155390578,532.69
542.177920273,532.69
542.200373424,532.69
542.223114513,532.69
542.246364695,500.35
542.270203748,500.35
542.293659532,500.35
542.317168789,500.35
542.341034626,503.17
542.364426122,503.17
542.388082197,503.17
542.411548541,503.17
542.435443594,502.22
542.459066580,502.22
542.482980322,502.22
542.506593868,502.22
542.530529625,502.22
542.554010242,498.98
542.577560043,498.98
542.601260246,498.98
542.626231470,498.98
542.650411006,494.71
542.674060488,494.71
542.698017046,494.71
542.721750785,494.71
542.745947953,498.36
542.769545787,498.36
542.793368903,498.36
542.817338101,498.36
542.841188545,498.93
542.865082862,498.93
542.888954683,498.93
542.912332387,498.93
542.936184687,507.83
542.959606327,507.83
542.982793726,507.83
543.006076644,507.83
543.029505741,507.83
543.053013590,532.56
543.076254588,532.56
543.099032414,532.56
543.123575185,532.56
543.147104955,540.33
543.170707269,540.33
543.193963755,540.33
543.218576511,540.33
543.244127901,552.23
543.269587641,552.23
543.292879712,552.23
543.316168007,552.23
543.339668976,522.13
543.362756565,522.13
543.386156894,522.13
543.409313955,522.13
543.432216454,522.13
543.455225003,496.63
543.478618707,496.63
543.501994395,496.63
543.526641967,496.63
543.550399099,467.93
543.573988741,467.93
543.596775239,467.93
543.621319354,467.93
543.644266622,423.92
543.667236162,423.92
543.691232880,423.92
543.714938683,423.92
543.738837992,414.11
543.762517459,414.11
543.786680323,414.11
543.809837737,414.11
543.833653269,414.11
543.857734756,409.38
543.881413295,409.38
543.905238363,409.38
543.930209587,409.38
543.953458393,412.04
543.976764160,412.04
544.000776623,412.04
544.024750524,412.04
544.048174469,408.88
544.071336843,408.88
544.094725523,408.88
544.117986393,408.88
544.141002878,408.88
544.164721257,417.85
544.188180946,417.85
544.211588762,417.85
544.240873468,420.85
544.266128759,420.85
544.289125947,420.85
544.311829276,420.85
544.334729536,420.85
544.357676740,404.82
544.381634321,404.82
544.405514462,404.82
544.429353163,404.82
544.453089078,428.57
544.477014180,428.57
544.500592782,428.57
544.524378298,428.57
544.548111237,453.60
544.571489710,453.60
544.595215737,453.60
544.628699493,453.60
544.652521362,494.54
544.676287550,494.54
544.699578597,494.54
544.722810347,494.54
544.746649400,515.32
544.770203746,515.32
544.793843404,515.32
544.817463447,515.32
544.841091809,515.32
544.864951662,518.84
544.888616633,518.84
544.912255556,518.84
544.936078384,518.84
544.959567545,516.43
544.982886209,516.43
545.006269225,516.43
545.029574256,516.43
545.053097849,516.53
545.076705796,516.53
545.099823817,516.53
545.123071248,516.53
545.146211925,516.53
545.169183321,525.74
545.192235486,525.74
545.215411972,525.74
545.240020376,525.74
545.264328426,522.74
545.287623153,522.74
545.311609503,522.74
545.334404417,522.74
545.357164260,520.82
545.380347050,520.82
545.403943732,520.82
545.427686080,520.82
545.451491788,520.82
545.474576689,521.32
545.498125627,521.32
545.521633509,521.32
545.545251663,521.32
545.568539382,521.64
545.592153217,521.64
545.620075990,521.64
545.643442430,521.64
545.666824102,519.33
545.690421296,519.33
545.713923802,519.33
545.737733926,519.33
545.761416305,521.18
545.785030332,521.18
545.808528581,521.18
545.831873229,521.18
545.855483543,518.22
545.878936864,518.22
545.902558059,518.22
545.925952019,518.22
545.949233498,518.22
545.972456641,518.44
545.995802313,518.44
546.019518708,518.44
546.043032542,518.44
546.066157731,519.88
546.089412554,519.88
546.112503695,519.88
546.135604245,519.88
546.159352801,489.09
546.182898218,489.09
546.206244338,489.09
546.229600186,489.09
546.252482749,489.09
546.274951580,479.68
546.297855424,479.68
546.321306857,479.68
546.345427544,479.68
546.369136516,506.55
546.392747535,506.55
546.415856500,506.55
546.439737697,506.55
546.463164138,508.11
546.486555314,508.11
546.509854970,508.11
546.533133025,508.11
546.556986638,508.11
546.580016499,512.69
546.603068920,512.69
546.626296767,512.69
546.650463567,512.69
546.673483891,515.62
546.697090302,515.62
546.720258340,515.62
546.744533493,515.62
546.767679035,499.30
546.790931298,499.30
546.814011975,499.30
546.837086637,499.30
546.860531349,499.30
546.883971710,472.11
546.907419975,472.11
546.930640398,472.11
546.953725523,472.11
546.976692183,444.15
547.000131584,444.15
547.022965123,444.15
547.046451084,444.15
547.069488689,404.62
547.092862969,404.62
547.116629349,404.62
547.140609556,404.62
547.164451585,420.34
547.188138668,420.34
547.212027609,420.34
547.235853830,420.34
547.260135959,420.34
547.283732610,453.98
547.307688304,453.98
547.331235482,453.98
547.356021072,453.98
547.380360738,483.26
547.403964076,483.26
547.427603159,483.26
547.451123137,483.26
547.474710444,485.16
547.497691344,485.16
547.521100537,485.16
547.544676835,485.16
547.567988427,482.09
547.591539573,482.09
547.615258560,482.09
547.642863219,482.09
547.666260027,482.09
547.689802021,483.00
547.713252974,483.00
547.736646615,483.00
547.759782493,483.00
547.783284294,494.25
547.806768304,494.25
547.829681779,494.25
547.852939226,494.25
547.876538245,524.08
547.899863405,524.08
547.923894268,524.08
547.947105794,524.08
547.970621260,524.08
547.994203542,558.14
548.017437853,558.14
548.040583043,558.14
548.064195150,558.14
548.087513078,600.91
548.110718300,600.91
548.134149221,600.91
548.157531566,600.91
548.181398555,604.28
548.204743459,604.28
548.228177900,604.28
548.251734262,604.28
548.274982141,606.65
548.298024962,606.65
548.321577100,606.65
548.345081814,606.65
548.368596096,606.65
548.392029993,602.12
548.415140143,602.12
548.438702105,602.12
548.463508527,602.12
548.486658486,594.87
548.510175199,594.87
548.533860907,594.87
548.558479744,594.87
548.582087306,595.15
548.605879959,595.15
548.629306784,595.15
548.652822154,595.15
548.675984080,595.15
548.699286392,594.32
548.722789761,594.32
548.746307819,594.32
548.769457297,594.32
548.792444502,597.60
548.815828574,597.60
548.839468010,597.60
548.862950547,597.60
548.886227130,590.99
548.909478562,590.99
548.932747881,590.99
548.956228946,590.99
548.979834045,586.61
549.003058852,586.61
549.026312651,586.61
549.050019447,586.61
549.073283550,586.61
549.096524869,587.61
549.120083600,587.61
549.143265302,587.61
549.166309147,587.61
549.189660323,586.40
549.212805386,586.40
549.235939056,586.40
549.259042133,586.40
549.282237084,574.64
549.305720838,574.64
549.329199631,574.64
549.352739641,574.64
549.375895104,574.64
549.398666146,548.81
549.421721415,548.81
549.445010543,548.81
549.468663962,548.81
549.491641215,525.62
549.514464994,525.62
549.536816096,525.62
549.559334624,525.62
549.582188740,481.77
549.605829775,481.77
549.629467194,481.77
549.652801538,481.77
549.676223371,481.77
549.699872374,479.88
549.723064029,479.88
549.746357285,479.88
549.769878671,479.88
549.793298488,477.38
549.816539487,477.38
549.840208874,477.38
549.863437809,477.38
549.887051228,482.97
549.910517926,482.97
549.933891438,482.97
549.957497209,482.97
549.980943970,482.97
550.004054472,483.37
550.027215567,483.37
550.050461398,483.37
550.075007402,483.37
550.098422355,486.85
550.121725819,486.85
550.144900993,486.85
550.169401813,486.85
550.192796030,481.48
550.216036133,481.48
550.239267116,481.48
550.262697973,481.48
550.285983677,481.48
550.309051682,489.43
550.332232265,489.43
550.355141261,489.43
550.378859929,489.43
550.402149857,491.34
550.425640779,491.34
550.448701616,491.34
550.472335195,491.34
550.495145694,492.60
550.518019330,492.60
550.543038075,492.60
550.566389059,492.60
550.589823853,507.38
550.613033556,507.38
550.636295003,507.38
550.659613987,507.38
550.682530631,507.38
550.704897030,479.45
550.727812234,479.45
550.751129458,479.45
550.774901566,479.45
550.798737132,451.22
550.822353495,451.22
550.845779488,451.22
550.869656941,451.22
550.893225400,451.77
550.917271719,451.77
550.940535247,451.77
550.964125178,451.77
550.987739557,451.77
551.010893323,456.81
551.034318612,456.81
551.057867199,456.81
551.082698806,456.81
551.106234944,453.96
551.130054189,453.96
551.153036114,453.96
551.177446021,453.96
551.200995215,459.93
551.224207894,459.93
551.247704608,459.93
551.270872486,459.93
551.294125838,459.93
551.317868474,462.74
551.341227171,462.74
551.364399530,462.74
551.387976948,462.74
551.411177403,487.58
551.434310626,487.58
551.457530281,487.58
551.480870609,487.58
551.504335515,516.92
551.527482401,516.92
551.554831826,516.92
551.579858091,516.92
551.603221555,550.23
551.626839071,550.23
551.650333256,550.23
551.673730609,550.23
551.697285532,550.23
551.720850439,578.68
551.744245327,578.68
551.767973820,578.68
551.791585959,578.68
551.815071537,606.06
551.839012927,606.06
551.862358791,606.06
551.886166741,606.06
551.909522493,608.44
551.933339338,608.44
551.956764403,608.44
551.979954650,608.44
552.003290051,608.89
552.026826093,608.89
552.050164405,608.89
552.073438941,608.89
552.097489485,608.89
552.121125592,605.55
552.144539937,605.55
552.167753544,605.55
552.192364381,605.55
552.215410211,608.27
552.238700587,608.27
552.262082387,608.27
552.286849770,608.27
552.310278259,609.70
552.333576059,609.70
552.356996165,609.70
552.380251852,609.70
552.403803383,606.95
552.427131679,606.95
552.450744715,606.95
552.473881393,606.95
552.498064578,606.95
552.521297577,606.00
552.544586641,606.00
552.567931290,606.00
552.591044736,606.00
552.614360008,606.13
552.639835014,606.13
552.662919756,606.13
552.686110451,606.13
552.710156515,610.08
552.733384778,610.08
552.756913236,610.08
552.780160540,610.08
552.803536357,610.08
552.826690187,609.14
552.849794577,609.14
552.872562516,609.14
552.897353099,609.14
552.920484082,604.28
552.943322517,604.28
552.966735646,604.28
552.991511765,604.28
553.014406073,572.54
553.037111963,572.54
553.060006559,572.54
553.083749484,572.54
553.107421368,572.54
553.130866689,547.81
553.154737039,547.81
553.178554908,547.81
553.202279177,547.81
553.225938836,544.89
553.249392190,544.89
553.272416611,544.89
553.296322001,544.89
553.319204469,541.12
553.342738464,541.12
553.365920391,541.12
553.389000301,541.12
553.412812474,544.96
553.435916705,544.96
553.459225321,544.96
553.482653970,544.96
553.506261438,544.96
553.529609670,542.49
553.552882158,542.49
553.576439769,542.49
553.599718913,542.49
553.625670052,544.98
553.653738395,544.98
553.677346183,544.98
553.701393206,544.98
553.724668734,541.02
553.748581932,541.02
553.772092439,541.02
553.795387263,541.02
553.818871401,542.62
553.842686454,542.62
553.865850909,542.62
553.889685675,542.62
553.913119508,542.62
553.936195738,546.38
553.959550499,546.38
553.983450225,546.38
554.006659992,546.38
554.029894208,573.93
554.052860485,573.93
554.075866314,573.93
554.100103580,573.93
554.123170817,598.03
554.146635883,598.03
554.170224438,598.03
554.193633664,598.03
554.217014473,598.03
554.240203952,574.95
554.263258101,574.95
554.286474429,574.95
554.309466914,574.95
554.332903308,548.34
554.356089267,548.34
554.379477660,548.34
554.402711300,548.34
554.425721641,517.74
554.448896208,517.74
554.472553948,517.74
554.495969318,517.74
554.518831402,517.74
554.541334314,484.83
554.563944235,484.83
554.587188243,484.83
554.611131714,484.83
554.635007920,457.26
554.658663228,457.26
554.682038181,457.26
554.705614224,457.26
554.729175515,456.85
554.752834278,456.85
554.776544659,456.85
554.799708154,456.85
554.823086467,458.71
554.846447820,458.71
554.869877941,458.71
554.893317151,458.71
554.916752073,458.71
554.940312180,457.50
554.964142145,457.50
554.987147943,457.50
555.010751954,457.50
555.034362525,459.01
555.058131946,459.01
555.081646933,459.01
555.104790780,459.01
555.127984899,455.24
555.150882215,455.24
555.173746091,455.24
555.196444909,455.24
555.219341394,455.24
555.242639258,475.11
555.266019043,475.11
555.289487277,475.11
555.313400028,475.11
555.336448289,471.97
555.358984802,471.97
555.381206560,471.97
555.403903298,471.97
555.427586798,465.84
555.451356156,465.84
555.475044328,465.84
555.498463921,465.84
555.522153982,465.84
555.545540199,496.88
555.569705208,496.88
555.593435589,496.88
555.620042926,496.88
555.643835995,520.70
555.667612585,520.70
555.690622638,520.70
555.713735253,520.70
555.736745338,519.81
555.759996834,519.81
555.783309099,519.81
555.806450449,519.81
555.830064445,515.73
555.853350373,515.73
555.876657134,515.73
555.899833365,515.73
555.923141853,515.73
555.946673064,489.36
555.970127794,489.36
555.993896351,489.36
556.017377161,489.36
556.040127756,453.63
556.062559276,453.63
556.085119373,453.63
556.108506806,453.63
556.132002817,430.40
556.155815982,430.40
556.179007541,430.40
556.202563328,430.40
556.226400014,430.40
556.249636918,436.18
556.272949279,436.18
556.296213191,436.18
556.319885459,436.18
556.343365789,468.08
556.366952649,468.08
556.390197329,468.08
556.413777020,468.08
556.437253254,505.97
556.460457550,505.97
556.484114202,505.97
556.507200928,505.97
556.530600458,505.97
556.554096340,506.03
556.577753248,506.03
556.600978248,506.03
556.627533489,506.03
556.650135827,504.45
556.673475163,504.45
556.696936614,504.45
556.721528059,504.45
556.745001765,509.61
556.768861651,509.61
556.792273245,509.61
556.815670726,509.61
556.839499540,511.47
556.862758588,511.47
556.886378088,511.47
556.909498383,511.47
556.932963417,511.47
556.955802365,535.96
556.978773378,535.96
557.002135595,535.96
557.025326995,535.96
557.048418649,562.79
557.071584896,562.79
557.094944233,562.79
557.118371347,562.79
557.142467651,576.20
557.165762316,576.20
557.188402670,576.20
557.210940143,576.20
557.233725042,576.20
557.257022427,530.22
557.281394894,530.22
557.304512213,530.22
557.327938078,530.22
557.351710636,528.04
557.374647569,528.04
557.398072731,528.04
557.421290627,528.04
557.444811949,527.51
557.468188343,527.51
557.491646305,527.51
557.514981290,527.51
557.538779767,527.51
557.562061888,526.54
557.585699820,526.54
557.609270071,526.54
557.634309297,526.54
557.657734779,525.03
557.681467496,525.03
557.704978355,525.03
557.729321862,525.03
557.752917073,525.52
557.776441244,525.52
557.800267114,525.52
557.823807317,525.52
557.849502358,529.51
557.873251171,529.51
557.897035760,529.51
557.920422042,529.51
557.944202375,529.51
557.967721010,530.65
557.990958586,530.65
558.014490597,530.65
558.037736781,530.65
558.060832979,530.53
558.084278653,530.53
558.107763528,530.53
558.132250524,530.53
558.155498660,555.32
558.178975247,555.32
558.202924190,555.32
558.226473673,555.32
558.249892531,596.67
558.273362557,596.67
558.296528868,596.67
558.319710988,596.67
558.343144246,596.67
558.366269373,597.68
558.389862729,597.68
558.413052848,597.68
558.436354105,597.68
558.459507200,596.97
558.482635495,596.97
558.505773806,596.97
558.529011350,596.97
558.552674755,598.32
558.576364079,598.32
558.599569207,598.32
558.623038722,598.32
558.646718990,598.32
558.670100600,595.65
558.693724868,595.65
558.717042125,595.65
558.740566872,595.65
558.764202372,596.69
558.787670702,596.69
558.810886070,596.69
558.834066589,596.69
558.857954508,596.67
558.881029682,596.67
558.903874263,596.67
558.926531033,596.67
558.950338183,596.67
558.973818417,595.07
558.997064249,595.07
559.020546884,595.07
559.045429788,595.07
559.068890055,595.89
559.092357393,595.89
559.115545241,595.89
559.140274832,595.89
559.163432279,592.66
559.186699903,592.66
559.210074985,592.66
559.233533139,592.66
559.257364001,599.44
559.280809995,599.44
559.304028467,599.44
559.327629951,599.44
559.351145130,599.44
559.374706166,599.54
559.398264385,599.54
559.421891501,599.54
559.445404440,599.54
559.468857794,599.58
559.492300301,599.58
559.515923289,599.58
559.539199553,599.58
559.562260392,600.47
559.585467440,600.47
559.608818265,600.47
559.632367908,600.47
559.656087665,600.47
559.679223385,606.09
559.702652035,606.09
559.725814154,606.09
559.750311455,606.09
559.773673512,602.14
559.797337141,602.14
559.821382277,602.14
559.845761913,602.14
559.869013537,604.06
559.892561324,604.06
559.916239065,604.06
559.939748420,604.06
559.963393872,603.86
559.988413450,603.86
560.011374863,603.86
560.034408662,603.86
560.057579997,603.86
560.081076392,607.40
560.104855126,607.40
560.128338752,607.40
560.151022595,607.40
560.173656965,584.64
560.197195184,584.64
560.220967230,584.64
560.244429416,584.64
560.267853298,574.47
560.291209532,574.47
560.314831304,574.47
560.338143249,574.47
560.361772189,574.47
560.385255976,574.89
560.408449264,574.89
560.431837146,574.89
560.455698760,574.89
560.479324436,574.91
560.502993953,574.91
560.526405195,574.91
560.551212643,574.91
560.574816015,577.24
560.597852085,577.24
560.621393281,577.24
560.645034573,577.24
560.668514488,573.72
560.691818081,573.72
560.715465293,573.72
560.738662869,573.72
560.761754396,573.72
560.784803810,575.01
560.808326861,575.01
560.831654550,575.01
560.854886079,575.01
560.878113255,570.20
560.901150605,570.20
560.924043826,570.20
560.947202010,570.20
560.971037224,537.47
561.018296064,537.47
561.040966179,537.47
561.063802119,537.47
561.087208305,501.33
561.111042303,501.33
561.134539466,501.33
561.157771443,501.33
561.181532576,501.33
561.204957770,532.03
561.228733400,532.03
561.251976992,532.03
561.275522572,532.03
561.298944342,535.72
561.322472161,535.72
561.345408359,535.72
561.368466477,535.72
561.391486836,530.53
561.414428217,530.53
561.437365246,530.53
561.460666951,530.53
561.483957456,530.53
561.506543346,527.23
561.529677626,527.23
561.553165636,527.23
561.577294454,527.23
561.600442045,497.42
561.625383991,497.42
561.647826551,497.42
561.670876862,497.42
561.693780739,450.71
561.718059862,450.71
561.741810659,450.71
561.766629947,450.71
561.790205511,450.38
561.814145463,450.38
561.837627649,450.38
561.860977419,450.38
561.885328959,450.38
561.908997547,452.79
561.933090492,452.79
561.956414085,452.79
561.979865360,452.79
562.003650014,475.70
562.027098280,475.70
562.050480978,475.70
562.074016158,475.70
562.097433512,518.25
562.120750417,518.25
562.143961305,518.25
562.167195106,518.25
562.190965679,521.59
562.214132311,521.59
562.237325503,521.59
562.260698377,521.59
562.284304661,521.59
562.307520893,515.42
562.330979240,515.42
562.354649237,515.42
562.378539524,515.42
562.401870797,519.97
562.424952436,519.97
562.448333502,519.97
562.472426223,519.97
562.495395285,528.59
562.519377989,528.59
562.543001841,528.59
562.566480028,528.59
562.589977991,553.93
562.613513427,553.93
562.636669882,553.93
562.659581440,553.93
562.682781768,553.93
562.706081297,600.83
562.729401114,600.83
562.752458913,600.83
562.775843499,600.83
562.799119988,599.81
562.822099002,599.81
562.845167393,599.81
562.868696364,599.81
562.892134167,575.91
562.915454432,575.91
562.938822154,575.91
562.961944465,575.91
562.985228314,575.91
563.007976766,560.02
563.031530249,560.02
563.055246071,560.02
563.078532768,560.02
563.104515332,553.99
563.127839981,553.99
563.151784829,553.99
563.175277256,553.99
563.198698738,551.64
563.221898746,551.64
563.244862400,551.64
563.267955047,551.64
563.290864332,552.33
563.314063188,552.33
563.336793336,552.33
563.359996800,552.33
563.383643181,552.33
563.407043511,534.75
563.430457154,534.75
563.453094404,534.75
563.476163691,534.75
563.499388948,507.19
563.522857823,507.19
563.546497163,507.19
563.569530962,507.19
563.592066291,470.39
563.614488660,470.39
563.637256280,470.39
563.660479264,470.39
563.684371215,470.39
563.707536343,449.59
563.731091299,449.59
563.754373132,449.59
563.777543700,449.59
563.801024159,452.64
563.824252743,452.64
563.847347343,452.64
563.870920763,452.64
563.894640680,475.98
563.917797200,475.98
563.941231674,475.98
563.964834535,475.98
563.988148912,475.98
564.011493434,497.14
564.035053542,497.14
564.058105452,497.14
564.081513943,497.14
564.104759839,498.84
564.128161194,498.84
564.172024289,498.84
564.195960880,498.84
564.221244461,501.29
564.244356085,501.29
564.267464636,501.29
564.290767429,501.29
564.314273457,500.26
564.337192822,500.26
564.360025595,500.26
564.383376613,500.26
564.406928273,494.08
564.430366619,494.08
564.453412770,494.08
564.476155270,494.08
564.499314894,494.08
564.522342837,493.00
564.545503196,493.00
564.568814854,493.00
564.592278961,493.00
564.615387512,501.36
564.638533536,501.36
564.661477126,501.36
564.684629422,501.36
564.708048120,491.01
564.731276801,491.01
564.753931300,491.01
564.776416869,491.01
564.799334442,491.01
564.822992215,446.62
564.847128489,446.62
564.870675893,446.62
564.894421251,446.62
564.917930062,441.51
564.941807517,441.51
564.965556299,441.51
564.989119671,441.51
565.012421824,444.79
565.035644809,444.79
565.059543224,444.79
565.082693536,444.79
565.106337645,444.79
565.129763128,441.23
565.153044769,441.23
565.176211817,441.23
565.199482578,441.23
565.223516322,444.84
565.246824716,444.84
565.269833010,444.84
565.293255261,444.84
565.316557670,426.82
565.339764559,426.82
565.362819222,426.82
565.386654277,426.82
565.410114416,419.84
565.433413913,419.84
565.456541473,419.84
565.479504839,419.84
565.502805584,419.84
565.526176923,416.88
565.549742567,416.88
565.573404468,416.88
565.596738846,416.88
565.627928822,420.22
565.651245856,420.22
565.674060356,420.22
565.697809394,420.22
565.721092187,415.90
565.744747304,415.90
565.767977105,415.90
565.792070819,415.90
565.815195082,434.39
565.838214033,434.39
565.860688466,434.39
565.883404918,434.39
565.906187578,434.39
565.929687461,391.30
565.953781527,391.30
565.977032480,391.30
566.000273448,391.30
566.023833844,386.13
566.047414561,386.13
566.070766891,386.13
566.094242294,386.13
566.118034084,387.96
566.141386798,387.96
566.165134652,387.96
566.188417254,387.96
566.211817808,384.58
566.234892791,384.58
566.257933630,384.58
566.280915428,384.58
566.303936043,384.58
566.326740080,401.62
566.349959608,401.62
566.373383171,401.62
566.396835726,401.62
566.419724404,400.97
566.442340790,400.97
566.464605365,400.97
566.487090135,400.97
566.510046749,400.97
566.533456808,394.67
566.557099157,394.67
566.580150588,394.67
566.603495526,394.67
566.627603703,425.53
566.651118627,425.53
566.675150708,425.53
566.699047427,425.53
566.722497582,455.08
566.746072731,455.08
566.769488773,455.08
566.792709582,455.08
566.816253786,481.31
566.839701253,481.31
566.862632523,481.31
566.885795827,481.31
566.909023164,481.31
566.932604072,523.84
566.956104820,523.84
566.979983107,523.84
567.003535247,523.84
567.027257469,509.61
567.050829257,509.61
567.074225332,509.61
567.097387132,509.61
567.120924584,497.20
567.144718166,497.20
567.167936991,497.20
567.191363402,497.20
567.215027927,497.20
567.238661252,502.37
567.261946925,502.37
567.285113878,502.37
567.308500736,502.37
567.332232718,502.27
567.357567724,502.27
567.380966199,502.27
567.404970535,502.27
567.428369746,520.39
567.451839166,520.39
567.475276457,520.39
567.498951094,520.39
567.522123038,562.08
567.545725899,562.08
567.569031893,562.08
567.592390303,562.08
567.616132653,562.08
567.639213300,564.47
567.662573951,564.47
567.686122507,564.47
567.710444703,564.47
567.733929002,564.91
567.757108083,564.91
567.780098425,564.91
567.805187637,564.91
567.828076378,552.56
567.850551100,552.56
567.872946492,552.56
567.895860802,552.56
567.919110795,552.56
567.942629527,525.75
567.966367237,525.75
567.989795248,525.75
568.013976578,525.75
568.037323852,544.52
568.060610934,544.52
568.084708488,544.52
568.108179539,544.52
568.131857600,558.74
568.155717200,558.74
568.179110618,558.74
568.202931273,558.74
568.226830361,556.68
568.250210083,556.68
568.273650510,556.68
568.297400861,556.68
568.320770983,556.68
568.344447605,552.94
568.368375301,552.94
568.391959249,552.94
568.416527208,552.94
568.439716304,558.39
568.463505375,558.39
568.487630449,558.39
568.511193821,558.39
568.534804266,553.33
568.558368727,553.33
568.581827746,553.33
568.605041323,553.33
568.628657432,550.76
568.652246532,550.76
568.675672047,550.76
568.698792311,550.76
568.722566470,550.76
568.745919376,548.94
568.769393212,548.94
568.792784742,548.94
568.816409619,548.94
568.839552219,563.33
568.863051879,563.33
568.886693812,563.33
568.910024926,563.33
568.933579883,596.70
568.956399600,596.70
568.979798650,596.70
569.003188773,596.70
569.026950227,596.70
569.049987291,594.32
569.073646344,594.32
569.096704367,594.32
569.121096420,594.32
569.144510095,594.21
569.168177244,594.21
569.191155235,594.21
569.215450518,594.21
569.238854881,593.10
569.262049386,593.10
569.285107281,593.10
569.308034103,593.10
569.331178048,593.10
569.354423433,585.08
569.377615698,585.08
569.401085341,585.08
569.424485576,585.08
569.448453145,559.37
569.472100166,559.37
569.495017292,559.37
569.518938428,559.37
569.542162213,532.94
569.565319310,532.94
569.588406293,532.94
569.611744864,532.94
569.635514862,532.94
569.658693655,502.37
569.681335834,502.37
569.703858812,502.37
569.727769068,502.37
569.751173367,467.78
569.774967174,467.78
569.798433169,467.78
569.822854246,467.78
569.846135600,469.07
569.869991775,469.07
569.893414635,469.07
569.916937431,469.07
569.940534499,462.99
569.964184465,462.99
569.987837982,462.99
570.011003783,462.99
570.034489490,462.99
570.057711163,461.60
570.081241672,461.60
570.104815028,461.60
570.128542658,461.60
570.151866028,463.64
570.175459577,463.64
570.198696386,463.64
570.222252143,463.64
570.245886908,468.21
570.269692299,468.21
570.292778451,468.21
570.315647128,468.21
570.338951554,468.21
570.362219500,474.31
570.385627447,474.31
570.409107107,474.31
570.433667737,474.31
570.457617802,491.77
570.480889779,491.77
570.504636258,491.77
570.527806827,491.77
570.551356695,481.44
570.575109990,481.44
570.598527985,481.44
570.621706009,481.44
570.645215749,513.03
570.668636881,513.03
570.691969723,513.03
570.715203524,513.03
570.738621679,513.03
570.762003322,550.11
570.785690792,550.11
570.808856401,550.11
570.832217787,550.11
570.855702919,549.93
570.879235987,549.93
570.902438940,549.93
570.925896808,549.93
570.949269906,550.18
570.972801151,550.18
570.996158729,550.18
571.019662325,550.18
571.043283778,550.18
571.066761390,554.49
571.089729141,554.49
571.112916446,554.49
571.136070630,554.49
571.159030701,555.81
571.182151925,555.81
571.205123963,555.81
571.228522150,555.81
571.252332981,536.81
571.275460510,536.81
571.298107905,536.81
571.320525442,536.81
571.343130021,536.81
571.365919626,498.64
571.389474327,498.64
571.413102436,498.64
571.436615632,498.64
571.459947099,500.23
571.483400262,500.23
571.520086263,500.23
571.543628483,500.23
571.566963246,536.99
571.590805085,536.99
571.614213224,536.99
571.637379473,536.99
571.660134486,534.56
571.683100540,534.56
571.705896705,534.56
571.728899880,534.56
571.752038129,534.56
571.775117113,530.49
571.798069695,530.49
571.821397258,530.49
571.844724628,530.49
571.867650778,499.77
571.890325086,499.77
571.912955745,499.77
571.935661637,499.77
571.959129137,463.51
571.982538492,463.51
572.006034888,463.51
572.029356051,463.51
572.053079201,463.51
572.076466252,458.18
572.099814102,458.18
572.123399395,458.18
572.147137778,458.18
572.170665278,458.57
572.194245963,458.57
572.218117531,458.57
572.241257795,458.57
572.264363435,473.36
572.287633589,473.36
572.311151905,473.36
572.334825967,473.36
572.358127513,510.80
572.382019658,510.80
572.405845561,510.80
572.429118243,510.80
572.452929938,510.80
572.476455039,519.71
572.499742921,519.71
572.523468631,519.71
572.547164517,519.71
572.570558576,524.27
572.594424384,524.27
572.620270340,524.27
572.644529496,524.27
572.668078468,523.77
572.691840595,523.77
572.715322431,523.77
572.739054862,523.77
572.762536762,527.29
572.786226760,527.29
572.809503761,527.29
572.832705723,527.29
572.856479242,527.29
572.880019254,556.15
572.904031208,556.15
572.927827383,556.15
572.952452846,556.15
572.975842585,597.65
572.999466055,597.65
573.022855730,597.65
573.047547402,597.65
573.070824884,602.57
573.094278463,602.57
573.117984846,602.57
573.141665052,602.57
573.164854725,602.88
573.188360081,602.88
573.211609850,602.88
573.234721123,602.88
573.258412881,602.88
573.281864413,606.07
573.305639404,606.07
573.329136120,606.07
573.352828934,606.07
573.376290770,602.78
573.399776318,602.78
573.423050312,602.78
573.446182929,602.78
573.469416794,601.10
573.492806277,601.10
573.516082607,601.10
573.539630172,601.10
573.562561635,601.10
573.585854285,598.06
573.608647698,598.06
573.631871643,598.06
573.658744842,598.06
573.682097524,603.22
573.705314238,603.22
573.728407814,603.22
573.752842780,603.22
573.776117158,577.36
573.799455056,577.36
573.823040765,577.36
573.846592458,577.36
573.869513745,577.36
573.891995379,539.89
573.914428212,539.89
573.937204633,539.89
573.961603822,539.89
573.985145083,520.80
574.008629863,520.80
574.031938802,520.80
574.056488872,520.80
574.079604625,518.38
574.103443808,518.38
574.127061166,518.38
574.150313848,518.38
574.174223368,522.78
574.197515058,522.78
574.221570532,522.78
574.245217106,522.78
574.268968513,522.78
574.292461293,521.80
574.316524255,521.80
574.340041643,521.80
574.364809925,521.80
574.388431122,520.49
574.412170625,520.49
574.435482571,520.49
574.459232730,520.49
574.482540965,519.42
574.505978416,519.42
574.529306555,519.42
574.552593925,519.42
574.575923120,522.45
574.599823232,522.45
574.623051754,522.45
574.646452565,522.45
574.669834081,522.45
574.692903401,520.98
574.716449493,520.98
574.739757888,520.98
574.763401134,520.98
574.786895322,544.08
574.810130276,544.08
574.833633616,544.08
574.857325438,544.08
574.881216079,577.59
574.904866652,577.59
574.928216263,577.59
574.951479665,577.59
574.975140127,577.59
574.998771981,601.71
575.022465371,601.71
575.046399500,601.71
575.070713697,601.71
575.093823945,600.16
575.117439319,600.16
575.140657088,600.16
575.165164375,600.16
575.188503169,596.62
575.211748491,596.62
575.234992117,596.62
575.258427425,596.62
575.281492457,596.62
575.305100662,597.37
575.328307456,597.37
575.351769548,597.37
575.375124567,597.37
575.398776069,599.23
575.421978862,599.23
575.445785790,599.23
575.469088008,599.23
575.492219633,601.06
575.515538812,601.06
575.538608772,601.06
575.561870126,601.06
575.585924800,599.74
575.609433549,599.74
575.632794616,599.74
575.656265540,599.74
575.679788336,599.74
575.703292957,599.02
575.726306085,599.02
575.752567149,599.02
575.776063545,599.02
575.799708487,602.16
575.822927217,602.16
575.845822775,602.16
575.869446501,602.16
575.892017992,571.96
575.914394281,571.96
575.937083309,571.96
575.960371608,571.96
575.983385663,571.96
576.006386183,539.46
576.029410254,539.46
576.052400342,539.46
576.075368029,539.46
576.098490246,535.10
576.121863441,535.10
576.145208540,535.10
576.168508806,535.10
576.191792944,506.71
576.214736087,506.71
576.238126819,506.71
576.261635471,506.71
576.285170172,506.71
576.307602750,475.21
576.330048160,475.21
576.352607715,475.21
576.375540522,475.21
576.398848532,435.78
576.422265248,435.78
576.445463210,435.78
576.468708532,435.78
576.492530852,435.01
576.515862062,435.01
576.539473308,435.01
576.562629669,435.01
576.586034385,435.01
576.609442844,434.86
576.633147211,434.86
576.656538135,434.86
576.680136548,434.86
576.703492271,436.83
576.727049020,436.83
576.750822956,436.83
576.773724178,436.83
576.797154526,431.40
576.820546346,431.40
576.843793620,431.40
576.867078718,431.40
576.890680588,431.40
576.914217561,437.46
576.937519491,437.46
576.960516811,437.46
576.984305626,437.46
577.007482179,435.51
577.030901327,435.51
577.054253050,435.51
577.078287788,435.51
577.101103762,416.93
577.124142138,416.93
577.147402692,416.93
577.171055954,416.93
577.194470558,416.93
577.217376516,414.96
577.239859655,414.96
577.262463946,414.96
577.286604605,414.96
577.310265324,413.03
577.333614807,413.03
577.356815808,413.03
577.381645754,413.03
577.405263816,449.04
577.428457170,449.04
577.451977535,449.04
577.475316810,449.04
577.498611380,449.70
577.522550214,449.70
577.545657326,449.70
577.569366653,449.70
577.593108076,449.70
577.616638329,448.51
577.639985316,448.51
577.663445552,448.51
577.686452760,448.51
577.709948165,443.58
577.733710100,443.58
577.756952222,443.58
577.780576748,443.58
577.820514430,449.60
577.844008587,449.60
577.867483960,449.60
577.891299848,449.60
577.914849333,473.09
577.938504643,473.09
577.961697709,473.09
577.985486332,473.09
578.009014665,502.91
578.032630071,502.91
578.056002562,502.91
578.079479823,502.91
578.103039708,502.91
578.126739339,526.39
578.150305208,526.39
578.173546690,526.39
578.196675627,526.39
578.220043479,547.13
578.243813062,547.13
578.267045488,547.13
578.290262234,547.13
578.313799399,582.07
578.336700526,582.07
578.359902391,582.07
578.383108129,582.07
578.406485485,582.07
578.430188956,583.16
578.453264772,583.16
578.476577519,583.16
578.500039739,583.16
578.523580008,582.60
578.546757522,582.60
578.570185310,582.60
578.593518761,582.60
578.616497745,585.05
578.639764635,585.05
578.663128966,585.05
578.686673492,585.05
578.709820605,589.42
578.732913926,589.42
578.756367986,589.42
578.780018848,589.42
578.803359371,589.42
578.826725463,587.32
578.850434310,587.32
578.873508046,587.32
578.896807897,587.32
578.920027459,589.18
578.943327405,589.18
578.966861403,589.18
578.990258758,589.18
579.013675090,589.87
579.037163199,589.87
579.060445738,589.87
579.083764565,589.87
579.107434883,589.87
579.130442475,592.81
579.153790070,592.81
579.177332899,592.81
579.201460310,592.81
579.224893730,607.83
579.247951307,607.83
579.271306870,607.83
579.295663307,607.83
579.319172184,607.27
579.342639045,607.27
579.366051793,607.27
579.389038777,607.27
579.412631174,606.59
579.436488439,606.59
579.459518783,606.59
579.483095693,606.59
579.506715387,606.59
579.530095622,607.62
579.553457938,607.62
579.576956479,607.62
579.600765615,607.62
579.626303504,610.63
579.649454042,610.63
579.673093928,610.63
579.698083588,610.63
579.721183021,607.12
579.744983996,607.12
579.768593130,607.12
579.791614610,607.12
579.814863101,607.12
579.838720589,609.92
579.862273915,609.92
579.885595398,609.92
579.908571597,609.92
579.932090682,607.65
579.957474490,607.65
579.981392107,607.65
580.005111514,607.65
580.028645704,606.21
580.051940306,606.21
580.075230109,606.21
580.098360646,606.21
580.122029461,608.30
580.145287999,608.30
580.168311335,608.30
580.191776244,608.30
580.215517379,608.30
580.239068465,605.50
580.262670142,605.50
580.285965417,605.50
580.310298623,605.50
580.334058030,606.83
580.357375161,606.83
580.380724069,606.83
580.405116539,606.83
580.428361605,607.17
580.451744337,607.17
580.475471328,607.17
580.498771659,607.17
580.522483450,607.80
580.545872390,607.80
580.569396019,607.80
580.593034818,607.80
580.616535855,607.80
580.639586135,605.30
580.663252134,605.30
580.686095436,605.30
580.709810779,605.30
580.733630156,606.20
580.757235226,606.20
580.780660230,606.20
580.804507702,606.20
580.827997763,606.04
580.851512592,606.04
580.874967965,606.04
580.898077734,606.04
580.921013901,606.04
580.944034581,608.89
580.967282976,608.89
580.990368264,608.89
581.014986081,608.89
581.037955912,592.61
581.060987601,592.61
581.083882519,592.61
581.107008961,592.61
581.130506382,562.59
581.153726968,562.59
581.176798080,562.59
581.200105259,562.59
581.223411062,562.59
581.246328573,534.65
581.268722943,534.65
581.291105313,534.65
581.313880871,534.65
581.337556822,488.53
581.361559016,488.53
581.385004180,488.53
581.408599586,488.53
581.432119312,488.70
581.455250457,488.70
581.478473603,488.70
581.501651885,488.70
581.525218491,488.70
581.548544614,487.20
581.571830673,487.20
581.595025211,487.20
581.621022017,487.20
581.644413869,483.33
581.667563863,483.33
581.690388765,483.33
581.714677234,483.33
581.738027230,483.83
581.761005573,483.83
581.783942029,483.83
581.807174231,483.83
581.830989799,483.83
581.854710743,466.86
581.877984898,466.86
581.900439844,466.86
581.922922695,466.86
581.945703213,425.32
581.969149113,425.32
581.993229676,425.32
582.016993948,425.32
582.040212422,441.77
582.064020502,441.77
582.087117631,441.77
582.110347978,441.77
582.133990936,467.98
582.157244611,467.98
582.180691663,467.98
582.203792792,467.98
582.227162212,467.98
582.250026475,494.97
582.272869137,494.97
582.295683959,494.97
582.318799297,494.97
582.341709000,533.96
582.364888658,533.96
582.388554849,533.96
582.411434024,533.96
582.433697448,533.96
582.456056106,494.40
582.478579853,494.40
582.502018490,494.40
582.526917045,494.40
582.550252993,474.58
582.573386538,474.58
582.596980280,474.58
582.622449273,474.58
582.645679844,474.41
582.669021551,474.41
582.692492124,474.41
582.715915689,474.41
582.739848538,479.18
582.763183462,479.18
582.786760308,479.18
582.810005150,479.18
582.833291049,479.18
582.856490099,489.05
582.880058945,489.05
582.903090826,489.05
582.926155474,489.05
582.949418941,526.65
582.972968203,526.65
582.996752699,526.65
583.020199944,526.65
583.043296177,537.37
583.067125665,537.37
583.093297257,537.37
583.116958936,537.37
583.140350436,537.37
583.164312150,540.10
583.187870980,540.10
583.211402289,540.10
583.234872702,540.10
583.258539981,541.02
583.282147931,541.02
583.305777898,541.02
583.329881597,541.02
583.353585645,543.20
583.377289276,543.20
583.401160205,543.20
583.424672698,543.20
583.448333577,583.46
583.472492029,583.46
583.496098667,583.46
583.519880251,583.46
583.543827373,583.46
583.567508764,604.14
583.591478414,604.14
583.614994652,604.14
583.638831532,604.14
583.662508604,606.25
583.686114570,606.25
583.709609911,606.25
583.733533961,606.25
583.757077558,605.41
583.780133535,605.41
583.803031686,605.41
583.826128784,605.41
583.850125826,605.72
583.873862161,605.72
583.897481312,605.72
583.920858796,605.72
583.944408666,605.72
583.967661445,602.24
583.990928720,602.24
584.014250075,602.24
584.039194839,602.24
584.062543267,603.38
584.086266898,603.38
584.109747039,603.38
584.133520207,603.38
584.156992476,602.75
584.180416969,602.75
584.203621427,602.75
584.226830045,602.75
584.250324426,603.74
584.274140091,603.74
584.298149870,603.74
584.321799100,603.74
584.345164456,603.74
584.368967897,604.59
584.392734601,604.59
584.415979988,604.59
584.439776772,604.59
584.463254673,604.85
584.486344250,604.85
584.509696422,604.85
584.533238612,604.85
584.556607872,608.71
584.580474545,608.71
584.603605115,608.71
584.627516812,608.71
584.650933721,608.71
584.674239332,605.54
584.697440559,605.54
584.720605753,605.54
584.744165607,605.54
584.767477170,603.54
584.790662300,603.54
584.813555140,603.54
584.838124060,603.54
584.861514696,585.34
584.884771891,585.34
584.907946781,585.34
584.930559201,585.34
584.953804716,585.34
584.977129208,559.63
585.000649317,559.63
585.023155305,559.63
585.045862382,559.63
585.068651604,512.90
585.092342659,512.90
585.115997618,512.90
585.140408937,512.90
585.179045103,511.52
585.202476220,511.52
585.225940905,511.52
585.250030716,511.52
585.273065093,511.84
585.296724276,511.84
585.320463940,511.84
585.343357803,511.84
585.366433268,511.84
585.389777376,509.70
585.413196141,509.70
585.436406487,509.70
585.459515393,509.70
585.482735852,506.54
585.505765716,506.54
585.528578587,506.54
585.551760325,506.54
585.575399380,491.80
585.599143844,491.80
585.622157229,491.80
585.645417400,491.80
585.668454176,464.94
585.691473737,464.94
585.714854421,464.94
585.738254530,464.94
585.761543565,464.94
585.784477141,440.78
585.807352828,440.78
585.830678728,440.78
585.853473742,440.78
585.875845008,418.75
585.898209810,418.75
585.921025017,418.75
585.945181357,418.75
585.969097054,418.14
585.992511179,418.14
586.015857047,418.14
586.039596135,418.14
586.063008563,418.14
586.086570209,462.17
586.109968110,462.17
586.133299898,462.17
586.156834887,462.17
586.180360053,465.69
586.203679585,465.69
586.226809675,465.69
586.250327096,465.69
586.273885606,463.65
586.296950959,463.65
586.319930808,463.65
586.342674590,463.65
586.365930921,463.65
586.388841776,461.81
586.411891609,461.81
586.435055492,461.81
586.458486992,461.81
586.481438200,447.21
586.504479777,447.21
586.527892846,447.21
586.551921185,447.21
586.575242605,427.44
586.598497016,427.44
586.621765731,427.44
586.644787692,427.44
586.667434225,427.44
586.690612891,424.64
586.714257290,424.64
586.737358068,424.64
586.760101850,424.64
586.782781151,417.43
586.805820392,417.43
586.829559448,417.43
586.853569034,417.43
586.876876470,438.09
586.900440484,438.09
586.923977074,438.09
586.947239197,438.09
586.970485576,467.63
586.993813140,467.63
587.016827485,467.63
587.040389483,467.63
587.063679063,467.63
587.086963458,469.82
587.110204173,469.82
587.133443800,469.82
587.156483393,469.82
587.179609002,472.22
587.202340624,472.22
587.225743197,472.22
587.248822790,472.22
587.273624545,453.58
587.296387719,453.58
587.318894571,453.58
587.341590320,453.58
587.364733722,453.58
587.388251560,416.24
587.412162170,416.24
587.435616583,416.24
587.459196118,416.24
587.482755780,438.20
587.505689420,438.20
587.528859766,438.20
587.552130946,438.20
587.575658672,466.10
587.598933787,466.10
587.622446665,466.10
587.645442385,466.10
587.669039520,466.10
587.692407756,493.89
587.715820761,493.89
587.739230950,493.89
587.762156014,493.89
587.785500410,526.50
587.808838022,526.50
587.831998448,526.50
587.855400541,526.50
587.878880842,534.49
587.902332311,534.49
587.925765860,534.49
587.949166961,534.49
587.972240922,534.49
587.995060769,507.20
588.018185803,507.20
588.042048124,507.20
588.065437385,507.20
588.088003565,473.43
588.110646738,473.43
588.133692283,473.43
588.157411275,473.43
588.181473246,448.30
588.205273743,448.30
588.228819165,448.30
588.252101193,448.30
588.275827961,448.30
588.299348743,468.33
588.322948277,468.33
588.346265249,468.33
588.370972987,468.33
588.394218086,505.72
588.417249647,505.72
588.440411770,505.72
588.465073523,505.72
588.488376255,509.52
588.511499081,509.52
588.534999831,509.52
588.558490693,509.52
588.582121972,509.52
588.605265118,506.20
588.628865997,506.20
588.652231801,506.20
588.675596293,506.20
588.698962706,509.64
588.722749730,509.64
588.745687563,509.64
588.769283481,509.64
588.792786599,509.57
588.816505687,509.57
588.839967972,509.57
588.863241424,509.57
588.886678653,512.62
588.909739110,512.62
588.932774383,512.62
588.956031515,512.62
588.979544137,512.62
589.003134103,546.34
589.026739974,546.34
589.050001650,546.34
589.073342878,546.34
589.096805515,573.50
589.120214712,573.50
589.143619365,573.50
589.167087378,573.50
589.190510591,601.59
589.214087790,601.59
589.237389785,601.59
589.260634373,601.59
589.284099154,601.59
589.307145435,604.23
589.330322854,604.23
589.353339695,604.23
589.377799430,604.23
589.401127411,602.28
589.424608032,602.28
589.448077966,602.28
589.472648295,602.28
589.495525038,583.16
589.518178195,583.16
589.540567830,583.16
589.563398461,583.16
589.586677321,583.16
589.610257847,541.87
589.633835206,541.87
589.657020497,541.87
589.681150245,541.87
589.704844309,543.11
589.728267138,543.11
589.751861617,543.11
589.775426847,543.11
589.798862060,541.95
589.822423995,541.95
589.845871624,541.95
589.868923250,541.95
589.892813795,542.85
589.916278609,542.85
589.939489628,542.85
589.963253548,542.85
589.986677050,542.85
590.010401578,538.82
590.033968120,538.82
590.057376965,538.82
590.080648817,538.82
590.104166687,541.31
590.127291401,541.31
590.150379282,541.31
590.173514461,541.31
590.196799208,540.97
590.220571929,540.97
590.243431168,540.97
590.266860525,540.97
590.290550621,540.97
590.313986059,539.94
590.337753499,539.94
590.361008103,539.94
590.386142501,539.94
590.409674868,537.39
590.433224098,537.39
590.458582339,537.39
590.482302387,537.39
590.505807393,568.26
590.528985900,568.26
590.552781917,568.26
590.576212426,568.26
590.599921882,601.97
590.623223494,601.97
590.646943254,601.97
590.669996672,601.97
590.693573966,601.97
590.716826202,602.42
590.740370760,602.42
590.763587987,602.42
590.786553052,602.42
590.810412333,599.97
590.833800506,599.97
590.857062886,599.97
590.880355602,599.97
590.904110786,599.53
590.927776018,599.53
590.951216959,599.53
590.974714797,599.53
590.998447326,599.53
591.021991532,600.65
591.045543130,600.65
591.069267595,600.65
591.093136476,600.65
591.116450376,601.12
591.139736660,601.12
591.163306339,601.12
591.186923858,601.12
591.210427552,603.64
591.233278376,603.64
591.256451986,603.64
591.279803679,603.64
591.303124139,603.92
591.326720506,603.92
591.350466282,603.92
591.373722006,603.92
591.397026466,603.92
591.420411311,601.86
591.443676667,601.86
591.466804005,601.86
591.490585110,601.86
591.513726304,598.77
591.536620456,598.77
591.559692818,598.77
591.583384514,598.77
591.607527447,596.26
591.630984932,596.26
591.653849292,596.26
591.677259705,596.26
591.700636582,596.26
591.723795184,591.50
591.747341503,591.50
591.770598698,591.50
591.793757077,591.50
591.816598076,594.15
591.839983945,594.15
591.863741818,594.15
591.887275240,594.15
591.910599669,591.83
591.934199460,591.83
591.957302830,591.83
591.980438520,591.83
592.004381099,591.83
592.027763928,592.24
592.051512840,592.24
592.074638674,592.24
592.098679686,592.24
592.121979506,593.94
592.145164061,593.94
592.168368200,593.94
592.193098915,593.94
592.216058667,591.17
592.239239926,591.17
592.262543490,591.17
592.286022672,591.17
592.309600991,594.22
592.333336464,594.22
592.356305176,594.22
592.379267201,594.22
592.402574701,594.22
592.425568470,593.50
592.448533087,593.50
592.471550984,593.50
592.494968118,593.50
592.518104960,584.52
592.541660271,584.52
592.564903322,584.52
592.587849763,584.52
592.611129263,584.52
592.634351834,561.67
592.657718215,561.67
592.681314486,561.67
592.704348735,561.67
592.726968997,529.85
592.749729035,529.85
592.772990263,529.85
592.797545712,529.85
592.820992958,510.26
592.844268905,510.26
592.867671895,510.26
592.891260710,510.26
592.914464945,510.69
592.937794877,510.69
592.961213355,510.69
592.984610808,510.69
593.008145734,510.69
593.030837676,507.91
593.054224889,507.91
593.077553926,507.91
593.101357911,507.91
593.124490145,510.35
593.148014064,510.35
593.170877592,510.35
593.194428454,510.35
593.217721970,506.46
593.240850045,506.46
593.264652462,506.46
593.288444319,506.46
593.312088911,506.46
593.336031522,504.61
593.359688689,504.61
593.383250048,504.61
593.408595425,504.61
593.431939822,508.21
593.455356123,508.21
593.479477488,508.21
593.503178080,508.21
593.526504973,513.39
593.551253608,513.39
593.574148176,513.39
593.597599550,513.39
593.621436591,543.65
593.644979006,543.65
593.668476972,543.65
593.691686871,543.65
593.715006532,543.65
593.738405041,578.90
593.761686301,578.90
593.785127275,578.90
593.808939356,578.90
593.832130375,596.97
593.855899736,596.97
593.879494728,596.97
593.902617330,596.97
593.926187809,599.16
593.949821712,599.16
593.972786745,599.16
593.995919716,599.16
594.019623892,599.16
594.043166115,600.85
594.066832403,600.85
594.090110367,600.85
594.113417387,600.85
594.136987770,599.14
594.160276198,599.14
594.183727924,599.14
594.207831592,599.14
594.231234518,603.85
594.255118312,603.85
594.278471829,603.85
594.301631712,603.85
594.325352752,605.32
594.348602652,605.32
594.371864904,605.32
594.395063347,605.32
594.418430720,605.32
594.442105104,603.47
594.465173498,603.47
594.488500775,603.47
594.511820307,603.47
594.535033151,604.48
594.558465868,604.48
594.582064988,604.48
594.605755276,604.48
594.629201146,605.69
594.652684040,605.69
594.675832851,605.69
594.698950973,605.69
594.722674990,605.69
594.745688215,606.96
594.768642688,606.96
594.791730666,606.96
594.814961334,606.96
594.837944031,609.32
594.861243020,609.32
594.884097939,609.32
594.906577399,609.32
594.929686786,583.25
594.953083759,583.25
594.976456444,583.25
594.999066081,583.25
595.022370094,583.25
595.045871484,562.02
595.069456747,562.02
595.092713847,562.02
595.115446526,562.02
595.138412839,533.06
595.161751923,533.06
595.185042048,533.06
595.208763696,533.06
595.232446816,501.58
595.255737229,501.58
595.278247697,501.58
595.300768854,501.58
595.323409979,501.58
595.346340004,456.39
595.370167062,456.39
595.393856038,456.39
595.417110674,456.39
595.440417599,454.08
595.464193520,454.08
595.487212505,454.08
595.510654375,454.08
595.534453209,455.38
595.558247914,455.38
595.581659928,455.38
595.605553834,455.38
595.628524659,455.38
595.654771390,453.35
595.678077642,453.35
595.701423703,453.35
595.725934160,453.35
595.749225244,453.67
595.772998477,453.67
595.796758622,453.67
595.820564976,453.67
595.843780571,441.76
595.867068488,441.76
595.890609431,441.76
595.914251175,441.76
595.937684884,465.86
595.960977185,465.86
595.984713137,465.86
596.008078975,465.86
596.031598381,465.86
596.055120924,482.80
596.078481097,482.80
596.101429682,482.80
596.124422619,482.80
596.147780488,510.46
596.171693915,510.46
596.195282474,510.46
596.218514742,510.46
596.242032100,532.93
596.265556147,532.93
596.288591645,532.93
596.312153868,532.93
596.335535225,532.93
596.359113545,572.82
596.382710840,572.82
596.406183015,572.82
596.430915650,572.82
596.454346128,584.79
596.477609788,584.79
596.500749799,584.79
596.524694394,584.79
596.548384330,584.58
596.571893369,584.58
596.595228198,584.58
596.621041292,584.58
596.645020031,584.37
596.668666095,584.37
596.691980316,584.37
596.715435818,584.37
596.741198063,584.37
596.764777407,583.86
596.788206381,583.86
596.811517657,583.86
596.835108137,583.86
596.858742009,590.04
596.882271975,590.04
596.905442579,590.04
596.928999842,590.04
596.952346991,592.04
596.975696156,592.04
596.999099017,592.04
597.022752601,592.04
597.046225096,591.27
597.069843383,591.27
597.093066531,591.27
597.116454129,591.27
597.140117569,591.27
597.163398477,594.53
597.186976412,594.53
597.210652397,594.53
597.233933945,594.53
597.257544745,596.78
597.281210489,596.78
597.304544966,596.78
597.328023637,596.78
597.351636900,598.24
597.375209044,598.24
597.398770563,598.24
597.421897134,598.24
597.445653151,598.24
597.469111917,595.63
597.492717949,595.63
597.516072554,595.63
597.539759995,595.63
597.562795717,598.18
597.585951312,598.18
597.609042970,598.18
597.633133903,598.18
597.656537917,603.07
597.679620263,603.07
597.702970932,603.07
597.726058815,603.07
597.752881391,578.89
597.775998202,578.89
597.799471336,578.89
597.822965239,578.89
597.846544838,578.89
597.870091061,549.25
597.893284513,549.25
597.915822854,549.25
597.938300074,549.25
597.960939600,518.98
597.984371774,518.98
598.008087471,518.98
598.031636350,518.98
598.055136236,505.41
598.078642171,505.41
598.102291339,505.41
598.125802266,505.41
598.149401226,505.41
598.172825976,503.46
598.196108068,503.46
598.219851573,503.46
598.244383406,503.46
598.267724187,496.53
598.291568750,496.53
598.315046524,496.53
598.338882830,496.53
598.362471902,503.38
598.385730602,503.38
598.408941462,503.38
598.432543558,503.38
598.455937491,503.38
598.479380194,499.28
598.503006482,499.28
598.526320863,499.28
598.550048080,499.28
598.573325596,495.83
598.596581544,495.83
598.621477797,495.83
598.644804274,495.83
598.667818108,495.11
598.691841232,495.11
598.714849146,495.11
598.737300350,495.11
598.759967268,479.94
598.782753772,479.94
598.821459381,479.94
598.845055205,479.94
598.868612532,501.05
598.892358533,501.05
598.915547793,501.05
598.938984479,501.05
598.962540110,501.05
598.985868219,540.70
599.009470443,540.70
599.033205116,540.70
599.056140997,540.70
599.079490514,553.65
599.103025217,553.65
599.126376335,553.65
599.150562404,553.65
599.174020691,555.97
599.197164862,555.97
599.220479339,555.97
599.244361149,555.97
599.267685098,555.97
599.291282650,559.22
599.314684296,559.22
599.337493552,559.22
599.360588346,559.22
599.383577284,557.11
599.406779184,557.11
599.429856570,557.11
599.453267048,557.11
599.476493620,557.52
599.499877666,557.52
599.523455954,557.52
599.547613191,557.52
599.570937652,535.72
599.593924062,535.72
599.617229515,535.72
599.664371530,535.72
599.687782616,535.72
599.711011364,502.06
599.734589555,502.06
599.758349605,502.06
599.781781427,502.06
599.804801053,506.74
599.828311596,506.74
599.851130388,506.74
599.874754980,506.74
599.898516790,478.92
599.922156230,478.92
599.945726037,478.92
599.968983842,478.92
599.992429744,478.92
600.015871934,474.58
600.039409901,474.58
600.062790971,474.58
600.086796975,474.58
600.110251806,474.52
600.133465417,474.52
600.156596917,474.52
600.180174404,474.52
600.203305199,475.50
600.226473179,475.50
600.249667398,475.50
600.272974675,475.50
600.296282496,465.73
600.320060146,465.73
600.343643554,465.73
600.366567595,465.73
600.390191451,465.73
600.414013293,436.06
600.437526620,436.06
600.461273038,436.06
600.485106016,436.06
600.508774353,432.80
600.532401089,432.80
600.555925744,432.80
600.579397343,432.80
600.603188305,464.59
600.634398318,464.59
600.658036926,464.59
600.681988530,464.59
600.705765028,486.32
600.729405812,486.32
600.753160678,486.32
600.776650868,486.32
600.800121347,514.91
600.823408400,514.91
600.846677692,514.91
600.870454894,514.91
600.893872700,514.91
600.917084712,543.26
600.940355125,543.26
600.963853700,543.26
600.987000047,543.26
601.010353885,551.78
601.033404839,551.78
601.056746164,551.78
601.080175107,551.78
601.103320238,544.48
601.126434329,544.48
601.149210272,544.48
601.172712815,544.48
601.196421152,532.93
601.219987280,532.93
601.243635328,532.93
601.266893037,532.93
601.289968184,532.93
601.313856523,538.94
601.337468667,538.94
601.360406148,538.94
601.383794322,538.94
601.407120927,567.25
601.430873361,567.25
601.454571330,567.25
601.478457365,567.25
601.502015141,571.48
601.525774550,571.48
601.549461863,571.48
601.573041815,571.48
601.596204771,574.65
601.621615429,574.65
601.645058643,574.65
601.668469410,574.65
601.691821103,574.65
601.715234237,579.37
601.739035855,579.37
601.762659264,579.37
601.786247568,579.37
601.810134339,578.68
601.834081430,578.68
601.857516869,578.68
601.881386295,578.68
601.904563363,580.44
601.927559821,580.44
601.950969947,580.44
601.975502869,580.44
601.999558057,580.39
602.023049752,580.39
602.046768074,580.39
602.070327097,580.39
602.093702503,580.39
602.117051668,586.03
602.140598052,586.03
602.163837328,586.03
602.187058877,586.03
602.210591500,598.84
602.234067931,598.84
602.257388296,598.84
602.281633951,598.84
602.304875595,600.55
602.328189496,600.55
602.351763912,600.55
602.374961908,600.55
602.398484036,600.55
602.422248501,601.50
602.445510082,601.50
602.468926896,601.50
602.492808803,601.50
602.516230290,606.05
602.539964099,606.05
602.563472626,606.05
602.586715391,606.05
602.609991564,606.85
602.633390810,606.85
602.656929065,606.85
602.680748508,606.85
602.704006312,604.27
602.727184244,604.27
602.750185086,604.27
602.773209993,604.27
602.796354516,604.27
602.819831363,592.77
602.843255537,592.77
602.866372285,592.77
602.889167813,592.77
602.912170447,565.75
602.935438587,565.75
602.958685544,565.75
602.983113153,565.75
603.019687221,534.81
603.043047010,534.81
603.065947596,534.81
603.089676669,534.81
603.112514085,507.61
603.135722578,507.61
603.159241857,507.61
603.183999037,507.61
603.207145928,507.61
603.230281364,475.36
603.254203751,475.36
603.278130107,475.36
603.301988782,475.36
603.325720191,453.77
603.349227342,453.77
603.372894847,453.77
603.396471279,453.77
603.419869341,450.00
603.443583535,450.00
603.466849468,450.00
603.489824070,450.00
603.513548247,453.06
603.537496011,453.06
603.560782104,453.06
603.584045061,453.06
603.607779126,453.06
603.631501384,448.77
603.654666644,448.77
603.678046338,448.77
603.701693682,448.77
603.724796894,451.77
603.748388814,451.77
603.772270465,451.77
603.796396470,451.77
603.820106120,463.48
603.843727352,463.48
603.867308552,463.48
603.890899928,463.48
603.914513449,495.36
603.937963096,495.36
603.961461735,495.36
603.984665587,495.36
604.008139394,495.36
604.031719826,525.35
604.055423843,525.35
604.078914706,525.35
604.104795450,525.35
604.128280553,553.59
604.151714615,553.59
604.175531722,553.59
604.199041305,553.59
604.222238853,590.30
604.245769397,590.30
604.268826976,590.30
604.292428112,590.30
604.315976544,601.48
604.339331822,601.48
604.362365752,601.48
604.385502308,601.48
604.409238390,601.48
604.432775301,602.14
604.456213844,602.14
604.480234601,602.14
604.504094044,602.14
604.527549834,601.31
604.551205403,601.31
604.575174575,601.31
604.598673407,601.31
604.622126062,602.95
604.645891136,602.95
604.669749747,602.95
604.693537957,602.95
604.716935891,601.43
604.740505667,601.43
604.764025555,601.43
604.787443969,601.43
604.811134194,601.43
604.834843172,603.08
604.858278739,603.08
604.881940228,603.08
604.905306866,603.08
604.929174213,602.79
604.952764117,602.79
604.976371717,602.79
605.000510811,602.79
605.023937002,600.92
605.047515482,600.92
605.070679974,600.92
605.094139509,600.92
605.117661444,603.94
605.140899729,603.94
605.163917467,603.94
605.187199144,603.94
605.210896666,603.94
605.233888068,604.54
605.257033103,604.54
605.280073466,604.54
605.303765035,604.54
605.327379068,601.04
605.350817131,601.04
605.374222521,601.04
605.397961707,601.04
605.421825726,602.24
605.445149740,602.24
605.468544922,602.24
605.492356525,602.24
605.515741467,602.24
605.538796070,602.88
605.562127828,602.88
605.585382369,602.88
605.609649624,602.88
605.632591554,605.12
605.655827694,605.12
605.679686977,605.12
605.704150267,605.12
605.727572073,604.36
605.751032920,604.36
605.774710633,604.36
605.798360314,604.36
605.822035916,603.85
605.845715869,603.85
605.869225324,603.85
605.892608955,603.85
605.915956968,603.85
605.939124756,602.97
605.962812422,602.97
605.986138035,602.97
606.009758628,602.97
606.032862095,607.02
606.056586913,607.02
606.080320179,607.02
606.103759618,607.02
606.127326642,603.47
606.151098820,603.47
606.174277456,603.47
606.199232238,603.47
606.222580828,603.47
606.246444399,603.36
606.269725981,603.36
606.293336621,603.36
606.316374296,603.36
606.339376610,603.34
606.362375917,603.34
606.385553625,603.34
606.409119465,603.34
606.432452791,606.09
606.455790469,606.09
606.478851696,606.09
606.501924123,606.09
606.524639811,606.09
606.547094184,575.18
606.569568461,575.18
606.592488278,575.18
606.616653068,575.18
606.640227453,542.10
606.663898702,542.10
606.687301149,542.10
606.711858487,542.10
606.735141540,544.15
606.758889142,544.15
606.782402822,544.15
606.805596658,544.15
606.829076162,541.16
606.852836820,541.16
606.876042528,541.16
606.899327373,541.16
606.923008735,541.16
606.946489166,540.64
606.970234848,540.64
606.994199892,540.64
607.017521058,540.64
607.041132403,535.28
607.065001414,535.28
607.088604439,535.28
607.113487604,535.28
607.137019940,538.29
607.160456563,538.29
607.184043235,538.29
607.210016908,538.29
607.233480667,536.36
607.257075020,536.36
607.280147831,536.36
607.303499813,536.36
607.326703890,536.36
607.349445785,528.52
607.372969289,528.52
607.396506905,528.52
607.420050089,528.52
607.442862802,497.19
607.465729115,497.19
607.488255649,497.19
607.510809319,497.19
607.533856594,486.60
607.557251136,486.60
607.580748080,486.60
607.604101598,486.60
607.628173043,486.60
607.652053351,518.34
607.674983505,518.34
607.698229694,518.34
607.721471883,518.34
607.744841721,519.19
607.768448458,519.19
607.791608150,519.19
607.815004452,519.19
607.838678518,516.06
607.861771745,516.06
607.884853260,516.06
607.908240059,516.06
607.931376071,516.06
607.954537555,517.68
607.978057539,517.68
608.001016685,517.68
608.024374939,517.68
608.047736073,497.24
608.071041975,497.24
608.093864064,497.24
608.117212494,497.24
608.140115959,463.22
608.162763646,463.22
608.185163714,463.22
608.207940875,463.22
608.231415930,463.22
608.257120192,433.09
608.280492302,433.09
608.303974462,433.09
608.327686128,433.09
608.350957533,442.01
608.374554510,442.01
608.398341505,442.01
608.421751631,442.01
608.445072061,471.55
608.468780495,471.55
608.491895803,471.55
608.515337482,471.55
608.538617911,471.55
608.561749443,510.71
608.585115730,510.71
608.608560705,510.71
608.632218674,510.71
608.655895524,508.69
608.679473652,508.69
608.703056005,508.69
608.726767926,508.69
608.749955779,512.77
608.773724597,512.77
608.797361191,512.77
608.821008440,512.77
608.844483431,513.84
608.867684980,513.84
608.890658750,513.84
608.913683497,513.84
608.936877110,513.84
608.960063138,511.04
608.983130253,511.04
609.006155160,511.04
609.030101997,511.04
609.054114113,524.06
609.077298766,524.06
609.100454970,524.06
609.123228354,524.06
609.146761842,547.32
609.170336291,547.32
609.193749074,547.32
609.216858493,547.32
609.240572367,547.32
609.263789948,582.95
609.286973513,582.95
609.310568921,582.95
609.333895303,582.95
609.357441944,581.15
609.380876327,581.15
609.404471672,581.15
609.427759333,581.15
609.451244213,583.61
609.474446242,583.61
609.497942641,583.61
609.521130142,583.61
609.544395147,583.61
609.567985116,583.70
609.591719886,583.70
609.615010268,583.70
609.639839545,583.70
609.663431754,586.20
609.686479509,586.20
609.709701986,586.20
609.733941530,586.20
609.757597099,586.31
609.780799672,586.31
609.803901827,586.31
609.827430644,586.31
609.851217894,586.31
609.874462067,584.43
609.897797026,584.43
609.921450739,584.43
609.944820385,584.43
609.968241936,588.57
609.991752576,588.57
610.015127887,588.57
610.039034403,588.57
610.062332368,590.52
610.085849344,590.52
610.109241295,590.52
610.132725823,590.52
610.156492401,608.23
610.180438118,608.23
610.203802996,608.23
610.227310820,608.23
610.250861652,608.23
610.274222627,604.42
610.297527985,604.42
610.320951584,604.42
610.348748155,604.42
610.371460515,602.17
610.394461646,602.17
610.417328216,602.17
610.440393827,602.17
610.463584400,597.11
610.486739356,597.11
610.510153259,597.11
610.533582874,597.11
610.557162379,569.64
610.580338392,569.64
610.602856285,569.64
610.642646868,569.64
610.666430982,569.64
610.689824789,527.92
610.713481031,527.92
610.736356464,527.92
610.760079042,527.92
610.783137550,527.19
610.806617789,527.19
610.829982188,527.19
610.853677694,527.19
610.876900011,529.61
610.900392603,529.61
610.923617736,529.61
610.947157208,529.61
610.970587943,529.61
610.993699379,528.98
611.017107074,528.98
611.040747731,528.98
611.063631517,528.98
611.087121581,529.44
611.110267929,529.44
611.133489382,529.44
611.157302745,529.44
611.180594855,528.36
611.203881653,528.36
611.227685544,528.36
611.251396890,528.36
611.275146860,529.84
611.298411386,529.84
611.321856041,529.84
611.346152289,529.84
611.370320376,529.84
611.394982772,524.01
611.417596251,524.01
611.440868777,524.01
611.464902142,524.01
611.488188844,512.58
611.511612315,512.58
611.535237548,512.58
611.559438020,512.58
611.583009972,546.35
611.606373539,546.35
611.629668113,546.35
611.653192897,546.35
611.676854195,579.17
611.699772285,579.17
611.723395246,579.17
611.747029919,579.17
611.770298637,579.17
611.794029759,579.94
611.817610192,579.94
611.841213953,579.94
611.865461721,579.94
611.888988169,575.35
611.912171414,575.35
611.935345730,575.35
611.959076885,575.35
611.982385251,573.48
612.005741969,573.48
612.028895582,573.48
612.052105099,573.48
612.075826429,571.51
612.099277260,571.51
612.122778268,571.51
612.146027594,571.51
612.169719004,571.51
612.193501231,572.09
612.216774140,572.09
612.240221356,572.09
612.263848797,572.09
612.287281548,570.50
612.310741212,570.50
612.333974537,570.50
612.357248247,570.50
612.381689393,575.16
612.405246786,575.16
612.428877811,575.16
612.452517220,575.16
612.476179062,575.16
612.500254348,596.84
612.524043679,596.84
612.547831250,596.84
612.571801863,596.84
612.595755260,600.25
612.621998472,600.25
612.645942461,600.25
612.669733264,600.25
612.693409345,596.49
612.716770832,596.49
612.739548249,596.49
612.763855793,596.49
612.787548579,596.55
612.811022163,596.55
612.834307425,596.55
612.858368023,596.55
612.881861383,599.65
612.905493016,599.65
612.928516547,599.65
612.952063732,599.65
612.975443875,599.65
612.998374061,603.23
613.022052479,603.23
613.045621328,603.23
613.069495044,603.23
613.092916051,605.14
613.116501092,605.14
613.139587440,605.14
613.163734662,605.14
613.187116757,602.42
613.210931657,602.42
613.234664027,602.42
613.257990153,602.42
613.281755196,603.71
613.305415086,603.71
613.328780957,603.71
613.351815944,603.71
613.375555291,603.71
613.398826761,604.81
613.422205304,604.81
613.445615975,604.81
613.469007062,604.81
613.492706408,605.64
613.516067959,605.64
613.541862815,605.64
613.565793523,605.64
613.589191394,601.96
613.612923477,601.96
613.636695336,601.96
613.660119831,601.96
613.683701288,602.50
613.707173208,602.50
613.730739369,602.50
613.753919158,602.50
613.777767753,602.50
613.801100888,602.97
613.824823082,602.97
613.848153369,602.97
613.872679572,602.97
613.896122403,605.28
613.919677620,605.28
613.942973346,605.28
613.967024312,605.28
613.990536808,603.78
614.013713909,603.78
614.037601993,603.78
614.060758422,603.78
614.084417544,603.05
614.107685237,603.05
614.130942755,603.05
614.154120848,603.05
614.177220060,603.05
614.200803725,604.72
614.224703297,604.72
614.247736205,604.72
614.271184220,604.72
614.294536683,604.21
614.317497462,604.21
614.340734083,604.21
614.363813519,604.21
614.387546498,605.12
614.411245908,605.12
614.434557091,605.12
614.458015794,605.12
614.481828902,605.12
614.505398007,602.36
614.528581348,602.36
614.552122389,602.36
614.575652901,602.36
614.598930515,603.38
614.622208737,603.38
614.645581808,603.38
614.668938111,603.38
614.692273870,606.78
614.715545916,606.78
614.739170829,606.78
614.762546012,606.78
614.786713907,606.78
614.809943809,604.25
614.833234223,604.25
614.856523741,604.25
614.880922518,604.25
614.904103011,602.57
614.927515539,602.57
614.951222053,602.57
614.975157946,602.57
614.998227878,603.26
615.022011097,603.26
615.045207718,603.26
615.068444276,603.26
615.091522336,603.26
615.114623628,602.32
615.137540918,602.32
615.160775172,602.32
615.183945616,602.32
615.206945852,601.42
615.230053192,601.42
615.252825777,601.42
615.276446690,601.42
615.298971241,560.74
615.321336973,560.74
615.344278392,560.74
615.367537830,560.74
615.390867381,560.74
615.414545863,542.27
615.437822773,542.27
615.460900449,542.27
615.485008216,542.27
615.508488712,542.78
615.531853303,542.78
615.555182341,542.78
615.579784897,542.78
615.603506003,542.85
615.630145636,542.85
615.653243504,542.85
615.677084036,542.85
615.700253777,542.07
615.723255676,542.07
615.746468714,542.07
615.770065019,542.07
615.793421770,542.07
615.816720440,541.73
615.840204841,541.73
615.863633816,541.73
615.888246612,541.73
615.911502978,542.63
615.934934673,542.63
615.958172991,542.63
615.982491640,542.63
616.005403170,543.60
616.028393421,543.60
616.051380664,543.60
616.074289411,543.60
616.097301230,543.60
616.120552540,529.15
616.143764841,529.15
616.166502802,529.15
616.190639945,529.15
616.213699701,503.18
616.236822305,503.18
616.260213488,503.18
616.284735211,503.18
616.307798103,512.56
616.330766786,512.56
616.353739181,512.56
616.377021276,512.56
616.400182217,512.56
616.423011058,500.50
616.446042750,500.50
616.469102282,500.50
616.493041439,500.50
616.516531727,472.44
616.539821725,472.44
616.563157612,472.44
616.587685543,472.44
616.611041622,442.13
616.633959073,442.13
616.656420774,442.13
616.679421682,442.13
616.702452125,442.13
616.725665963,399.61
616.749466014,399.61
616.772959983,399.61
616.796266397,399.61
616.819965200,401.65
616.843264382,401.65
616.866964209,401.65
616.890417537,401.65
616.913688783,398.79
616.937396289,398.79
616.960964243,398.79
616.984140672,398.79
617.007765201,391.18
617.031321634,391.18
617.054520560,391.18
617.078070849,391.18
617.102016342,391.18
617.124928544,402.57
617.148425713,402.57
617.171685823,402.57
617.195478162,402.57
617.219076644,435.01
617.242670325,435.01
617.265957315,435.01
617.289261970,435.01
617.313105382,461.90
617.336815865,461.90
617.360039270,461.90
617.383168723,461.90
617.406528514,461.90
617.430229877,495.13
617.453923943,495.13
617.477232502,495.13
617.501261644,495.13
617.524317368,527.04
617.547582278,527.04
617.571033782,527.04
617.595619698,527.04
617.621797374,556.49
617.645331663,556.49
617.668452251,556.49
617.691651945,556.49
617.715012344,599.73
617.738272902,599.73
617.761288786,599.73
617.784469919,599.73
617.807708717,599.73
617.830701976,587.68
617.853555906,587.68
617.876728655,587.68
617.900399329,587.68
617.923964019,561.12
617.947510436,561.12
617.970875411,561.12
617.993984383,561.12
618.017683570,538.65
618.041948970,538.65
618.065658845,538.65
618.089226190,538.65
618.112972545,538.65
618.136845174,534.03
618.160188453,534.03
618.183646933,534.03
618.207196422,534.03
618.230490004,531.88
618.253991013,531.88
618.277194034,531.88
618.300869253,531.88
618.324703033,533.06
618.347914087,533.06
618.371069652,533.06
618.394740678,533.06
618.418200534,533.64
618.441561158,533.64
618.465157399,533.64
618.488795561,533.64
618.512308410,533.64
618.535643177,536.13
618.558835863,536.13
618.582534025,536.13
618.605942041,536.13
618.629207527,534.69
618.652888794,534.69
618.676502731,534.69
618.699803322,534.69
618.722953703,533.29
618.746669306,533.29
618.772351041,533.29
618.796494392,533.29
618.820055913,533.29
618.843471289,544.24
618.867337134,544.24
618.890499483,544.24
618.913820585,544.24
618.937141816,570.05
618.960516328,570.05
618.984112537,570.05
619.007257574,570.05
619.030182097,596.44
619.053829027,596.44
619.077300980,596.44
619.100496961,596.44
619.124060370,602.41
619.147524131,602.41
619.170810641,602.41
619.194377602,602.41
619.217673489,602.41
619.240954079,604.63
619.264375567,604.63
619.287387483,604.63
619.311028653,604.63
619.334802241,600.88
619.358053103,600.88
619.381460671,600.88
619.405126737,600.88
619.428802756,601.18
619.452670584,601.18
619.476126088,601.18
619.499506424,601.18
619.523128298,601.18
619.546570234,602.74
619.570181324,602.74
619.593883135,602.74
619.617508849,602.74
619.641062402,601.95
619.664068270,601.95
619.687427261,601.95
619.711834647,601.95
619.735294503,602.10
619.758515125,602.10
619.784813059,602.10
619.808102737,602.10
619.831482273,600.54
619.854620590,600.54
619.877840860,600.54
619.901627151,600.54
619.924690012,600.54
619.947884009,603.84
619.971429914,603.84
619.994680424,603.84
620.017400593,603.84
620.040424093,604.41
620.063815309,604.41
620.087243645,604.41
620.110697581,604.41
620.133952379,601.75
620.157657038,601.75
620.181468002,601.75
620.204833809,601.75
620.228410851,601.75
620.251842931,599.52
620.275295075,599.52
620.298445232,599.52
620.322506343,599.52
620.345615700,601.99
620.369291206,601.99
620.392321618,601.99
620.416474762,601.99
620.439367252,601.95
620.463070727,601.95
620.486491863,601.95
620.509985704,601.95
620.533394424,601.95
620.556379428,599.36
620.579483888,599.36
620.602465724,599.36
620.628035682,599.36
620.651087598,598.04
620.674168411,598.04
620.697042021,598.04
620.720099377,598.04
620.742376598,564.41
620.764870204,564.41
620.787577093,564.41
620.810980117,564.41
620.834359876,564.41
620.857880821,543.00
620.881349702,543.00
620.904256209,543.00
620.927743745,543.00
620.951414772,538.44
620.975015814,538.44
620.998371317,538.44
621.021999175,538.44
621.045626554,537.57
621.069045673,537.57
621.092736316,537.57
621.115797353,537.57
621.139209624,541.61
621.162471591,541.61
621.185165679,541.61
621.208330205,541.61
621.231816909,541.61
621.255266270,543.21
621.278556461,543.21
621.301726522,543.21
621.325301228,543.21
621.349259489,542.18
621.372826835,542.18
621.396371844,542.18
621.419829973,542.18
621.444006989,540.70
621.467665887,540.70
621.491114736,540.70
621.514270333,540.70
621.537844975,540.70
621.561491745,546.43
621.584720207,546.43
621.608374658,546.43
621.632402552,546.43
621.655833320,545.68
621.679150871,545.68
621.702349125,545.68
621.726755488,545.68
621.750265969,568.83
621.773517151,568.83
621.797051984,568.83
621.820495809,568.83
621.843634030,568.83
621.866847740,600.77
621.890097386,600.77
621.913543994,600.77
621.936765417,600.77
621.960713534,602.79
621.983704810,602.79
622.007067769,602.79
622.030336008,602.79
622.053634071,602.92
622.076992070,602.92
622.100605112,602.92
622.123625892,602.92
622.146990100,602.25
622.170423268,602.25
622.193454480,602.25
622.216959393,602.25
622.240810550,602.25
622.263773057,606.09
622.286811245,606.09
622.309849306,606.09
622.332899366,606.09
622.355813393,607.70
622.378803837,607.70
622.401887754,607.70
622.425060119,607.70
622.448399302,607.70
622.471345810,591.03
622.493864857,591.03
622.516412640,591.03
622.539423724,591.03
622.563088031,544.60
622.586746065,544.60
622.610237698,544.60
622.634266745,544.60
622.657733577,546.71
622.680916791,546.71
622.704474729,546.71
622.727718327,546.71
622.751271593,550.33
622.775021724,550.33
622.798103785,550.33
622.821494137,550.33
622.845141739,550.33
622.868737245,547.78
622.892207758,547.78
622.916154052,547.78
622.940401372,547.78
622.964689077,544.53
622.988170278,544.53
623.011470837,544.53
623.036140466,544.53
623.060021831,546.46
623.082788017,546.46
623.105689468,546.46
623.128541030,546.46
623.151653363,546.46
623.174732256,547.59
623.197841965,547.59
623.220589366,547.59
623.244753038,547.59
623.268168638,534.23
623.291452749,534.23
623.314674075,534.23
623.338574896,534.23
623.361739230,500.71
623.385302992,500.71
623.408771105,500.71
623.432054319,500.71
623.455500960,500.71
623.478450891,497.92
623.501164244,497.92
623.524330466,497.92
623.547682002,497.92
623.570206329,501.87
623.593280454,501.87
623.616432147,501.87
623.640172807,501.87
623.663543190,472.87
623.686831333,472.87
623.709592751,472.87
623.732306712,472.87
623.755462629,472.87
623.778612147,440.53
623.801890786,440.53
623.825404499,440.53
623.849471690,440.53
623.872675384,414.15
623.895763909,414.15
623.918776913,414.15
623.942769063,414.15
623.967338563,385.19
623.990943925,385.19
624.016830463,385.19
624.040732436,385.19
624.064223109,364.64
624.087763319,364.64
624.111286376,364.64
624.135436256,364.64
624.159068114,364.64
624.182473058,366.29
624.205990164,366.29
624.229437412,366.29
624.253030902,366.29
624.276222948,372.96
624.299809526,372.96
624.323589195,372.96
624.347007067,372.96
624.370416971,400.68
624.394102558,400.68
624.417692720,400.68
624.441075200,400.68
624.464470640,432.88
624.487676959,432.88
624.511060303,432.88
624.534348350,432.88
624.557938000,432.88
624.581412161,457.49
624.604324140,457.49
624.628734566,457.49
624.652355929,457.49
624.675589287,489.53
624.698861174,489.53
624.722221958,489.53
624.745488693,489.53
624.768856069,516.84
624.792272501,516.84
624.815417091,516.84
624.838822291,516.84
624.862131810,516.84
624.886002711,543.86
624.909759435,543.86
624.933360637,543.86
624.957887033,543.86
624.981581676,579.24
625.005479425,579.24
625.029231285,579.24
625.053015529,579.24
625.076727389,595.34
625.100022444,595.34
625.123896513,595.34
625.147443858,595.34
625.170764770,599.92
625.194385172,599.92
625.218010919,599.92
625.241475191,599.92
625.264728358,599.92
625.288067414,600.16
625.311945131,600.16
625.335742559,600.16
625.360162362,600.16
625.383814189,599.40
625.407666658,599.40
625.430626989,599.40
625.454793318,599.40
625.478250870,599.64
625.501357732,599.64
625.524203886,599.64
625.547316604,599.64
625.571366867,599.64
625.595155335,598.96
625.618902747,598.96
625.642425420,598.96
625.666196928,598.96
625.689601520,599.26
625.713188995,599.26
625.736841622,599.26
625.760481864,599.26
625.783618870,604.51
625.806921733,604.51
625.830594296,604.51
625.854027817,604.51
625.877485626,601.67
625.900980427,601.67
625.924086136,601.67
625.947715275,601.67
625.971828130,601.67
625.995251827,596.72
626.018661155,596.72
626.041944050,596.72
626.068354977,596.72
626.091765586,597.12
626.115061729,597.12
626.138452977,597.12
626.161859809,597.12
626.184993295,599.24
626.208598241,599.24
626.232054994,599.24
626.255445442,599.24
626.279085429,600.12
626.302441765,600.12
626.325661780,600.12
626.349123045,600.12
626.372604630,600.12
626.395640002,601.56
626.418848497,601.56
626.442176544,601.56
626.465365807,601.56
626.488929761,600.95
626.512346929,600.95
626.535796482,600.95
626.558975536,600.95
626.582541570,603.40
626.606217269,603.40
626.629712807,603.40
626.653208920,603.40
626.676547176,603.40
626.699610357,604.53
626.723109894,604.53
626.746570583,604.53
626.771264949,604.53
626.794682629,602.11
626.818283736,602.11
626.841735400,602.11
626.865889953,602.11
626.889352434,603.56
626.912877443,603.56
626.936249939,603.56
626.959753957,603.56
626.983153013,605.47
627.006544101,605.47
627.029877045,605.47
627.053391846,605.47
627.076824471,605.47
627.100209351,605.40
627.123647480,605.40
627.146857926,605.40
627.170371352,605.40
627.194379311,605.57
627.217587485,605.57
627.241075406,605.57
627.264309565,605.57
627.287894255,605.84
627.311237151,605.84
627.334665936,605.84
627.358161537,605.84
627.381631730,605.84
627.405012995,604.24
627.428323570,604.24
627.451438528,604.24
627.474765807,604.24
627.498566020,603.79
627.522023061,603.79
627.545539143,603.79
627.569156217,603.79
627.592476937,601.92
627.615767224,601.92
627.638935078,601.92
627.662350231,601.92
627.685787592,601.92
627.708975766,604.21
627.732452071,604.21
627.756134587,604.21
627.779482826,604.21
627.803124317,603.07
627.826642831,603.07
627.850186145,603.07
627.873902101,603.07
627.897518631,602.95
627.920944536,602.95
627.944550283,602.95
627.968197214,602.95
627.991334955,603.96
628.014672187,603.96
628.037820425,603.96
628.061315226,603.96
628.084649034,603.96
628.108035291,605.23
628.131313994,605.23
628.157692569,605.23
628.182378198,605.23
628.208123871,603.94
628.231503823,603.94
628.254649917,603.94
628.277523080,603.94
628.300598485,603.39
628.323827492,603.39
628.346858609,603.39
628.369836381,603.39
628.392565031,603.39
628.414986637,584.84
628.437466964,584.84
628.459876155,584.84
628.483669487,584.84
628.506895198,547.16
628.529987147,547.16
628.553862625,547.16
628.578570559,547.16
628.602320051,549.30
628.633605428,549.30
628.656590209,549.30
628.679781775,549.30
628.703330593,546.80
628.726524272,546.80
628.749783679,546.80
628.773208495,546.80
628.796420830,546.80
628.819140808,530.69
628.841591086,530.69
628.864231383,530.69
628.887519174,530.69
628.911195898,495.14
628.934755436,495.14
628.958256062,495.14
628.982382774,495.14
629.005742790,499.31
629.028973492,499.31
629.052484998,499.31
629.075719061,499.31
629.099374312,495.97
629.123083132,495.97
629.146619598,495.97
629.169750012,495.97
629.193849267,495.97
629.217159107,495.97
629.240277041,495.97
629.264115238,495.97
629.287257812,495.97
629.310392577,493.27
629.333675121,493.27
629.357105986,493.27
629.380517235,493.27
629.404286535,515.20
629.427574230,515.20
629.451115432,515.20
629.474636570,515.20
629.497966058,515.20
629.521144409,550.27
629.544622986,550.27
629.567402612,550.27
629.591042535,550.27
629.614737531,546.67
629.638250509,546.67
629.661412507,546.67
629.684774827,546.67
629.708457887,539.31
629.731871024,539.31
629.755243488,539.31
629.779123221,539.31
629.802537382,539.31
629.826038680,554.11
629.849406088,554.11
629.872934682,554.11
629.896321579,554.11
629.919345943,589.40
629.942822697,589.40
629.966367163,589.40
629.989792044,589.40
630.013019771,589.33
630.036849872,589.33
630.060187008,589.33
630.083673521,589.33
630.107052226,588.34
630.130792022,588.34
630.154262887,588.34
630.177342452,588.34
630.200955943,588.34
630.224562010,588.47
630.250178593,588.47
630.273728916,588.47
630.298716213,588.47
630.322034500,591.91
630.345440213,591.91
630.368754309,591.91
630.393058655,591.91
630.416015531,591.27
630.439283387,591.27
630.463149648,591.27
630.486752995,591.27
630.510228660,592.21
630.533841223,592.21
630.557121399,592.21
630.580322374,592.21
630.603951865,592.21
630.629046043,595.31
630.652588397,595.31
630.676148063,595.31
630.700845501,595.31
630.724468688,604.29
630.748049699,604.29
630.771956249,604.29
630.795973744,604.29
630.819217151,607.34
630.843047284,607.34
630.866983658,607.34
630.890874752,607.34
630.914825687,604.12
630.938340616,604.12
630.961502935,604.12
630.985004681,604.12
631.008464154,604.12
631.032050637,603.88
631.055461981,603.88
631.078443914,603.88
631.101930395,603.88
631.125367084,602.96
631.148927455,602.96
631.172309615,602.96
631.196202629,602.96
631.219609878,604.57
631.242726052,604.57
631.266248054,604.57
631.289721095,604.57
631.312814581,604.57
631.336029828,606.85
631.359458485,606.85
631.382918310,606.85
631.407007102,606.85
631.430500016,604.74
631.453952769,604.74
631.477202609,604.74
631.501634156,604.74
631.524994428,607.89
631.548586383,607.89
631.571858815,607.89
631.595004749,607.89
631.618846242,607.89
631.642723512,605.15
631.666083080,605.15
631.689556090,605.15
631.713138061,605.15
631.736430780,605.08
631.759787533,605.08
631.783027292,605.08
631.807089331,605.08
631.830231906,604.11
631.853806484,604.11
631.877533096,604.11
631.900807352,604.11
631.924320490,608.32
631.947509497,608.32
631.970441509,608.32
631.993601171,608.32
632.017080740,608.32
632.040515638,608.01
632.063902310,608.01
632.087719419,608.01
632.112258424,608.01
632.135519431,611.13
632.158902840,611.13
632.182504651,611.13
632.207097256,611.13
632.230191094,612.82
632.253626983,612.82
632.277261242,612.82
632.300491625,612.82
632.324012027,609.04
632.349327264,609.04
632.372373581,609.04
632.396269475,609.04
632.419679668,609.04
632.443357736,607.78
632.466652088,607.78
632.489748806,607.78
632.513629883,607.78
632.537230606,608.70
632.560687360,608.70
632.584198034,608.70
632.607743428,608.70
632.631106773,610.91
632.654218403,610.91
632.677248432,610.91
632.700312573,610.91
632.723900240,610.91
632.747130847,612.32
632.769809545,612.32
632.792712052,612.32
632.815338685,612.32
632.837900806,576.40
632.860627152,576.40
632.883833502,576.40
632.907133934,576.40
632.930594592,552.60
632.953855279,552.60
632.976837052,552.60
633.000217261,552.60
633.023495004,552.60
633.046869549,552.52
633.070375423,552.52
633.094083603,552.52
633.117625637,552.52
633.141139095,523.77
633.164194117,523.77
633.186835406,523.77
633.210029597,523.77
633.233618959,492.84
633.256782878,492.84
633.279209829,492.84
633.301693804,492.84
633.324781242,492.84
633.348344973,454.80
633.372216707,454.80
633.398052429,454.80
633.422382151,454.80
633.448253298,452.05
633.471613794,452.05
633.494914226,452.05
633.518543110,452.05
633.541733268,455.31
633.564952548,455.31
633.588514518,455.31
633.611858119,455.31
633.635545435,451.74
633.659218190,451.74
633.682458750,451.74
633.705928303,451.74
633.729174335,451.74
633.752255693,448.20
633.775635901,448.20
633.799182288,448.20
633.822744963,448.20
633.846137011,491.60
633.869830759,491.60
633.893150776,491.60
633.916895980,491.60
633.940535328,507.72
633.964014961,507.72
633.987549476,507.72
634.010506960,507.72
634.033863329,507.72
634.057125808,508.08
634.080538177,508.08
634.103934770,508.08
634.128051179,508.08
634.150890934,525.66
634.174326311,525.66
634.197696728,525.66
634.222234869,525.66
634.245595429,560.35
634.269147544,560.35
634.292414856,560.35
634.315693015,560.35
634.339265610,602.30
634.363280930,602.30
634.386775220,602.30
634.410255814,602.30
634.434530304,602.30
634.458303605,600.69
634.482047369,600.69
634.505729085,600.69
634.530430172,600.69
634.553862509,598.98
634.577711235,598.98
634.601236725,598.98
634.625965140,598.98
634.649288100,604.26
634.672281681,604.26
634.696019302,604.26
634.719340054,604.26
634.742542021,604.26
634.765893622,593.72
634.789506409,593.72
634.813547393,593.72
634.837138164,593.72
634.859807549,570.89
634.882507399,570.89
634.905895864,570.89
634.929761678,570.89
634.953095390,540.90
634.976407246,540.90
634.999988033,540.90
635.023289713,540.90
635.046718211,539.78
635.069877169,539.78
635.093020288,539.78
635.116497650,539.78
635.140404008,539.78
635.163302708,542.25
635.186951047,542.25
635.210378745,542.25
635.233980108,542.25
635.257236188,542.29
635.280928688,542.29
635.303948861,542.29
635.327473999,542.29
635.350869441,540.90
635.374332050,540.90
635.397867589,540.90
635.421398488,540.90
635.444463781,540.90
635.467752245,541.35
635.493958531,541.35
635.517496214,541.35
635.541400748,541.35
635.564789277,543.57
635.587925964,543.57
635.611757537,543.57
635.635401397,543.57
635.658686853,537.87
635.682333497,537.87
635.705768682,537.87
635.728975801,537.87
635.752371435,551.07
635.775812412,551.07
635.799168461,551.07
635.822613247,551.07
635.846077904,551.07
635.869340160,578.19
635.892119563,578.19
635.914608723,578.19
635.937169499,578.19
635.960033927,558.47
635.983618394,558.47
636.007430543,558.47
636.030857441,558.47
636.054663766,553.06
636.078241673,553.06
636.101250934,553.06
636.124610951,553.06
636.148162490,553.06
636.171288840,555.05
636.194663897,555.05
636.218456014,555.05
636.241660413,555.05
636.265084847,551.96
636.288695842,551.96
636.312031123,551.96
636.335244002,551.96
636.359122200,553.39
636.382210854,553.39
636.405641688,553.39
636.428896776,553.39
636.452246008,553.39
636.475837260,552.33
636.499373214,552.33
636.522670063,552.33
636.549360162,552.33
636.572371471,551.87
636.597472594,551.87
636.622865080,551.87
636.646901103,551.87
636.670316897,547.83
636.694157207,547.83
636.718408305,547.83
636.742024100,547.83
636.764549676,514.88
636.787327735,514.88
636.811079340,514.88
636.834733952,514.88
636.858259442,514.88
636.881535170,503.13
636.904785298,503.13
636.927781183,503.13
636.951372594,503.13
636.975373226,539.60
636.998945501,539.60
637.022390415,539.60
637.046379590,539.60
637.069556341,545.59
637.093137640,545.59
637.116775676,545.59
637.140238126,545.59
637.163947554,546.57
637.187470165,546.57
637.210932679,546.57
637.234735772,546.57
637.258186478,546.57
637.281559935,546.41
637.305404085,546.41
637.328846502,546.41
637.352242264,546.41
637.376166127,544.98
637.399442847,544.98
637.422631982,544.98
637.446741126,544.98
637.469452945,547.42
637.492627040,547.42
637.516252243,547.42
637.539557092,547.42
637.562879796,547.42
637.586781835,549.04
637.610150652,549.04
637.633357963,549.04
637.656734556,549.04
637.680392176,553.79
637.703864098,553.79
637.726958705,553.79
637.750636261,553.79
637.774794878,580.36
637.798329521,580.36
637.821482528,580.36
637.845289557,580.36
637.868269282,604.58
637.891627539,604.58
637.915021540,604.58
637.938457014,604.58
637.962026153,604.58
637.985395034,608.03
638.009122959,608.03
638.032753859,608.03
638.057525154,608.03
638.080946420,609.33
638.104635752,609.33
638.127648917,609.33
638.152028849,609.33
638.175603460,607.05
638.199004213,607.05
638.222800011,607.05
638.246112443,607.05
638.269152329,607.18
638.292524666,607.18
638.315884971,607.18
638.339356733,607.18
638.362719662,607.18
638.386479747,606.51
638.409687251,606.51
638.433029572,606.51
638.456768825,606.51
638.479925895,606.43
638.503042038,606.43
638.526070820,606.43
638.548918607,606.43
638.571941245,602.03
638.594867593,602.03
638.617966200,602.03
638.644796813,602.03
638.668263487,602.03
638.691973427,575.66
638.714849151,575.66
638.738145232,575.66
638.762636076,575.66
638.786440066,547.10
638.809687186,547.10
638.832255803,547.10
638.855755405,547.10
638.878805627,500.66
638.902707890,500.66
638.926374502,500.66
638.949682998,500.66
638.973456108,500.66
638.997030655,495.74
639.020492817,495.74
639.043837858,495.74
639.068209501,495.74
639.091603951,495.08
639.115573606,495.08
639.139230426,495.08
639.162320424,495.08
639.186004893,497.40
639.209515663,497.40
639.233215620,497.40
639.256612213,497.40
639.280289833,499.94
639.303307831,499.94
639.326355813,499.94
639.349743798,499.94
639.373119560,499.94
639.396199254,498.35
639.419490470,498.35
639.442696758,498.35
639.467696024,498.35
639.491221803,497.72
639.514541563,497.72
639.537987213,497.72
639.562768781,497.72
639.586292672,494.90
639.609867155,494.90
639.633214724,494.90
639.656580661,494.90
639.680343051,523.18
639.703646011,523.18
639.727353264,523.18
639.751116709,523.18
639.774411702,523.18
639.797702150,546.84
639.821401531,546.84
639.844550954,546.84
639.868165149,546.84
639.891696240,585.21
639.915040801,585.21
639.938554484,585.21
639.961843588,585.21
639.985126293,595.15
640.008783145,595.15
640.032277307,595.15
640.055579020,595.15
640.079211584,595.15
640.102278190,599.26
640.125501277,599.26
640.148532875,599.26
640.173196394,599.26
640.196135030,596.90
640.219298726,596.90
640.242286067,596.90
640.266825520,596.90
640.289872254,589.57
640.313159983,589.57
640.335953274,589.57
640.359346379,589.57
640.382932511,589.57
640.406336241,562.61
640.428843577,562.61
640.451291681,562.61
640.474958005,562.61
640.498549353,528.91
640.521880378,528.91
640.545280395,528.91
640.569692327,528.91
640.593298747,532.13
640.616522667,532.13
640.640078078,532.13
640.663452399,532.13
640.686837441,532.13
640.710628438,530.01
640.733869831,530.01
640.757562587,530.01
640.784053997,530.01
640.807455230,531.45
640.831167155,531.45
640.854797799,531.45
640.878106264,531.45
640.901756076,530.80
640.925110013,530.80
640.948356045,530.80
640.973097709,530.80
640.996845442,534.16
641.020510038,534.16
641.044296076,534.16
641.067770494,534.16
641.091356210,531.46
641.114926629,531.46
641.138334135,531.46
641.162101868,531.46
641.185820673,531.46
641.209033329,531.26
641.232758086,531.26
641.256241848,531.26
641.280942839,531.26
641.304410442,542.11
641.327879132,542.11
641.351022539,542.11
641.375649258,542.11
641.398937498,573.43
641.422253451,573.43
641.445533371,573.43
641.468800876,573.43
641.492525889,573.43
641.515843410,605.25
641.538956768,605.25
641.562921464,605.25
641.586661229,605.25
641.609724123,605.66
641.633395312,605.66
641.656500574,605.66
641.679887312,605.66
641.703226529,606.04
641.726523922,606.04
641.749539391,606.04
641.773125427,606.04
641.796446852,606.02
641.820070776,606.02
641.843675148,606.02
641.867163358,606.02
641.890977652,606.02
641.914016706,609.81
641.937866425,609.81
641.961843120,609.81
641.986244876,609.81
642.009625982,607.42
642.032812686,607.42
642.055616441,607.42
642.078603014,607.42
642.102023704,608.87
642.125344361,608.87
642.149297985,608.87
642.172595793,608.87
642.196310278,608.87
642.219538998,609.87
642.242846439,609.87
642.265995446,609.87
642.289649674,609.87
642.312571479,608.56
642.336199947,608.56
642.359645854,608.56
642.383437716,608.56
642.406862438,610.81
642.430392153,610.81
642.454507442,610.81
642.478591563,610.81
642.502665796,608.18
642.526218423,608.18
642.549963116,608.18
642.573355870,608.18
642.597159604,608.18
642.623085952,608.63
642.646874550,608.63
642.670514314,608.63
642.694121950,608.63
642.717902324,607.96
642.741593960,607.96
642.765260573,607.96
642.789132372,607.96
642.812947754,609.70
642.836200474,609.70
642.859762381,609.70
642.886222559,609.70
642.910000724,608.56
642.933364966,608.56
642.956298931,608.56
642.979223328,608.56
643.002703666,608.56
643.025853570,608.82
643.049196787,608.82
643.072330818,608.82
643.095222862,608.82
643.117993978,599.36
643.140391073,599.36
643.162794345,599.36
643.185241873,599.36
643.207915259,554.40
643.231471950,554.40
643.254807679,554.40
643.278017327,554.40
643.301511138,554.40
643.325147382,553.62
643.348260101,553.62
643.371441397,553.62
643.396140564,553.62
643.419414053,550.88
643.443007481,550.88
643.466696558,550.88
643.490634853,550.88
643.513938422,549.21
643.537493225,549.21
643.560651129,549.21
643.584138188,549.21
643.607417468,549.21
643.630810830,551.07
643.653806812,551.07
643.676949835,551.07
643.700260540,551.07
643.723478924,545.91
643.746562554,545.91
643.769865579,545.91
643.793207421,545.91
643.815902759,517.66
643.838466416,517.66
643.861237404,517.66
643.893371848,517.66
643.917094973,486.98
643.943002025,486.98
643.966591805,486.98
643.990248721,486.98
644.013590051,486.74
644.037496474,486.74
644.061168142,486.74
644.084526304,486.74
644.108399799,486.74
644.131696776,506.35
644.155031737,506.35
644.178839695,506.35
644.202731686,506.35
644.225914805,543.79
644.249427592,543.79
644.272476087,543.79
644.296845011,543.79
644.320293861,541.93
644.343704983,541.93
644.367241451,541.93
644.390491227,541.93
644.413964974,541.93
644.437611138,543.11
644.460973492,543.11
644.484215428,543.11
644.507807384,543.11
644.530807558,545.81
644.553862996,545.81
644.577089285,545.81
644.600765209,545.81
644.624299757,544.72
644.647345307,544.72
644.670336809,544.72
644.694039294,544.72
644.717548785,549.06
644.740987683,549.06
644.764649240,549.06
644.787998793,549.06
644.811578717,549.06
644.835168337,585.03
644.858424770,585.03
644.881968181,585.03
644.905349703,585.03
644.928127986,605.22
644.951715078,605.22
644.975185785,605.22
644.998349673,605.22
645.021979165,607.08
645.045566321,607.08
645.068804033,607.08
645.092474198,607.08
645.115851592,607.08
645.139393339,606.09
645.162929422,606.09
645.186330976,606.09
645.210892606,606.09
645.234083790,606.67
645.257103420,606.67
645.280275532,606.67
645.305152813,606.67
645.328023098,608.95
645.351717807,608.95
645.375121249,608.95
645.398614772,608.95
645.421879205,608.95
645.445609690,610.88
645.468556295,610.88
645.491776664,610.88
645.514953255,610.88
645.538471803,610.50
645.561776012,610.50
645.584980220,610.50
645.608204588,610.50
645.631125753,606.48
645.654109095,606.48
645.677214422,606.48
645.700594760,606.48
645.724390526,606.48
645.747836048,591.53
645.770618940,591.53
645.793765036,591.53
645.817359712,591.53
645.840160555,561.84
645.862776917,561.84
645.885299774,561.84
645.909499769,561.84
645.933567346,525.87
645.957064709,525.87
645.980607896,525.87
646.004072971,525.87
646.027710944,523.16
646.051304596,523.16
646.074690630,523.16
646.098073015,523.16
646.121400585,523.16
646.145195391,526.22
646.168320494,526.22
646.191862498,526.22
646.215301780,526.22
646.238331010,519.82
646.261475954,519.82
646.285270824,519.82
646.308441304,519.82
646.332169837,514.53
646.356060452,514.53
646.379519447,514.53
646.403135916,514.53
646.426962146,514.53
646.450166514,519.10
646.473736838,519.10
646.497708894,519.10
646.521434228,519.10
646.544977031,514.86
646.568335897,514.86
646.592050446,514.86
646.615486145,514.86
646.639040021,515.71
646.662349606,515.71
646.685634199,515.71
646.708888135,515.71
646.732234393,515.71
646.755162246,510.36
646.778628889,510.36
646.802370447,510.36
646.825831842,510.36
646.848714702,513.04
646.871314584,513.04
646.894278246,513.04
646.917891674,513.04
646.941449262,510.16
646.965027042,510.16
646.988825624,510.16
647.012474637,510.16
647.039301411,510.22
647.062615860,510.22
647.086653581,510.22
647.109996446,510.22
647.133587474,510.22
647.156770050,505.65
647.179809425,505.65
647.203136578,505.65
647.226740630,505.65
647.250175561,509.49
647.273499482,509.49
647.297157807,509.49
647.321216360,509.49
647.345028927,512.65
647.368589842,512.65
647.392335144,512.65
647.415882620,512.65
647.440075158,512.98
647.464021806,512.98
647.487922214,512.98
647.511365688,512.98
647.535310352,512.98
647.558772611,515.22
647.582599290,515.22
647.606802964,515.22
647.630897742,515.22
647.654372993,516.53
647.677985909,516.53
647.701528681,516.53
647.725987206,516.53
647.749506362,539.29
647.773392305,539.29
647.796883652,539.29
647.820180341,539.29
647.843853066,574.20
647.867870371,574.20
647.891219957,574.20
647.914851433,574.20
647.938242811,574.20
647.961396907,605.60
647.985137889,605.60
648.008705397,605.60
648.032244616,605.60
648.055720699,603.44
648.079491410,603.44
648.103019333,603.44
648.126261270,603.44
648.149725353,606.67
648.173400542,606.67
648.196553645,606.67
648.219803454,606.67
648.243508947,606.67
648.266647875,608.17
648.289654897,608.17
648.313051779,608.17
648.336802169,608.17
648.360087402,609.15
648.383320443,609.15
648.406815982,609.15
648.431696144,609.15
648.454996257,609.34
648.478513813,609.34
648.502065961,609.34
648.525222873,609.34
648.548633291,607.33
648.572111422,607.33
648.595365743,607.33
648.618634944,607.33
648.641976146,607.33
648.665443781,610.18
648.689200059,610.18
648.712713902,610.18
648.736156833,610.18
648.759646164,609.01
648.782998374,609.01
648.806266615,609.01
648.830137646,609.01
648.853577057,610.22
648.876701616,610.22
648.899920993,610.22
648.923298227,610.22
648.947128042,610.22
648.970493884,610.21
648.993705068,610.21
649.017134207,610.21
649.041446170,610.21
649.065077935,610.74
649.088717636,610.74
649.112012533,610.74
649.137034840,610.74
649.160129223,611.72
649.183759548,611.72
649.207314480,611.72
649.230621089,611.72
649.254386199,611.12
649.278092461,611.12
649.301507136,611.12
649.324753264,611.12
649.348406117,611.12
649.371467412,609.13
649.394858791,609.13
649.418132536,609.13
649.441880718,609.13
649.465436290,608.97
649.488839700,608.97
649.512011076,608.97
649.535378998,608.97
649.558754120,609.39
649.581893016,609.39
649.605202538,609.39
649.629540038,609.39
649.653261979,609.39
649.676708270,607.49
649.699611516,607.49
649.722741451,607.49
649.747336394,607.49
649.770358616,609.10
649.793573033,609.10
649.816738265,609.10
649.839642502,609.10
649.862986424,609.88
649.886195464,609.88
649.909491866,609.88
649.932454536,609.88
649.955666232,609.88
649.979044522,589.79
650.002458013,589.79
650.025805679,589.79
650.049796551,589.79
650.072517683,558.82
650.095509633,558.82
650.118705361,558.82
650.141902049,558.82
650.165271699,529.21
650.191197216,529.21
650.214343792,529.21
650.237503360,529.21
650.260349580,529.21
650.282881462,493.04
650.305726019,493.04
650.329619546,493.04
650.353880310,493.04
650.377163367,471.84
650.400699131,471.84
650.424208654,471.84
650.447744610,471.84
650.471438808,468.46
650.495078349,468.46
650.518536960,468.46
650.542088308,468.46
650.565877034,473.29
650.589222172,473.29
650.612841585,473.29
650.636404197,473.29
650.659972890,473.29
650.683793328,473.43
650.707106530,473.43
650.730677142,473.43
650.755137332,473.43
650.778482598,471.66
650.801767543,471.66
650.825316075,471.66
650.849455077,471.66
650.872692118,469.00
650.896150089,469.00
650.919291801,469.00
650.942534954,469.00
650.966107326,469.00
650.989155181,488.59
651.012358397,488.59
651.035474861,488.59
651.059293572,488.59
651.082802807,520.96
651.106181194,520.96
651.129568252,520.96
651.153462388,520.96
651.176826278,544.94
651.200499483,544.94
651.224240593,544.94
651.247371329,544.94
651.270984757,584.06
651.294620587,584.06
651.317822075,584.06
651.340984907,584.06
651.365034501,584.06
651.388042611,608.47
651.411427749,608.47
651.434654934,608.47
651.458178666,608.47
651.481361562,609.13
651.504366377,609.13
651.527173333,609.13
651.550608648,609.13
651.574271422,605.00
651.597535087,605.00
651.623376155,605.00
651.646810862,605.00
651.670321633,605.00
651.693556146,606.39
651.717313992,606.39
651.740274199,606.39
651.763733098,606.39
651.786971803,605.93
651.810699601,605.93
651.834240933,605.93
651.857695256,605.93
651.881081546,606.57
651.904644671,606.57
651.927821359,606.57
651.951297826,606.57
651.974902071,606.64
651.998380458,606.64
652.021519610,606.64
652.044577225,606.64
652.068259423,606.64
652.091508112,604.57
652.114459454,604.57
652.137386251,604.57
652.160502587,604.57
652.183444457,604.18
652.206457015,604.18
652.229723240,604.18
652.253085051,604.18
652.281807012,582.72
652.305046837,582.72
652.327940611,582.72
652.350469389,582.72
652.373193176,582.72
652.396030885,538.30
652.419664730,538.30
652.443365072,538.30
652.468016175,538.30
652.491417378,533.49
652.514943478,533.49
652.537692994,533.49
652.562034942,533.49
652.585880566,537.99
652.609464170,537.99
652.633140800,537.99
652.656702676,537.99
652.680038310,537.99
652.703631099,537.07
652.726927820,537.07
652.750004956,537.07
652.773555312,537.07
652.797263590,536.22
652.820706777,536.22
652.844207949,536.22
652.868034692,536.22
652.891611000,536.51
652.915411791,536.51
652.938726625,536.51
652.962251861,536.51
652.986565649,532.23
653.009858947,532.23
653.033110836,532.23
653.056522374,532.23
653.079708023,532.23
653.103094857,528.66
653.126777087,528.66
653.150105969,528.66
653.173525348,528.66
653.197160537,529.20
653.220203560,529.20
653.243517370,529.20
653.268196858,529.20
653.291489867,547.66
653.315035264,547.66
653.338108143,547.66
653.360578424,547.66
653.384275982,547.66
653.408228134,590.42
653.431780955,590.42
653.455207918,590.42
653.478996325,590.42
653.502068276,595.09
653.525321349,595.09
653.548472309,595.09
653.572140747,595.09
653.595503229,597.22
653.618475084,597.22
653.641832702,597.22
653.665705014,597.22
653.689278986,595.59
653.712824478,595.59
653.736232401,595.59
653.759656132,595.59
653.783565084,595.59
653.807305682,595.85
653.830981640,595.85
653.854852288,595.85
653.879195932,595.85
653.903255766,597.84
653.926919979,597.84
653.951094406,597.84
653.974983166,597.84
653.998731124,602.00
654.022505003,602.00
654.046360002,602.00
654.070072536,602.00
654.093757262,606.45
654.117202497,606.45
654.140842743,606.45
654.164397707,606.45
654.187616476,606.45
654.210782604,606.80
654.233760699,606.80
654.256475846,606.80
654.280040507,606.80
654.303586447,602.77
654.327028130,602.77
654.350351284,602.77
654.377893106,602.77
654.401366502,603.67
654.425368767,603.67
654.448639280,603.67
654.472078980,603.67
654.495206228,604.73
654.518356004,604.73
654.541551157,604.73
654.564826982,604.73
654.587688627,604.73
654.610413183,604.12
654.633560751,604.12
654.657027811,604.12
654.680893819,604.12
654.704053099,601.23
654.727632640,601.23
654.751245237,601.23
654.774618279,601.23
654.798046299,598.22
654.821167338,598.22
654.844870144,598.22
654.867933936,598.22
654.891198753,598.22
654.914477395,597.92
654.937867653,597.92
654.961060854,597.92
654.984132998,597.92
655.007544409,594.10
655.030828746,594.10
655.054363807,594.10
655.077521231,594.10
655.101078851,593.06
655.124679896,593.06
655.148294093,593.06
655.171500222,593.06
655.195137363,593.06
655.218958923,592.82
655.242217660,592.82
655.265035081,592.82
655.288657054,592.82
655.312021745,594.38
655.335652966,594.38
655.358918871,594.38
655.382183881,594.38
655.405509851,599.58
655.428998447,599.58
655.452372994,599.58
655.476917632,599.58
655.500435733,599.58
655.523898536,597.05
655.547647551,597.05
655.570981169,597.05
655.594871977,597.05
655.618132218,599.68
655.641356556,599.68
655.664839359,599.68
655.688662711,599.68
655.711929096,600.29
655.735061304,600.29
655.758436523,600.29
655.781887327,600.29
655.805666965,603.22
655.829142665,603.22
655.852338618,603.22
655.875937039,603.22
655.899157888,603.22
655.922538515,603.78
655.945742340,603.78
655.968975125,603.78
655.992398024,603.78
656.015750778,602.58
656.039270222,602.58
656.062648577,602.58
656.086584186,602.58
656.109380166,585.57
656.131808111,585.57
656.154474842,585.57
656.177863693,585.57
656.201562787,585.57
656.225145368,555.31
656.248804046,555.31
656.272562372,555.31
656.295930999,555.31
656.319487628,559.54
656.343500773,559.54
656.366667190,559.54
656.389836550,559.54
656.413577181,558.51
656.436772590,558.51
656.460163841,558.51
656.483454419,558.51
656.506499874,558.51
656.530453243,558.96
656.553520874,558.96
656.577143456,558.96
656.600626355,558.96
656.623876165,555.64
656.647219735,555.64
656.670486921,555.64
656.695079112,555.64
656.718201592,559.92
656.741505675,559.92
656.764653691,559.92
656.788100206,559.92
656.811647427,559.92
656.835444826,561.48
656.859047791,561.48
656.882381313,561.48
656.905800277,561.48
656.929139463,562.83
656.952713852,562.83
656.975848620,562.83
656.999058653,562.83
657.022496305,563.16
657.045709506,563.16
657.069074548,563.16
657.092398215,563.16
657.115529559,584.40
657.138714855,584.40
657.161589525,584.40
657.184996520,584.40
657.208374715,584.40
657.231277385,610.82
657.254088310,610.82
657.277377928,610.82
657.300610521,610.82
657.324305807,611.12
657.347617697,611.12
657.370890419,611.12
657.393995235,611.12
657.417532952,611.14
657.440632392,611.14
657.463763992,611.14
657.486928233,611.14
657.510013944,611.14
657.533472812,608.88
657.556479963,608.88
657.579945359,608.88
657.602716987,608.88
657.625665674,589.10
657.648848251,589.10
657.671955275,589.10
657.695099387,589.10
657.718005097,589.10
657.740979576,558.64
657.764378955,558.64
657.787615516,558.64
657.810930543,558.64
657.834243137,529.26
657.856974061,529.26
657.879801402,529.26
657.904439834,529.26
657.927572938,501.52
657.950839804,501.52
657.973493703,501.52
657.996358869,501.52
658.019629671,501.52
658.043166843,466.90
658.066872561,466.90
658.090575624,466.90
658.113778297,466.90
658.136340835,431.80
658.158897070,431.80
658.181503032,431.80
658.204191396,431.80
658.227818170,400.16
658.251290509,400.16
658.274736193,400.16
658.298055091,400.16
658.321951340,400.16
658.345157181,397.47
658.368972116,397.47
658.392624426,397.47
658.416212511,397.47
658.440024567,398.09
658.463473066,398.09
658.486820029,398.09
658.510350002,398.09
658.533666756,402.24
658.556870773,402.24
658.580324681,402.24
658.603793757,402.24
658.630272496,416.95
658.653799812,416.95
658.677152439,416.95
658.700600203,416.95
658.724477635,416.95
658.747411697,445.12
658.770877829,445.12
658.794396314,445.12
658.818224881,445.12
658.841760198,475.07
658.865142809,475.07
658.888059527,475.07
658.912059200,475.07
658.935326162,499.81
658.958686405,499.81
658.981773429,499.81
659.005480043,499.81
659.028668892,499.81
659.051795245,528.75
659.075062174,528.75
659.098728852,528.75
659.122075399,528.75
659.145031702,561.32
659.168647083,561.32
659.192130143,561.32
659.215834453,561.32
659.239160232,604.35
659.262882302,604.35
659.286199921,604.35
659.309808646,604.35
659.333346363,604.53
659.357097778,604.53
659.380924937,604.53
659.403893048,604.53
659.427279979,604.53
659.450443676,602.92
659.473805359,602.92
659.496889503,602.92
659.520419636,602.92
659.543332514,602.95
659.566669972,602.95
659.589966983,602.95
659.616715261,602.95
659.640240081,608.29
659.666028701,608.29
659.689154030,608.29
659.712443488,608.29
659.735815795,607.57
659.759119973,607.57
659.782559161,607.57
659.805729610,607.57
659.829068668,607.57
659.852096940,609.24
659.875134043,609.24
659.898200811,609.24
659.921534494,609.24
659.944467052,605.66
659.967304250,605.66
659.989991301,605.66
660.012286253,605.66
660.034742711,605.66
660.057391010,570.37
660.081037016,570.37
660.105070898,570.37
660.128655751,570.37
660.152224860,547.50
660.176081268,547.50
660.199816747,547.50
660.223416032,547.50
660.247709885,543.37
660.271041391,543.37
660.294534852,543.37
660.317983255,543.37
660.341198409,543.35
660.364429722,543.35
660.387493802,543.35
660.410701052,543.35
660.434048367,543.35
660.457737125,544.75
660.481172889,544.75
660.504517195,544.75
660.527961119,544.75
660.551081104,545.35
660.574713093,545.35
660.598231482,545.35
660.624768334,545.35
660.648403268,543.88
660.671656054,543.88
660.694793606,543.88
660.718458012,543.88
660.741771375,543.88
660.765060033,542.57
660.788416884,542.57
660.811552133,542.57
660.834590324,542.57
660.858196618,544.91
660.881865920,544.91
660.905411509,544.91
660.928891753,544.91
660.952327196,546.89
660.975777104,546.89
660.999060579,546.89
661.021929744,546.89
661.045133346,583.24
661.068276978,583.24
661.091441475,583.24
661.114537331,583.24
661.138306731,583.24
661.161454651,604.00
661.184887311,604.00
661.208048768,604.00
661.231625173,604.00
661.254771750,606.79
661.277656596,606.79
661.300381472,606.79
661.323351279,606.79
661.346117020,606.79
661.369096843,600.26
661.392239036,600.26
661.416021619,600.26
661.439113764,600.26
661.461839344,576.83
661.484298874,576.83
661.506770083,576.83
661.531050944,576.83
661.555011961,544.19
661.578429933,544.19
661.601842849,544.19
661.625386997,544.19
661.649277742,541.92
661.672631425,541.92
661.696097845,541.92
661.765091363,541.92
661.788548215,541.92
661.812003755,540.23
661.835682625,540.23
661.858950547,540.23
661.882835500,540.23
661.906709764,543.28
661.930426779,543.28
661.954034705,543.28
661.977708583,543.28
662.001762241,540.93
662.025652538,540.93
662.049360464,540.93
662.072994118,540.93
662.096862782,541.78
662.120402675,541.78
662.143981897,541.78
662.167724992,541.78
662.190820208,541.78
662.214529863,542.24
662.238334174,542.24
662.261843891,542.24
662.285535849,542.24
662.309007422,544.93
662.332558995,544.93
662.356519596,544.93
662.380014945,544.93
662.403499957,556.39
662.427193548,556.39
662.450689184,556.39
662.474008243,556.39
662.497950508,591.05
662.521430464,591.05
662.545199256,591.05
662.568955023,591.05
662.592350594,591.05
662.615834199,606.69
662.639287499,606.69
662.663130947,606.69
662.686772089,606.69
662.709764040,608.90
662.732931289,608.90
662.755920137,608.90
662.779101338,608.90
662.804389825,612.45
662.827312560,612.45
662.850516609,612.45
662.874277048,612.45
662.897617739,606.44
662.920712444,606.44
662.944075695,606.44
662.967588292,606.44
662.990827957,606.44
663.014127080,603.80
663.037284921,603.80
663.060466922,603.80
663.083803389,603.80
663.107031279,602.30
663.130273921,602.30
663.153532723,602.30
663.177533260,602.30
663.200503420,606.48
663.223747149,606.48
663.247147009,606.48
663.270528372,606.48
663.294006281,604.51
663.317777120,604.51
663.341082867,604.51
663.364292484,604.51
663.387872954,604.51
663.411149356,603.61
663.434577568,603.61
663.458205078,603.61
663.481663242,603.61
663.505019006,605.59
663.528538546,605.59
663.551697699,605.59
663.575012406,605.59
663.598776366,604.01
663.624164662,604.01
663.648309937,604.01
663.671633156,604.01
663.695356635,604.44
663.718936945,604.44
663.741719966,604.44
663.765002512,604.44
663.788118337,604.44
663.811123536,602.29
663.834167712,602.29
663.860052878,602.29
663.883045373,602.29
663.905638056,594.23
663.928007825,594.23
663.950711006,594.23
663.973928207,594.23
663.997271746,573.66
664.020705270,573.66
664.044412301,573.66
664.067747040,573.66
664.090525805,573.66
664.113134520,542.85
664.135601506,542.85
664.158394608,542.85
664.181782179,542.85
664.205394329,515.22
664.228968686,515.22
664.252243873,515.22
664.276452605,515.22
664.299736623,512.62
664.322979233,512.62
664.346256244,512.62
664.369860361,512.62
664.393170300,512.62
664.416587088,515.98
664.439587904,515.98
664.462915667,515.98
664.486558025,515.98
664.509738682,515.50
664.533271055,515.50
664.556937670,515.50
664.580296793,515.50
664.603918703,511.99
664.630042303,511.99
664.653657973,511.99
664.678629529,511.99
664.702450769,507.88
664.725870501,507.88
664.749358330,507.88
664.772993328,507.88
664.796575781,511.47
664.820155675,511.47
664.843255084,511.47
664.866778753,511.47
664.890224245,511.47
664.913487943,520.27
664.937020796,520.27
664.960482128,520.27
664.983612641,520.27
665.007060950,545.04
665.030463177,545.04
665.053649691,545.04
665.077089839,545.04
665.100476386,565.91
665.124456508,565.91
665.148097234,565.91
665.171554471,565.91
665.195355262,565.91
665.219088534,598.81
665.242416425,598.81
665.265779452,598.81
665.290650815,598.81
665.314426743,600.53
665.338076717,600.53
665.361538690,600.53
665.385663613,600.53
665.409615254,601.73
665.433358958,601.73
665.457364072,601.73
665.481001086,601.73
665.504732021,603.04
665.528589390,603.04
665.552238852,603.04
665.575806266,603.04
665.599732659,603.04
665.624297651,606.23
665.647664550,606.23
665.671036442,606.23
665.694804978,606.23
665.718286118,610.15
665.741637561,610.15
665.765037965,610.15
665.788668515,610.15
665.812472827,608.79
665.835696685,608.79
665.859328931,608.79
665.882139505,608.79
665.905725767,611.03
665.929347069,611.03
665.956254453,611.03
665.979544232,611.03
666.003327360,611.03
666.026631954,611.76
666.050228456,611.76
666.073690685,611.76
666.097516053,611.76
666.120830408,615.91
666.143536468,615.91
666.166798247,615.91
666.191261542,615.91
666.214510392,616.21
666.238164942,616.21
666.261602594,616.21
666.284765556,616.21
666.308321193,615.90
666.331624444,615.90
666.354829070,615.90
666.378080192,615.90
666.401205009,615.90
666.424502884,616.24
666.447830071,616.24
666.471291340,616.24
666.494721696,616.24
666.517814448,618.40
666.540430460,618.40
666.563988082,618.40
666.587381349,618.40
666.610710201,616.41
666.634074028,616.41
666.657803683,616.41
666.680887156,616.41
666.704367753,616.41
666.727679068,616.48
666.750973358,616.48
666.774720102,616.48
666.798105145,616.48
666.821554414,613.49
666.845513896,613.49
666.868963548,613.49
666.892490449,613.49
666.916448683,615.73
666.939963296,615.73
666.963024624,615.73
666.986574982,615.73
667.009681078,615.73
667.032483108,616.88
667.055548693,616.88
667.078473123,616.88
667.101746582,616.88
667.124680069,610.07
667.147558835,610.07
667.170721669,610.07
667.194265850,610.07
667.218045330,581.27
667.241277604,581.27
667.264108306,581.27
667.286698653,581.27
667.309383306,581.27
667.333022176,543.96
667.356902585,543.96
667.380772178,543.96
667.404296519,543.96
667.428134880,537.19
667.451626901,537.19
667.475085001,537.19
667.500287952,537.19
667.523813733,533.78
667.547082744,533.78
667.570772207,533.78
667.593874400,533.78
667.617216019,533.78
667.640406405,532.61
667.663642583,532.61
667.687354030,532.61
667.710800291,532.61
667.734324952,531.70
667.757822509,531.70
667.780986911,531.70
667.804434003,531.70
667.827898504,533.03
667.851188250,533.03
667.874689679,533.03
667.898017091,533.03
667.921252309,531.54
667.945041997,531.54
667.968268095,531.54
667.991474929,531.54
668.014835972,531.54
668.038282649,529.79
668.061569452,529.79
668.084830558,529.79
668.108597718,529.79
668.131900905,533.84
668.155474911,533.84
668.178831250,533.84
668.202571978,533.84
668.226114495,564.38
668.249198320,564.38
668.272644196,564.38
668.296127129,564.38
668.319706223,564.38
668.342981826,599.43
668.366584600,599.43
668.389826538,599.43
668.414380426,599.43
668.438020513,605.86
668.461326804,605.86
668.484800425,605.86
668.509498026,605.86
668.532865406,609.29
668.557084475,609.29
668.580008362,609.29
668.603292252,609.29
668.626898067,611.48
668.649889794,611.48
668.673165269,611.48
668.696191269,611.48
668.719427288,611.48
668.742951117,610.36
668.766420866,610.36
668.789606323,610.36
668.813126025,610.36
668.836968481,610.78
668.860159635,610.78
668.883320869,610.78
668.906103058,610.78
668.929662344,609.08
668.953016412,609.08
668.976101196,609.08
668.998961851,609.08
669.022480624,609.08
669.045671458,596.11
669.068745586,596.11
669.094780866,596.11
669.118113301,596.11
669.141353448,566.23
669.164699931,566.23
669.187762476,566.23
669.210521273,566.23
669.233716139,529.26
669.256763515,529.26
669.280049070,529.26
669.303772102,529.26
669.326795670,529.26
669.349144959,493.50
669.371491912,493.50
669.394294710,493.50
669.418026926,493.50
669.441413730,470.89
669.464841238,470.89
669.488025672,470.89
669.511847552,470.89
669.535133171,465.58
669.558874635,465.58
669.582355488,465.58
669.605720436,465.58
669.631618850,465.58
669.655048246,465.02
669.678187784,465.02
669.701893439,465.02
669.725358004,465.02
669.748477445,465.38
669.772160956,465.38
669.795667473,465.38
669.819707948,465.38
669.844014794,460.48
669.867753921,460.48
669.891311031,460.48
669.915239665,460.48
669.938552772,465.74
669.962102746,465.74
669.985565422,465.74
670.009351815,465.74
670.032802459,465.74
670.056698484,480.65
670.080056968,480.65
670.103792128,480.65
670.128496034,480.65
670.153111010,513.66
670.176694520,513.66
670.200618386,513.66
670.224125095,513.66
670.247502267,541.59
670.271284691,541.59
670.294439749,541.59
670.317419925,541.59
670.340538214,541.59
670.364119484,569.70
670.387494512,569.70
670.410762595,569.70
670.433657010,569.70
670.456888452,592.36
670.480220248,592.36
670.503653900,592.36
670.526676668,592.36
670.549291624,569.78
670.572211032,569.78
670.595364233,569.78
670.618790590,569.78
670.641865455,569.78
670.664700669,535.95
670.687275144,535.95
670.710375129,535.95
670.733572396,535.95
670.757592166,507.66
670.781515008,507.66
670.805396089,507.66
670.828334152,507.66
670.851293336,473.67
670.874417129,473.67
670.898351235,473.67
670.922223580,473.67
670.946354744,452.18
670.969546986,452.18
670.993175681,452.18
671.016736503,452.18
671.040319821,452.18
671.063727329,452.86
671.087167734,452.86
671.110746124,452.86
671.135325356,452.86
671.158570463,455.95
671.182293494,455.95
671.205751851,455.95
671.230308267,455.95
671.254027587,454.99
671.277263478,454.99
671.300389223,454.99
671.323812092,454.99
671.347378417,451.97
671.371004712,451.97
671.394438461,451.97
671.417747632,451.97
671.440965443,451.97
671.464590841,461.74
671.487837292,461.74
671.511552163,461.74
671.535048953,461.74
671.558464429,489.08
671.582086916,489.08
671.605256214,489.08
671.630814016,489.08
671.654437847,521.63
671.677272997,521.63
671.700917980,521.63
671.724306256,521.63
671.747977576,521.63
671.771465437,545.17
671.795205973,545.17
671.818688234,545.17
671.842386401,545.17
671.865683220,591.41
671.889600302,591.41
671.913488935,591.41
671.936371510,591.41
671.960040717,610.84
671.983651780,610.84
672.007158169,610.84
672.030789680,610.84
672.054207044,609.38
672.077554936,609.38
672.101561811,609.38
672.125245226,609.38
672.148574910,609.38
672.172053107,611.22
672.195261509,611.22
672.218711738,611.22
672.242914870,611.22
672.266534669,610.94
672.292313818,610.94
672.315690222,610.94
672.339400486,610.94
672.363037085,612.70
672.386459057,612.70
672.409661412,612.70
672.433098904,612.70
672.456331339,611.25
672.480145284,611.25
672.503713818,611.25
672.527171727,611.25
672.550971271,611.25
672.574660863,600.55
672.598383415,600.55
672.624167044,600.55
672.647580920,600.55
672.671217231,601.28
672.694927943,601.28
672.718428188,601.28
672.742256309,601.28
672.766137390,602.82
672.789533091,602.82
672.813054360,602.82
672.836543598,602.82
672.860205413,602.06
672.883598297,602.06
672.907025614,602.06
672.930176511,602.06
672.953542772,602.06
672.976627429,600.17
673.000307196,600.17
673.023817873,600.17
673.047103909,600.17
673.070367480,601.58
673.093952878,601.58
673.117674790,601.58
673.140954905,601.58
673.164737137,601.37
673.188627338,601.37
673.211847517,601.37
673.235122800,601.37
673.258773191,601.37
673.282287293,601.40
673.305313645,601.40
673.328240093,601.40
673.352902014,601.40
673.376251378,601.13
673.399740456,601.13
673.422811545,601.13
673.447010357,601.13
673.470999184,599.98
673.494598247,599.98
673.517716664,599.98
673.541352687,599.98
673.564856261,611.06
673.588138072,611.06
673.611220809,611.06
673.634433723,611.06
673.658065458,611.06
673.681262181,610.76
673.704370006,610.76
673.727943820,610.76
673.751696196,610.76
673.775171002,609.45
673.798754288,609.45
673.822361927,609.45
673.845729051,609.45
673.868955373,611.51
673.892471363,611.51
673.915896504,611.51
673.939115978,611.51
673.962474942,611.51
673.985808306,612.13
674.009139718,612.13
674.032769469,612.13
674.056028240,612.13
674.078888158,612.12
674.102681111,612.12
674.126217197,612.12
674.149432191,612.12
674.172919957,613.86
674.196383402,613.86
674.219423611,613.86
674.242529708,613.86
674.266063330,613.86
674.289338901,612.81
674.312533863,612.81
674.337997874,612.81
674.361522791,612.81
674.384835643,611.14
674.408054766,611.14
674.431248800,611.14
674.455914498,611.14
674.479176245,611.28
674.502653706,611.28
674.525791548,611.28
674.549139216,611.28
674.572184481,611.28
674.595542805,612.07
674.619022442,612.07
674.642316766,612.07
674.665705330,612.07
674.689262600,611.44
674.712348698,611.44
674.735097575,611.44
674.758358394,611.44
674.781378251,610.01
674.804593982,610.01
674.827678767,610.01
674.850664703,610.01
674.873314188,610.01
674.896082554,586.87
674.918515780,586.87
674.940982383,586.87
674.964514693,586.87
674.987992954,550.51
675.011341838,550.51
675.034432447,550.51
675.057670066,550.51
675.081414858,548.81
675.104735166,548.81
675.128299252,548.81
675.152008492,548.81
675.175227135,548.81
675.198523794,547.09
675.222159593,547.09
675.245328411,547.09
675.268546702,547.09
675.291388637,547.51
675.314444653,547.51
675.337284252,547.51
675.361935038,547.51
675.385272114,538.66
675.407963295,538.66
675.430259176,538.66
675.452552017,538.66
675.475679907,538.66
675.499236601,501.77
675.522473484,501.77
675.545732767,501.77
675.570269472,501.77
675.593994744,499.29
675.617258507,499.29
675.640501950,499.29
675.664846268,499.29
675.688398002,500.27
675.711986249,500.27
675.735224540,500.27
675.758943828,500.27
675.782885134,497.20
675.806594406,497.20
675.829832153,497.20
675.853530865,497.20
675.877060967,497.20
675.900231385,520.24
675.923926033,520.24
675.946943617,520.24
675.970102003,520.24
675.993237861,557.58
676.016255894,557.58
676.039169157,557.58
676.062063349,557.58
676.084844963,543.80
676.107816403,543.80
676.130971589,543.80
676.154534555,543.80
676.178078833,543.80
676.201697064,515.61
676.225574690,515.61
676.249180761,515.61
676.272746031,515.61
676.296120899,484.55
676.319450423,484.55
676.342847052,484.55
676.366194528,484.55
676.389387507,461.42
676.412060608,461.42
676.436400798,461.42
676.459028331,461.42
676.482371039,461.42
676.505735059,468.97
676.529493548,468.97
676.552657310,468.97
676.577335200,468.97
676.600758773,470.31
676.624831121,470.31
676.648279430,470.31
676.672346370,470.31
676.696227355,467.82
676.719755506,467.82
676.742986500,467.82
676.766637212,467.82
676.790286675,472.30
676.813898762,472.30
676.837488417,472.30
676.860968918,472.30
676.884497612,472.30
676.908378790,468.03
676.931913756,468.03
676.955729781,468.03
676.980927613,468.03
677.004289073,467.55
677.028062826,467.55
677.051829730,467.55
677.075468409,467.55
677.099194706,484.37
677.123077643,484.37
677.146300830,484.37
677.169806068,484.37
677.193642445,512.95
677.217206980,512.95
677.240702105,512.95
677.264435857,512.95
677.287999048,512.95
677.311436541,540.22
677.334866066,540.22
677.358220615,540.22
677.382185761,540.22
677.405877049,568.24
677.429503248,568.24
677.452833764,568.24
677.480251459,568.24
677.503510966,607.19
677.526634440,607.19
677.550089982,607.19
677.573554035,607.19
677.597049129,607.83
677.620345661,607.83
677.644014228,607.83
677.667111750,607.83
677.690542491,607.83
677.714025105,609.51
677.737587943,609.51
677.761515617,609.51
677.785053848,609.51
677.808838032,610.09
677.832711402,610.09
677.856179072,610.09
677.879615189,610.09
677.903224780,614.30
677.926199068,614.30
677.950095542,614.30
677.973652076,614.30
677.997239811,614.30
678.020675384,614.80
678.044355376,614.80
678.067622979,614.80
678.091124761,614.80
678.114494350,612.68
678.138012452,612.68
678.161493753,612.68
678.184937999,612.68
678.208375332,612.25
678.231871226,612.25
678.255011052,612.25
678.278531906,612.25
678.301953879,613.88
678.325133417,613.88
678.349074820,613.88
678.372636475,613.88
678.396111760,613.88
678.419869257,615.15
678.443156476,615.15
678.466292206,615.15
678.489533378,615.15
678.512835030,614.83
678.536637039,614.83
678.559707616,614.83
678.583432248,614.83
678.607064656,616.88
678.631198124,616.88
678.654359359,616.88
678.677582706,616.88
678.700975942,616.88
678.724364859,616.66
678.747833201,616.66
678.771296070,616.66
678.795161984,616.66
678.818841624,616.81
678.842034794,616.81
678.865674978,616.81
678.889368506,616.81
678.912716046,614.50
678.935888929,614.50
678.959676473,614.50
678.982740971,614.50
679.005949342,614.50
679.029319634,614.36
679.052895049,614.36
679.076599169,614.36
679.100089527,614.36
679.123797999,613.88
679.147259364,613.88
679.170789499,613.88
679.194332817,613.88
679.218113386,614.60
679.241206780,614.60
679.264505263,614.60
679.287747171,614.60
679.311354554,616.09
679.334965841,616.09
679.358215236,616.09
679.382061502,616.09
679.405799478,616.09
679.429158795,611.97
679.452473695,611.97
679.476117878,611.97
679.499638669,611.97
679.522794495,614.40
679.546057618,614.40
679.569506408,614.40
679.594197066,614.40
679.619921752,611.43
679.643421102,611.43
679.667320680,611.43
679.690807230,611.43
679.714264083,611.17
679.737891627,611.17
679.761512002,611.17
679.785143833,611.17
679.808863602,611.17
679.832015172,612.09
679.855373816,612.09
679.878968335,612.09
679.902998091,612.09
679.926520865,611.13
679.950118168,611.13
679.973359755,611.13
679.997336838,611.13
680.020627322,611.24
680.043729484,611.24
680.066684924,611.24
680.089594668,611.24
680.112575613,611.24
680.135793200,602.65
680.159268678,602.65
680.182741243,602.65
680.206375507,602.65
680.230012650,573.23
680.253709538,573.23
680.277343802,573.23
680.300825423,573.23
680.324190820,542.45
680.347507672,542.45
680.370713131,542.45
680.393918558,542.45
680.417249843,514.38
680.439965696,514.38
680.462428204,514.38
680.484771254,514.38
680.507577412,514.38
680.530864568,474.55
680.555090998,474.55
680.578406218,474.55
680.602044610,474.20
680.663111617,474.20
680.687335391,474.20
680.713424208,474.20
680.737346954,472.80
680.761389094,472.80
680.784790427,472.80
680.809485502,472.80
680.833321271,471.74
680.857106064,471.74
680.880596582,471.74
680.904550529,471.74
680.928241785,471.74
680.952186004,472.82
680.975979533,472.82
680.999917256,472.82
681.024096965,472.82
681.047887262,473.42
681.072047515,473.42
681.095701043,473.42
681.119449740,473.42
681.142383516,488.30
681.165729552,488.30
681.188683905,488.30
681.212853854,488.30
681.236444437,504.40
681.259088962,504.40
681.281800880,504.40
681.305140484,504.40
681.329251041,504.40
681.352794455,513.07
681.375800872,513.07
681.399715971,513.07
681.423187353,513.07
681.446505965,550.47
681.470077508,550.47
681.493534138,550.47
681.517266258,550.47
681.540641543,581.82
681.563975099,581.82
681.587546098,581.82
681.611012744,581.82
681.634149722,582.62
681.661644347,582.62
681.684555371,582.62
681.710651420,582.62
681.734036753,582.62
681.757708329,581.94
681.781155326,581.94
681.804913143,581.94
681.828021641,581.94
681.851359710,584.07
681.874478896,584.07
681.897536513,584.07
681.921207865,584.07
681.944511821,588.28
681.967784833,588.28
681.990864531,588.28
682.013955397,588.28
682.037509564,588.28
682.060495788,567.44
682.083980994,567.44
682.107596282,567.44
682.131213393,567.44
682.154881833,537.66
682.178512897,537.66
682.202033655,537.66
682.225710063,537.66
682.248784865,516.24
682.271175851,516.24
682.293701335,516.24
682.316488966,516.24
682.339896891,503.25
682.363519507,503.25
682.386859879,503.25
682.410326013,503.25
682.434082390,503.25
682.457393418,502.38
682.480895905,502.38
682.503929778,502.38
682.527115525,502.38
682.550169271,502.19
682.573350506,502.19
682.596896960,502.19
682.620703066,502.19
682.644071151,498.74
682.667565349,498.74
682.690798264,498.74
682.713785865,498.74
682.737037341,498.74
682.760443058,493.30
682.783777479,493.30
682.809579829,493.30
682.832681063,493.30
682.856305566,487.83
682.879749492,487.83
682.903234634,487.83
682.926548670,487.83
682.950127062,477.37
682.973507115,477.37
682.996753150,477.37
683.020553720,477.37
683.043662058,497.41
683.066585754,497.41
683.089656204,497.41
683.113574694,497.41
683.137342719,497.41
683.161053560,519.42
683.185039667,519.42
683.208896653,519.42
683.232460196,519.42
683.256278686,545.82
683.279704883,545.82
683.302888518,545.82
683.326027737,545.82
683.349339405,586.12
683.372754594,586.12
683.396158008,586.12
683.419464204,586.12
683.443131524,586.57
683.466591290,586.57
683.489737165,586.57
683.513196259,586.57
683.536621560,586.57
683.560147855,587.35
683.583138912,587.35
683.606457780,587.35
683.629789481,587.35
683.653135933,593.56
683.676473746,593.56
683.699473347,593.56
683.722690838,593.56
683.746463600,600.45
683.770065031,600.45
683.793239546,600.45
683.817027923,600.45
683.840203558,600.45
683.863610715,600.92
683.887230739,600.92
683.910838891,600.92
683.934068670,600.92
683.957946552,609.91
683.981143147,609.91
684.004336319,609.91
684.028734878,609.91
684.052188084,610.14
684.075335911,610.14
684.098760252,610.14
684.122523349,610.14
684.146879477,611.09
684.170260202,611.09
684.193559070,611.09
684.217088885,611.09
684.240326248,611.09
684.264028865,611.22
684.287460086,611.22
684.310968045,611.22
684.334411203,611.22
684.357863449,610.59
684.381035531,610.59
684.404396992,610.59
684.427680117,610.59
684.451172971,615.42
684.474218461,615.42
684.497801428,615.42
684.521680622,615.42
684.545002339,615.42
684.568173334,612.24
684.591796333,612.24
684.614867263,612.24
684.639469121,612.24
684.667292229,612.90
684.690675674,612.90
684.713702348,612.90
684.737510917,612.90
684.760614839,612.86
684.783878507,612.86
684.807004030,612.86
684.830595157,612.86
684.856063168,614.96
684.879311508,614.96
684.903595795,614.96
684.927396556,614.96
684.950821410,614.96
684.974528666,613.99
684.997993456,613.99
685.021556968,613.99
685.045161823,613.99
685.068494932,612.48
685.091732327,612.48
685.115421376,612.48
685.138856213,612.48
685.161986664,612.86
685.185429630,612.86
685.208810835,612.86
685.232306889,612.86
685.255695775,615.94
685.279178549,615.94
685.302547018,615.94
685.325972448,615.94
685.349224724,615.94
685.372689226,615.67
685.395804028,615.67
685.419061808,615.67
685.442462054,615.67
685.465888443,614.74
685.489335793,614.74
685.512615621,614.74
685.536091612,614.74
685.560172696,614.98
685.583560621,614.98
685.607019140,614.98
685.630421465,614.98
685.653982896,614.98
685.677158147,614.28
685.700132052,614.28
685.723095173,614.28
685.747355875,614.28
685.770488982,616.90
685.793844779,616.90
685.816981374,616.90
685.841258172,616.90
685.864705938,594.98
685.888224041,594.98
685.911508157,594.98
685.934312812,594.98
685.957554688,594.98
685.981115127,565.38
686.004731631,565.38
686.027742368,565.38
686.051106133,565.38
686.074475403,535.89
686.097814975,535.89
686.121095572,535.89
686.144749484,535.89
686.167793437,510.48
686.190851599,510.48
686.213499037,510.48
686.236351916,510.48
686.259381534,510.48
686.282279438,478.44
686.305637059,478.44
686.329138042,478.44
686.352618032,478.44
686.375970021,448.31
686.399627582,448.31
686.423015795,448.31
686.446840781,448.31
686.470680455,419.65
686.494559106,419.65
686.518336283,419.65
686.542392440,419.65
686.566268146,396.99
686.590407567,396.99
686.613956550,396.99
686.636804182,396.99
686.660972852,396.99
686.684105702,355.59
686.708084034,355.59
686.732051389,355.59
686.755757238,355.59
686.779509679,347.63
686.803521579,347.63
686.827093411,347.63
686.850927901,347.63
686.875004057,360.92
686.898901844,360.92
686.922676430,360.92
686.946059459,360.92
686.969964606,388.97
686.995052837,388.97
687.018762142,388.97
687.042075570,388.97
687.065977261,388.97
687.089519396,417.72
687.113379423,417.72
687.136646483,417.72
687.160374540,417.72
687.183990787,447.04
687.207146582,447.04
687.230992337,447.04
687.254598088,447.04
687.278057822,475.17
687.301670742,475.17
687.325370383,475.17
687.348650819,475.17
687.372237275,499.22
687.395515695,499.22
687.418977061,499.22
687.442712607,499.22
687.466179253,499.22
687.489834989,532.41
687.513106145,532.41
687.536522839,532.41
687.559825868,532.41
687.583490148,561.93
687.606737400,561.93
687.629993228,561.93
687.653331521,561.93
687.676628086,602.24
687.700014827,602.24
687.723353152,602.24
687.746657045,602.24
687.770344205,602.24
687.793622434,610.11
687.817250618,610.11
687.840769265,610.11
687.864380488,610.11
687.887934272,610.00
687.911503319,610.00
687.935004334,610.00
687.959328813,610.00
687.982773283,613.57
688.006494812,613.57
688.030039795,613.57
688.053434793,613.57
688.077010080,615.65
688.100273108,615.65
688.123468040,615.65
688.146679899,615.65
688.169942607,615.65
688.193263588,614.05
688.216797275,614.05
688.240097648,614.05
688.263380900,614.05
688.287104253,615.27
688.310655860,615.27
688.333832552,615.27
688.357405823,615.27
688.381253178,615.67
688.404680048,615.67
688.428703532,615.67
688.452177986,615.67
688.475793882,615.67
688.499258801,616.73
688.522920073,616.73
688.545996827,616.73
688.570020856,616.73
688.593154250,617.12
688.616491808,617.12
688.639445169,617.12
688.666929489,617.12
688.689641984,614.42
688.712864051,614.42
688.736042791,614.42
688.759528093,614.42
688.782894291,587.84
688.806256520,587.84
688.829595389,587.84
688.853119732,587.84
688.876459977,587.84
688.899963936,559.67
688.923089331,559.67
688.946221925,559.67
688.969754653,559.67
688.993120946,529.49
689.016406310,529.49
689.039853501,529.49
689.063466804,529.49
689.086501350,495.27
689.109061939,495.27
689.131594496,495.27
689.154382959,495.27
689.177701508,495.27
689.201232123,463.47
689.224676305,463.47
689.247892197,463.47
689.271818496,463.47
689.294920531,459.59
689.318388489,459.59
689.341694878,459.59
689.364886417,459.59
689.388397704,461.10
689.412146434,461.10
689.435475799,461.10
689.458930029,461.10
689.482423812,461.10
689.505958587,460.85
689.529261104,460.85
689.552876968,460.85
689.577522155,460.85
689.601019009,454.79
689.624645370,454.79
689.648108240,454.79
689.686676997,454.79
689.709958234,461.17
689.734003638,461.17
689.757210026,461.17
689.780959203,461.17
689.804452634,492.65
689.827551117,492.65
689.850753856,492.65
689.873942580,492.65
689.897502251,492.65
689.920873057,515.41
689.944241974,515.41
689.967464010,515.41
689.990837664,515.41
690.014043923,544.66
690.037174182,544.66
690.060437051,544.66
690.083801488,544.66
690.106689024,571.70
690.129782387,571.70
690.153323082,571.70
690.176991907,571.70
690.200350616,571.70
690.223671789,579.74
690.246968354,579.74
690.270120725,579.74
690.293248808,579.74
690.316234265,555.51
690.339398349,555.51
690.362702753,555.51
690.385548113,555.51
690.407884476,515.96
690.430728012,515.96
690.453968544,515.96
690.477350358,515.96
690.500852813,515.96
690.524216130,498.83
690.547722713,498.83
690.571370482,498.83
690.594704775,498.83
690.617978203,496.42
690.641502835,496.42
690.667715142,496.42
690.691609633,496.42
690.714489905,497.71
690.737446595,497.71
690.760337107,497.71
690.783217603,497.71
690.806265174,493.61
690.829241639,493.61
690.852966528,493.61
690.876474295,493.61
690.900181008,493.61
690.923681863,470.49
690.946987356,470.49
690.970454035,470.49
690.993941033,470.49
691.017156605,447.14
691.040675764,447.14
691.064128331,447.14
691.087779619,447.14
691.111292442,418.34
691.134736369,418.34
691.157544928,418.34
691.180015244,418.34
691.202551097,418.34
691.225179815,398.61
691.248740638,398.61
691.272848124,398.61
691.298054276,398.61
691.321734109,415.08
691.345655417,415.08
691.369452531,415.08
691.392796168,415.08
691.415810778,445.51
691.439356210,445.51
691.462536165,445.51
691.486071613,445.51
691.509440882,445.51
691.533011690,473.31
691.556269950,473.31
691.579889623,473.31
691.603765009,473.31
691.626829636,473.44
691.649633715,473.44
691.672416835,473.44
691.695581782,473.44
691.718639657,475.56
691.741684891,475.56
691.764637932,475.56
691.788118243,475.56
691.811521625,475.56
691.834848142,469.20
691.857559709,469.20
691.880751984,469.20
691.904410121,469.20
691.927741246,474.76
691.951021235,474.76
691.974576682,474.76
691.998200483,474.76
692.021632729,501.04
692.045020047,501.04
692.068216771,501.04
692.091240629,501.04
692.114345703,501.04
692.137536123,528.95
692.160870992,528.95
692.184147141,528.95
692.207360153,528.95
692.231147091,566.91
692.254506152,566.91
692.277799709,566.91
692.301130706,566.91
692.324270246,575.32
692.347630075,575.32
692.371253012,575.32
692.394651562,575.32
692.418106560,574.73
692.441784313,574.73
692.464699946,574.73
692.487603803,574.73
692.510888912,574.73
692.534245765,575.41
692.558008959,575.41
692.581424725,575.41
692.604628649,575.41
692.627856925,572.84
692.651421653,572.84
692.675024461,572.84
692.698357955,572.84
692.721880954,572.45
692.745788981,572.45
692.769240620,572.45
692.793149607,572.45
692.816538013,572.45
692.839982515,579.43
692.862913861,579.43
692.886125017,579.43
692.910942653,579.43
692.934721111,597.67
692.958130574,597.67
692.981503107,597.67
693.005409663,597.67
693.028805077,594.08
693.052034665,594.08
693.075460095,594.08
693.098894389,594.08
693.122425485,595.61
693.146390953,595.61
693.169250969,595.61
693.192526254,595.61
693.215858147,595.61
693.239187352,597.98
693.262702671,597.98
693.286864014,597.98
693.310189795,597.98
693.333806427,601.78
693.357326163,601.78
693.380504294,601.78
693.403959197,601.78
693.427290834,604.62
693.450060770,604.62
693.472917106,604.62
693.495847267,604.62
693.518893110,604.62
693.541999113,601.42
693.565036251,601.42
693.588244815,601.42
693.611532420,601.42
693.634818137,582.47
693.661269295,582.47
693.684243777,582.47
693.707121329,582.47
693.730253796,554.65
693.753311863,554.65
693.776365001,554.65
693.799428348,554.65
693.822885779,554.65
693.846063782,529.23
693.869362171,529.23
693.892701809,529.23
693.915986566,529.23
693.939241402,499.96
693.962559504,499.96
693.985790372,499.96
694.008901015,499.96
694.032373486,479.15
694.055710403,479.15
694.078950296,479.15
694.102269293,479.15
694.125714659,479.15
694.149086041,453.16
694.172653201,453.16
694.196400107,453.16
694.220700010,453.16
694.244283394,421.71
694.268025020,421.71
694.294378737,421.71
694.318174219,421.71
694.342183880,387.37
694.366147300,387.37
694.390229346,387.37
694.415467307,387.37
694.439230245,366.42
694.462851453,366.42
694.487075964,366.42
694.510029742,366.42
694.532939679,335.41
694.555967729,335.41
694.579038756,335.41
694.602987616,335.41
694.626789434,335.41
694.650457523,341.56
694.674225517,341.56
694.697817925,341.56
694.721502142,341.56
694.745722845,369.81
694.769256597,369.81
694.792849837,369.81
694.817787955,369.81
694.841066344,398.00
694.864644896,398.00
694.887927637,398.00
694.911807856,398.00
694.935497002,424.25
694.959277796,424.25
694.983182143,424.25
695.007063738,424.25
695.030868469,424.25
695.054472301,453.71
695.078288456,453.71
695.102029858,453.71
695.127004232,453.71
695.150750338,479.34
695.174366842,479.34
695.198355415,479.34
695.221967727,479.34
695.245305445,507.99
695.268806428,507.99
695.292386804,507.99
695.315710474,507.99
695.341089269,540.23
695.365098385,540.23
695.388700746,540.23
695.411931358,540.23
695.435409909,540.23
695.459195855,562.36
695.482773192,562.36
695.505809658,562.36
695.529941720,562.36
695.553367214,591.96
695.576715908,591.96
695.599809047,591.96
695.623887669,591.96
695.647225482,612.73
695.670675937,612.73
695.693649267,612.73
695.716456227,612.73
695.739223794,612.73
695.762491911,591.72
695.785698651,591.72
695.809054417,591.72
695.832536808,591.72
695.855982111,592.19
695.879405877,592.19
695.902714475,592.19
695.926862793,592.19
695.950163870,593.26
695.973155760,593.26
695.996369188,593.26
696.019770811,593.26
696.043172561,593.26
696.066742825,592.32
696.090308225,592.32
696.113448596,592.32
696.136798954,592.32
696.160364418,586.92
696.183894266,586.92
696.207124270,586.92
696.230609893,586.92
696.254136189,582.16
696.278086873,582.16
696.301227500,582.16
696.324321600,582.16
696.347428851,584.02
696.371167949,584.02
696.394808134,584.02
696.418093723,584.02
696.441216014,584.02
696.464289729,584.96
696.487432629,584.96
696.510798667,584.96
696.534434339,584.96
696.558292351,580.89
696.581746197,580.89
696.605047723,580.89
696.628489185,580.89
696.651869496,579.54
696.675703698,579.54
696.699022728,579.54
696.722231484,579.54
696.745648115,579.54
696.769293708,592.52
696.792249373,592.52
696.815257999,592.52
696.839610448,592.52
696.863138632,598.49
696.886890434,598.49
696.910235319,598.49
696.934779962,598.49
696.957851789,598.70
696.981429413,598.70
697.004787739,598.70
697.028300626,598.70
697.051575367,600.66
697.074900733,600.66
697.097983600,600.66
697.121945164,600.66
697.145592197,600.66
697.168761593,603.87
697.192259984,603.87
697.215498853,603.87
697.239172638,603.87
697.262436019,606.17
697.285935210,606.17
697.309138719,606.17
697.332920857,606.17
697.356232399,606.63
697.379432227,606.63
697.402966299,606.63
697.426654324,606.63
697.450263053,606.63
697.475357589,605.10
697.498876108,605.10
697.522416420,605.10
697.545771962,605.10
697.569289234,609.77
697.592951467,609.77
697.616458339,609.77
697.640076059,609.77
697.666690740,613.34
697.690220619,613.34
697.713799236,613.34
697.736689749,613.34
697.760039019,617.72
697.783533378,617.72
697.806668694,617.72
697.829719688,617.72
697.853359681,617.72
697.876493013,616.78
697.900102925,616.78
697.923334402,616.78
697.948162664,616.78
697.971609022,618.54
697.994510384,618.54
698.017823205,618.54
698.042428744,618.54
698.065533243,618.01
698.088927890,618.01
698.112472426,618.01
698.135538333,618.01
698.159012180,618.01
698.182217096,620.03
698.205472797,620.03
698.229070326,620.03
698.252541741,620.03
698.275769153,624.15
698.299120439,624.15
698.322406765,624.15
698.346188295,624.15
698.369617438,623.98
698.392811058,623.98
698.415892645,623.98
698.439434557,623.98
698.462833780,623.12
698.486771376,623.12
698.509803970,623.12
698.533082264,623.12
698.556317452,623.12
698.579369439,623.17
698.602618836,623.17
698.626143372,623.17
698.649490466,623.17
698.673081050,615.56
698.696581010,615.56
698.719900007,615.56
698.743142460,615.56
698.766723349,586.74
698.789873161,586.74
698.812958908,586.74
698.835880941,586.74
698.858431739,586.74
698.881466093,557.03
698.904419903,557.03
698.927160495,557.03
698.950266882,557.03
698.973544855,525.55
698.996553514,525.55
699.019800671,525.55
699.042730128,525.55
699.066054598,525.55
699.089257434,500.06
699.112523087,500.06
699.135487457,500.06
699.158741302,500.06
699.181903242,482.50
699.205083422,482.50
699.228364307,482.50
699.252622803,482.50
699.275685254,457.31
699.298522039,457.31
699.321432424,457.31
699.344638012,457.31
699.367937330,457.31
699.391352265,439.86
699.414737183,439.86
699.438018484,439.86
699.461535436,439.86
699.485048644,416.17
699.508419386,416.17
699.532707130,416.17
699.555884622,416.17
699.579331013,391.58
699.602448025,391.58
699.624680227,391.58
699.647100847,391.58
699.669799359,391.58
699.693057268,361.39
699.716966096,361.39
699.740840811,361.39
699.764492292,361.39
699.788036028,387.79
699.811880280,387.79
699.834892842,387.79
699.858494275,387.79
699.882265981,414.77
699.905535314,414.77
699.929001674,414.77
699.952384640,414.77
699.975551220,442.18
699.999192109,442.18
700.022744069,442.18
700.046265245,442.18
700.070200345,442.18
700.093206892,469.38
700.116724548,469.38
700.140589119,469.38
700.165398533,469.38
700.189014525,487.55
700.212791096,487.55
700.236273455,487.55
700.259856136,487.55
700.283816452,507.22
700.307230203,507.22
700.330764179,507.22
700.354116617,507.22
700.377475648,527.89
700.400846166,527.89
700.424455695,527.89
700.447531714,527.89
700.470979225,527.89
700.493924171,545.00
700.517158816,545.00
700.540369557,545.00
700.563761995,545.00
700.587360548,563.16
700.610994589,563.16
700.634081552,563.16
700.660002498,563.16
700.683083349,605.04
700.706258249,605.04
700.729542078,605.04
700.752788819,605.04
700.776013928,605.04
700.798961562,608.63
700.822271056,608.63
700.845380035,608.63
700.868592888,608.63
700.891969998,579.91
700.915344421,579.91
700.938826876,579.91
700.962166738,579.91
700.985426184,551.73
701.008405242,551.73
701.031617870,551.73
701.054696034,551.73
701.078187289,551.73
701.101185324,528.71
701.124658915,528.71
701.148116922,528.71
701.172538044,528.71
701.195998931,507.55
701.219078150,507.55
701.242135833,507.55
701.265285517,507.55
701.288855558,488.50
701.311617942,488.50
701.333963457,488.50
701.356502447,488.50
701.379560002,488.50
701.403392989,452.54
701.426792884,452.54
701.450112202,452.54
701.474634605,452.54
701.498252102,448.60
701.521394138,448.60
701.544896625,448.60
701.569199026,448.60
701.592892011,446.92
701.657882713,446.92
701.681451377,446.92
701.704726791,446.92
701.728382816,446.23
701.751853559,446.23
701.775242318,446.23
701.798863495,446.23
701.822135324,459.85
701.845740789,459.85
701.869273965,459.85
701.892958887,459.85
701.916312317,487.01
701.939702260,487.01
701.963116203,487.01
701.986468129,487.01
702.010266076,487.01
702.034025591,521.04
702.057294444,521.04
702.080614370,521.04
702.104295643,521.04
702.127732755,541.07
702.151652591,541.07
702.175546731,541.07
702.199119747,541.07
702.222652795,560.38
702.246343989,560.38
702.269759116,560.38
702.293324581,560.38
702.316874013,577.54
702.340327252,577.54
702.363622474,577.54
702.387168034,577.54
702.410724603,577.54
702.434185938,587.33
702.457842764,587.33
702.482026155,587.33
702.505307040,587.33
702.528979546,569.91
702.552479186,569.91
702.576273069,569.91
702.599313568,569.91
702.622580021,550.72
702.645694025,550.72
702.668673979,550.72
702.692027122,550.72
702.715327431,531.87
702.738703326,531.87
702.762234870,531.87
702.785509932,531.87
702.809236678,531.87
702.832785182,515.54
702.856162421,515.54
702.879885679,515.54
702.903535688,515.54
702.926662012,490.37
702.949289675,490.37
702.971738360,490.37
702.994470728,490.37
703.017545179,450.35
703.041076211,450.35
703.064712588,450.35
703.087884065,450.35
703.111318168,450.35
703.135176212,449.84
703.158763628,449.84
703.182684937,449.84
703.206623301,449.84
703.230049596,446.71
703.253831607,446.71
703.277523953,446.71
703.301223147,446.71
703.324771747,453.19
703.348159226,453.19
703.371687730,453.19
703.395301547,453.19
703.418563489,453.19
703.441678325,474.80
703.464883754,474.80
703.488422882,474.80
703.512111100,474.80
703.535705269,492.70
703.558727176,492.70
703.581695482,492.70
703.605291987,492.70
703.628712618,510.42
703.652469029,510.42
703.685766788,510.42
703.709544255,510.42
703.732865301,510.42
703.756494510,535.53
703.780046279,535.53
703.804930061,535.53
703.828101666,535.53
703.851006227,555.29
703.874398250,555.29
703.898026435,555.29
703.921450683,555.29
703.944896658,574.51
703.968515563,574.51
703.991714304,574.51
704.015008374,574.51
704.038641967,616.00
704.062000997,616.00
704.085100441,616.00
704.108650737,616.00
704.132321931,616.00
704.155793123,617.88
704.179507965,617.88
704.203110422,617.88
704.226723887,617.88
704.249996101,618.80
704.273311931,618.80
704.296588272,618.80
704.319844774,618.80
704.342820120,617.84
704.365846059,617.84
704.388855198,617.84
704.412086643,617.84
704.435101894,617.84
704.458290235,607.38
704.481294510,607.38
704.504588420,607.38
704.528181629,607.38
704.551621364,588.53
704.574926858,588.53
704.598937031,588.53
704.621807801,588.53
704.644617417,570.97
704.668008576,570.97
704.691238549,570.97
704.714381770,570.97
704.737655007,570.97
704.760882964,551.92
704.784090409,551.92
704.808716461,551.92
704.831767585,551.92
704.854982933,534.84
704.878789329,534.84
704.902033798,534.84
704.925402013,534.84
704.948730803,511.50
704.971880519,511.50
704.996010982,511.50
705.019299964,511.50
705.042417712,489.42
705.065828391,489.42
705.089268414,489.42
705.112785590,489.42
705.136355983,489.42
705.159577892,473.66
705.182827834,473.66
705.206880951,473.66
705.230635794,473.66
705.253804743,450.26
705.277367743,450.26
705.301083162,450.26
705.324677139,450.26
705.348032745,431.52
705.371181406,431.52
705.394765079,431.52
705.418379184,431.52
705.441705894,423.39
705.465188478,423.39
705.488653078,423.39
705.512348464,423.39
705.535940777,423.39
705.559566274,422.74
705.583205148,422.74
705.606725268,422.74
705.630395982,422.74
705.654002951,422.12
705.677760898,422.12
705.701160185,422.12
705.724988917,422.12
705.748766896,422.89
705.772274248,422.89
705.795759040,422.89
705.819268696,422.89
705.842864657,423.05
705.866389962,423.05
705.889863649,423.05
705.912748467,423.05
705.935500803,423.05
705.958301748,398.16
705.982354450,398.16
706.006031468,398.16
706.029832999,398.16
706.053493569,409.43
706.077270396,409.43
706.100699347,409.43
706.124251276,409.43
706.147360256,428.09
706.170977497,428.09
706.194665427,428.09
706.218425006,428.09
706.241812869,446.60
706.265155611,446.60
706.288607795,446.60
706.312005610,446.60
706.335537347,446.60
706.358448821,466.36
706.381556361,466.36
706.405770536,466.36
706.429191328,466.36
706.452088657,485.95
706.475884621,485.95
706.499195715,485.95
706.522288247,485.95
706.545543532,503.83
706.568740961,503.83
706.592126232,503.83
706.615563344,503.83
706.639027368,503.83
706.662434975,522.95
706.685663604,522.95
706.709050219,522.95
706.732782982,522.95
706.756164477,541.25
706.779361617,541.25
706.802775497,541.25
706.826575524,541.25
706.850199262,564.13
706.873771862,564.13
706.897454033,564.13
706.920863176,564.13
706.947149085,609.12
706.970685398,609.12
706.994697908,609.12
707.017915913,609.12
707.041243359,609.12
707.064677687,617.27
707.088302864,617.27
707.112007050,617.27
707.136009384,617.27
707.159050971,619.24
707.182093454,619.24
707.204793086,619.24
707.227784273,619.24
707.251232361,621.73
707.274654464,621.73
707.298069975,621.73
707.321415438,621.73
707.344670628,621.73
707.367518037,610.83
707.390308742,610.83
707.414033504,610.83
707.437136852,610.83
707.460345546,597.42
707.483284540,597.42
707.506160558,597.42
707.529210721,597.42
707.553265215,593.20
707.576718807,593.20
707.599844107,593.20
707.623132833,593.20
707.646654202,593.20
707.669869903,584.98
707.693075332,584.98
707.716198040,584.98
707.739414222,584.98
707.762654307,587.57
707.786214140,587.57
707.809770901,587.57
707.833167276,587.57
707.856371873,581.60
707.879894394,581.60
707.903406098,581.60
707.926402501,581.60
707.955774203,575.45
707.978809422,575.45
708.002121285,575.45
708.025290425,575.45
708.048087018,575.45
708.070615896,564.27
708.092829731,564.27
708.115057806,564.27
708.137628572,564.27
708.161572921,514.34
708.185293268,514.34
708.208612042,514.34
708.232058146,514.34
708.255735612,514.34
708.279197108,514.13
708.302286888,514.13
708.326434727,514.13
708.349882335,514.13
708.373148020,527.45
708.396883279,527.45
708.421077711,527.45
708.444543239,527.45
708.467978719,539.56
708.491280053,539.56
708.514272776,539.56
708.537988002,539.56
708.561221656,539.55
708.584468461,539.55
708.607843365,539.55
708.631201371,539.55
708.654390224,539.55
708.677502853,551.33
708.700494328,551.33
708.723647116,551.33
708.746768864,551.33
708.769738035,547.91
708.792946280,547.91
708.816335488,547.91
708.839667190,547.91
708.862895180,532.09
708.886117633,532.09
708.909298646,532.09
708.932275913,532.09
708.955257212,532.09
708.978122765,518.52
709.003979711,518.52
709.027276181,518.52
709.050383753,518.52
709.073077433,513.41
709.096027083,513.41
709.119173152,513.41
709.142198803,513.41
709.165526506,539.79
709.188556349,539.79
709.211623825,539.79
709.234862790,539.79
709.257836921,539.79
709.281102671,521.88
709.304883754,521.88
709.328122112,521.88
709.351479511,521.88
709.374579723,503.90
709.397562398,503.90
709.420485264,503.90
709.443687205,503.90
709.466988764,483.39
709.490369139,483.39
709.513414119,483.39
709.536585307,483.39
709.559885778,483.39
709.583210472,467.47
709.606535231,467.47
709.630392027,467.47
709.653526479,467.47
709.676795493,446.70
709.699733240,446.70
709.723208976,446.70
709.746528071,446.70
709.769644859,426.61
709.792658542,426.61
709.815890500,426.61
709.839181050,426.61
709.862327983,426.61
709.885744934,427.13
709.908934043,427.13
709.932373459,427.13
709.955941420,427.13
709.978919423,429.21
710.002635130,429.21
710.026288596,429.21
710.054596927,429.21
710.078241369,429.11
710.101570415,429.11
710.124981159,429.11
710.148499680,429.11
710.171888247,429.62
710.195409711,429.62
710.218919368,429.62
710.241978684,429.62
710.265664598,429.62
710.288914732,428.83
710.312514181,428.83
710.335899133,428.83
710.359492022,428.83
710.382528362,429.48
710.405809504,429.48
710.428892500,429.48
710.452212362,429.48
710.475583234,430.38
710.498834039,430.38
710.521553320,430.38
710.544628572,430.38
710.567965458,430.38
710.591149127,430.31
710.614935203,430.31
710.638419771,430.31
710.662121398,430.31
710.685363596,426.40
710.708682594,426.40
710.732523134,426.40
710.755808309,426.40
710.779352590,435.05
710.802620004,435.05
710.825744504,435.05
710.849206864,435.05
710.872703081,435.05
710.896151968,443.67
710.919574936,443.67
710.942871342,443.67
710.967544595,443.67
710.991093324,460.53
711.014515204,460.53
711.037785050,460.53
711.061708471,460.53
711.084817163,480.81
711.108299012,480.81
711.131511417,480.81
711.154995825,480.81
711.178554251,499.90
711.202453447,499.90
711.225524603,499.90
711.248636560,499.90
711.271781124,499.90
711.294865272,521.22
711.318168399,521.22
711.341206339,521.22
711.364480505,521.22
711.387554893,531.53
711.410515360,531.53
711.433503347,531.53
711.456644200,531.53
711.479682235,531.53
711.502524141,533.39
711.525710338,533.39
711.548660149,533.39
711.572072076,533.39
711.595051039,533.71
711.618467799,533.71
711.641510123,533.71
711.665366311,533.71
711.688617693,536.15
711.712003444,536.15
711.735171402,536.15
711.758274398,536.15
711.781380114,536.15
711.804596872,533.29
711.827780541,533.29
711.851134036,533.29
711.874619885,533.29
711.898074533,526.47
711.921357851,526.47
711.944479727,526.47
711.968880817,526.47
711.992278441,507.84
712.015575327,507.84
712.039056952,507.84
712.062161964,507.84
712.084923933,507.84
712.107308714,478.59
712.129696086,478.59
712.165593714,478.59
712.188946921,478.59
712.212431457,442.60
712.235645559,442.60
712.258944525,442.60
712.282675176,442.60
712.306106176,440.11
712.329678970,440.11
712.352929104,440.11
712.376240006,440.11
712.400018370,450.92
712.422937108,450.92
712.446027433,450.92
712.469277023,450.92
712.492875160,450.92
712.516159375,468.90
712.539753512,468.90
712.562783484,468.90
712.586684953,468.90
712.609749645,487.51
712.633253606,487.51
712.656636157,487.51
712.679612816,487.51
712.703331915,504.19
712.726687714,504.19
712.750089594,504.19
712.773316592,504.19
712.796812072,504.19
712.820052478,523.33
712.843246195,523.33
712.866770732,523.33
712.890762730,523.33
712.914499813,541.99
712.938158816,541.99
712.961115603,541.99
712.984551914,541.99
713.008056227,560.73
713.031470459,560.73
713.055048116,560.73
713.078813104,560.73
713.101955333,560.73
713.125276187,589.50
713.148243662,589.50
713.172165291,589.50
713.195440258,589.50
713.218685976,621.76
713.241496105,621.76
713.264447036,621.76
713.287734290,621.76
713.311093386,601.00
713.334337760,601.00
713.357502005,601.00
713.381227472,601.00
713.404418405,601.00
713.427799389,580.54
713.450668303,580.54
713.474544139,580.54
713.497664576,580.54
713.520571955,559.52
713.543789704,559.52
713.566941885,559.52
713.589933457,559.52
713.613167975,541.53
713.636096089,541.53
713.661420837,541.53
713.684414457,541.53
713.707553230,519.28
713.730280990,519.28
713.753151120,519.28
713.776728106,519.28
713.800227874,519.28
713.823419480,498.26
713.846571405,498.26
713.869601248,498.26
713.892823670,498.26
713.915726697,476.64
713.938705244,476.64
713.961711759,476.64
713.984881765,476.64
714.007957273,476.64
714.031009453,456.20
714.054158882,456.20
714.077195990,456.20
714.100665070,456.20
714.123849603,439.38
714.147061049,439.38
714.169998060,439.38
714.193895849,439.38
714.217033438,415.46
714.240588023,415.46
714.264137136,415.46
714.287324870,415.46
714.310736541,415.46
714.333803890,419.00
714.357501004,419.00
714.382051088,419.00
714.405190885,419.00
714.427593075,407.04
714.450042112,407.04
714.473271830,407.04
714.497092498,407.04
714.520534410,406.39
714.543854305,406.39
714.567103127,406.39
714.590840211,406.39
714.614290379,426.42
714.637788100,426.42
714.671845900,426.42
714.695213540,426.42
714.718885726,445.19
714.742521561,445.19
714.767036412,445.19
714.790319731,445.19
714.813495496,445.19
714.837108482,465.41
714.860273911,465.41
714.883568110,465.41
714.906944261,465.41
714.930483455,480.94
714.953783509,480.94
714.977054572,480.94
715.000297794,480.94
715.023292437,504.92
715.047094641,504.92
715.070182438,504.92
715.093553053,504.92
715.116716786,504.92
715.140208107,523.60
715.163342368,523.60
715.187216060,523.60
715.210283825,523.60
715.233111234,534.60
715.256201527,534.60
715.279158378,534.60
715.302732228,534.60
715.325837912,534.35
715.350737472,534.35
715.373662227,534.35
715.396936745,534.35
715.420062878,534.35
715.443477526,548.32
715.466674700,548.32
715.490313990,548.32
715.513235129,548.32
715.536078283,552.78
715.559234688,552.78
715.582271060,552.78
715.605582827,552.78
715.628353724,531.18
715.651498513,531.18
715.674564549,531.18
715.697860220,531.18
715.721084210,531.18
715.744433129,510.48
715.767915010,510.48
715.790920918,510.48
715.813973386,510.48
715.836809083,489.74
715.860263540,489.74
715.883884590,489.74
715.907452232,489.74
715.930479195,474.96
715.954111190,474.96
715.977344940,474.96
716.000598562,474.96
716.023865400,474.96
716.046978157,463.51
716.070123554,463.51
716.093361368,463.51
716.115954504,463.51
716.138249012,428.09
716.160610561,428.09
716.183315665,428.09
716.207633363,428.09
716.231594320,411.75
716.255690416,411.75
716.279639757,411.75
716.303899598,411.75
716.327792747,431.94
716.363291523,431.94
716.387101216,431.94
716.411037341,431.94
716.434856537,451.95
716.458484180,451.95
716.482550771,451.95
716.506244750,451.95
716.530259692,451.95
716.554114473,466.77
716.577920005,466.77
716.601591808,466.77
716.625067256,466.77
716.648831636,491.45
716.672428174,491.45
716.696221098,491.45
716.719729923,491.45
716.743437342,512.37
716.766640276,512.37
716.789811946,512.37
716.813523685,512.37
716.836988733,533.09
716.860491606,533.09
716.884242834,533.09
716.907441000,533.09
716.930752287,533.09
716.954504538,553.58
716.977620527,553.58
717.000326912,553.58
717.023212978,553.58
717.046269894,564.11
717.069467388,564.11
717.092728370,564.11
717.115976937,564.11
717.139193759,594.18
717.162498966,594.18
717.185498313,594.18
717.208788352,594.18
717.231996086,594.18
717.255203020,592.71
717.278301024,592.71
717.301443350,592.71
717.325191345,592.71
717.348450696,573.38
717.371730366,573.38
717.394966453,573.38
717.418570863,573.38
717.441996391,552.92
717.465926501,552.92
717.489132827,552.92
717.512416625,552.92
717.535680392,552.92
717.558705916,532.66
717.582037011,532.66
717.605031655,532.66
717.628339326,532.66
717.651337649,509.12
717.674639816,509.12
717.698081761,509.12
717.721750971,509.12
717.744751791,487.69
717.767696482,487.69
717.791358301,487.69
717.814656180,487.69
717.837776521,487.69
717.860895806,466.05
717.884088436,466.05
717.907416459,466.05
717.930724610,466.05
717.953721270,448.14
717.977176686,448.14
718.000413732,448.14
718.023841405,448.14
718.047034418,424.29
718.070331273,424.29
718.093622688,424.29
718.116890967,424.29
718.140316367,424.29
718.163679238,414.35
718.186874524,414.35
718.209621069,414.35
718.233148423,414.35
718.256172059,415.99
718.279432433,415.99
718.302730216,415.99
718.326393955,415.99
718.349634361,424.29
718.372972113,424.29
718.396356904,424.29
718.419689696,424.29
718.442900790,424.29
718.465217026,420.69
718.487497487,420.69
718.509787003,420.69
718.533663544,420.69
718.557085744,404.99
718.580522505,404.99
718.603768607,404.99
718.628054336,404.99
718.651875837,427.82
718.675401974,427.82
718.698698477,427.82
718.721941060,427.82
718.745216634,427.82
718.768624978,447.10
718.791690535,447.10
718.815586404,447.10
718.838916987,447.10
718.862345940,467.06
718.885585994,467.06
718.909724458,467.06
718.933246723,467.06
718.956664764,486.63
718.980124436,486.63
719.003558093,486.63
719.027350921,486.63
719.051286279,509.17
719.074580349,509.17
719.097980694,509.17
719.121256012,509.17
719.144591492,509.17
719.168287455,530.09
719.191939994,530.09
719.215987608,530.09
719.239763668,530.09
719.263313390,548.08
719.286368643,548.08
719.309697306,548.08
719.333366325,548.08
719.356396745,560.55
719.379608511,560.55
719.402702228,560.55
719.426033547,560.55
719.449377667,560.55
719.472614937,581.48
719.498787247,581.48
719.521745282,581.48
719.544948856,581.48
719.567963596,598.65
719.591134946,598.65
719.614947198,598.65
719.638356439,598.65
719.662729561,578.50
719.685702413,578.50
719.708973091,578.50
719.731981431,578.50
719.755268046,558.28
719.778604262,558.28
719.802074303,558.28
719.825392278,558.28
719.848670157,558.28
719.871921443,537.88
719.895493725,537.88
719.918997238,537.88
719.942492880,537.88
719.965746118,519.67
719.988941372,519.67
720.012332372,519.67
720.035522186,519.67
720.058718688,504.71
720.081817973,504.71
720.105044779,504.71
720.128226657,504.71
720.151128180,504.71
720.174559276,492.80
720.197838627,492.80
720.220933976,492.80
720.244114798,492.80
720.267301443,481.24
720.290557402,481.24
720.313771248,481.24
720.337040423,481.24
720.360369951,469.66
720.383623797,469.66
720.406800139,469.66
720.429671422,469.66
720.452854804,469.66
720.475900712,459.54
720.499491234,459.54
720.522779001,459.54
720.549808472,459.54
720.572751787,466.97
720.595952129,466.97
720.619211288,466.97
720.643025877,466.97
720.668871783,474.68
720.692012476,474.68
720.715046993,474.68
720.738244807,474.68
720.761598814,483.55
720.784780532,483.55
720.807986090,483.55
720.831233249,483.55
720.854528344,483.55
720.877579436,492.36
720.900786467,492.36
720.923943992,492.36
720.947052781,492.36
720.970351460,503.30
720.993824413,503.30
721.016954163,503.30
721.039663491,503.30
721.062829689,503.30
721.086188913,506.16
721.109142404,506.16
721.132142072,506.16
721.155722994,506.16
721.178710566,505.97
721.201841692,505.97
721.224923664,505.97
721.248302824,505.97
721.271258588,506.17
721.294665140,506.17
721.317833674,506.17
721.340795262,506.17
721.363993076,506.17
721.387113449,505.38
721.410300383,505.38
721.433577910,505.38
721.456703563,505.38
721.479762176,504.86
721.503107384,504.86
721.526372367,504.86
721.549854632,504.86
721.573402402,505.31
721.597961990,505.31
721.620982650,505.31
721.644867352,505.31
721.668880823,505.10
721.691943915,505.10
721.714935167,505.10
721.738205430,505.10
721.760723109,505.10
721.783107507,484.96
721.805751363,484.96
721.829111611,484.96
721.853000664,484.96
721.876160878,469.27
721.899693063,469.27
721.923078016,469.27
721.946800987,469.27
721.970442070,481.53
721.994171922,481.53
722.017254951,481.53
722.040834401,481.53
722.064281466,481.53
722.087369967,495.23
722.110514660,495.23
722.134796934,495.23
722.158208478,495.23
722.181781368,506.44
722.205530900,506.44
722.228764459,506.44
722.252150403,506.44
722.275658588,518.00
722.298728785,518.00
722.322145066,518.00
722.345762052,518.00
722.369208157,518.00
722.392279442,529.52
722.415524137,529.52
722.439131299,529.52
722.462787358,529.52
722.486299128,541.11
722.509897074,541.11
722.533335147,541.11
722.556879525,541.11
722.580372190,554.50
722.603933112,554.50
722.627033485,554.50
722.655278457,554.50
722.678674418,554.50
722.702068426,565.63
722.725327137,565.63
722.748553495,565.63
722.772072913,565.63
722.795164134,594.41
722.818662207,594.41
722.841668627,594.41
722.865047179,594.41
722.888364867,604.72
722.911723931,604.72
722.934732527,604.72
722.958063111,604.72
722.981390782,584.69
723.004825015,584.69
723.028244399,584.69
723.051455206,584.69
723.074811038,584.69
723.097924851,563.30
723.121494765,563.30
723.144982246,563.30
723.168215293,563.30
723.191372851,540.83
723.214652394,540.83
723.238228228,540.83
723.261075638,540.83
723.284211436,521.56
723.307376066,521.56
723.330503031,521.56
723.353448971,521.56
723.376430303,521.56
723.399392499,501.76
723.422229733,501.76
723.446120547,501.76
723.469337433,501.76
723.492505263,481.29
723.515395906,481.29
723.538430775,481.29
723.561571469,481.29
723.584891812,453.96
723.608143291,453.96
723.631337937,453.96
723.654242052,453.96
723.677510875,453.96
723.703023562,432.20
723.726539396,432.20
723.749771738,432.20
723.773207923,432.20
723.796236296,414.02
723.819649280,414.02
723.842576212,414.02
723.865821962,414.02
723.888741566,408.84
723.911918868,408.84
723.934812711,408.84
723.957707930,408.84
723.980933169,408.84
724.003874724,407.87
724.027054842,407.87
724.050931480,407.87
724.074224271,407.87
724.097335716,411.89
724.120336344,411.89
724.143435054,411.89
724.166460546,411.89
724.189704313,423.10
724.212704461,423.10
724.235957860,423.10
724.259117722,423.10
724.282498834,423.10
724.305325604,432.35
724.328641820,432.35
724.352791549,432.35
724.376051508,432.35
724.399310122,441.87
724.422474208,441.87
724.445626262,441.87
724.468787820,441.87
724.491682239,449.54
724.514976695,449.54
724.538178797,449.54
724.561555077,449.54
724.584720315,449.54
724.607744016,462.56
724.630590531,462.56
724.654392447,462.56
724.677624054,462.56
724.700879437,472.72
724.724328710,472.72
724.753463291,472.72
724.776687122,472.72
724.799917033,481.99
724.823209824,481.99
724.846324501,481.99
724.869655309,481.99
724.893102310,481.99
724.916328253,491.65
724.939375986,491.65
724.963188814,491.65
724.986307780,491.65
725.009490490,499.90
725.032534255,499.90
725.055755078,499.90
725.079077437,499.90
725.101748238,504.73
725.124930436,504.73
725.147632981,504.73
725.170583785,504.73
725.193873856,504.73
725.217182968,504.76
725.240487087,504.76
725.263678918,504.76
725.287065630,504.76
725.310004722,504.65
725.333053926,504.65
725.356256477,504.65
725.380365565,504.65
725.403486035,504.17
725.426693641,504.17
725.449765054,504.17
725.472812819,504.17
725.495928361,504.17
725.518843132,503.60
725.541702063,503.60
725.564782628,503.60
725.588447743,503.60
725.611398931,503.55
725.634510729,503.55
725.657515069,503.55
725.680624914,503.55
725.703977483,502.78
725.727459492,502.78
725.750432792,502.78
725.773734320,502.78
725.799478689,502.78
725.822724152,502.52
725.846126897,502.52
725.869630346,502.52
725.892678687,502.52
725.915655763,494.17
725.937957888,494.17
725.960289261,494.17
725.982872445,494.17
726.006989757,463.21
726.030479639,463.21
726.053628525,463.21
726.077153415,463.21
726.100623680,463.21
726.124316572,473.44
726.147658004,473.44
726.171120397,473.44
726.194519781,473.44
726.217605435,483.56
726.241219445,483.56
726.264503501,483.56
726.288331722,483.56
726.311890404,494.80
726.335230876,494.80
726.358823479,494.80
726.382429074,494.80
726.405929932,506.14
726.429703976,506.14
726.452867902,506.14
726.476205494,506.14
726.499733008,506.14
726.523038568,518.98
726.546265471,518.98
726.570350559,518.98
726.593982170,518.98
726.617465939,531.58
726.641125039,531.58
726.664780714,531.58
726.688470662,531.58
726.711888959,543.67
726.735187734,543.67
726.758590895,543.67
726.782407628,543.67
726.805736644,543.67
726.829039067,556.13
726.852415988,556.13
726.875679371,556.13
726.899473352,556.13
726.922475260,578.39
726.945671475,578.39
726.968646727,578.39
726.991579227,578.39
727.014586287,618.92
727.037517475,618.92
727.060520535,618.92
727.083861711,618.92
727.107163527,618.92
727.130264188,601.20
727.153546484,601.20
727.177209711,601.20
727.200489702,601.20
727.223760190,580.67
727.246878707,580.67
727.270167627,580.67
727.293309345,580.67
727.316622200,564.16
727.339701166,564.16
727.362677250,564.16
727.385397172,564.16
727.408616106,564.16
727.431873601,541.37
727.455116089,541.37
727.478152813,541.37
727.501369444,541.37
727.524627451,518.92
727.547896883,518.92
727.570963048,518.92
727.593744474,518.92
727.617253204,497.08
727.640675213,497.08
727.663736098,497.08
727.687023353,497.08
727.710056942,497.08
727.733283077,471.87
727.756686910,471.87
727.779934741,471.87
727.803268781,471.87
727.826385827,453.95
727.849537657,453.95
727.872663567,453.95
727.898335295,453.95
727.921763864,435.13
727.945019728,435.13
727.968110437,435.13
727.991369212,435.13
728.014443826,435.13
728.037745449,423.54
728.060943744,423.54
728.084152407,423.54
728.107436654,423.54
728.130488803,428.16
728.153612921,428.16
728.176707406,428.16
728.200529740,428.16
728.223861923,436.36
728.246930009,436.36
728.269731499,436.36
728.292752992,436.36
728.315695156,436.36
728.339108653,443.42
728.362757256,443.42
728.386194721,443.42
728.409564122,443.42
728.432953842,452.14
728.456341643,452.14
728.479817317,452.14
728.503422080,452.14
728.526642935,460.02
728.550154545,460.02
728.573671979,460.02
728.597200869,460.02
728.620729119,460.02
728.644102711,469.28
728.668957376,469.28
728.692815133,469.28
728.716099381,469.28
728.739334860,475.74
728.762692260,475.74
728.786397344,475.74
728.809901338,475.74
728.832949583,485.31
728.856075269,485.31
728.878576564,485.31
728.901762635,485.31
728.925056931,479.13
728.948360730,479.13
728.971523121,479.13
728.995261613,479.13
729.018512164,479.13
729.041737147,476.57
729.064612398,476.57
729.087393185,476.57
729.110609559,476.57
729.133797486,473.24
729.157131334,473.24
729.180521759,473.24
729.203916375,473.24
729.227263344,473.24
729.250332325,469.76
729.273322009,469.76
729.297244056,469.76
729.320347278,469.76
729.343647525,466.58
729.366894397,466.58
729.390074643,466.58
729.413199369,466.58
729.436265086,462.10
729.459366708,462.10
729.482408393,462.10
729.505744833,462.10
729.528987480,462.10
729.552122671,459.36
729.575281189,459.36
729.598971969,459.36
729.622247896,459.36
729.645308558,453.77
729.669079370,453.77
729.692367266,453.77
729.715463032,453.77
729.738138217,448.79
729.761363936,448.79
729.784499190,448.79
729.807804302,448.79
729.830961284,448.79
729.854732929,444.64
729.878019961,444.64
729.901879798,444.64
729.925170862,444.64
729.948235203,448.93
729.971221272,448.93
729.994143692,448.93
730.017365699,448.93
730.041096927,448.46
730.064346966,448.46
730.087449196,448.46
730.110659619,448.46
730.133702968,448.46
730.156977391,447.93
730.179804482,447.93
730.203078074,447.93
730.226443410,447.93
730.249711146,447.61
730.272817855,447.61
730.295853876,447.61
730.319285230,447.61
730.342441828,448.01
730.365587610,448.01
730.388590639,448.01
730.411680421,448.01
730.434819067,448.01
730.457918129,448.23
730.481085255,448.23
730.504235357,448.23
730.527330963,448.23
730.550355976,448.33
730.573724705,448.33
730.596915991,448.33
730.620074990,448.33
730.643414150,448.60
730.669036887,448.60
730.692136588,448.60
730.715409316,448.60
730.738894142,448.60
730.762026484,448.36
730.785230635,448.36
730.809103913,448.36
730.832263359,448.36
730.855508566,448.64
730.878701869,448.64
730.901996037,448.64
730.925227004,448.64
730.948436755,448.11
730.971623018,448.11
730.994690527,448.11
731.017902262,448.11
731.041043340,448.11
731.064283011,448.77
731.087295832,448.77
731.111054965,448.77
731.134240492,448.77
731.157378434,448.65
731.180382263,448.65
731.203483244,448.65
731.226983462,448.65
731.250166845,448.47
731.273352852,448.47
731.296487466,448.47
731.319374141,448.47
731.342458675,448.47
731.365472488,448.31
731.388494749,448.31
731.411802741,448.31
731.435030380,448.31
731.457938336,447.90
731.480990869,447.90
731.503922761,447.90
731.526871838,447.90
731.550162261,447.80
731.573519726,447.80
731.596669572,447.80
731.619742970,447.80
731.642837040,447.80
731.668515937,447.76
731.691422549,447.76
731.714497386,447.76
731.737832835,447.76
731.761074042,448.58
731.784034894,448.58
731.807046307,448.58
731.830377339,448.58
731.853430353,448.66
731.876661992,448.66
731.900074081,448.66
731.923460538,448.66
731.946430414,448.66
731.969455747,448.95
731.992495097,448.95
732.015632111,448.95
732.039085192,448.95
732.062295871,449.16
732.087286569,449.16
732.110533153,449.16
732.133874105,449.16
732.156857038,448.70
732.180098373,448.70
732.203181211,448.70
732.226307377,448.70
732.249816971,448.70
732.273059266,448.78
732.296208921,448.78
732.320138839,448.78
732.343319246,448.78
732.366544869,449.02
732.389727388,449.02
732.412918099,449.02
732.436066665,449.02
732.459082494,448.53
732.482196852,448.53
732.505275050,448.53
732.528372128,448.53
732.551487318,448.53
732.574587276,448.02
732.598285576,448.02
732.621483583,448.02
732.644787319,448.02
732.669142651,448.28
732.692122287,448.28
732.714947682,448.28
732.738258522,448.28
732.762123512,447.65
732.785384144,447.65
732.808530982,447.65
732.831640348,447.65
732.854714322,447.65
732.877944265,448.08
732.900982622,448.08
732.923961651,448.08
732.947326668,448.08
732.970233856,448.51
732.993450295,448.51
733.016316202,448.51
733.039946822,448.51
733.063161501,449.25
733.086465397,449.25
733.109741165,449.25
733.134331058,449.25
733.157445992,449.25
733.180506494,449.84
733.203600212,449.84
733.227390545,449.84
733.250653225,449.84
733.274036097,450.23
733.297296825,450.23
733.320541681,450.23
733.343855657,450.23
733.366944895,449.93
733.389894131,449.93
733.412991017,449.93
733.436233217,449.93
733.459660922,449.93
733.482933490,449.82
733.506137193,449.82
733.529865446,449.82
733.552856602,449.82
733.575710638,449.97
733.598628034,449.97
733.621758392,449.97
733.645166385,449.97
733.669220305,449.67
733.692390952,449.67
733.715380765,449.67
733.738489459,449.67
733.761615817,449.67
733.784785600,449.91
733.807663188,449.91
733.830754794,449.91
733.853950208,449.91
733.876997334,449.96
733.899987307,449.96
733.922918495,449.96
733.946093558,449.96
733.969442350,449.84
733.992458851,449.84
734.015381399,449.84
734.038375788,449.84
734.061481442,449.84
734.084335062,449.23
734.107257994,449.23
734.130595682,449.23
734.153696280,449.23
734.176793966,447.81
734.199808611,447.81
734.224688972,447.81
734.247703457,447.81
734.270623093,447.57
734.293945902,447.57
734.316993795,447.57
734.340042873,447.57
734.363352081,447.57
734.386368646,446.75
734.409294426,446.75
734.432502673,446.75
734.455729417,446.75
734.478963840,446.90
734.501994806,446.90
734.524985003,446.90
734.547628476,446.90
734.570867123,447.15
734.593873384,447.15
734.616824125,447.15
734.640063924,447.15
734.663480110,447.15
734.686594084,446.78
734.709658841,446.78
734.733179732,446.78
734.756128617,446.78
734.779269919,446.87
734.802677432,446.87
734.825759694,446.87
734.848865092,446.87
734.872073723,447.05
734.895149937,447.05
734.918136486,447.05
734.941201020,447.05
734.964418483,447.05
734.987765036,446.39
735.010834753,446.39
735.034732608,446.39
735.057887959,446.39
735.080741578,446.16
735.103788415,446.16
735.126986327,446.16
735.149975659,446.16
735.173221059,446.86
735.196523739,446.86
735.221835689,446.86
735.244699228,446.86
735.267844435,446.86
735.290711622,447.69
735.314030527,447.69
735.337886589,447.69
735.361220694,447.69
735.384167082,448.53
735.407061310,448.53
735.430213429,448.53
735.453328555,448.53
735.476541122,448.81
735.499563768,448.81
735.522662926,448.81
735.545373856,448.81
735.568467798,448.81
735.591222856,448.41
735.614381791,448.41
735.637601142,448.41
735.663092166,448.41
735.686237981,449.74
735.709321395,449.74
735.732322568,449.74
735.755419326,449.74
735.778499476,449.27
735.801568905,449.27
735.824638015,449.27
735.847794742,449.27
735.870855084,449.27
735.893756224,448.35
735.916542994,448.35
735.939589352,448.35
735.962756639,448.35
735.986103991,448.98
736.009023724,448.98
736.032189922,448.98
736.055235640,448.98
736.078272397,448.98
736.101254690,448.98
736.124327096,448.98
736.147517999,448.98
736.170460516,448.98
736.193504793,449.30
736.216502062,449.30
736.239669701,449.30
736.262784731,449.30
736.285986067,450.01
736.309752848,450.01
736.333075912,450.01
736.356241759,450.01
736.379468567,450.01
736.402371243,449.26
736.425399680,449.26
736.448429430,449.26
736.472229683,449.26
736.495488331,449.42
736.518581185,449.42
736.541655639,449.42
736.564748974,449.42
736.587552449,449.65
736.610565174,449.65
736.633718925,449.65
736.656895204,449.65
736.679920121,449.65
736.703046543,448.81
736.725990884,448.81
736.749122875,448.81
736.772191088,448.81
736.795119909,449.21
736.818291772,449.21
736.841500243,449.21
736.864497768,449.21
736.887663647,449.57
736.910651028,449.57
736.933495975,449.57
736.956551357,449.57
736.979827669,449.57
737.002894315,448.83
737.026091682,448.83
737.049886624,448.83
737.073190424,448.83
737.096148877,449.37
737.119336196,449.37
737.142413562,449.37
737.165329358,449.37
737.188256611,449.14
737.211372857,449.14
737.234337070,449.14
737.258085419,449.14
737.281187905,449.14
737.304265367,448.66
737.327572239,448.66
737.350454339,448.66
737.373412088,448.66
737.396389581,448.01
737.419471203,448.01
737.442619450,448.01
737.465682608,448.01
737.489094505,448.01
737.512092991,447.49
737.535232373,447.49
737.558114441,447.49
737.581341153,447.49
737.604469655,447.78
737.627624302,447.78
737.650836262,447.78
737.674333952,447.78
737.697315093,446.77
737.720426924,446.77
737.743371168,446.77
737.766352373,446.77
737.789512044,446.77
737.812548834,447.04
737.835565399,447.04
737.858731630,447.04
737.881827652,447.04
737.904831353,446.72
737.927409290,446.72
737.950271838,446.72
737.973325524,446.72
737.996455434,447.31
738.019787939,447.31
738.042941210,447.31
738.066003728,447.31
738.089146054,447.31
738.112385342,446.38
738.135383987,446.38
738.158821165,446.38
738.182128070,446.38
738.204962745,446.73
738.227918958,446.73
738.250985924,446.73
738.274057978,446.73
738.297296369,446.79
738.320472841,446.79
738.343741825,446.79
738.366694998,446.79
738.390142448,446.79
738.413873293,447.20
738.437058116,447.20
738.460644927,447.20
738.483709589,447.20
738.507037966,447.58
738.530322694,447.58
738.553351548,447.58
738.576416050,447.58
738.599607497,447.37
738.622576766,447.37
738.645568787,447.37
738.670185562,447.37
738.693510771,447.37
738.716574409,448.07
738.739614718,448.07
738.762734389,448.07
738.785770411,448.07
738.808834016,447.83
738.831597363,447.83
738.854781898,447.83
738.877953185,447.83
738.901103576,447.83
738.924081133,448.31
738.946999522,448.31
738.970119736,448.31
738.993365040,448.31
739.016436038,447.92
739.039537917,447.92
739.062633619,447.92
739.085481191,447.92
739.108642270,448.78
739.131700563,448.78
739.154924203,448.78
739.178045858,448.78
739.201218297,448.78
739.224293135,448.45
739.247447942,448.45
739.270471995,448.45
739.293578194,448.45
739.316576999,448.03
739.339670141,448.03
739.362555377,448.03
739.385728041,448.03
739.411314554,447.74
739.434119789,447.74
739.457174435,447.74
739.480267609,447.74
739.503183182,447.74
739.526264676,447.77
739.549465947,447.77
739.572770964,447.77
739.595963243,447.77
739.618917984,448.52
739.642098167,448.52
739.665256622,448.52
739.688315620,448.52
739.711406747,448.08
739.734810004,448.08
739.757994124,448.08
739.781164963,448.08
739.804333562,448.08
739.827149933,448.23
739.850305604,448.23
739.873513692,448.23
739.896707475,448.23
739.920032812,447.90
739.943333509,447.90
739.966431579,447.90
739.989197326,447.90
740.012460966,447.51
740.035516412,447.51
740.058610482,447.51
740.081937579,447.51
740.105338565,447.51
740.128490428,447.34
740.151634451,447.34
740.175250094,447.34
740.198687240,447.34
740.221586781,447.72
740.244616274,447.72
740.267743337,447.72
740.290783039,447.72
740.313968502,448.11
740.336953836,448.11
740.359879584,448.11
740.382811445,448.11
740.405943980,448.11
740.429273701,448.33
740.452537181,448.33
740.476351259,448.33
740.499592691,448.33
740.522883723,448.29
740.546046531,448.29
740.569288731,448.29
740.592596915,448.29
740.615875660,447.74
740.638965762,447.74
740.663149572,447.74
740.686271323,447.74
740.709388913,447.74
740.732477128,448.04
740.755635647,448.04
740.779466781,448.04
740.802434546,448.04
740.825567561,447.46
740.848365340,447.46
740.871391474,447.46
740.894459912,447.46
740.917638399,448.72
740.941016377,448.72
740.964131088,448.72
740.987582954,448.72
741.010830018,448.72
741.033864472,448.35
741.056724331,448.35
741.079616864,448.35
741.102827031,448.35
741.126082128,448.06
741.149267975,448.06
741.172312509,448.06
741.195366963,448.06
741.218216871,448.06
741.241288829,447.46
741.264478772,447.46
741.287839982,447.46
741.311036165,447.46
741.334075931,446.30
741.357264019,446.30
741.380426442,446.30
741.403806595,446.30
741.426618807,446.61
741.450028081,446.61
741.473199368,446.61
741.496272734,446.61
741.519182739,446.61
741.542201576,446.48
741.564899611,446.48
741.587991441,446.48
741.611292074,446.48
741.634660131,446.57
741.657857755,446.57
741.681224660,446.57
741.704427308,446.57
741.727703716,446.86
741.750803803,446.86
741.774142740,446.86
741.797278955,446.86
741.820414146,446.86
741.843495768,447.35
741.866631727,447.35
741.889751174,447.35
741.913056255,447.35
741.936245046,446.65
741.959568591,446.65
741.982530148,446.65
742.005801628,446.65
742.029022900,446.61
742.052020394,446.61
742.075320802,446.61
742.098518938,446.61
742.121941812,446.61
742.145512560,446.95
742.168674631,446.95
742.191758429,446.95
742.214793267,446.95
742.237697416,446.57
742.260864799,446.57
742.283937557,446.57
742.307452688,446.57
742.330714889,446.93
742.353865760,446.93
742.376958902,446.93
742.399960876,446.93
742.423173316,446.93
742.446080696,446.95
742.469283664,446.95
742.492745578,446.95
742.515932930,446.95
742.539030521,446.83
742.562033998,446.83
742.585058020,446.83
742.608041177,446.83
742.631069359,447.11
742.654436841,447.11
742.677653057,447.11
742.700738903,447.11
742.723893806,447.11
742.746928772,447.02
742.769737208,447.02
742.792818830,447.02
742.816437386,447.02
742.839642370,446.10
742.862837050,446.10
742.885816687,446.10
742.908803812,446.10
742.932007004,446.10
742.955046162,445.87
742.977986311,445.87
743.001807557,445.87
743.024931004,445.87
743.047867409,446.96
743.070776038,446.96
743.093791547,446.96
743.117275926,446.96
743.140397325,447.09
743.163489956,447.09
743.186628027,447.09
743.209616720,447.09
743.232844680,447.09
743.255879934,447.47
743.278938100,447.47
743.302041323,447.47
743.325598502,447.47
743.348600188,447.39
743.371334767,447.39
743.394395365,447.39
743.417252665,447.39
743.440382064,447.84
743.463476871,447.84
743.486800896,447.84
743.509561491,447.84
743.532666890,447.84
743.555475005,447.67
743.578589140,447.67
743.602978969,447.67
743.626109456,447.67
743.649671595,447.51
743.672866723,447.51
743.695898873,447.51
743.719090225,447.51
743.742490379,447.58
743.765719907,447.58
743.788648920,447.58
743.811867311,447.58
743.834930662,447.58
743.858025404,447.93
743.881012754,447.93
743.904003431,447.93
743.926913820,447.93
743.949984498,447.88
743.973162154,447.88
743.996429090,447.88
744.019478969,447.88
744.042766737,447.23
744.065818119,447.23
744.088866398,447.23
744.112011253,447.23
744.135217197,447.23
744.158358276,446.80
744.181366681,446.80
744.205164728,446.80
744.228385840,446.80
744.251366181,446.72
744.274551517,446.72
744.297693940,446.72
744.320991085,446.72
744.344029987,447.44
744.367054361,447.44
744.389810412,447.44
744.413616074,447.44
744.436651008,447.44
744.459655798,447.31
744.483043536,447.31
744.506252264,447.31
744.529571361,447.31
744.552666744,446.60
744.575514636,446.60
744.598609986,446.60
744.621810682,446.60
744.645004050,446.50
744.670129214,446.50
744.694303425,446.50
744.717357399,446.50
744.740479566,446.50
744.763616389,446.34
744.786837949,446.34
744.810462009,446.34
744.833961269,446.34
744.857086380,445.91
744.880044097,445.91
744.903259993,445.91
744.926491537,445.91
744.949656904,445.93
744.972888545,445.93
744.996204058,445.93
745.019240784,445.93
745.042456872,445.93
745.065406013,445.56
745.088419283,445.56
745.112289394,445.56
745.135400553,445.56
745.158751426,445.65
745.181782904,445.65
745.204889231,445.65
745.227868164,445.65
745.251180221,446.36
745.274305429,446.36
745.297173833,446.36
745.321031112,446.36
745.344292864,446.36
745.367479608,445.20
745.390627983,445.20
745.414560207,445.20
745.437705607,445.20
745.460828254,445.43
745.484108342,445.43
745.507280718,445.43
745.529967200,445.43
745.553020759,445.43
745.576089645,445.39
745.599112163,445.39
745.622874881,445.39
745.646068345,445.39
745.669891480,444.97
745.692930830,444.97
745.716023461,444.97
745.741557365,444.97
745.764505003,444.90
745.787510848,444.90
745.810756377,444.90
745.833856208,444.90
745.857026631,444.33
745.880189503,444.33
745.903282614,444.33
745.926508270,444.33
745.949314401,444.33
745.972426008,444.99
745.995938452,444.99
746.019661841,444.99
746.042874153,444.99
746.065929055,444.45
746.088946933,444.45
746.112106125,444.45
746.135153347,444.45
746.158231418,445.01
746.181604404,445.01
746.204652618,445.01
746.228150757,445.01
746.251048730,445.01
746.274134960,444.91
746.297343112,444.91
746.320554880,444.91
746.343934746,444.91
746.367108658,443.98
746.390200745,443.98
746.413180735,443.98
746.436141972,443.98
746.459136202,443.98
746.482196160,443.69
746.505537690,443.69
746.528545104,443.69
746.551687303,443.69
746.574620540,444.60
746.597286286,444.60
746.620100450,444.60
746.643068120,444.60
746.666866678,444.80
746.690003373,444.80
746.713043844,444.80
746.736210939,444.80
746.759200881,444.80
746.782166630,445.05
746.804983322,445.05
746.828296244,445.05
746.851752686,445.05
746.874972390,445.87
746.898027677,445.87
746.921098035,445.87
746.944091145,445.87
746.967163744,445.28
746.990416504,445.28
747.013754994,445.28
747.037148428,445.28
747.060349988,445.28
747.083313273,445.29
747.106406192,445.29
747.129600936,445.29
747.152649886,445.29
747.175615636,444.90
747.198763883,444.90
747.221842178,444.90
747.244861176,444.90
747.267927727,444.89
747.290938117,444.89
747.314039708,444.89
747.336589261,444.89
747.359932358,444.89
747.382946716,445.84
747.406155349,445.84
747.430065780,445.84
747.453313293,445.84
747.476304675,446.46
747.499391321,446.46
747.522732851,446.46
747.546044460,446.46
747.569145315,446.37
747.592095001,446.37
747.615103215,446.37
747.638699243,446.37
747.663935353,446.37
747.687175505,447.20
747.710550763,447.20
747.733653282,447.20
747.756867930,447.20
747.779711822,446.76
747.803447628,446.76
747.826236832,446.76
747.849302487,446.76
747.872384557,446.44
747.895601766,446.44
747.918630108,446.44
747.941711315,446.44
747.964483750,446.44
747.987463260,446.48
748.010641396,446.48
748.034997880,446.48
748.058036974,446.48
748.080900515,447.47
748.103981561,447.47
748.127157169,447.47
748.150292169,447.47
748.173631810,447.53
748.197085789,447.53
748.220336693,447.53
748.243544302,447.53
748.266529827,447.53
748.289455065,447.60
748.312278125,447.60
748.335363172,447.60
748.358980960,447.60
748.382122520,448.19
748.405104045,448.19
748.428301734,448.19
748.451341628,448.19
748.474551988,448.19
748.497268551,447.58
748.520703522,447.58
748.543978971,447.58
748.566823599,447.58
748.589892550,447.59
748.612888700,447.59
748.635956850,447.59
748.658960520,447.59
748.682241793,447.39
748.705673884,447.39
748.728751443,447.39
748.751743625,447.39
748.774736607,447.39
748.797625619,447.58
748.820732362,447.58
748.848230321,447.58
748.871558922,447.58
748.895159430,447.64
748.918138396,447.64
748.941757337,447.64
748.964779151,447.64
748.987622243,448.23
749.010393847,448.23
749.033504910,448.23
749.056744807,448.23
749.079927679,448.23
749.102893012,447.41
749.125893642,447.41
749.148813535,447.41
749.171948023,447.41
749.195103342,447.49
749.218522153,447.49
749.241614112,447.49
749.265012538,447.49
749.288128561,447.64
749.311232296,447.64
749.334319295,447.64
749.357510136,447.64
749.380546030,447.64
749.403640101,447.07
749.426682332,447.07
749.449813011,447.07
749.473294094,447.07
749.496361797,447.22
749.519445820,447.22
749.542589267,447.22
749.565736587,447.22
749.588949347,446.93
749.611843384,446.93
749.634969328,446.93
749.658075815,446.93
749.681331008,446.93
749.704440631,445.74
749.727782705,445.74
749.750706662,445.74
749.773888350,445.74
749.796972661,446.09
749.819971051,446.09
749.843036770,446.09
749.866259162,446.09
749.889616596,445.86
749.912834092,445.86
749.936422057,445.86
749.959614401,445.86
749.982874042,445.86
750.005974929,445.14
750.029131368,445.14
750.052514339,445.14
750.075996414,445.14
750.099111125,445.20
750.122480655,445.20
750.145546502,445.20
750.168589628,445.20
750.191701876,445.10
750.214771626,445.10
750.237853825,445.10
750.260932632,445.10
750.284104144,445.10
750.307255528,445.53
750.330313919,445.53
750.353315509,445.53
750.376467021,445.53
750.399730118,444.46
750.422976126,444.46
750.446021301,444.46
750.468855017,444.46
750.492021153,444.35
750.515059064,444.35
750.538105358,444.35
750.561367975,444.35
750.584682497,444.35
750.607612118,444.32
750.630662925,444.32
750.654471403,444.32
750.677400545,444.32
750.700585209,444.85
750.723736209,444.85
750.747024618,444.85
750.770175682,444.85
750.793250841,445.38
750.816601810,445.38
750.839523912,445.38
750.863329926,445.38
750.886595327,445.38
750.909875065,445.84
750.933045104,445.84
750.956956016,445.84
750.979960807,445.84
751.002923548,446.29
751.026160405,446.29
751.049152843,446.29
751.072216578,446.29
751.095706973,446.62
751.118963990,446.62
751.141915244,446.62
751.165614153,446.62
751.188588799,446.62
751.211662294,447.10
751.234860718,447.10
751.258245224,447.10
751.281544482,447.10
751.304599033,446.95
751.327707440,446.95
751.350813863,446.95
751.373941087,446.95
751.397104375,446.95
751.420253135,447.41
751.443526152,447.41
751.467227813,447.41
751.490289116,447.41
751.513269618,447.30
751.536274632,447.30
751.559458113,447.30
751.583010461,447.30
751.605980083,447.35
751.628937096,447.35
751.651940735,447.35
751.675102742,447.35
751.698315887,447.35
751.721573608,446.72
751.745103076,446.72
751.768622431,446.72
751.792347517,446.72
751.815458069,446.30
751.838432075,446.30
751.861289055,446.30
751.884293206,446.30
751.907691024,446.02
751.931134155,446.02
751.954340803,446.02
751.977566044,446.02
752.000595411,446.02
752.023616041,445.82
752.046426173,445.82
752.069642806,445.82
752.093193490,445.82
752.116264393,445.78
752.139493345,445.78
752.162652825,445.78
752.185864530,445.78
752.209039754,445.43
752.232141313,445.43
752.255308377,445.43
752.278144493,445.43
752.301222788,445.43
752.324168378,445.30
752.347231729,445.30
752.370303720,445.30
752.393685443,445.30
752.416884283,445.51
752.440006802,445.51
752.463076618,445.51
752.486237986,445.51
752.509391801,446.29
752.532551953,446.29
752.555593384,446.29
752.578927010,446.29
752.602445534,446.29
752.625516309,446.19
752.648486635,446.19
752.672041223,446.19
752.694985629,446.19
752.718249558,446.65
752.741452782,446.65
752.764628998,446.65
752.787872607,446.65
752.810936694,447.43
752.834010285,447.43
752.856921826,447.43
752.879778583,447.43
752.902976848,447.43
752.926264745,447.21
752.949466113,447.21
752.973452258,447.21
752.996503161,447.21
753.019373230,447.97
753.042565382,447.97
753.065501948,447.97
753.091253615,447.97
753.114447464,447.29
753.137450366,447.29
753.160474389,447.29
753.183221000,447.29
753.206354432,447.29
753.229399447,447.61
753.252605647,447.61
753.276359021,447.61
753.299396964,447.61
753.322445339,443.95
753.345571987,443.95
753.368511752,443.95
753.391517471,443.95
753.414675735,442.07
753.438039281,442.07
753.460986343,442.07
753.484414946,442.07
753.507355607,442.07
753.530422222,439.56
753.553538758,439.56
753.576566301,439.56
753.599711797,439.56
753.622787084,438.02
753.645743682,438.02
753.670240840,438.02
753.693217598,438.02
753.716294421,438.02
753.739484942,436.11
753.762503748,436.11
753.786133825,436.11
753.808956790,436.11
753.831833643,433.67
753.854717888,433.67
753.877707894,433.67
753.901127473,433.67
753.924659021,432.58
753.947865413,432.58
753.970972189,432.58
753.994002291,432.58
754.017296173,432.58
754.040383876,430.62
754.063573917,430.62
754.088642185,430.62
754.111493502,430.62
754.134253586,429.40
754.157166279,429.40
754.180030172,429.40
754.203293493,429.40
754.226382444,427.56
754.249527588,427.56
754.272580923,427.56
754.295415216,427.56
754.318501991,427.56
754.341341148,429.69
754.364393779,429.69
754.387564043,429.69
754.411228616,429.69
754.434281503,429.91
754.457448824,429.91
754.480474414,429.91
754.503489797,429.91
754.526763038,430.41
754.549821749,430.41
754.573440658,430.41
754.596502633,430.41
754.619538880,430.41
754.642335796,430.71
754.665283690,430.71
754.688316737,430.71
754.711405688,430.71
754.734400687,430.80
754.757473382,430.80
754.780496892,430.80
754.803406834,430.80
754.826570666,430.71
754.849830563,430.71
754.872826042,430.71
754.895967474,430.71
754.919280107,430.71
754.942426531,430.59
754.965453818,430.59
754.989070487,430.59
755.012092750,430.59
755.035260262,430.38
755.058282204,430.38
755.081763416,430.38
755.104808303,430.38
755.127888262,430.67
755.150935613,430.67
755.173901395,430.67
755.197039563,430.67
755.219899168,430.67
755.242957303,430.71
755.265894509,430.71
755.288632928,430.71
755.311671479,430.71
755.334579757,430.38
755.357289792,430.38
755.380107988,430.38
755.403342702,430.38
755.426619591,430.38
755.449661694,430.09
755.472585267,430.09
755.495401928,430.09
755.518484671,430.09
755.541510102,430.21
755.564966482,430.21
755.588076009,430.21
755.610851197,430.21
755.634193463,430.25
755.657303279,430.25
755.680278597,430.25
755.703312732,430.25
755.726623510,430.25
755.749849487,430.25
755.772846533,430.25
755.795780443,430.25
755.818740305,430.25
755.841599014,430.96
755.864400122,430.96
755.887268175,430.96
755.910382663,430.96
755.933413310,430.96
755.956236114,430.96
755.978771748,430.96
756.002412321,430.96
756.025408248,430.96
756.048367534,431.57
756.071693544,431.57
756.094657630,431.57
756.118359580,431.57
756.141286129,431.12
756.164248488,431.12
756.189902682,431.12
756.212930129,431.12
756.236364460,430.64
756.259482788,430.64
756.282446458,430.64
756.305504017,430.64
756.328593225,430.64
756.351630400,430.50
756.374678103,430.50
756.397805103,430.50
756.421037864,430.50
756.443883421,430.07
756.466803730,430.07
756.489476293,430.07
756.512282554,430.07
756.535260624,430.07
756.558250247,429.77
756.581530880,429.77
756.604591031,429.77
756.628324662,429.77
756.651420941,429.97
756.674492165,429.97
756.697522587,429.97
756.720831701,429.97
756.744362322,429.74
756.767490889,429.74
756.790494368,429.74
756.813469142,429.74
756.836521421,429.74
756.859500132,429.39
756.882467674,429.39
756.905645362,429.39
756.928660073,429.39
756.951564159,429.56
756.974526837,429.56
756.997531787,429.56
757.020691684,429.56
757.043869980,429.48
757.067041268,429.48
757.090405679,429.48
757.113452262,429.48
757.136553022,429.48
757.159537268,429.71
757.182492330,429.71
757.206012742,429.71
757.230539117,429.71
757.253944872,430.24
757.277627014,430.24
757.300475419,430.24
757.323524210,430.24
757.346574697,430.40
757.369606624,430.40
757.392742360,430.40
757.415985201,430.40
757.439271563,430.40
757.462405411,430.80
757.485474074,430.80
757.508614034,430.80
757.531759147,430.80
757.554606080,430.98
757.577673111,430.98
757.600816495,430.98
757.623992104,430.98
757.647093951,430.63
757.670480730,430.63
757.693490129,430.63
757.716502920,430.63
757.739466942,430.63
757.762722519,430.92
757.785720174,430.92
757.809440812,430.92
757.832510019,430.92
757.855612539,430.43
757.878677522,430.43
757.901768330,430.43
757.925519017,430.43
757.948678433,430.25
757.971804985,430.25
757.994675726,430.25
758.018158890,430.25
758.041219905,430.25
758.064361721,430.49
758.087592626,430.49
758.110546633,430.49
758.133705825,430.49
758.156783320,430.23
758.179793615,430.23
758.202640772,430.23
758.225603290,430.23
758.248624145,430.23
758.271518534,429.96
758.294349371,429.96
758.317253201,429.96
758.340922415,429.96
758.363996358,430.10
758.387037885,430.10
758.410168342,430.10
758.433508336,430.10
758.456617352,430.04
758.479688991,430.04
758.502612885,430.04
758.525787214,430.04
758.548839461,430.04
758.571955517,430.14
758.595185014,430.14
758.618279406,430.14
758.641296613,430.14
758.664340252,430.72
758.687402899,430.72
758.710480939,430.72
758.733726500,430.72
758.757125247,430.12
758.780128310,430.12
758.803142956,430.12
758.826115971,430.12
758.849240411,430.12
758.872371091,430.08
758.895603532,430.08
758.918987015,430.08
758.942570180,430.08
758.965774845,430.38
758.988885717,430.38
759.011888299,430.38
759.034919554,430.38
759.058108251,430.70
759.081265907,430.70
759.104457068,430.70
759.127638117,430.70
759.150752541,430.70
759.173756179,429.85
759.196833323,429.85
759.220660362,429.85
759.243858979,429.85
759.267281374,429.97
759.290362358,429.97
759.313252299,429.97
759.336122433,429.97
759.358900085,430.04
759.382024397,430.04
759.404913507,430.04
759.428658626,430.04
759.452116189,430.04
759.475228725,429.77
759.498318445,429.77
759.521342180,429.77
759.544421980,429.77
759.567500979,429.99
759.590686508,429.99
759.613989286,429.99
759.637101246,429.99
759.660221174,429.99
759.683584849,429.70
759.706646920,429.70
759.729499741,429.70
759.752524116,429.70
759.775619724,429.85
759.798484353,429.85
759.821344246,429.85
759.844248780,429.85
759.867212835,430.22
759.890250746,430.22
759.913263377,430.22
759.936462857,430.22
759.959817188,430.22
759.982789595,429.65
760.005975155,429.65
760.028998730,429.65
760.052189891,429.65
760.075322523,429.86
760.098287410,429.86
760.121485290,429.86
760.144721220,429.86
760.167790331,430.12
760.190846227,430.12
760.213760168,430.12
760.236862240,430.12
760.259947160,430.12
760.282967855,430.13
760.306001542,430.13
760.329472194,430.13
760.352631835,430.13
760.376884671,430.05
760.400405307,430.05
760.423469043,430.05
760.446458697,430.05
760.469680643,430.34
760.492664281,430.34
760.515758129,430.34
760.538691815,430.34
760.561871488,430.34
760.585040633,430.09
760.608248210,430.09
760.632108946,430.09
760.655261450,430.09
760.678279457,429.93
760.701141975,429.93
760.723849578,429.93
760.746720576,429.93
760.769438803,429.93
760.792505035,429.90
760.815397345,429.90
760.838694011,429.90
760.861467439,429.90
760.884319140,429.82
760.907273979,429.82
760.930255697,429.82
760.954463605,429.82
760.977553869,430.43
761.000530883,430.43
761.023381945,430.43
761.046472464,430.43
761.069633257,430.43
761.092847810,429.83
761.116310974,429.83
761.139369077,429.83
761.162554894,429.83
761.185600165,430.06
761.208682237,430.06
761.231753077,430.06
761.254713739,430.06
761.277779107,430.31
761.300850170,430.31
761.323783697,430.31
761.346547717,430.31
761.369438747,430.31
761.392282480,430.35
761.415185574,430.35
761.438332222,430.35
761.463807760,430.35
761.486849351,429.88
761.509941663,429.88
761.532977302,429.88
761.556111438,429.88
761.579344360,429.91
761.602343327,429.91
761.625839163,429.91
761.648921395,429.91
761.671956106,429.91
761.694934529,430.03
761.717893879,430.03
761.740964239,430.03
761.763913893,430.03
761.786841787,429.51
761.809995860,429.51
761.832986506,429.51
761.856039138,429.51
761.879030073,429.44
761.901922510,429.44
761.924790564,429.44
761.948214431,429.44
761.971504089,429.44
761.994507120,429.53
762.017510951,429.53
762.041340647,429.53
762.064509280,429.53
762.087489014,429.49
762.110641103,429.49
762.133981577,429.49
762.157063713,429.49
762.179940951,429.49
762.202880205,429.19
762.225911972,429.19
762.249332032,429.19
762.272485656,429.19
762.295874163,428.92
762.319088428,428.92
762.342144100,428.92
762.365098394,428.92
762.387901903,429.02
762.410832870,429.02
762.433722267,429.02
762.456954165,429.02
762.479992076,429.02
762.502973603,429.45
762.526105563,429.45
762.549281268,429.45
762.572732240,429.45
762.595714471,429.20
762.619139618,429.20
762.642287867,429.20
762.665533556,429.20
762.688494827,429.15
762.711560291,429.15
762.734628090,429.15
762.757654354,429.15
762.780799018,429.15
762.803660159,429.42
762.826589334,429.42
762.849455883,429.42
762.872435042,429.42
762.895503066,429.84
762.918611794,429.84
762.942152143,429.84
762.965304999,429.84
762.988480704,429.62
763.011520055,429.62
763.034520686,429.62
763.057653607,429.62
763.080825279,429.62
763.104111417,429.33
763.127311251,429.33
763.150489163,429.33
763.173516035,429.33
763.196688988,429.39
763.219686034,429.39
763.242704586,429.39
763.265666400,429.39
763.289025659,429.17
763.312070610,429.17
763.334976584,429.17
763.358080033,429.17
763.381023575,429.17
763.404029710,428.91
763.427101350,428.91
763.450169502,428.91
763.473331511,428.91
763.496226572,428.58
763.519127106,428.58
763.542371004,428.58
763.566691649,428.58
763.589901498,428.58
763.613249397,428.97
763.636196780,428.97
763.659962699,428.97
763.682883393,428.97
763.705732214,428.59
763.728631309,428.59
763.751803525,428.59
763.775589157,428.59
763.798509019,428.36
763.821557747,428.36
763.844593578,428.36
763.867758851,428.36
763.890766298,428.36
763.913829714,428.64
763.937054187,428.64
763.960366853,428.64
763.983590015,428.64
764.006683447,428.67
764.029698638,428.67
764.052677157,428.67
764.075748573,428.67
764.099031639,428.81
764.122118895,428.81
764.145250215,428.81
764.168416992,428.81
764.191304982,428.81
764.214314093,428.96
764.237252931,428.96
764.260330043,428.96
764.283755831,428.96
764.306934544,429.26
764.329943719,429.26
764.352989726,429.26
764.376041718,429.26
764.399056365,429.35
764.422041252,429.35
764.444942650,429.35
764.468143508,429.35
764.491116010,429.35
764.513899071,429.51
764.536823989,429.51
764.562752428,429.51
764.585827428,429.51
764.609038077,429.20
764.632648987,429.20
764.655681170,429.20
764.678715914,429.20
764.701757985,429.42
764.724502070,429.42
764.747428588,429.42
764.770315426,429.42
764.793550780,429.42
764.816585011,429.44
764.839367912,429.44
764.862942181,429.44
764.885892028,429.44
764.909131317,428.93
764.932209581,428.93
764.955418854,428.93
764.978772033,428.93
765.001775161,428.95
765.024777456,428.95
765.047810535,428.95
765.071208802,428.95
765.094176537,428.95
765.117117616,429.23
765.140433578,429.23
765.163604803,429.23
765.186809564,429.23
765.209705650,428.68
765.232484199,428.68
765.255404285,428.68
765.278612247,428.68
765.301646094,428.68
765.324975273,428.74
765.348152610,428.74
765.371186169,428.74
765.394102928,428.74
765.417079591,428.49
765.440066846,428.49
765.463110741,428.49
765.486239054,428.49
765.509488968,428.55
765.532492959,428.55
765.555394069,428.55
765.578246283,428.55
765.601181569,428.55
765.623971478,428.61
765.646809931,428.61
765.670942927,428.61
765.694218601,428.61
765.717199872,428.69
765.740404409,428.69
765.763527282,428.69
765.786618954,428.69
765.809720802,428.52
765.833000252,428.52
765.856349207,428.52
765.879270765,428.52
765.902384838,428.52
765.925304732,429.19
765.948181650,429.19
765.971712687,429.19
765.994916008,429.19
766.018477125,428.96
766.041528733,428.96
766.064386899,428.96
766.087079943,428.96
766.109918012,429.08
766.132588336,429.08
766.155355844,429.08
766.179286310,429.08
766.202661633,429.08
766.225812410,429.26
766.249064499,429.26
766.272008010,429.26
766.295107778,429.26
766.318013560,429.64
766.341171153,429.64
766.364449580,429.64
766.387662501,429.64
766.410801342,429.64
766.434048472,429.59
766.457290674,429.59
766.481183922,429.59
766.504275659,429.59
766.527689030,430.05
766.550745566,430.05
766.573544371,430.05
766.596583275,430.05
766.619510081,430.05
766.642458552,430.05
766.665424399,430.05
766.688511879,430.05
766.711509662,430.05
766.734161426,430.22
766.756864614,430.22
766.779838365,430.22
766.802782387,430.22
766.825508744,430.31
766.848679425,430.31
766.871850362,430.31
766.894913938,430.31
766.918001322,430.59
766.940893696,430.59
766.963744053,430.59
766.986770509,430.59
767.009955686,430.59
767.033032542,430.77
767.055950037,430.77
767.079450225,430.77
767.102541001,430.77
767.125515712,431.08
767.148602489,431.08
767.171595888,431.08
767.195032716,431.08
767.218184901,430.78
767.241188444,430.78
767.264097522,430.78
767.287536814,430.78
767.310596582,430.78
767.333648766,430.52
767.356712086,430.52
767.379554571,430.52
767.402640068,430.52
767.425662587,430.48
767.448629874,430.48
767.471622249,430.48
767.494773186,430.48
767.517861819,430.48
767.541020756,429.92
767.564142924,429.92
767.587021826,429.92
767.610446526,429.92
767.633445781,429.62
767.656407020,429.62
767.679268770,429.62
767.702446171,429.62
767.725560020,429.52
767.750371455,429.52
767.773023858,429.52
767.796074506,429.52
767.819207395,429.52
767.842260123,429.46
767.865376499,429.46
767.888646285,429.46
767.912385357,429.46
767.935354147,428.73
767.958394459,428.73
767.981273553,428.73
768.004243368,428.73
768.027313376,428.31
768.050473945,428.31
768.073619154,428.31
768.096577737,428.31
768.119650497,428.31
768.142621528,428.05
768.165513870,428.05
768.188531270,428.05
768.211663934,428.05
768.235000025,427.77
768.258073809,427.77
768.281094185,427.77
768.303994047,427.77
768.327184825,427.63
768.350340146,427.63
768.373433258,427.63
768.396560707,427.63
768.419736828,427.63
768.442712083,427.93
768.465625034,427.93
768.489219143,427.93
768.512193342,427.93
768.535216246,428.46
768.558406799,428.46
768.581755563,428.46
768.604845155,428.46
768.627876539,428.46
768.650817361,428.33
768.673987531,428.33
768.697865099,428.33
768.720982820,428.33
768.744042780,428.20
768.767010515,428.20
768.789828808,428.20
768.813704745,428.20
768.836805762,428.06
768.860092764,428.06
768.883129012,428.06
768.906228172,428.06
768.929470374,428.06
768.952821825,428.13
768.975753112,428.13
768.998596974,428.13
769.021487588,428.13
769.044411643,428.68
769.067276624,428.68
769.090311592,428.68
769.113318880,428.68
769.136375896,428.84
769.159280366,428.84
769.182124740,428.84
769.204913881,428.84
769.227793935,428.84
769.250661157,429.30
769.273679068,429.30
769.296529650,429.30
769.319492137,429.30
769.342389279,429.40
769.365207765,429.40
769.388093035,429.40
769.410891648,429.40
769.434254524,429.35
769.457415637,429.35
769.480166026,429.35
769.503709383,429.35
769.526662238,429.35
769.549325586,429.48
769.572220232,429.48
769.595297153,429.48
769.618704892,429.48
769.641820469,429.48
769.664821165,429.48
769.687727203,429.48
769.710769531,429.48
769.733863699,429.48
769.756840235,429.69
769.780036228,429.69
769.803347231,429.69
769.826443063,429.69
769.849824499,429.52
769.872833290,429.52
769.895801281,429.52
769.918957531,429.52
769.942269781,429.79
769.965361134,429.79
769.988506567,429.79
770.011417085,429.79
770.034426517,429.79
770.057346571,429.65
770.080475012,429.65
770.103542908,429.65
770.126470675,429.65
770.149596396,429.39
770.172588035,429.39
770.195611579,429.39
770.218682867,429.39
770.241583753,429.61
770.264700034,429.61
770.287562968,429.61
770.311033077,429.61
770.334285423,429.61
770.357287014,429.67
770.380243613,429.67
770.403074707,429.67
770.426088651,429.67
770.449048642,429.45
770.471924600,429.45
770.495105841,429.45
770.518228554,429.45
770.541439876,429.45
770.564339771,429.26
770.587350930,429.26
770.610403082,429.26
770.633776614,429.26
770.656759549,429.46
770.679986647,429.46
770.702871437,429.46
770.725893413,429.46
770.749098175,429.24
770.772057366,429.24
770.794894955,429.24
770.817866627,429.24
770.841046492,429.24
770.864256758,429.71
770.887200301,429.71
770.910335686,429.71
770.933476767,429.71
770.956484758,429.60
770.979589039,429.60
771.002529478,429.60
771.025821953,429.60
771.049210044,429.49
771.072152851,429.49
771.094828999,429.49
771.117727902,429.49
771.140862262,429.49
771.163965711,429.91
771.187300810,429.91
771.210960201,429.91
771.234002337,429.91
771.257161274,429.98
771.280272755,429.98
771.303327179,429.98
771.326406627,429.98
771.349782271,429.69
771.373100282,429.69
771.396116242,429.69
771.419137065,429.69
771.442220962,429.69
771.465222457,429.74
771.488140336,429.74
771.511039271,429.74
771.534256737,429.74
771.557473626,429.94
771.580444178,429.94
771.603258471,429.94
771.626168510,429.94
771.649034548,429.94
771.671884842,429.92
771.694775744,429.92
771.717756536,429.92
771.741168500,429.92
771.763900552,430.07
771.786770367,430.07
771.809561940,430.07
771.832620812,430.07
771.855743685,429.77
771.878847006,429.77
771.905208153,429.77
771.928524820,429.77
771.951807631,429.77
771.974726118,429.65
771.997602108,429.65
772.020787414,429.65
772.044139153,429.65
772.067123528,429.32
772.090248257,429.32
772.113192856,429.32
772.136182928,429.32
772.159072198,429.11
772.182005789,429.11
772.204923700,429.11
772.227928299,429.11
772.250982563,429.11
772.273922266,428.88
772.296803953,428.88
772.319672999,428.88
772.342627198,428.88
772.365519605,429.02
772.388539340,429.02
772.411484355,429.02
772.434613724,429.02
772.457654676,429.22
772.480562219,429.22
772.503247871,429.22
772.527007615,429.22
772.550131384,429.22
772.573191888,429.67
772.596255529,429.67
772.619578052,429.67
772.642751037,429.67
772.665637876,429.18
772.688592971,429.18
772.711712676,429.18
772.734718204,429.18
772.757837556,429.18
772.781063695,429.01
772.804124391,429.01
772.827019357,429.01
772.850266488,429.01
772.873305328,428.96
772.896400264,428.96
772.919333791,428.96
772.946492964,428.96
772.970097634,429.08
772.993202587,429.08
773.016264723,429.08
773.039010888,429.08
773.062049472,429.32
773.085230073,429.32
773.108471156,429.32
773.131659021,429.32
773.154789286,429.32
773.177790398,429.49
773.200725589,429.49
773.223577451,429.49
773.246818085,429.49
773.269768796,429.59
773.293005815,429.59
773.316132496,429.59
773.339329578,429.59
773.362319713,429.59
773.385476315,429.50
773.408515219,429.50
773.431669868,429.50
773.454721092,429.50
773.478017631,429.66
773.501033911,429.66
773.523980494,429.66
773.547096391,429.66
773.569919293,429.31
773.592960341,429.31
773.616084430,429.31
773.639245576,429.31
773.664825979,429.31
773.687760818,429.60
773.710810858,429.60
773.733580640,429.60
773.756701785,429.60
773.779849842,430.30
773.802967595,430.30
773.825998339,430.30
773.849129884,430.30
773.872091347,430.30
773.895103627,430.30
773.918252964,430.30
773.941268572,430.30
773.964356629,430.30
773.987132650,430.28
774.010141826,430.28
774.033176186,430.28
774.056407828,430.28
774.079441036,430.49
774.102513221,430.49
774.125503965,430.49
774.148929177,430.49
774.171950225,430.82
774.194809991,430.82
774.217731998,430.82
774.240831063,430.82
774.263969872,430.82
774.287116393,430.70
774.310414564,430.70
774.334276037,430.70
774.357370782,430.70
774.380459319,430.99
774.403389326,430.99
774.426318021,430.99
774.449358301,430.99
774.472445782,430.45
774.495491118,430.45
774.518290019,430.45
774.541942658,430.45
774.565078108,430.45
774.588094643,430.48
774.611362638,430.48
774.634552456,430.48
774.657843619,430.48
774.680837402,430.40
774.703791954,430.40
774.726545383,430.40
774.749599455,430.40
774.772709528,430.40
774.796040052,430.50
774.819365679,430.50
774.842420455,430.50
774.865415647,430.50
774.888384566,430.54
774.911478895,430.54
774.934615560,430.54
774.957757314,430.54
774.980653304,430.67
775.003699665,430.67
775.026738697,430.67
775.055400670,430.67
775.078321941,430.53
775.101509422,430.53
775.124769129,430.53
775.148034724,430.53
775.171336895,430.53
775.194327158,430.59
775.217468143,430.59
775.240809067,430.59
775.263992997,430.59
775.286997117,430.73
775.310315640,430.73
775.333369744,430.73
775.356439081,430.73
775.379634499,430.45
775.402654715,430.45
775.425476465,430.45
775.449243889,430.45
775.472887088,430.45
775.496164042,430.45
775.519329732,430.45
775.543016867,430.45
775.566146525,430.45
775.589192181,430.54
775.612277326,430.54
775.635513256,430.54
775.658567168,430.54
775.681651737,430.54
775.704585840,430.29
775.727579752,430.29
775.751385417,430.29
775.774541602,430.29
775.797699036,430.32
775.820473393,430.32
775.843452041,430.32
775.866850501,430.32
775.889720059,430.45
775.912504401,430.45
775.935432616,430.45
775.958530913,430.45
775.981672730,430.45
776.004780147,429.02
776.027698538,429.02
776.050571329,429.02
776.074299648,429.02
776.097506938,429.58
776.120630964,429.58
776.145841955,429.58
776.169009149,429.58
776.191902835,429.58
776.214852235,429.58
776.237690785,429.58
776.260681817,429.58
776.283593680,429.58
776.306683464,429.58
776.329679744,429.58
776.352498550,429.58
776.375915027,429.58
776.398757929,429.26
776.421745953,429.26
776.444622263,429.26
776.467843634,429.26
776.490985899,429.28
776.513874946,429.28
776.536459637,429.28
776.559219754,429.28
776.582105409,429.28
776.604915895,429.71
776.628124305,429.71
776.651453965,429.71
776.674545093,429.71
776.697487677,430.15
776.720411028,430.15
776.743400908,430.15
776.766481668,430.15
776.789632414,427.07
776.813181276,427.07
776.836149491,427.07
776.859831507,427.07
776.882937996,427.07
776.906063429,426.73
776.929030620,426.73
776.952028404,426.73
776.975283247,426.73
776.998382472,427.94
777.021484769,427.94
777.044193910,427.94
777.067221262,427.94
777.090350087,427.94
777.113333183,427.46
777.136440376,427.46
777.159877173,427.46
777.183107823,427.46
777.206077671,427.27
777.229034910,427.27
777.251963573,427.27
777.275019310,427.27
777.298083014,426.88
777.321233376,426.88
777.344322201,426.88
777.366949869,426.88
777.389868228,426.88
777.412854364,427.21
777.435893652,427.21
777.458821035,427.21
777.481940869,427.21
777.504890844,427.35
777.527961845,427.35
777.550775531,427.35
777.573623809,427.35
777.596715994,427.36
777.619786323,427.36
777.642738218,427.36
777.665710306,427.36
777.688628089,427.36
777.711569136,427.53
777.734457927,427.53
777.757307485,427.53
777.780835739,427.53
777.803719474,430.78
777.826921452,430.78
777.849811779,430.78
777.872823131,430.78
777.895883539,430.78
777.918979052,431.39
777.941770626,431.39
777.964674521,431.39
777.988495290,431.39
778.011567123,431.55
778.034491850,431.55
778.057414657,431.55
778.080510874,431.55
778.103603635,431.46
778.126563243,431.46
778.149707556,431.46
778.172502842,431.46
778.197502343,431.46
778.220428959,431.21
778.243468823,431.21
778.266413454,431.21
778.289991373,431.21
778.313189191,431.94
778.336166463,431.94
778.359147606,431.94
778.382145486,431.94
778.405348009,432.34
778.428469826,432.34
778.451723325,432.34
778.474975480,432.34
778.498097905,432.34
778.521052488,432.23
778.544088065,432.23
778.567243163,432.23
778.590376372,432.23
778.613501037,432.20
778.636605063,432.20
778.659599327,432.20
778.682613975,432.20
778.705923218,432.25
778.729137645,432.25
778.752230886,432.25
778.775633282,432.25
778.798779612,432.25
778.821677683,432.15
778.844683019,432.15
778.868325226,432.15
778.891186432,432.15
778.913988182,432.03
778.937177584,432.03
778.960396810,432.03
778.983441283,432.03
779.006402203,431.53
779.029433011,431.53
779.052469387,431.53
779.075859208,431.53
779.098766975,431.53
779.121879192,431.88
779.144837616,431.88
779.167603397,431.88
779.190627293,431.88
779.213455700,432.46
779.236511564,432.46
779.259279042,432.46
779.282339034,432.46
779.305255474,432.46
779.328219401,432.33
779.351038976,432.33
779.373882614,432.33
779.396826029,432.33
779.419688516,432.38
779.442609787,432.38
779.465609459,432.38
779.488571819,432.38
779.511456738,432.59
779.534440858,432.59
779.557372913,432.59
779.580239496,432.59
779.603143007,432.59
779.626236952,432.52
779.649266545,432.52
779.672096199,432.52
779.695271681,432.52
779.718199864,431.63
779.741108239,431.63
779.763900517,431.63
779.787132384,431.63
779.810297786,431.63
779.833213233,431.12
779.856017991,431.12
779.878878013,431.12
779.902465308,431.12
779.925581013,431.16
779.948664526,431.16
779.971861129,431.16
779.995185092,431.16
780.018293757,431.48
780.041272181,431.48
780.064290574,431.48
780.087240709,431.48
780.110307806,431.48
780.133567993,431.44
780.156815828,431.44
780.179872236,431.44
780.202833028,431.44
780.225863196,431.44
780.248840628,431.44
780.271901773,431.44
780.298548269,431.44
780.321781799,431.85
780.345254373,431.85
780.368283901,431.85
780.391516248,431.85
780.414618481,431.85
780.437965357,431.90
780.461105767,431.90
780.484067646,431.90
780.506827220,431.90
780.529668362,432.12
780.552600546,432.12
780.575652667,432.12
780.598848885,432.12
780.622198289,432.03
780.645274058,432.03
780.670687516,432.03
780.693705268,432.03
780.716743533,432.03
780.739864806,432.18
780.763011104,432.18
780.786285851,432.18
780.809338804,432.18
780.832272428,432.65
780.855245219,432.65
780.878416638,432.65
780.901378965,432.65
780.924560943,432.94
780.947669641,432.94
780.970680961,432.94
780.993715514,432.94
781.016784275,432.94
781.039623849,433.11
781.062698370,433.11
781.085883676,433.11
781.109242616,433.11
781.132259601,433.07
781.155329481,433.07
781.178313953,433.07
781.201331930,433.07
781.224450771,433.13
781.247561837,433.13
781.270656134,433.13
781.293613694,433.13
781.316689975,433.13
781.339601006,432.74
781.362372932,432.74
781.385989539,432.74
781.409279102,432.74
781.432526489,432.59
781.455661555,432.59
781.478741868,432.59
781.501949862,432.59
781.525005951,432.59
781.547990359,432.12
781.571040496,432.12
781.594934066,432.12
781.618201421,432.12
781.641156485,432.16
781.665164232,432.16
781.688705894,432.16
781.711981697,432.16
781.735029658,432.36
781.758231604,432.36
781.781234093,432.36
781.804248709,432.36
781.827348158,432.21
781.850337462,432.21
781.873430256,432.21
781.896930701,432.21
781.920050983,432.21
781.943261217,432.20
781.966467484,432.20
781.989377203,432.20
782.012474028,432.20
782.035455748,432.08
782.058350459,432.08
782.081312179,432.08
782.104456621,432.08
782.127490982,432.08
782.150299324,432.29
782.173122770,432.29
782.195988489,432.29
782.219510215,432.29
782.242352637,431.94
782.265271573,431.94
782.288285677,431.94
782.311299462,431.94
782.334345854,431.95
782.357309686,431.95
782.380269262,431.95
782.404176720,431.95
782.427375499,431.95
782.450466372,432.03
782.473562397,432.03
782.496584310,432.03
782.519670319,432.03
782.542581094,432.01
782.565462238,432.01
782.588665656,432.01
782.611850706,432.01
782.634882763,432.16
782.657922756,432.16
782.680846619,432.16
782.703409679,432.16
782.726432775,432.16
782.749338815,432.01
782.772625114,432.01
782.796425627,432.01
782.819442419,432.01
782.842374475,431.88
782.865422884,431.88
782.888453725,431.88
782.911714744,431.88
782.935286934,431.68
782.958350383,431.68
782.981282087,431.68
783.004834757,431.68
783.027756700,431.68
783.050792149,431.45
783.073759789,431.45
783.096871335,431.45
783.120344900,431.45
783.143353628,431.02
783.166208051,431.02
783.189083018,431.02
783.212126659,431.02
783.235003322,431.02
783.258199284,431.08
783.281591409,431.08
783.304714187,431.08
783.328024870,431.08
783.351115904,431.17
783.374358459,431.17
783.397478900,431.17
783.420656623,431.17
783.449023489,430.55
783.471955161,430.55
783.494709806,430.55
783.517716647,430.55
783.540870177,430.73
783.564003995,430.73
783.586930898,430.73
783.610109196,430.73
783.633094437,430.73
783.656079581,431.02
783.679079765,431.02
783.702019885,431.02
783.725762669,431.02
783.748742726,430.73
783.772270308,430.73
783.795323837,430.73
783.818404950,430.73
783.841530959,430.73
783.864665609,431.48
783.887565153,431.48
783.911305217,431.48
783.934433627,431.48
783.957789015,431.62
783.980830192,431.62
784.003891337,431.62
784.027191908,431.62
784.050185085,432.05
784.073272118,432.05
784.096377231,432.05
784.119588810,432.05
784.142881094,432.05
784.165782685,432.10
784.188807670,432.10
784.211808814,432.10
784.235052585,432.10
784.258075682,432.00
784.281354269,432.00
784.304891131,432.00
784.328613180,432.00
784.351717653,432.35
784.374832143,432.35
784.397830631,432.35
784.420800255,432.35
784.443927961,432.35
784.467012050,432.08
784.490050827,432.08
784.513122789,432.08
784.536660707,432.08
784.559693532,432.18
784.582679444,432.18
784.605548395,432.18
784.628597316,432.18
784.651679133,431.66
784.674552020,431.66
784.697374315,431.66
784.720325443,431.66
784.743317691,431.66
784.766256819,432.22
784.789233963,432.22
784.812484294,432.22
784.835317085,432.22
784.858115635,431.52
784.881018826,431.52
784.903925282,431.52
784.926865850,431.52
784.949938739,431.52
784.973011660,431.71
784.995804482,431.71
785.018600793,431.71
785.041606897,431.71
785.064579625,431.36
785.087509121,431.36
785.110365112,431.36
785.133510098,431.36
785.156614027,431.58
785.179683108,431.58
785.202468603,431.58
785.225290481,431.58
785.248178024,431.58
785.271000895,431.38
785.293902838,431.38
785.317113489,431.38
785.340109482,431.38
785.362826591,431.42
785.385773911,431.42
785.408695279,431.42
785.431481541,431.42
785.454500477,431.83
785.477754169,431.83
785.500805298,431.83
785.523860683,431.83
785.549865700,431.83
785.573013886,431.64
785.596524828,431.64
785.619767511,431.64
785.643165620,431.64
785.666258285,431.60
785.689206277,431.60
785.712160509,431.60
785.735099797,431.60
785.758085550,431.22
785.781041094,431.22
785.804196928,431.22
785.827206296,431.22
785.850175313,431.22
785.872898726,431.59
785.895891582,431.59
785.918824342,431.59
785.941959856,431.59
785.965089482,431.54
785.988158851,431.54
786.011073051,431.54
786.034030611,431.54
786.057146573,431.54
786.080239942,431.41
786.103209054,431.41
786.126444473,431.41
786.149851382,431.41
786.172985968,431.79
786.196030921,431.79
786.218989409,431.79
786.242645377,431.79
786.265677690,431.67
786.288702835,431.67
786.312016591,431.67
786.335394827,431.67
786.358530565,431.67
786.381542686,431.64
786.404566551,431.64
786.427663216,431.64
786.451335440,431.64
786.474721645,430.92
786.497777126,430.92
786.520698430,430.92
786.543672854,430.92
786.566770320,430.60
786.589783529,430.60
786.612781249,430.60
786.635880667,430.60
786.658880595,430.60
786.681642761,431.18
786.704412735,431.18
786.727299543,431.18
786.750224302,431.18
786.773144870,431.33
786.796130879,431.33
786.818945429,431.33
786.841826828,431.33
786.864704100,430.82
786.887642588,430.82
786.910583572,430.82
786.934403253,430.82
786.957959508,430.82
786.980952140,430.90
787.003757347,430.90
787.026668570,430.90
787.049642834,430.90
787.072769644,431.26
787.095963687,431.26
787.119297731,431.26
787.142454845,431.26
787.165584727,431.26
787.188584496,430.61
787.211567560,430.61
787.234482464,430.61
787.257561241,430.61
787.280809397,430.44
787.304117841,430.44
787.327228010,430.44
787.350834186,430.44
787.373742209,430.36
787.396759194,430.36
787.419713202,430.36
787.442551241,430.36
787.466243145,430.36
787.489459876,430.67
787.512544830,430.67
787.535622519,430.67
787.559188406,430.67
787.582161934,430.88
787.605043206,430.88
787.628080639,430.88
787.657604606,430.88
787.680434485,431.04
787.703367949,431.04
787.726280388,431.04
787.749128219,431.04
787.772217557,430.79
787.795171597,430.79
787.818301447,430.79
787.841234271,430.79
787.864305816,430.79
787.887184368,430.87
787.910019815,430.87
787.932822845,430.87
787.956071736,430.87
787.979217459,430.31
788.002359597,430.31
788.025216708,430.31
788.048095675,430.31
788.071245654,430.31
788.094132493,430.14
788.117043205,430.14
788.139841947,430.14
788.163538075,430.14
788.186580244,430.55
788.209284746,430.55
788.232078112,430.55
788.255024728,430.55
788.277937136,431.19
788.300720230,431.19
788.323733471,431.19
788.346740472,431.19
788.369669584,431.19
788.392623336,430.89
788.415466015,430.89
788.438765019,430.89
788.461597234,430.89
788.484476681,431.34
788.507488738,431.34
788.530275448,431.34
788.553126928,431.34
788.576126824,431.34
788.598782045,431.29
788.621519699,431.29
788.644591693,431.29
788.667689670,431.29
788.690458173,431.18
788.713444565,431.18
788.736310348,431.18
788.759364454,431.18
788.782359070,431.71
788.805484216,431.71
788.828642195,431.71
788.851714412,431.71
788.874741381,431.71
788.897500059,431.85
788.920258065,431.85
788.943665966,431.85
788.966967402,431.85
788.990410600,432.17
789.013546754,432.17
789.036503578,432.17
789.059634420,432.17
789.082685390,432.58
789.105750823,432.58
789.128850913,432.58
789.152148733,432.58
789.175396120,432.58
789.198373521,432.46
789.221463338,432.46
789.245454318,432.46
789.268575304,432.46
789.291524416,432.04
789.314816220,432.04
789.337991735,432.04
789.360929839,432.04
789.383968136,432.04
789.406853791,431.36
789.429767287,431.36
789.453504888,431.36
789.476775348,431.36
789.500048527,430.67
789.523070248,430.67
789.546019841,430.67
789.569298588,430.67
789.592229044,430.58
789.615284814,430.58
789.638488233,430.58
789.662060104,430.58
789.685339363,430.58
789.708853666,430.17
789.732031612,430.17
789.757550288,430.17
789.780646666,430.17
789.803967750,429.80
789.827196386,429.80
789.850977987,429.80
789.873843450,429.80
789.896789618,429.31
789.919760523,429.31
789.942752580,429.31
789.965719100,429.31
789.988760565,429.31
790.011845487,429.06
790.034604485,429.06
790.057513725,429.06
790.080560726,429.06
790.103493934,428.44
790.126493511,428.44
790.149478079,428.44
790.172520313,428.44
790.195685043,428.27
790.218686316,428.27
790.241669925,428.27
790.264562876,428.27
790.287699446,428.27
790.310663375,428.26
790.333720584,428.26
790.356915619,428.26
790.380195199,428.26
790.403286713,429.09
790.426437875,429.09
790.449384620,429.09
790.472621351,429.09
790.496001764,429.29
790.519386625,429.29
790.542644349,429.29
790.565658102,429.29
790.588717711,429.29
790.611437349,429.46
790.634617792,429.46
790.657848763,429.46
790.681229720,429.46
790.704372850,429.48
790.727391563,429.48
790.750358724,429.48
790.773203771,429.48
790.797708676,429.44
790.820829310,429.44
790.843825271,429.44
790.866900177,429.44
790.890302350,429.44
790.913447496,429.90
790.936492706,429.90
790.959675100,429.90
790.982990425,429.90
791.006234388,430.27
791.029378894,430.27
791.052255142,430.27
791.075236735,430.27
791.098355033,430.72
791.121385970,430.72
791.144710030,430.72
791.167916841,430.72
791.191007043,430.72
791.213972540,430.72
791.237112662,430.72
791.261015545,430.72
791.284135763,430.72
791.307043243,430.50
791.330091748,430.50
791.352895067,430.50
791.375824243,430.50
791.398735819,430.50
791.421566850,430.44
791.444349976,430.44
791.467353201,430.44
791.490340138,430.44
791.513215138,430.18
791.536088377,430.18
791.558717614,430.18
791.581588454,430.18
791.604629183,430.33
791.627579799,430.33
791.650751090,430.33
791.673644202,430.33
791.696561922,430.33
791.719313624,430.30
791.742231504,430.30
791.766105458,430.30
791.789093355,430.30
791.812110948,430.45
791.835229694,430.45
791.858201079,430.45
791.880986702,430.45
791.904035207,430.45
791.927307523,430.75
791.950317532,430.75
791.974519298,430.75
791.997659196,430.75
792.020583988,430.44
792.043508492,430.44
792.066629446,430.44
792.090022980,430.44
792.113147998,430.03
792.136330489,430.03
792.159394962,430.03
792.182445420,430.03
792.205536294,430.03
792.228579743,430.18
792.251590104,430.18
792.274555441,430.18
792.297831244,430.18
792.320718916,430.29
792.343621756,430.29
792.366515540,430.29
792.389446860,430.29
792.412462149,430.70
792.435513887,430.70
792.458697274,430.70
792.481683283,430.70
792.504733260,430.70
792.527664932,430.99
792.550681277,430.99
792.573642742,430.99
792.596740176,430.99
792.619642376,430.76
792.642676481,430.76
792.665646778,430.76
792.688515505,430.76
792.711417289,430.91
792.734472451,430.91
792.757422651,430.91
792.780825561,430.91
792.804102869,430.91
792.827230703,430.72
792.850163975,430.72
792.873167968,430.72
792.896362139,430.72
792.919345780,430.74
792.942608112,430.74
792.965783915,430.74
792.988994534,430.74
793.012146816,430.74
793.035318139,430.59
793.058512182,430.59
793.081467599,430.59
793.104754155,430.59
793.127942214,431.26
793.151457925,431.26
793.174665472,431.26
793.198050877,431.26
793.221047894,431.26
793.244315218,431.26
793.267363787,431.26
793.290502534,431.26
793.313773314,431.26
793.336953789,431.46
793.359995222,431.46
793.382947471,431.46
793.405900327,431.46
793.428876768,431.09
793.451829144,431.09
793.474814225,431.09
793.498269327,431.09
793.521316681,430.92
793.544255329,430.92
793.567134713,430.92
793.590157170,430.92
793.613309325,430.92
793.636293798,431.00
793.659319071,431.00
793.682618811,431.00
793.705605876,431.00
793.728578445,430.84
793.751475621,430.84
793.774206427,430.84
793.797200372,430.84
793.820247149,431.04
793.843533641,431.04
793.866620963,431.04
793.889764094,431.04
793.912812631,431.04
793.935669327,430.97
793.958678216,430.97
793.981527487,430.97
794.004745851,430.97
794.027644723,431.15
794.050594539,431.15
794.073159968,431.15
794.096110776,431.15
794.119168786,431.15
794.142071722,431.00
794.164868833,431.00
794.187938874,431.00
794.211234007,431.00
794.234330609,430.76
794.257283785,430.76
794.280277922,430.76
794.303326460,430.76
794.326300725,430.84
794.349335470,430.84
794.372622922,430.84
794.395740901,430.84
794.418690397,430.84
794.441650230,430.77
794.464645199,430.77
794.487727977,430.77
794.510914500,430.77
794.534194880,430.70
794.557395355,430.70
794.580457973,430.70
794.603481326,430.70
794.626546792,430.26
794.649710723,430.26
794.672885022,430.26
794.696102329,430.26
794.719498455,430.26
794.742420015,430.61
794.765477417,430.61
794.789171209,430.61
794.812411429,430.61
794.835331709,430.44
794.858648730,430.44
794.882009943,430.44
794.905090513,430.44
794.928114026,430.16
794.951045091,430.16
794.973672312,430.16
794.997403641,430.16
795.020554771,430.16
795.044057842,430.40
795.067268973,430.40
795.091243185,430.40
795.114505677,430.40
795.137544294,430.38
795.160697089,430.38
795.183999421,430.38
795.207401211,430.38
795.230613494,430.62
795.253622447,430.62
795.276574952,430.62
795.299692770,430.62
795.322785597,430.62
795.345999672,430.69
795.369230260,430.69
795.392254157,430.69
795.415112997,430.69
795.438082366,430.92
795.461069527,430.92
795.484216529,430.92
795.507409837,430.92
795.530564775,430.92
795.553424447,431.52
795.576245622,431.52
795.599149646,431.52
795.622505227,431.52
795.645428516,431.34
795.668405565,431.34
795.691555575,431.34
795.714519504,431.34
795.737313159,431.61
795.760188671,431.61
795.782980342,431.61
795.805801357,431.61
795.828713029,431.61
795.851503036,431.80
795.874793176,431.80
795.898224182,431.80
795.921223823,431.80
795.944077287,431.58
795.967041696,431.58
795.989896407,431.58
796.012900656,431.58
796.036160972,431.12
796.059176838,431.12
796.081859324,431.12
796.105619133,431.12
796.128682935,431.12
796.151651856,431.09
796.174501767,431.09
796.197704834,431.09
796.221059903,431.09
796.244090265,431.17
796.267146643,431.17
796.290260781,431.17
796.313351271,431.17
796.336582787,431.17
796.359426555,430.70
796.382944505,430.70
796.406052852,430.70
796.429357648,430.70
796.452402282,430.79
796.475506852,430.79
796.498568510,430.79
796.522267903,430.79
796.545612412,430.38
796.568985497,430.38
796.591805201,430.38
796.614729833,430.38
796.637701186,430.38
796.660601882,430.54
796.683536178,430.54
796.706623469,430.54
796.729851560,430.54
796.752674560,429.72
796.775632664,429.72
796.798470320,429.72
796.821377416,429.72
796.844489890,429.62
796.867435003,429.62
796.890554070,429.62
796.913619344,429.62
796.936484967,429.62
796.959239390,429.97
796.982199767,429.97
797.005812951,429.97
797.028678670,429.97
797.051616839,430.20
797.074958340,430.20
797.098096126,430.20
797.121026455,430.20
797.144814041,430.18
797.167985716,430.18
797.191169007,430.18
797.214344330,430.18
797.237685031,430.18
797.260882210,429.67
797.284018493,429.67
797.307679454,429.67
797.330743608,429.67
797.353738097,430.16
797.376948908,430.16
797.400180456,430.16
797.423412548,430.16
797.446631968,430.07
797.469783354,430.07
797.492788180,430.07
797.516289971,430.07
797.539373357,430.07
797.562396518,430.57
797.585606562,430.57
797.608806717,430.57
797.631762358,430.57
797.654758415,430.07
797.677808809,430.07
797.700782530,430.07
797.724019934,430.07
797.747112184,430.07
797.770331764,430.42
797.793380750,430.42
797.816357767,430.42
797.839496834,430.42
797.862558716,430.52
797.885678070,430.52
797.908740464,430.52
797.932126094,430.52
797.955350665,429.97
797.978450788,429.97
798.001226715,429.97
798.024322229,429.97
798.047577521,429.97
798.070590250,429.94
798.093857190,429.94
798.117118819,429.94
798.140795395,429.94
798.163942718,430.12
798.186945111,430.12
798.210282676,430.12
798.233378639,430.12
798.256647947,430.19
798.280074985,430.19
798.303084354,430.19
798.326098812,430.19
798.349032148,430.19
798.372031694,430.14
798.395043431,430.14
798.417897887,430.14
798.441166651,430.14
798.464230933,429.89
798.487123021,429.89
798.510008422,429.89
798.532612987,429.89
798.555523891,429.72
798.578401931,429.72
798.601487461,429.72
798.624729985,429.72
798.647627514,429.72
798.672202692,430.20
798.695300510,430.20
798.719142945,430.20
798.742427869,430.20
798.765410550,430.57
798.788901877,430.57
798.811996335,430.57
798.835128746,430.57
798.858383078,430.54
798.881399712,430.54
798.904431770,430.54
798.927666165,430.54
798.951232629,430.54
798.974348623,431.08
798.997418890,431.08
799.021120843,431.08
799.044101092,431.08
799.066898555,430.76
799.089885940,430.76
799.112934478,430.76
799.135833574,430.76
799.158886016,430.76
799.181760184,431.03
799.204661808,431.03
799.227543592,431.03
799.250587682,431.03
799.273444570,430.90
799.296578293,430.90
799.319438797,430.90
799.342118819,430.90
799.365085788,430.94
799.388103541,430.94
799.410915661,430.94
799.433943687,430.94
799.456992417,430.94
799.479879481,430.81
799.502858034,430.81
799.525760138,430.81
799.548493537,430.81
799.571451546,430.65
799.594419859,430.65
799.617458733,430.65
799.640519399,430.65
799.666057372,430.81
799.689181910,430.81
799.711878060,430.81
799.734960007,430.81
799.758110082,430.81
799.781258781,430.52
799.804501209,430.52
799.827564307,430.52
799.850658029,430.52
799.873800392,430.51
799.896889187,430.51
799.919878588,430.51
799.943051959,430.51
799.966292691,430.33
799.989425582,430.33
800.012523145,430.33
800.035603555,430.33
800.058648221,430.33
800.081582166,429.75
800.104546543,429.75
800.127446855,429.75
800.150658979,429.75
800.173986944,429.60
800.196996697,429.60
800.219801488,429.60
800.249257104,429.60
800.272416267,426.96
800.295606694,426.96
800.318781058,426.96
800.342036510,426.96
800.365391963,426.96
800.388442645,426.27
800.411368174,426.27
800.434400968,426.27
800.457289472,426.27
800.480489692,426.79
800.503666167,426.79
800.526678481,426.79
800.549769067,426.79
800.572918854,426.45
800.596119426,426.45
800.619200092,426.45
800.642314775,426.45
800.666161690,426.45
800.689089202,426.34
800.712510865,426.34
800.735576267,426.34
800.758647109,426.34
800.781668255,425.97
800.804645080,425.97
800.827893716,425.97
800.851075344,425.97
800.874546414,425.84
800.897936012,425.84
800.921052903,425.84
800.944134113,425.84
800.967059545,425.84
800.989986034,425.21
801.013106093,425.21
801.036272200,425.21
801.059790951,425.21
801.082961155,425.36
801.105866779,425.36
801.128769012,425.36
801.151619403,425.36
801.174414307,425.25
801.197217338,425.25
801.220112946,425.25
801.244239000,425.25
801.267495796,425.25
801.290525262,427.72
801.313579976,427.72
801.336471457,427.72
801.359738653,427.72
801.383138651,428.14
801.406492504,428.14
801.429550163,428.14
801.452671597,428.14
801.475798664,428.14
801.499076485,427.86
801.522148511,427.86
801.545842720,427.86
801.569164925,427.86
801.591965813,427.96
801.614629995,427.96
801.637519555,427.96
801.660807840,427.96
801.683802681,427.70
801.707162807,427.70
801.730310802,427.70
801.753296139,427.70
801.776464550,427.70
801.799594209,428.23
801.822807901,428.23
801.845952088,428.23
801.869379766,428.23
801.892629235,428.64
801.915727405,428.64
801.938924521,428.64
801.961964579,428.64
801.984975837,429.00
802.007952886,429.00
802.030861295,429.00
802.053828392,429.00
802.076647423,429.00
802.099431894,429.44
802.122302959,429.44
802.145330856,429.44
802.168287714,429.44
802.191184954,429.77
802.214368950,429.77
802.237226029,429.77
802.260083174,429.77
802.283120063,429.91
802.305847478,429.91
802.328614733,429.91
802.357431366,429.91
802.380538049,429.91
802.403637435,430.16
802.426613141,430.16
802.450138100,430.16
802.473064013,430.16
802.496249224,430.38
802.519469924,430.38
802.542572255,430.38
802.565834684,430.38
802.588897654,430.32
802.612006737,430.32
802.634894505,430.32
802.658043492,430.32
802.681252704,430.32
802.704526173,430.44
802.728078940,430.44
802.751680316,430.44
802.774662550,430.44
802.797435885,430.16
802.820447975,430.16
802.843239710,430.16
802.866390009,430.16
802.889527380,430.16
802.912684944,429.58
802.935823915,429.58
802.958780644,429.58
802.981719773,429.58
803.004786551,429.26
803.027803473,429.26
803.050810987,429.26
803.074820431,429.26
803.097836073,428.69
803.120890243,428.69
803.143825084,428.69
803.166837590,428.69
803.189941841,428.69
803.213053547,428.40
803.236034533,428.40
803.259339138,428.40
803.282841793,428.40
803.306090749,427.88
803.329164312,427.88
803.352123825,427.88
803.375203147,427.88
803.398273990,427.82
803.421496642,427.82
803.445225347,427.82
803.468015995,427.82
803.491013236,427.82
803.513864653,427.27
803.536656004,427.27
803.559518588,427.27
803.582636631,427.27
803.605775410,427.22
803.628855373,427.22
803.651819046,427.22
803.674900417,427.22
803.698019292,427.14
803.721070230,427.14
803.744388179,427.14
803.767478062,427.14
803.790947340,427.14
803.813826213,427.14
803.836586460,427.14
803.860184700,427.14
803.883403096,427.14
803.906596084,427.35
803.929506668,427.35
803.952620295,427.35
803.975635585,427.35
803.998642715,427.35
804.021490771,426.73
804.044295946,426.73
804.067102722,426.73
804.089967034,426.73
804.112963476,427.12
804.136324913,427.12
804.159257258,427.12
804.182122179,427.12
804.205047611,427.23
804.228104886,427.23
804.251105807,427.23
804.274193322,427.23
804.297271588,427.23
804.320557985,427.54
804.343619132,427.54
804.366464116,427.54
804.389599407,427.54
804.412630825,427.48
804.435747940,427.48
804.458939552,427.48
804.482146076,427.48
804.505324600,427.48
804.528361490,427.95
804.551370475,427.95
804.574399589,427.95
804.597478880,427.95
804.620405401,428.04
804.643353106,428.04
804.667337975,428.04
804.690435377,428.04
804.713435499,427.65
804.736552102,427.65
804.759613345,427.65
804.782582746,427.65
804.805771222,427.65
804.829044370,427.83
804.852003564,427.83
804.874790595,427.83
804.897799165,427.83
804.920635253,427.86
804.943431564,427.86
804.966192644,427.86
804.989656130,427.86
805.012817630,428.72
805.036222716,428.72
805.059258262,428.72
805.082353937,428.72
805.105407691,428.72
805.128387781,428.42
805.151731906,428.42
805.174713788,428.42
805.197861591,428.42
805.220812400,428.41
805.243872203,428.41
805.266755011,428.41
805.289785597,428.41
805.313249308,428.61
805.336463128,428.61
805.359405969,428.61
805.382329834,428.61
805.405464197,428.61
805.428552288,429.21
805.451608763,429.21
805.474696405,429.21
805.497947826,429.21
805.521115917,428.72
805.544653997,428.72
805.567767176,428.72
805.590692801,428.72
805.613924669,428.80
805.637063961,428.80
805.660451287,428.80
805.683650899,428.80
805.706805774,428.80
805.729800520,428.93
805.752855906,428.93
805.776123935,428.93
805.799293979,428.93
805.822554711,428.68
805.845772115,428.68
805.868793965,428.68
805.891847976,428.68
805.914805441,428.78
805.937665849,428.78
805.960412688,428.78
805.983399690,428.78
806.006563366,428.78
806.029470462,428.55
806.052287286,428.55
806.075135630,428.55
806.098270122,428.55
806.121270915,428.81
806.144470239,428.81
806.167392472,428.81
806.190493107,428.81
806.213805552,428.81
806.236903051,428.56
806.260009382,428.56
806.283139873,428.56
806.306501023,428.56
806.329630042,427.94
806.352868599,427.94
806.376072499,427.94
806.399672979,427.94
806.422794767,427.83
806.445900618,427.83
806.468863459,427.83
806.491697819,427.83
806.514774070,427.83
806.538008562,428.05
806.560955499,428.05
806.583865764,428.05
806.607560966,428.05
806.630589376,427.82
806.653700763,427.82
806.676733301,427.82
806.699876817,427.82
806.723161326,427.60
806.746225064,427.60
806.769386052,427.60
806.792554943,427.60
806.815674683,427.60
806.838714357,427.92
806.861858928,427.92
806.885234894,427.92
806.908487947,427.92
806.931543685,427.85
806.954552991,427.85
806.977617594,427.85
807.000571443,427.85
807.023867504,427.88
807.046821418,427.88
807.069935461,427.88
807.092954271,427.88
807.115944217,427.88
807.138798385,427.59
807.161661193,427.59
807.185003399,427.59
807.207673309,427.59
807.230455092,427.69
807.253472558,427.69
807.276361255,427.69
807.299193727,427.69
807.322031639,427.69
807.344698062,427.61
807.367575558,427.61
807.390491167,427.61
807.414239297,427.61
807.437476510,427.45
807.460656218,427.45
807.483567539,427.45
807.506601709,427.45
807.529688104,427.31
807.552876388,427.31
807.575802973,427.31
807.599077146,427.31
807.622790331,427.31
807.646425788,427.36
807.671837136,427.36
807.695679411,427.36
807.718759022,427.36
807.741787880,427.49
807.765019301,427.49
807.788243137,427.49
807.811409501,427.49
807.834302582,426.95
807.857338704,426.95
807.880536972,426.95
807.903750056,426.95
807.926928836,426.95
807.950156161,427.04
807.973299228,427.04
807.996456376,427.04
808.019758901,427.04
808.042767855,426.98
808.065688936,426.98
808.088604737,426.98
808.112261826,426.98
808.135432958,426.95
808.158556025,426.95
808.181786678,426.95
808.204656462,426.95
808.227863978,426.95
808.250888964,426.94
808.273748829,426.94
808.296854008,426.94
808.320515705,426.94
808.343758966,426.58
808.366795184,426.58
808.389727497,426.58
808.412748708,426.58
808.435884575,427.13
808.459022650,427.13
808.482103957,427.13
808.505504692,427.13
808.528721488,427.13
808.551742634,426.74
808.574578883,426.74
808.597439963,426.74
808.620329780,426.74
808.650367706,426.64
808.673381140,426.64
808.697159255,426.64
808.720370579,426.64
808.743465902,426.67
808.766270726,426.67
808.789167359,426.67
808.812348699,426.67
808.835390549,426.86
808.858849364,426.86
808.881920047,426.86
808.904820264,426.86
808.928001348,426.86
808.951018270,426.73
808.974146681,426.73
808.997180788,426.73
809.020354928,426.73
809.043705453,426.77
809.066460357,426.77
809.089228604,426.77
809.112172885,426.77
809.135024430,426.77
809.157881638,427.03
809.180658014,427.03
809.203501910,427.03
809.227392666,427.03
809.250294643,426.78
809.273224620,426.78
809.295999171,426.78
809.318957181,426.78
809.341845334,426.93
809.364745455,426.93
809.388122829,426.93
809.411271305,426.93
809.434360548,426.93
809.457495391,426.51
809.480788540,426.51
809.503750902,426.51
809.526997459,426.51
809.550252080,426.93
809.573457132,426.93
809.596495270,426.93
809.619513889,426.93
809.642762429,427.02
809.666526144,427.02
809.689412376,427.02
809.712466963,427.02
809.735529838,427.02
809.758853003,427.18
809.782008103,427.18
809.805004225,427.18
809.828014491,427.18
809.850984981,427.41
809.873732044,427.41
809.896647941,427.41
809.919695808,427.41
809.942836860,427.41
809.965960791,427.24
809.988631981,427.24
810.012131309,427.24
810.035225288,427.24
810.058190082,427.37
810.081133595,427.37
810.104392536,427.37
810.127950872,427.37
810.150921106,427.22
810.173861739,427.22
810.196972550,427.22
810.220042433,427.22
810.242941850,427.22
810.265777938,427.71
810.289194257,427.71
810.312448398,427.71
810.335680523,427.71
810.358654884,427.47
810.381824672,427.47
810.404814106,427.47
810.427721715,427.47
810.450794510,427.89
810.474111052,427.89
810.497168743,427.89
810.520200417,427.89
810.543207227,427.89
810.566084564,427.60
810.588941869,427.60
810.611980231,427.60
810.635129955,427.60
810.658246014,427.47
810.681125783,427.47
810.703943407,427.47
810.726771719,427.47
810.757104081,426.97
810.780255533,426.97
810.803475370,426.97
810.826737958,426.97
810.849852898,426.97
810.872988925,426.46
810.896101977,426.46
810.919256244,426.46
810.942337775,426.46
810.965578220,426.58
810.988469317,426.58
811.011620769,426.58
811.034902462,426.58
811.057888088,426.31
811.080996595,426.31
811.104015918,426.31
811.126989255,426.31
811.149896801,426.31
811.173035644,426.69
811.196085463,426.69
811.219015568,426.69
811.241986698,426.69
811.264597568,426.29
811.287427352,426.29
811.310256400,426.29
811.333236362,426.29
811.356608169,426.79
811.379465761,426.79
811.402263609,426.79
811.425263347,426.79
811.448355503,426.79
811.471443754,426.93
811.494564133,426.93
811.517741569,426.93
811.541176096,426.93
811.564308476,427.24
811.587437399,427.24
811.610419569,427.24
811.633459948,427.24
811.656494694,427.24
811.679606178,427.24
811.702787806,427.24
811.726012539,427.24
811.748974004,427.24
811.772022511,427.06
811.797506500,427.06
811.820387933,427.06
811.843342935,427.06
811.866369905,427.85
811.889644206,427.85
811.912640521,427.85
811.935717572,427.85
811.958795999,428.21
811.981783353,428.21
812.004887988,428.21
812.027974351,428.21
812.051258188,428.21
812.074395432,428.29
812.097404322,428.29
812.121352583,428.29
812.144469154,428.29
812.167442972,428.23
812.190523543,428.23
812.213426192,428.23
812.236887695,428.23
812.259958602,428.04
812.282901476,428.04
812.305653755,428.04
812.329258748,428.04
812.352469657,428.04
812.375469779,428.08
812.398727728,428.08
812.422013229,428.08
812.445308203,428.08
812.468309733,427.87
812.491270431,427.87
812.514226873,427.87
812.537330292,427.87
812.560492112,427.87
812.583668780,427.87
812.606746567,427.87
812.629688673,427.87
812.652761372,427.87
812.675770422,428.10
812.698865457,428.10
812.721838571,428.10
812.744927463,428.10
812.768148739,428.81
812.791193790,428.81
812.814242201,428.81
812.837244499,428.81
812.860301966,428.81
812.883269352,428.44
812.906661670,428.44
812.929510111,428.44
812.952289015,428.44
812.975149999,428.13
812.998006024,428.13
813.020634654,428.13
813.043454678,428.13
813.066645235,427.91
813.089797327,427.91
813.112674375,427.91
813.135804579,427.91
813.158896286,427.91
813.181705143,428.08
813.204813170,428.08
813.227800556,428.08
813.250934920,428.08
813.273746304,428.40
813.296798779,428.40
813.319616339,428.40
813.342348458,428.40
813.365522087,428.40
813.388670499,428.23
813.411948288,428.23
813.435134652,428.23
813.458596156,428.23
813.481478613,428.45
813.504379662,428.45
813.527370984,428.45
813.550522148,428.45
813.573522046,428.35
813.596289014,428.35
813.619084494,428.35
813.642073736,428.35
813.666465202,428.35
813.689630190,428.08
813.713254095,428.08
813.736544108,428.08
813.760245422,428.08
813.783161960,427.90
813.806336868,427.90
813.829389695,427.90
813.852342360,427.90
813.875763799,427.72
813.898946996,427.72
813.922084079,427.72
813.947369091,427.72
813.970384221,427.72
813.993280534,428.30
814.016415058,428.30
814.039617806,428.30
814.063109742,428.30
814.086068136,428.28
814.109015458,428.28
814.132060668,428.28
814.155074039,428.28
814.178297620,428.02
814.201453040,428.02
814.225007824,428.02
814.248037291,428.02
814.271248103,428.02
814.294331778,427.71
814.317307837,427.71
814.340161077,427.71
814.363214096,427.71
814.386391372,428.20
814.409607081,428.20
814.432493666,428.20
814.455303643,428.20
814.478489751,428.00
814.501332176,428.00
814.524249065,428.00
814.547212803,428.00
814.570323103,428.00
814.593375482,427.66
814.616592694,427.66
814.640047350,427.66
814.665477706,427.66
814.688615206,427.72
814.711726466,427.72
814.734893598,427.72
814.758043546,427.72
814.781227222,427.67
814.804282097,427.67
814.827124170,427.67
814.850050819,427.67
814.873002781,427.67
814.895810134,428.10
814.918788688,428.10
814.950144453,428.10
814.973363426,428.10
814.996691392,427.37
815.019719770,427.37
815.043176442,427.37
815.066374774,427.37
815.089428465,427.47
815.112813872,427.47
815.135772042,427.47
815.158817956,427.47
815.181857727,427.09
815.204846777,427.09
815.227675218,427.09
815.251430164,427.09
815.274620913,427.09
815.297645324,427.06
815.320568165,427.06
815.343583200,427.06
815.366786172,427.06
815.389792343,426.89
815.412409549,426.89
815.435623594,426.89
815.458703845,426.89
815.481801409,426.89
815.505026270,426.82
815.528192218,426.82
815.551401814,426.82
815.574737301,426.82
815.597845392,426.90
815.621145134,426.90
815.644438379,426.90
815.668013452,426.90
815.690983366,426.58
815.713797311,426.58
815.736707768,426.58
815.759606673,426.58
815.782478954,426.58
815.805679431,426.70
815.828864739,426.70
815.851798365,426.70
815.874701590,426.70
815.897512559,426.35
815.920562186,426.35
815.943398082,426.35
815.966426557,426.35
815.989787643,426.98
816.012755958,426.98
816.035736624,426.98
816.058894700,426.98
816.082059304,426.98
816.105160932,427.07
816.128292863,427.07
816.152400390,427.07
816.175474561,427.07
816.198371387,427.48
816.221514518,427.48
816.244557265,427.48
816.267653677,427.48
816.290761256,427.94
816.314003782,427.94
816.337255715,427.94
816.360601249,427.94
816.383763101,427.94
816.406894937,427.81
816.429875059,427.81
816.453364147,427.81
816.476282637,427.81
816.499498218,427.47
816.522550021,427.47
816.545284828,427.47
816.568236278,427.47
816.591305490,427.47
816.614391629,427.83
816.637485512,427.83
816.660587588,427.83
816.683736064,427.83
816.706768379,428.24
816.729740277,428.24
816.752694863,428.24
816.776375089,428.24
816.799424076,428.38
816.822445095,428.38
816.845579491,428.38
816.868855104,428.38
816.892136990,428.38
816.915246617,428.44
816.938220532,428.44
816.961279407,428.44
816.984912432,428.44
817.008006956,428.21
817.031203720,428.21
817.057976140,428.21
817.080950374,428.21
817.104179299,427.98
817.127272510,427.98
817.150261049,427.98
817.173355636,427.98
817.196595377,427.98
817.219606348,427.62
817.242492613,427.62
817.266067174,427.62
817.288882271,427.62
817.311694103,427.38
817.334417519,427.38
817.357337640,427.38
817.381013418,427.38
817.403900195,427.44
817.426728220,427.44
817.449428819,427.44
817.472308909,427.44
817.495404968,427.44
817.518594693,428.03
817.541888963,428.03
817.565063487,428.03
817.588148954,428.03
817.611102421,428.41
817.634213520,428.41
817.657174058,428.41
817.680303302,428.41
817.703675077,428.40
817.726566686,428.40
817.749660122,428.40
817.772718933,428.40
817.795738576,428.40
817.818796843,428.60
817.842034120,428.60
817.865065827,428.60
817.888109278,428.60
817.911125593,428.29
817.934112691,428.29
817.956728137,428.29
817.979426113,428.29
818.002321530,428.29
818.025438518,428.63
818.048420336,428.63
818.071947089,428.63
818.097575528,428.63
818.120469025,428.63
818.143339738,428.63
818.166977276,428.63
818.190328410,428.63
818.213584215,428.60
818.236490033,428.60
818.259565036,428.60
818.282541831,428.60
818.305740451,428.41
818.328834559,428.41
818.351795801,428.41
818.375190456,428.41
818.398441493,428.41
818.421324431,428.52
818.444211432,428.52
818.467004384,428.52
818.490272414,428.52
818.512978997,428.48
818.535710957,428.48
818.558811881,428.48
818.581636705,428.48
818.604630588,428.48
818.627497589,427.70
818.650342734,427.70
818.673450762,427.70
818.696354947,427.70
818.719229277,427.37
818.742178199,427.37
818.764742925,427.37
818.787594790,427.37
818.810312669,427.17
818.833330744,427.17
818.856253362,427.17
818.879104683,427.17
818.902182534,427.17
818.924982879,427.25
818.947842840,427.25
818.970436494,427.25
818.993661355,427.25
819.016421539,427.52
819.039380093,427.52
819.062196086,427.52
819.085129711,427.52
819.108122602,427.52
819.130849506,427.28
819.156093557,427.28
819.179000750,427.28
819.202082154,427.28
819.225019780,428.13
819.247802972,428.13
819.271095130,428.13
819.294245078,428.13
819.317354642,428.41
819.340484558,428.41
819.363320007,428.41
819.386421795,428.41
819.409482590,428.41
819.432520473,428.29
819.455713942,428.29
819.478659440,428.29
819.501756652,428.29
819.524602693,428.31
819.547700192,428.31
819.570686363,428.31
819.593756406,428.31
819.617125941,428.45
819.640391507,428.45
819.665785415,428.45
819.688817602,428.45
819.711873246,428.45
819.734810488,428.80
819.757679569,428.80
819.780555594,428.80
819.803780455,428.80
819.826828930,428.67
819.849832765,428.67
819.872642358,428.67
819.895658929,428.67
819.919088880,428.78
819.942223308,428.78
819.965448489,428.78
819.988624806,428.78
820.011793986,428.78
820.034738236,428.68
820.057741687,428.68
820.081100342,428.68
820.104296082,428.68
820.127315789,428.87
820.150669228,428.87
820.173794792,428.87
820.196945636,428.87
820.219978111,428.29
820.243454751,428.29
820.266609915,428.29
820.289566550,428.29
820.312858515,428.29
820.336069073,427.85
820.359174284,427.85
820.383045297,427.85
820.405995307,427.85
820.428646466,428.19
820.451414714,428.19
820.474250131,428.19
820.497442256,428.19
820.520458475,428.19
820.543254787,428.38
820.566114140,428.38
820.588941557,428.38
820.611958032,428.38
820.635050508,428.81
820.658113959,428.81
820.681225315,428.81
820.704181885,428.81
820.726870901,428.67
820.749717134,428.67
820.772405221,428.67
820.795385824,428.67
820.818579388,428.67
820.841576119,429.19
820.864324815,429.19
820.887609709,429.19
820.910803050,429.19
820.933913318,429.07
820.956928289,429.07
820.979772410,429.07
821.002873109,429.07
821.025983441,428.89
821.049066413,428.89
821.072237770,428.89
821.095327109,428.89
821.118464066,428.89
821.141624350,428.77
821.164775674,428.77
821.187764661,428.77
821.210674575,428.77
821.233573192,429.17
821.257393804,429.17
821.280345286,429.17
821.303392706,429.17
821.326698784,429.17
821.349838044,429.23
821.372799446,429.23
821.395574479,429.23
821.418550729,429.23
821.441447491,429.55
821.464449374,429.55
821.487754204,429.55
821.510664566,429.55
821.533652784,429.27
821.556565226,429.27
821.579555493,429.27
821.602540095,429.27
821.625372120,429.27
821.648545813,429.33
821.673142817,429.33
821.696250589,429.33
821.719776862,429.33
821.742789561,429.28
821.766056726,429.28
821.789203891,429.28
821.812333807,429.28
821.835854575,429.02
821.859067757,429.02
821.882201833,429.02
821.905384966,429.02
821.928505026,429.02
821.951532733,429.07
821.974518871,429.07
821.997627123,429.07
822.020981618,429.07
822.044107790,429.18
822.067326699,429.18
822.090314342,429.18
822.113384994,429.18
822.136702144,429.17
822.159708987,429.17
822.182994809,429.17
822.206202134,429.17
822.229276977,429.17
822.252192011,428.57
822.275156358,428.57
822.298858632,428.57
822.321763874,428.57
822.344942847,428.79
822.368051131,428.79
822.390978421,428.79
822.414076881,428.79
822.437093580,428.39
822.460153095,428.39
822.483214627,428.39
822.506455008,428.39
822.529838943,428.39
822.552872282,428.54
822.575876885,428.54
822.599641081,428.54
822.622678644,428.54
822.645656174,428.61
822.668877356,428.61
822.692098377,428.61
822.715402951,428.61
822.738617284,428.16
822.761867298,428.16
822.784724539,428.16
822.808485374,428.16
822.831644315,428.16
822.854596821,428.39
822.878293528,428.39
822.902236765,428.39
822.925287928,428.39
822.948336372,428.13
822.971509072,428.13
822.994614124,428.13
823.017723944,428.13
823.040995814,427.60
823.064265636,427.60
823.087290367,427.60
823.110698398,427.60
823.133766714,427.60
823.156720084,427.92
823.179807408,427.92
823.202807211,427.92
823.226107529,427.92
823.249215077,428.14
823.272276097,428.14
823.295327804,428.14
823.318351447,428.14
823.341114448,428.14
823.364160651,428.29
823.387275431,428.29
823.410584934,428.29
823.433654049,428.29
823.456711869,428.09
823.479671959,428.09
823.502617265,428.09
823.525610540,428.09
823.548812745,428.28
823.572028423,428.28
823.595324709,428.28
823.618441953,428.28
823.641395547,428.28
823.666344940,427.13
823.689588585,427.13
823.712385250,427.13
823.735885122,427.13
823.758902013,425.88
823.782666721,425.88
823.805704476,425.88
823.828336819,425.88
823.851435919,426.30
823.874449194,426.30
823.897587846,426.30
823.920681954,426.30
823.944151362,426.30
823.967271262,426.55
823.990341082,426.55
824.013307701,426.55
824.036317520,426.55
824.059323243,426.92
824.082369254,426.92
824.105698405,426.92
824.128862689,426.92
824.152081375,426.72
824.175181307,426.72
824.198068500,426.72
824.221122736,426.72
824.244186379,426.72
824.267384136,427.20
824.290582022,427.20
824.313853219,427.20
824.337001472,427.20
824.360039227,426.70
824.383172472,426.70
824.406220467,426.70
824.429130989,426.70
824.452273258,426.96
824.475304421,426.96
824.498322976,426.96
824.521286875,426.96
824.544098580,426.96
824.566900205,426.62
824.589740774,426.62
824.612727521,426.62
824.636196801,426.62
824.659194140,427.92
824.682204951,427.92
824.705326227,427.92
824.728452176,427.92
824.751693677,427.92
824.774841066,429.64
824.798123944,429.64
824.821200996,429.64
824.844541442,429.64
824.867523357,429.64
824.890701274,429.64
824.913937816,429.64
824.937496665,429.64
824.961017817,428.57
824.984322200,428.57
825.007341683,428.57
825.030398446,428.57
825.053423658,428.57
825.076235458,428.80
825.099251358,428.80
825.122558076,428.80
825.146105021,428.80
825.169090968,429.11
825.192131379,429.11
825.215069101,429.11
825.238072136,429.11
825.261069411,429.25
825.283898813,429.25
825.307187931,429.25
825.330261719,429.25
825.353296754,429.25
825.376148203,429.42
825.398975845,429.42
825.421850974,429.42
825.450844539,429.42
825.473985111,429.69
825.497133428,429.69
825.519899692,429.69
825.542935688,429.69
825.565822978,430.04
825.588662203,430.04
825.611519892,430.04
825.634655601,430.04
825.657892462,430.04
825.680883785,429.61
825.703884036,429.61
825.726824031,429.61
825.750308511,429.61
825.773105368,429.56
825.796019506,429.56
825.819121934,429.56
825.842155946,429.56
825.865155525,429.24
825.888022526,429.24
825.911010905,429.24
825.933978164,429.24
825.956857773,429.24
825.979865449,430.39
826.002919876,430.39
826.025923455,430.39
826.048965051,430.39
826.072132344,430.08
826.095258260,430.08
826.118409169,430.08
826.141578734,430.08
826.164809995,430.32
826.187787046,430.32
826.210709792,430.32
826.233689947,430.32
826.256737047,430.32
826.279782834,430.16
826.302965391,430.16
826.326314478,430.16
826.349464395,430.16
826.372574343,430.65
826.395618723,430.65
826.418685854,430.65
826.441838235,430.65
826.465102137,430.65
826.488737723,430.46
826.511717206,430.46
826.535254487,430.46
826.558012368,430.46
826.580876329,430.27
826.603640706,430.27
826.626382362,430.27
826.649395893,430.27
826.673382363,430.79
826.696398774,430.79
826.719271536,430.79
826.742399372,430.79
826.765591594,430.79
826.788688198,430.88
826.811832450,430.88
826.834876126,430.88
826.858269373,430.88
826.881254968,431.14
826.904347540,431.14
826.927379408,431.14
826.950457676,431.14
826.973544744,431.12
826.996868775,431.12
827.019938626,431.12
827.042990334,431.12
827.066126875,431.12
827.089275927,431.58
827.112434388,431.58
827.135401711,431.58
827.158681421,431.58
827.181800201,431.54
827.204873093,431.54
827.227805344,431.54
827.250717690,431.54
827.273768214,431.53
827.296712752,431.53
827.319815468,431.53
827.343095403,431.53
827.366254247,431.53
827.389172290,431.07
827.412081052,431.07
827.435711134,431.07
827.458466294,431.07
827.481370544,431.23
827.504329035,431.23
827.527338822,431.23
827.557866612,431.23
827.580798702,431.00
827.603839850,431.00
827.626684771,431.00
827.649859808,431.00
827.673635460,431.00
827.696828833,430.94
827.719806108,430.94
827.742873336,430.94
827.766044725,430.94
827.788830542,430.62
827.811888362,430.62
827.835286857,430.62
827.859101645,430.62
827.882062440,430.60
827.905091267,430.60
827.928083678,430.60
827.951254299,430.60
827.974200438,430.60
827.997359251,430.64
828.020308590,430.64
828.043070662,430.64
828.065998720,430.64
828.088876282,430.36
828.111795797,430.36
828.134485484,430.36
828.157747818,430.36
828.180972008,429.60
828.204022532,429.60
828.227014879,429.60
828.250045722,429.60
828.273276600,429.60
828.296401236,429.59
828.319846005,429.59
828.343430486,429.59
828.366646292,429.59
828.389590638,429.89
828.412646698,429.89
828.435722726,429.89
828.458851395,429.89
828.482052096,430.28
828.505324190,430.28
828.528295929,430.28
828.551303477,430.28
828.574382321,430.28
828.597792400,430.73
828.620616394,430.73
828.643490563,430.73
828.667630091,430.73
828.690704935,430.57
828.713876900,430.57
828.736856895,430.57
828.759844378,430.57
828.783069624,430.57
828.806404119,430.50
828.829639829,430.50
828.853367416,430.50
828.876596950,430.50
828.899788115,430.68
828.922793422,430.68
828.945757353,430.68
828.968836005,430.68
828.991922081,430.67
829.015385537,430.67
829.038499294,430.67
829.061546618,430.67
829.084679318,430.67
829.107902996,430.53
829.130767662,430.53
829.153725192,430.53
829.176959494,430.53
829.200258053,431.27
829.223259584,431.27
829.246412861,431.27
829.269889789,431.27
829.292761751,431.46
829.315629329,431.46
829.338482475,431.46
829.361561351,431.46
829.384744516,431.46
829.407631870,431.16
829.430535128,431.16
829.453465875,431.16
829.476450894,431.16
829.499295816,430.45
829.522205282,430.45
829.545343743,430.45
829.568457115,430.45
829.591433750,429.95
829.614363697,429.95
829.637238091,429.95
829.660181157,429.95
829.683267329,429.95
829.706333309,430.25
829.729506683,430.25
829.753027484,430.25
829.776101528,430.25
829.798841040,430.24
829.821660169,430.24
829.844412674,430.24
829.867316668,430.24
829.890525658,430.24
829.913574838,430.25
829.936314670,430.25
829.959227560,430.25
829.982185955,430.25
830.005053949,430.38
830.028112825,430.38
830.051018419,430.38
830.074133168,430.38
830.097197836,430.28
830.120093190,430.28
830.142827614,430.28
830.165638135,430.28
830.188509009,430.28
830.211550061,430.60
830.234583273,430.60
830.257801350,430.60
830.280726977,430.60
830.303728636,430.45
830.326953018,430.45
830.350129335,430.45
830.373235476,430.45
830.396667956,430.33
830.419974610,430.33
830.443053071,430.33
830.465458787,430.33
830.487668790,430.33
830.509612390,415.30
830.531680439,415.30
830.553801513,415.30
830.575963547,415.30
830.598216206,387.36
830.620408161,387.36
830.642540914,387.36
830.666418775,387.36
830.688475368,387.36
830.733922713,351.13
830.755986378,351.13
830.778187229,351.13
830.800387791,351.13
830.822780356,351.13
830.844925718,323.55
830.867084104,323.55
830.889241466,323.55
830.911891794,323.55
830.934538153,294.83
830.957043583,294.83
830.979629302,294.83
831.002147756,294.83
831.024693858,266.10
831.046982742,266.10
831.069373835,266.10
831.091844288,266.10
831.114182996,266.10
831.136446984,236.75
831.158870045,236.75
831.181253617,236.75
831.203583205,236.75
831.225780952,203.20
831.248070155,203.20
831.270541057,203.20
831.293102072,203.20
831.315542381,203.20
831.337690175,173.41
