timestamp,gpu_power
.000667721,134.44
.023031740,134.44
.045237356,134.44
.069884639,134.44
.092188561,134.42
.114551779,134.42
.136739924,134.42
.158851011,134.42
.180846545,134.42
.202962560,134.38
.225016079,134.38
.246935803,134.38
.269095403,134.38
.291096057,134.38
.313254441,134.38
.335355576,134.38
.357396391,134.38
.379621207,134.38
.401464291,134.39
.423448305,134.39
.445520127,134.39
.467304458,134.39
.489367129,134.37
.511591946,134.37
.533637176,134.37
.555654950,134.37
.577538034,134.37
.599448639,134.38
.621206377,134.38
.643256535,134.38
.665189028,134.38
.687334932,134.38
.709565957,134.37
.731840790,134.37
.753795332,134.37
.775961396,134.37
.797967393,134.40
.820094129,134.40
.842185152,134.40
.864166285,134.40
.886299869,134.40
.908312171,134.39
.930446139,134.39
.952382087,134.39
.974543799,134.39
.996575078,134.44
1.018574931,134.44
1.040721763,134.44
1.062770289,134.44
1.084860640,134.44
1.106947599,134.37
1.131026938,134.37
1.153267787,134.37
1.175438523,134.37
1.197376936,134.38
1.219197075,134.38
1.241258689,134.38
1.263211406,134.38
1.285247900,134.38
1.307365644,134.32
1.329410842,134.32
1.351426472,134.32
1.373546903,134.32
1.396964920,134.16
1.420297816,134.16
1.443637624,134.16
1.466705460,134.16
1.490110581,134.16
1.513726969,134.09
1.537246715,134.09
1.560178326,134.09
1.769108518,134.09
1.818130279,134.00
1.845713921,134.00
1.870223729,134.00
1.894407292,134.00
1.918802507,134.01
1.942711443,134.01
1.966385335,134.01
1.990415073,134.01
2.013999812,134.09
2.037676265,134.09
2.061195147,134.09
2.084493931,134.09
2.107937868,134.13
2.131313997,134.13
2.154865327,134.13
2.178193551,134.13
2.201732754,134.10
2.225311381,134.10
2.248552051,134.10
2.271907635,134.10
2.295438646,134.10
2.318965560,134.10
2.342336761,134.10
2.365514838,134.10
2.388782197,134.10
2.411878674,134.22
2.434977134,134.22
2.458263534,134.22
2.481934098,134.22
2.505412052,134.33
2.528840757,134.33
2.552505497,134.33
2.575721431,134.33
2.599437852,134.39
2.623467526,134.39
2.647537328,134.39
2.670993265,134.39
2.694150126,134.39
2.717077289,134.53
2.739972995,134.53
2.762875868,134.53
2.786037082,134.53
2.809367834,134.53
2.832904348,134.53
2.856275421,134.53
2.879682973,134.53
2.903006013,134.61
2.926340893,134.61
2.949757982,134.61
2.973036605,134.61
2.996033688,134.61
3.019033683,134.44
3.041822156,134.44
3.064552003,134.44
3.087142137,134.44
3.109709998,134.47
3.132934316,134.47
3.156524656,134.47
3.180153843,134.47
3.203995770,134.57
3.231237263,134.57
3.255228216,134.57
3.278953149,134.57
3.302500352,134.57
3.325942209,134.74
3.349469027,134.74
3.373071718,134.74
3.396756363,134.74
3.420289069,134.84
3.443847856,134.84
3.467491764,134.84
3.491128408,134.84
3.514791324,134.87
3.538206429,134.87
3.561414683,134.87
3.584445206,134.87
3.607703829,134.83
3.631213271,134.83
3.655194176,134.83
3.678789603,134.83
3.702173763,134.83
3.725265856,134.72
3.748982596,134.72
3.772184706,134.72
3.796074410,134.72
3.819807855,134.83
3.843627701,134.83
3.867524668,134.83
3.891859882,134.83
3.916001109,134.98
3.939845819,134.98
3.963310397,134.98
3.986357753,134.98
4.009647672,135.19
4.033090329,135.19
4.057386470,135.19
4.081145227,135.19
4.104937681,135.19
4.129129053,134.99
4.154077682,134.99
4.179040072,134.99
4.203793339,134.99
4.228659568,168.42
4.253284161,168.42
4.311033464,168.42
4.334266454,168.42
4.357535285,220.91
4.380508655,220.91
4.403625964,220.91
4.426592039,220.91
4.449408127,261.06
4.472409242,261.06
4.495497590,261.06
4.518448593,261.06
4.542831934,299.01
4.565918875,299.01
4.588793076,299.01
4.611843184,299.01
4.634968044,299.01
4.657963751,334.58
4.680981698,334.58
4.703705306,334.58
4.726665940,334.58
4.749536237,369.56
4.772772620,369.56
4.795579300,369.56
4.818369052,369.56
4.841555930,399.05
4.864549780,399.05
4.887163146,399.05
4.909873313,399.05
4.932922621,399.05
4.956650530,439.09
4.979736510,439.09
5.002555382,439.09
5.025508753,439.09
5.048234568,467.25
5.071122146,467.25
5.094095580,467.25
5.116970581,467.25
5.139987697,467.25
5.163105325,501.91
5.186009031,501.91
5.208796767,501.91
5.231593239,501.91
5.254360910,502.82
5.277108038,502.82
5.299938494,502.82
5.323266878,502.82
5.346104695,493.34
5.369169330,493.34
5.394332363,493.34
5.417079138,493.34
5.440020380,493.34
5.463975652,489.29
5.486957183,489.29
5.509717878,489.29
5.532671953,489.29
5.555511081,485.65
5.578350786,485.65
5.601104825,485.65
5.624542106,485.65
5.647818265,489.02
5.670667730,489.02
5.693357224,489.02
5.716403748,489.02
5.739469664,489.02
5.762909057,496.64
5.785638616,496.64
5.808518225,496.64
5.831500524,496.64
5.855138031,502.20
5.878177867,502.20
5.901087364,502.20
5.924252705,502.20
5.947333373,506.13
5.971274789,506.13
5.994127966,506.13
6.016925366,506.13
6.039967313,506.13
6.063095726,510.54
6.085751780,510.54
6.108422523,510.54
6.131637656,510.54
6.155073849,513.87
6.178222966,513.87
6.201133456,513.87
6.223965896,513.87
6.247130213,517.15
6.270243617,517.15
6.293150171,517.15
6.316102357,517.15
6.339113712,517.15
6.362186732,519.99
6.385242535,519.99
6.408239170,519.99
6.431205820,519.99
6.454354585,523.76
6.477302163,523.76
6.500016714,523.76
6.522654495,523.76
6.546111681,525.96
6.569359135,525.96
6.592192727,525.96
6.615049968,525.96
6.638112460,525.96
6.661278825,526.11
6.684235395,526.11
6.707089979,526.11
6.730538876,526.11
6.754225216,520.67
6.777207419,520.67
6.799955090,520.67
6.822770379,520.67
6.846181707,520.67
6.869341192,518.60
6.892227745,518.60
6.914941880,518.60
6.938154838,518.60
6.961190225,518.26
6.984246572,518.26
7.007182054,518.26
7.030286402,518.26
7.053538977,517.82
7.076970625,517.82
7.099723289,517.82
7.122562609,517.82
7.146127284,517.82
7.169469235,518.73
7.192546671,518.73
7.215374887,518.73
7.238427138,518.73
7.261776194,522.28
7.285019744,522.28
7.308081435,522.28
7.331018741,522.28
7.354522614,529.42
7.378014552,529.42
7.400970514,529.42
7.423757098,529.42
7.446451072,529.42
7.469425722,536.64
7.495131034,536.64
7.518318999,536.64
7.543084586,536.64
7.565977347,544.95
7.589473796,544.95
7.613072487,544.95
7.636449223,544.95
7.659301088,553.27
7.683092485,553.27
7.706278914,553.27
7.729730083,553.27
7.753011042,553.27
7.777133580,561.50
7.800192231,561.50
7.823116833,561.50
7.846615778,561.50
7.869706942,568.69
7.892745593,568.69
7.915368975,568.69
7.939196373,568.69
7.962557940,577.10
7.986039445,577.10
8.008918158,577.10
8.031747783,577.10
8.055147687,577.10
8.078107265,583.64
8.101268958,583.64
8.124392922,583.64
8.147320596,583.64
8.170515153,589.41
8.193741326,589.41
8.216619111,589.41
8.239537825,589.41
8.262613308,594.43
8.286138238,594.43
8.309269946,594.43
8.331995377,594.43
8.355018860,594.43
8.378138088,594.23
8.401480327,594.23
8.424633924,594.23
8.447557437,594.23
8.470521911,594.93
8.494267740,594.93
8.517513914,594.93
8.543337851,594.93
8.566197876,592.84
8.589677461,592.84
8.612688111,592.84
8.635988782,592.84
8.659063978,592.84
8.681868161,592.84
8.704849116,592.84
8.728011608,592.84
8.751900671,592.84
8.774790936,592.16
8.797844659,592.16
8.820834414,592.16
8.844674548,592.16
8.868158069,592.03
8.892317695,592.03
8.915319738,592.03
8.938316244,592.03
8.961615091,592.03
8.985025907,591.97
9.008188304,591.97
9.031138697,591.97
9.054683275,591.97
9.078071531,592.76
9.101515020,592.76
9.124775306,592.76
9.147985287,592.76
9.171015682,596.61
9.195480177,596.61
9.218866448,596.61
9.242268080,596.61
9.265108264,596.61
9.287689789,600.86
9.310763576,600.86
9.334142232,600.86
9.357686234,600.86
9.380719125,604.28
9.403509420,604.28
9.426572999,604.28
9.449565698,604.28
9.473134692,609.01
9.497154764,609.01
9.520093222,609.01
9.544575060,609.01
9.568476155,614.25
9.592541252,614.25
9.616265544,614.25
9.639364804,614.25
9.662293214,614.25
9.685274008,617.84
9.708732408,617.84
9.732002710,617.84
9.755144179,617.84
9.778255407,622.99
9.801461644,622.99
9.824324100,622.99
9.847666915,622.99
9.871271654,626.26
9.894264800,626.26
9.917259835,626.26
9.940256885,626.26
9.963544627,626.26
9.987272664,630.50
10.010639639,630.50
10.033620209,630.50
10.056849967,630.50
10.079859049,633.09
10.103712431,633.09
10.126635625,633.09
10.149473921,633.09
10.172781888,633.65
10.196677734,633.65
10.220234728,633.65
10.243634088,633.65
10.266963014,633.65
10.289737342,633.44
10.312853465,633.44
10.336129464,633.44
10.359618809,633.44
10.382952247,634.30
10.405970130,634.30
10.428797034,634.30
10.452110376,634.30
10.475129795,634.44
10.498917000,634.44
10.521965667,634.44
10.544784699,634.44
10.568059961,634.44
10.591340855,633.73
10.615332959,633.73
10.639892270,633.73
10.663007914,633.73
10.685871426,633.65
10.709125152,633.65
10.732478847,633.65
10.756153891,633.65
10.779310431,633.31
10.802168696,633.31
10.825332820,633.31
10.849024760,633.31
10.872654363,633.31
10.896168444,633.02
10.918806129,633.02
10.941771083,633.02
10.964973576,633.02
10.988147685,633.07
11.011492132,633.07
11.034907396,633.07
11.058036928,633.07
11.081521825,633.34
11.104923488,633.34
11.128199487,633.34
11.151863586,633.34
11.175177312,633.34
11.197972920,635.76
11.221184661,635.76
11.244612373,635.76
11.268004852,635.76
11.291799353,639.19
11.315076439,639.19
11.337890319,639.19
11.360946346,639.19
11.384286601,641.62
11.407805290,641.62
11.431320619,641.62
11.454208996,641.62
11.477461377,641.62
11.500483260,643.79
11.524173887,643.79
11.547505342,643.79
11.571108480,643.79
11.594276413,647.36
11.617128021,647.36
11.641814374,647.36
11.665772909,647.36
11.689283247,649.21
11.713630075,649.21
11.736933369,649.21
11.759836946,649.21
11.782932302,649.21
11.805922184,652.49
11.829095300,652.49
11.852620454,652.49
11.876056870,652.49
11.898998207,655.48
11.921991321,655.48
11.945599164,655.48
11.969122045,655.48
11.992488060,658.59
12.016605958,658.59
12.039810178,658.59
12.062753692,658.59
12.086017242,658.59
12.110443111,661.65
12.134237420,661.65
12.157645068,661.65
12.180661830,661.65
12.203399581,662.36
12.227346084,662.36
12.251080136,662.36
12.274989806,662.36
12.298175659,662.27
12.320932289,662.27
12.344172159,662.27
12.367578878,662.27
12.390849500,663.22
12.414099514,663.22
12.437066483,663.22
12.460090606,663.22
12.483177897,663.22
12.506628489,664.36
12.530458446,664.36
12.554032592,664.36
12.577395727,664.36
12.600255303,663.89
12.623348227,663.89
12.647072135,663.89
12.671086926,663.89
12.694397197,664.81
12.717427943,664.81
12.740642468,664.81
12.763969795,664.81
12.787759016,664.81
12.811102822,664.26
12.834435845,664.26
12.857707299,664.26
12.881002305,664.26
12.904178429,664.41
12.927431675,664.41
12.951117630,664.41
12.974523902,664.41
12.997563192,664.59
13.020479921,664.59
13.044274998,664.59
13.067927833,664.59
13.091249815,664.59
13.114737016,664.62
13.138138232,664.62
13.161053328,664.62
13.184495856,664.62
13.208079410,664.88
13.231549299,664.88
13.254727951,664.88
13.277772938,664.88
13.300711299,666.02
13.323582875,666.02
13.346407762,666.02
13.369325195,666.02
13.392411110,666.02
13.415330175,667.55
13.438972546,667.55
13.462513475,667.55
13.486050820,667.55
13.510036492,669.14
13.533420075,669.14
13.556652648,669.14
13.580309515,669.14
13.603733515,671.53
13.627357709,671.53
13.650914382,671.53
13.674234957,671.53
13.697916112,671.53
13.720881641,673.82
13.743891780,673.82
13.766852061,673.82
13.790310269,673.82
13.813537114,676.12
13.837150268,676.12
13.860543932,676.12
13.883436308,676.12
13.906845908,678.96
13.930110673,678.96
13.953769332,678.96
13.977013105,678.96
14.000699797,678.96
14.024078452,681.39
14.047091470,681.39
14.070260138,681.39
14.093579752,681.39
14.116917863,684.47
14.140747148,684.47
14.163845511,684.47
14.187152005,684.47
14.210150207,687.28
14.234491883,687.28
14.258066285,687.28
14.281274506,687.28
14.305121199,687.28
14.329091606,688.17
14.352069327,688.17
14.375091114,688.17
14.398466505,688.17
14.422164172,689.46
14.445713709,689.46
14.468898281,689.46
14.491991749,689.46
14.514957310,690.04
14.538459551,690.04
14.561757820,690.04
14.585103323,690.04
14.608732509,690.27
14.632568451,690.27
14.655428570,690.27
14.678879674,690.27
14.702351099,690.27
14.725485750,690.63
14.749058328,690.63
14.772372086,690.63
14.795573331,690.63
14.818439339,690.92
14.841622983,690.92
14.865140136,690.92
14.888939820,690.92
14.912227018,690.64
14.935329509,690.64
14.958437377,690.64
14.981912993,690.64
15.005321472,690.64
15.028721728,690.73
15.052360226,690.73
15.075357020,690.73
15.098366646,690.73
15.121266670,690.38
15.145577114,690.38
15.168990393,690.38
15.192386360,690.38
15.215734231,689.70
15.238885715,689.70
15.261968333,689.70
15.285415757,689.70
15.308783372,689.70
15.331951944,690.24
15.355435720,690.24
15.378803719,690.24
15.401938690,690.24
15.425131071,690.50
15.448927171,690.50
15.472018366,690.50
15.495421341,690.50
15.519097696,690.42
15.544583228,690.42
15.567536021,690.42
15.590560047,690.42
15.614245938,690.42
15.637575024,691.45
15.660649771,691.45
15.683584740,691.45
15.707624620,691.45
15.731160013,692.55
15.754628749,692.55
15.778262255,692.55
15.801935442,692.55
15.827076329,694.81
15.850008289,694.81
15.873353888,694.81
15.896989250,694.81
15.920331809,696.20
15.944096741,696.20
15.967823336,696.20
15.990991940,696.20
16.014596198,696.20
16.037876196,697.76
16.061023583,697.76
16.084481663,697.76
16.107934559,697.76
16.131254461,699.35
16.155146883,699.35
16.178582307,699.35
16.201657885,699.35
16.224612822,701.66
16.247979221,701.66
16.271285555,701.66
16.294813299,701.66
16.318665753,701.66
16.341915093,705.19
16.365206355,705.19
16.388176684,705.19
16.412063122,705.19
16.435628467,706.92
16.459170900,706.92
16.482840951,706.92
16.505860529,706.92
16.529410322,709.84
16.552911858,709.84
16.576890105,709.84
16.600439738,709.84
16.624211582,709.84
16.648459657,709.11
16.671785351,709.11
16.695149765,709.11
16.718402434,709.11
16.742007588,709.93
16.765405219,709.93
16.789394634,709.93
16.812824490,709.93
16.836320842,709.43
16.859792010,709.43
16.883748625,709.43
16.907137712,709.43
16.930565391,708.65
16.954282290,708.65
16.977560752,708.65
17.000772972,708.65
17.024090346,708.65
17.047582442,708.96
17.071135563,708.96
17.094366504,708.96
17.118064075,708.96
17.141209831,707.97
17.164557893,707.97
17.187772161,707.97
17.210970142,707.97
17.234335580,707.48
17.257633562,707.48
17.281165018,707.48
17.304374423,707.48
17.327855319,707.48
17.350895345,705.24
17.374846679,705.24
17.398262230,705.24
17.421929817,705.24
17.445860863,703.69
17.469102396,703.69
17.492484730,703.69
17.516198077,703.69
17.539643197,702.34
17.563163997,702.34
17.586679614,702.34
17.610561763,702.34
17.634102500,702.91
17.657601157,702.91
17.680805537,702.91
17.704641286,702.91
17.728187750,702.91
17.751672615,702.94
17.775338825,702.94
17.798220033,702.94
17.821541119,702.94
17.844552760,703.31
17.867939671,703.31
17.891216276,703.31
17.914322319,703.31
17.937658797,706.03
17.961024076,706.03
17.984112614,706.03
18.007544262,706.03
18.031250697,706.03
18.054923019,705.04
18.078465548,705.04
18.101399973,705.04
18.124769283,705.04
18.147897855,707.17
18.172283883,707.17
18.195882188,707.17
18.219543279,707.17
18.242764523,706.28
18.266091433,706.28
18.289108770,706.28
18.312032219,706.28
18.335125301,706.28
18.358711927,706.81
18.382052853,706.81
18.404971181,706.81
18.427953350,706.81
18.450828734,707.54
18.474228764,707.54
18.497436441,707.54
18.520458098,707.54
18.545023105,678.37
18.568252157,678.37
18.591976513,678.37
18.615470689,678.37
18.638960801,678.37
18.662042587,645.25
18.685191574,645.25
18.708202864,645.25
18.731668368,645.25
18.754976813,612.66
18.778337259,612.66
18.801338309,612.66
18.824277501,612.66
18.847900959,575.67
18.870990842,575.67
18.894281591,575.67
18.917478067,575.67
18.940990771,575.67
18.964244368,543.97
18.987693296,543.97
19.010872043,543.97
19.034380076,543.97
19.057415269,511.74
19.081259466,511.74
19.104554472,511.74
19.128448845,511.74
19.151573416,476.87
19.174966279,476.87
19.198025313,476.87
19.220693365,476.87
19.243836401,476.87
19.266969452,444.36
19.290231497,444.36
19.313006015,444.36
19.336597184,444.36
19.359584761,410.36
19.382889046,410.36
19.406125939,410.36
19.430142650,410.36
19.453543129,367.93
19.477654305,367.93
19.500769148,367.93
19.524210715,367.93
19.547775036,367.10
19.572028966,367.10
19.595252994,367.10
19.618195899,367.10
19.641264629,367.10
19.664263406,367.12
19.687361097,367.12
19.710262881,367.12
19.733572094,367.12
19.757076734,367.45
19.780323259,367.45
19.803301652,367.45
19.826613521,367.45
19.849713772,367.45
19.873935126,366.95
19.897313844,366.95
19.920809268,366.95
19.944126066,366.95
19.967657490,367.46
19.990684460,367.46
20.014164843,367.46
20.037914479,367.46
20.061253837,366.79
20.084539562,366.79
20.107639172,366.79
20.130688606,366.79
20.153728280,367.39
20.176840339,367.39
20.199937197,367.39
20.223239018,367.39
20.246537191,367.39
20.269556673,367.32
20.292382744,367.32
20.315813815,367.32
20.338917713,367.32
20.362497554,367.84
20.385775567,367.84
20.409186446,367.84
20.432357865,367.84
20.455794088,367.37
20.479086341,367.37
20.502346690,367.37
20.525662463,367.37
20.551205979,367.37
20.574032338,368.01
20.597152269,368.01
20.620209414,368.01
20.643192479,368.01
20.666413595,367.46
20.689753593,367.46
20.712952597,367.46
20.735920718,367.46
20.759374445,368.15
20.782445383,368.15
20.805619298,368.15
20.828890527,368.15
20.852419872,368.15
20.875763293,367.36
20.899383135,367.36
20.922631931,367.36
20.946102267,367.36
20.969316567,368.36
20.993095963,368.36
21.016447865,368.36
21.039690709,368.36
21.063238070,367.84
21.086145709,367.84
21.109086790,367.84
21.132042622,367.84
21.155107384,367.84
21.178117713,368.10
21.201446479,368.10
21.224617802,368.10
21.247769701,368.10
21.270717373,367.11
21.293818872,367.11
21.316860145,367.11
21.340201519,367.11
21.363875409,368.02
21.387416146,368.02
21.410563597,368.02
21.433965611,368.02
21.457150214,368.02
21.480504484,367.57
21.503650815,367.57
21.527499172,367.57
21.551894288,367.57
21.574966346,368.07
21.597850945,368.07
21.620809082,368.07
21.643749394,368.07
21.666581033,367.64
21.689654723,367.64
21.712765373,367.64
21.736021497,367.64
21.759315671,367.64
21.782588531,367.98
21.805759151,367.98
21.828902378,367.98
21.851770017,367.98
21.875429091,367.83
21.898563901,367.83
21.922079005,367.83
21.945323674,367.83
21.969015996,367.93
21.992345914,367.93
22.015851994,367.93
22.039149719,367.93
22.063655876,367.93
22.086955905,367.46
22.110122588,367.46
22.133287160,367.46
22.156632245,367.46
22.179708687,368.34
22.202764553,368.34
22.226018533,368.34
22.249315490,368.34
22.272591231,368.65
22.295480534,368.65
22.318512751,368.65
22.341327462,368.65
22.364687972,368.65
22.387699069,368.42
22.411343806,368.42
22.434737661,368.42
22.458712963,368.42
22.481988735,368.27
22.505159418,368.27
22.528191988,368.27
22.552325052,368.27
22.576151872,368.43
22.599646496,368.43
22.622918940,368.43
22.646032919,368.43
22.669051536,368.43
22.692022408,368.60
22.715140643,368.60
22.738063995,368.60
22.761471001,368.60
22.784760630,367.79
22.808090483,367.79
22.831149997,367.79
22.854883376,367.79
22.877871337,368.58
22.902273749,368.58
22.925524881,368.58
22.948998096,368.58
22.972190764,368.58
22.996203858,367.95
23.019270092,367.95
23.042979151,367.95
23.066400973,367.95
23.089710506,369.01
23.112942918,369.01
23.135993952,369.01
23.159093050,369.01
23.182140724,368.31
23.205113228,368.31
23.228353608,368.31
23.251725670,368.31
23.275122148,369.14
23.299286637,369.14
23.322228517,369.14
23.345076251,369.14
23.368093236,369.14
23.391591924,368.16
23.414618509,368.16
23.438172429,368.16
23.461652460,368.16
23.485072971,368.31
23.508310983,368.31
23.531957289,368.31
23.555522409,368.31
23.579575344,367.84
23.602938062,367.84
23.626053352,367.84
23.649061761,367.84
23.672113786,367.84
23.695120531,368.80
23.718123372,368.80
23.741169350,368.80
23.764600836,368.80
23.787699166,368.25
23.810711255,368.25
23.833752816,368.25
23.856916107,368.25
23.880177992,369.53
23.903459588,369.53
23.926933060,369.53
23.949835099,369.53
23.973482013,369.53
23.996489749,368.45
24.019937524,368.45
24.043164624,368.45
24.066656240,368.45
24.089906796,369.24
24.113753840,369.24
24.137293584,369.24
24.160643918,369.24
24.184131309,367.81
24.207217831,367.81
24.232514303,367.81
24.255701690,367.81
24.279220601,367.81
24.302500214,369.88
24.325443438,369.88
24.348370469,369.88
24.371843781,369.88
24.394896254,368.39
24.418216475,368.39
24.441382838,368.39
24.464798548,368.39
24.488167922,370.56
24.511646193,370.56
24.534819276,370.56
24.558397388,370.56
24.581705001,370.56
24.605639215,368.67
24.629368369,368.67
24.652633677,368.67
24.675880777,368.67
24.698910402,370.57
24.722000156,370.57
24.744949620,370.57
24.768071215,370.57
24.791224585,369.07
24.814433477,369.07
24.837621088,369.07
24.860933213,369.07
24.884185593,369.07
24.907466421,369.64
24.930358189,369.64
24.953697450,369.64
24.977110920,369.64
25.000633192,370.03
25.023967173,370.03
25.047308962,370.03
25.071126150,370.03
25.094316641,369.94
25.118475754,369.94
25.141901128,369.94
25.165389159,369.94
25.189369197,371.37
25.213347027,371.37
25.236315339,371.37
25.259255299,371.37
25.282310556,371.37
25.305319509,369.42
25.328316685,369.42
25.351328902,369.42
25.374668835,369.42
25.397908927,371.20
25.421110266,371.20
25.444222772,371.20
25.467308494,371.20
25.490992592,371.20
25.514896981,368.92
25.538570006,368.92
25.561933684,368.92
25.585484852,368.92
25.608812593,371.83
25.632194638,371.83
25.655569996,371.83
25.679058091,371.83
25.702288327,369.39
25.726274701,369.39
25.749746124,369.39
25.773018088,369.39
25.796255300,372.12
25.819275229,372.12
25.842309174,372.12
25.865285358,372.12
25.888514665,372.12
25.911500034,370.51
25.934635100,370.51
25.957724374,370.51
25.981191381,370.51
26.004304911,371.92
26.027498186,371.92
26.050382657,371.92
26.073789407,371.92
26.096875897,370.67
26.121065441,370.67
26.144158971,370.67
26.167752444,370.67
26.191162874,370.67
26.214638329,371.24
26.237875924,371.24
26.261255730,371.24
26.284539118,371.24
26.308308241,371.24
26.333128002,371.24
26.356319453,371.24
26.379495352,371.24
26.402555505,371.12
26.425864718,371.12
26.448986696,371.12
26.472154371,371.12
26.495507936,371.12
26.518895485,371.30
26.544463193,371.30
26.567662516,371.30
26.590645356,371.30
26.613997065,369.97
26.637195716,369.97
26.660662435,369.97
26.683907263,369.97
26.707498975,371.96
26.730690202,371.96
26.753631090,371.96
26.776697419,371.96
26.799658787,371.96
26.822780189,363.17
26.845997273,363.17
26.868983441,363.17
26.892316334,363.17
26.915343527,360.24
26.938333247,360.24
26.961542746,360.24
26.984375568,360.24
27.007478922,360.01
27.030543043,360.01
27.053872608,360.01
27.077419872,360.01
27.100483257,360.01
27.124406686,360.14
27.147152691,360.14
27.170302958,360.14
27.193689547,360.14
27.216653763,354.56
27.239711612,354.56
27.262819830,354.56
27.286002129,354.56
27.309250892,349.12
27.332340166,349.12
27.355395039,349.12
27.379546375,349.12
27.402836547,349.12
27.426458596,350.03
27.449909634,350.03
27.473203551,350.03
27.496670941,350.03
27.520053659,348.36
27.545260945,348.36
27.567905029,348.36
27.590830172,348.36
27.613828404,343.13
27.637018319,343.13
27.660397996,343.13
27.683734761,343.13
27.707294345,343.13
27.730486948,338.36
27.753767008,338.36
27.777137790,338.36
27.800729278,338.36
27.824115132,345.90
27.847383608,345.90
27.870648979,345.90
27.894761275,345.90
27.918056887,348.32
27.941721816,348.32
27.965058229,348.32
27.988868697,348.32
28.012365112,348.33
28.036249628,348.33
28.059481399,348.33
28.082701331,348.33
28.105854669,348.33
28.128946887,347.24
28.152195138,347.24
28.175401597,347.24
28.198546296,347.24
28.221748530,352.81
28.244872812,352.81
28.268000358,352.81
28.291025023,352.81
28.314080344,352.81
28.337926587,357.60
28.360829522,357.60
28.383890603,357.60
28.407165895,357.60
28.432786819,355.41
28.455793467,355.41
28.478811604,355.41
28.501782540,355.41
28.524999783,357.74
28.547989823,357.74
28.571121561,357.74
28.594221746,357.74
28.617294763,357.74
28.640359844,363.20
28.663555775,363.20
28.686425302,363.20
28.709817011,363.20
28.733062095,365.91
28.756360971,365.91
28.779791145,365.91
28.803271880,365.91
28.826894504,366.70
28.850548713,366.70
28.874077289,366.70
28.897485063,366.70
28.920976709,366.70
28.944202145,366.20
28.967561118,366.20
28.990841370,366.20
29.014242615,366.20
29.037914489,365.73
29.061392727,365.73
29.084925943,365.73
29.108333428,365.73
29.131979733,367.02
29.155387123,367.02
29.178669039,367.02
29.201783145,367.02
29.225450410,364.81
29.248790215,364.81
29.271761854,364.81
29.294988089,364.81
29.318187892,364.81
29.341333742,366.01
29.364368711,366.01
29.387496417,366.01
29.410622938,366.01
29.433565810,366.36
29.456350535,366.36
29.480542095,366.36
29.503347812,366.36
29.526519007,365.15
29.551950776,365.15
29.574916624,365.15
29.597920040,365.15
29.621076738,365.15
29.643742389,366.14
29.666933328,366.14
29.689788006,366.14
29.712892480,366.14
29.735759062,365.34
29.758644460,365.34
29.781731910,365.34
29.804696765,365.34
29.828005434,365.58
29.851122163,365.58
29.874072971,365.58
29.897101667,365.58
29.920148604,365.58
29.943219477,366.46
29.966350031,366.46
29.989395463,366.46
30.012477569,366.46
30.035447608,364.65
30.058695604,364.65
30.081849998,364.65
30.104934471,364.65
30.128033857,364.71
30.151798755,364.71
30.175623174,364.71
30.198886818,364.71
30.222358240,364.71
30.245663196,365.93
30.269014009,365.93
30.292355894,365.93
30.315708594,365.93
30.339442228,363.84
30.362840241,363.84
30.386036076,363.84
30.409398153,363.84
30.432820455,365.63
30.455912288,365.63
30.479682274,365.63
30.503101120,365.63
30.532730546,366.35
30.555993773,366.35
30.579304234,366.35
30.602516740,366.35
30.625751840,366.35
30.649055132,364.67
30.672367288,364.67
30.695784821,364.67
30.719067665,364.67
30.742216363,366.39
30.765317061,366.39
30.788119994,366.39
30.811204211,366.39
30.834245483,365.38
30.857349765,365.38
30.880363453,365.38
30.903294068,365.38
30.926501551,365.38
30.949337221,365.40
30.972442238,365.40
30.995679961,365.40
31.018830995,365.40
31.041931980,366.98
31.065056838,366.98
31.088071678,366.98
31.111225240,366.98
31.134373394,366.98
31.158763869,365.75
31.182017944,365.75
31.205129330,365.75
31.228877076,365.75
31.252379954,366.16
31.275659374,366.16
31.299023435,366.16
31.322256038,366.16
31.345449472,366.55
31.368727292,366.55
31.391995383,366.55
31.415416725,366.55
31.438734833,364.48
31.462142447,364.48
31.485372969,364.48
31.509111211,364.48
31.532395207,364.48
31.555891206,365.02
31.580753719,365.02
31.604429176,365.02
31.628658784,365.02
31.651566007,365.48
31.674739633,365.48
31.698006829,365.48
31.721343721,365.48
31.744419714,363.73
31.767935841,363.73
31.791033626,363.73
31.814037170,363.73
31.837303853,363.73
31.860249124,365.19
31.883252092,365.19
31.906235700,365.19
31.929140682,365.19
31.952294084,364.55
31.975299004,364.55
31.998242803,364.55
32.021169866,364.55
32.044596136,364.28
32.067823427,364.28
32.090775194,364.28
32.113856083,364.28
32.137122126,364.28
32.160090918,365.83
32.183340289,365.83
32.206275320,365.83
32.229275312,365.83
32.252359496,364.67
32.275244351,364.67
32.298293239,364.67
32.321309295,364.67
32.344556970,364.80
32.367715972,364.80
32.390923326,364.80
32.414170329,364.80
32.437579543,364.80
32.460865138,365.96
32.484301232,365.96
32.507413065,365.96
32.530637636,365.96
32.553923072,364.67
32.577015449,364.67
32.600050193,364.67
32.627706088,364.67
32.651159846,365.74
32.676185081,365.74
32.699637975,365.74
32.722908754,365.74
32.746099148,365.74
32.770574168,365.82
32.793988598,365.82
32.817787160,365.82
32.841214294,365.82
32.864507697,364.75
32.887787117,364.75
32.911431117,364.75
32.934743273,364.75
32.958121670,366.05
32.981557124,366.05
33.004686333,366.05
33.027722901,366.05
33.050756558,366.84
33.074119754,366.84
33.097141154,366.84
33.120023992,366.84
33.143158290,366.84
33.166205514,364.62
33.189187042,364.62
33.212236666,364.62
33.235274930,364.62
33.258356811,365.88
33.281552453,365.88
33.304497116,365.88
33.327539572,365.88
33.350703566,365.88
33.374740916,366.37
33.397960718,366.37
33.421205993,366.37
33.444496069,366.37
33.467685759,365.18
33.490913690,365.18
33.514079092,365.18
33.537238893,365.18
33.560315430,365.92
33.583341118,365.92
33.606472343,365.92
33.629609361,365.92
33.652585896,364.40
33.678144323,364.40
33.701001336,364.40
33.724412085,364.40
33.747816627,364.40
33.771151311,364.95
33.794716142,364.95
33.818436239,364.95
33.841875661,364.95
33.865434124,366.09
33.888757416,366.09
33.912044196,366.09
33.935465441,366.09
33.958923007,364.26
33.982450654,364.26
34.005834458,364.26
34.029289560,364.26
34.052799383,364.26
34.076615289,365.95
34.099920373,365.95
34.123637238,365.95
34.147236822,365.95
34.170563506,366.18
34.193969327,366.18
34.217395949,366.18
34.241136590,366.18
34.264076869,364.77
34.288154923,364.77
34.311135906,364.77
34.334247643,364.77
34.357284659,364.77
34.380154441,366.30
34.403457348,366.30
34.426463004,366.30
34.449442195,366.30
34.472426251,364.55
34.495428642,364.55
34.518458362,364.55
34.541640948,364.55
34.564904367,364.64
34.588096713,364.64
34.611205026,364.64
34.634365660,364.64
34.657764089,364.64
34.681039892,365.73
34.704274991,365.73
34.727544458,365.73
34.750847782,365.73
34.775496499,364.52
34.798608684,364.52
34.821653605,364.52
34.844455321,364.52
34.867637011,365.22
34.890653067,365.22
34.913810117,365.22
34.936953118,365.22
34.959980534,365.22
34.983096943,365.68
35.006037510,365.68
35.029085982,365.68
35.052227063,365.68
35.075297712,363.59
35.098564267,363.59
35.121889415,363.59
35.145515111,363.59
35.169031557,364.82
35.192742374,364.82
35.216047522,364.82
35.239555040,364.82
35.262826267,364.82
35.286134967,365.17
35.309418962,365.17
35.332742318,365.17
35.356044105,365.17
35.379360421,364.68
35.402938756,364.68
35.426492259,364.68
35.450107299,364.68
35.473660226,366.27
35.497403555,366.27
35.520801184,366.27
35.545680209,366.27
35.568752745,366.25
35.592107909,366.25
35.615382209,366.25
35.638839710,366.25
35.662006424,366.25
35.684977711,354.18
35.708208457,354.18
35.732712309,354.18
35.756947997,354.18
35.781333287,375.99
35.805404365,375.99
35.829451187,375.99
35.853781436,375.99
35.877832322,411.76
35.902186572,411.76
35.926362259,411.76
35.950483257,411.76
35.974757730,446.58
35.999067179,446.58
36.022996367,446.58
36.046790097,446.58
36.070601652,482.83
36.095664039,482.83
36.119646892,482.83
36.143734226,482.83
36.167892377,482.83
36.191632986,518.21
36.215104056,518.21
36.238341650,518.21
36.262222806,518.21
36.286207258,554.17
36.309934267,554.17
36.333652604,554.17
36.364267675,586.53
36.399113074,586.53
36.422241195,586.53
36.445703785,586.53
36.469480651,586.53
36.492948424,624.97
36.516535175,624.97
36.540440395,624.97
36.564583314,624.97
36.587904205,662.32
36.611303402,662.32
36.634505188,662.32
36.658942703,662.32
36.682420909,697.80
36.706429170,697.80
36.730064689,697.80
36.753643537,697.80
36.776901675,725.85
36.801039378,725.85
36.830515585,725.85
36.854977676,725.85
36.878979313,725.85
36.902737074,724.42
36.926798040,724.42
36.950284886,724.42
36.974122329,724.42
36.997566806,727.23
37.021598011,727.23
37.045543871,727.23
37.069449923,727.23
37.093215108,725.54
37.117094888,725.54
37.140451236,725.54
37.163862593,725.54
37.187108891,727.66
37.210596089,727.66
37.234197528,727.66
37.257729782,727.66
37.281744251,726.18
37.305762592,726.18
37.329045371,726.18
37.352129716,726.18
37.375393262,726.18
37.398885100,727.30
37.422725839,727.30
37.446234477,727.30
37.470045039,727.30
37.493726351,728.58
37.517070155,728.58
37.540729547,728.58
37.564449452,728.58
37.588473201,727.57
37.612352532,727.57
37.636231671,727.57
37.660326013,727.57
37.684068319,729.69
37.708608331,729.69
37.732158953,729.69
37.755571142,729.69
37.779191237,729.69
37.802561826,727.18
37.826110464,727.18
37.850088613,727.18
37.875454076,727.18
37.898493492,728.68
37.921843087,728.68
37.945185611,728.68
37.969739128,728.68
37.993215221,726.79
38.017610495,726.79
38.041353984,726.79
38.064910015,726.79
38.088458206,729.13
38.112119294,729.13
38.135623868,729.13
38.159751682,729.13
38.183733415,729.13
38.207632426,728.03
38.231384491,728.03
38.254788775,728.03
38.277997217,728.03
38.301392030,729.09
38.325441315,729.09
38.349575465,729.09
38.374071701,729.09
38.398009369,728.98
38.421809722,728.98
38.445400889,728.98
38.468823926,728.98
38.492580440,728.35
38.515712624,728.35
38.539076972,728.35
38.562160613,728.35
38.586051592,728.35
38.609738600,728.18
38.632977762,728.18
38.656261053,728.18
38.679653434,728.18
38.703001909,727.88
38.726733814,727.88
38.750043506,727.88
38.773704658,727.88
38.797264784,729.62
38.820636876,729.62
38.843811238,729.62
38.867028608,729.62
38.890764897,729.62
38.914415905,729.10
38.937946399,729.10
38.961548190,729.10
38.984920890,729.10
39.007981490,731.89
39.030963721,731.89
39.053895487,731.89
39.077719905,731.89
39.101470498,728.30
39.125922733,728.30
39.149573453,728.30
39.172905545,728.30
39.195990625,728.30
39.219960229,729.25
39.243261696,729.25
39.266663516,729.25
39.290280795,729.25
39.313667000,727.58
39.337069076,727.58
39.360544049,727.58
39.383821708,727.58
39.406870340,728.97
39.430209119,728.97
39.454054978,728.97
39.477586944,728.97
39.501401442,730.08
39.525164899,730.08
39.548291708,730.08
39.571214033,730.08
39.594183752,730.08
39.617321409,730.85
39.640577307,730.85
39.663875158,730.85
39.687391188,730.85
39.710764336,728.08
39.734105932,728.08
39.757064098,728.08
39.780189755,728.08
39.803437813,728.25
39.826665167,728.25
39.849641862,728.25
39.872687101,728.25
39.895944440,728.25
39.919117329,694.78
39.942488173,694.78
39.965927914,694.78
40.011815446,694.78
40.035106481,650.39
40.058395724,650.39
40.081814665,650.39
40.105161860,650.39
40.128601153,618.93
40.151825115,618.93
40.175139830,618.93
40.198678740,618.93
40.222178738,579.35
40.245873970,579.35
40.269355183,579.35
40.292229541,579.35
40.315033433,579.35
40.337972399,535.82
40.361962291,535.82
40.385889238,535.82
40.410499683,535.82
40.434630409,519.97
40.458149511,519.97
40.481747910,519.97
40.505368197,519.97
40.529973906,516.00
40.562166757,516.00
40.585944262,516.00
40.609795080,516.00
40.633758892,518.11
40.657390220,518.11
40.680746887,518.11
40.703982913,518.11
40.727471231,518.11
40.751168447,518.67
40.774843327,518.67
40.798618848,518.67
40.822877832,518.67
40.846127074,524.15
40.869498462,524.15
40.892703896,524.15
40.917007776,524.15
40.940624063,562.26
40.964179358,562.26
40.987889374,562.26
41.011753569,562.26
41.035010139,593.61
41.058834493,593.61
41.081841684,593.61
41.106030299,593.61
41.129734043,593.61
41.153167704,631.04
41.176717686,631.04
41.200673882,631.04
41.224123319,631.04
41.247324688,669.04
41.270513673,669.04
41.293917894,669.04
41.317405763,669.04
41.340936513,720.61
41.364222779,720.61
41.387906235,720.61
41.411222294,720.61
41.434764372,725.77
41.458123952,725.77
41.481662446,725.77
41.505761524,725.77
41.529453876,725.77
41.552847760,720.24
41.576029129,720.24
41.599263715,720.24
41.622538013,720.24
41.646001658,721.32
41.669524824,721.32
41.693086262,721.32
41.716030988,721.32
41.739829998,719.52
41.762971878,719.52
41.785936733,719.52
41.809120406,719.52
41.832506130,719.52
41.855821677,688.71
41.878829188,688.71
41.901680088,688.71
41.925010676,688.71
41.948072907,652.82
41.971377766,652.82
41.994380669,652.82
42.017312915,652.82
42.041217526,617.68
42.064561777,617.68
42.088042734,617.68
42.111210887,617.68
42.134755429,617.68
42.158389540,582.28
42.181828513,582.28
42.205301374,582.28
42.228631225,582.28
42.251790962,544.15
42.274961675,544.15
42.297937025,544.15
42.321010201,544.15
42.345093918,514.89
42.368044628,514.89
42.391132492,514.89
42.414443847,514.89
42.438423210,514.89
42.461672516,472.47
42.484507353,472.47
42.507266156,472.47
42.530494470,472.47
42.554509194,429.13
42.578285163,429.13
42.601694919,429.13
42.625546666,429.13
42.649599118,434.33
42.673769301,434.33
42.697297715,434.33
42.721537306,434.33
42.745445853,429.42
42.769153373,429.42
42.793142273,429.42
42.817031876,429.42
42.840569153,429.42
42.864542949,461.55
42.888105219,461.55
42.911855140,461.55
42.936145164,461.55
42.959885581,492.50
42.983678574,492.50
43.007431407,492.50
43.030760714,492.50
43.054228231,535.04
43.078110409,535.04
43.101212865,535.04
43.125012931,535.04
43.148687427,535.04
43.172469508,567.04
43.197708152,567.04
43.221192405,567.04
43.244458736,567.04
43.267660265,609.07
43.291277320,609.07
43.314756325,609.07
43.338459013,609.07
43.362028867,640.70
43.386062983,640.70
43.409463939,640.70
43.432827807,640.70
43.456098649,682.65
43.479683319,682.65
43.503471640,682.65
43.526937045,682.65
43.552621200,718.54
43.576615252,718.54
43.599852749,718.54
43.623133224,718.54
43.646510819,718.54
43.670025697,715.77
43.693906691,715.77
43.717773157,715.77
43.741044512,715.77
43.764253529,718.95
43.787509267,718.95
43.810934767,718.95
43.834354635,718.95
43.857724807,716.06
43.881131619,716.06
43.903955703,716.06
43.927025870,716.06
43.950136774,716.06
43.973341888,708.13
43.996908926,708.13
44.020967107,708.13
44.044674243,708.13
44.067603512,665.05
44.090544590,665.05
44.113801608,665.05
44.137882093,665.05
44.161888977,640.84
44.185522864,640.84
44.209729079,640.84
44.233321877,640.84
44.257222584,640.84
44.281041721,640.51
44.305356897,640.51
44.329429990,640.51
44.353449546,640.51
44.377291308,643.51
44.401441650,643.51
44.424880686,643.51
44.449043444,643.51
44.472715732,642.51
44.496001390,642.51
44.519706350,642.51
44.546168211,642.51
44.570728095,642.03
44.594349757,642.03
44.617872571,642.03
44.641833406,642.03
44.669912473,643.50
44.694259330,643.50
44.718145028,643.50
44.742004134,643.50
44.766691827,637.74
44.790608182,637.74
44.814072467,637.74
44.837733778,637.74
44.861454130,637.74
44.885856731,640.87
44.909811583,640.87
44.933572831,640.87
44.957597316,640.87
44.981092609,647.00
45.004393467,647.00
45.027612276,647.00
45.051557528,647.00
45.075465978,683.70
45.099333084,683.70
45.123019964,683.70
45.147059072,683.70
45.170865890,721.33
45.194124571,721.33
45.217394389,721.33
45.240513517,721.33
45.264678163,721.33
45.290938326,718.31
45.314507923,718.31
45.338643353,718.31
45.362257688,718.31
45.385380112,721.36
45.408349093,721.36
45.431586719,721.36
45.455679140,721.36
45.479358723,723.38
45.503006786,723.38
45.526753251,723.38
45.552914980,723.38
45.576270239,725.00
45.599572633,725.00
45.623295833,725.00
45.646626260,725.00
45.670137713,727.76
45.693844817,727.76
45.717693619,727.76
45.740968589,727.76
45.764460106,727.76
45.787795332,728.52
45.811871945,728.52
45.835573385,728.52
45.859505484,728.52
45.883549520,728.49
45.907355441,728.49
45.930793934,728.49
45.954711600,728.49
45.978134668,729.18
46.001716330,729.18
46.025316777,729.18
46.048664804,729.18
46.072591719,728.73
46.096457097,728.73
46.119846436,728.73
46.143128958,728.73
46.166412600,728.73
46.190257114,727.53
46.214087131,727.53
46.237681145,727.53
46.261379865,727.53
46.285065592,730.73
46.308045358,730.73
46.331200839,730.73
46.354839685,730.73
46.378780936,726.82
46.402487080,726.82
46.426215368,726.82
46.450076746,726.82
46.473975148,726.82
46.497493321,728.30
46.520880101,728.30
46.546573759,728.30
46.571237356,728.30
46.595209103,723.21
46.619056337,723.21
46.642831857,723.21
46.666643378,723.21
46.689726218,724.70
46.713538475,724.70
46.736915270,724.70
46.760751399,724.70
46.783961440,722.55
46.807712673,722.55
46.830993147,722.55
46.854552056,722.55
46.877732881,722.55
46.900875241,723.81
46.924356038,723.81
46.947872387,723.81
46.971332607,723.81
46.994619321,694.14
47.017864851,694.14
47.041602291,694.14
47.064691082,694.14
47.087826274,658.72
47.111365984,658.72
47.134835708,658.72
47.157641264,658.72
47.180580517,658.72
47.203568987,609.83
47.227715201,609.83
47.251328607,609.83
47.274948285,609.83
47.298626332,592.84
47.321969143,592.84
47.365086780,592.84
47.388678746,592.84
47.413033603,594.84
47.436656737,594.84
47.460083869,594.84
47.484072993,594.84
47.507788128,592.52
47.531110587,592.52
47.554413909,592.52
47.577733359,592.52
47.601450543,592.52
47.624919211,593.96
47.648241222,593.96
47.671935109,593.96
47.695438178,593.96
47.718553754,596.64
47.741667793,596.64
47.764838954,596.64
47.790069182,596.64
47.814044993,593.41
47.837640031,593.41
47.861316990,593.41
47.884574328,593.41
47.907907282,597.43
47.931352910,597.43
47.954511079,597.43
47.977933090,597.43
48.001598433,597.43
48.025627269,622.27
48.048986240,622.27
48.072043735,622.27
48.095394130,622.27
48.118498601,664.21
48.141593889,664.21
48.165028861,664.21
48.188672219,664.21
48.212128375,700.97
48.235658388,700.97
48.259718489,700.97
48.282811472,700.97
48.306512527,708.86
48.330264687,708.86
48.354000463,708.86
48.377101959,708.86
48.400553731,708.86
48.423841052,710.32
48.447208791,710.32
48.470540082,710.32
48.495111453,710.32
48.518437495,707.51
48.542049109,707.51
48.565539442,707.51
48.589109552,707.51
48.612271400,703.21
48.635229629,703.21
48.658594328,703.21
48.682285623,703.21
48.705948150,701.60
48.729015533,701.60
48.752286407,701.60
48.775627809,701.60
48.799027261,701.60
48.822551322,704.04
48.845982677,704.04
48.869550131,704.04
48.892856077,704.04
48.916560396,695.39
48.939502114,695.39
48.962524440,695.39
48.986147350,695.39
49.009752532,695.69
49.033199728,695.69
49.056929328,695.69
49.080160585,695.69
49.103416323,695.69
49.126947008,695.55
49.150081591,695.55
49.173677109,695.55
49.197260051,695.55
49.220946290,697.08
49.244765267,697.08
49.268088397,697.08
49.291344999,697.08
49.314538175,704.87
49.337598070,704.87
49.360848207,704.87
49.384276075,704.87
49.407555556,703.85
49.431605832,703.85
49.455091108,703.85
49.478675266,703.85
49.505873681,707.03
49.529642065,707.03
49.553389265,707.03
49.576759596,707.03
49.600603501,707.03
49.623967880,709.58
49.647335042,709.58
49.670711517,709.58
49.694045048,709.58
49.717552628,713.46
49.740572938,713.46
49.763447454,713.46
49.786344307,713.46
49.809535851,706.30
49.832465184,706.30
49.855264851,706.30
49.878291306,706.30
49.901406209,706.30
49.924287637,699.62
49.947312491,699.62
49.970448899,699.62
49.993784254,699.62
50.016880533,667.70
50.040036781,667.70
50.063065763,667.70
50.086177818,667.70
50.109657815,633.97
50.132418505,633.97
50.155508992,633.97
50.178449749,633.97
50.201520652,633.97
50.224443136,601.99
50.247660633,601.99
50.270660687,601.99
50.293838311,601.99
50.316980255,564.54
50.340389178,564.54
50.364365469,564.54
50.387801880,564.54
50.411584793,532.66
50.434945779,532.66
50.458341358,532.66
50.481608360,532.66
50.505353287,532.66
50.529940531,486.95
50.554263642,486.95
50.577075469,486.95
50.599953857,486.95
50.624143143,443.51
50.648145002,443.51
50.672132557,443.51
50.696185745,443.51
50.720281174,445.04
50.743817843,445.04
50.767429521,445.04
50.790920813,445.04
50.816171873,449.25
50.840100707,449.25
50.863807939,449.25
50.887735781,449.25
50.911510885,465.42
50.935104259,465.42
50.958570239,465.42
50.982039003,465.42
51.005679193,465.42
51.029325208,497.54
51.052839796,497.54
51.076499219,497.54
51.099999695,497.54
51.123396139,531.26
51.146734693,531.26
51.170359395,531.26
51.193788190,531.26
51.217421757,565.32
51.240892600,565.32
51.264777722,565.32
51.288209653,565.32
51.311735026,565.32
51.335201070,606.92
51.358905997,606.92
51.383042706,606.92
51.406576975,606.92
51.430064811,638.53
51.453826795,638.53
51.477548554,638.53
51.501100391,638.53
51.525451055,669.58
51.548951948,669.58
51.572615754,669.58
51.596044998,669.58
51.620078601,720.52
51.644011851,720.52
51.667644841,720.52
51.691034820,720.52
51.714210044,720.52
51.737907675,724.47
51.762084577,724.47
51.786107076,724.47
51.809614625,724.47
51.833092829,720.19
51.856386678,720.19
51.879622959,720.19
51.902950505,720.19
51.926268707,721.64
51.949648510,721.64
51.972620243,721.64
51.995611465,721.64
52.018593054,721.64
52.041765654,714.35
52.065228434,714.35
52.088692846,714.35
52.112353036,714.35
52.136037579,679.09
52.159569256,679.09
52.182877473,679.09
52.206513343,679.09
52.229904346,645.48
52.253100946,645.48
52.276557198,645.48
52.299921321,645.48
52.323590439,608.66
52.347599946,608.66
52.371368842,608.66
52.394755013,608.66
52.418163456,608.66
52.441894591,577.33
52.465489277,577.33
52.488922712,577.33
52.512323027,577.33
52.535825423,541.38
52.559192010,541.38
52.582320929,541.38
52.607459955,541.38
52.630699564,506.82
52.654776848,506.82
52.678150411,506.82
52.701348995,506.82
52.724824383,506.82
52.749052901,470.89
52.772340638,470.89
52.795245330,470.89
52.818074821,470.89
52.841212125,427.13
52.865097918,427.13
52.889268580,427.13
52.913395496,427.13
52.937561005,409.24
52.961470479,409.24
52.985371345,409.24
53.009192561,409.24
53.032640525,421.64
53.056521550,421.64
53.080388272,421.64
53.104071630,421.64
53.127838734,421.64
53.151703535,456.04
53.175286925,456.04
53.199093133,456.04
53.223304147,456.04
53.247130835,488.14
53.270669264,488.14
53.294244429,488.14
53.318015981,488.14
53.341516777,527.54
53.364703521,527.54
53.388129916,527.54
53.411598232,527.54
53.435035571,557.71
53.461712442,557.71
53.485304279,557.71
53.509450524,557.71
53.532973464,593.90
53.556341203,593.90
53.579315112,593.90
53.602819364,593.90
53.626182302,593.90
53.649682939,628.06
53.673170166,628.06
53.699080371,628.06
53.722760434,628.06
53.745797511,663.14
53.768820925,663.14
53.793141828,663.14
53.817474380,663.14
53.841289388,709.64
53.865074604,709.64
53.888718186,709.64
53.912030148,709.64
53.935361182,709.64
53.958391731,721.30
53.981681357,721.30
54.005454861,721.30
54.029463856,721.30
54.053022636,723.06
54.076308454,723.06
54.099701824,723.06
54.123069435,723.06
54.146924892,724.53
54.170202037,724.53
54.193556143,724.53
54.216784807,724.53
54.240740905,720.89
54.264294246,720.89
54.287556831,720.89
54.310917657,720.89
54.334546486,720.89
54.358194356,691.93
54.381764529,691.93
54.405286926,691.93
54.429441683,691.93
54.452492744,658.28
54.475912675,658.28
54.499260125,658.28
54.522979068,658.28
54.546678907,618.73
54.570263608,618.73
54.593970327,618.73
54.617525300,618.73
54.640627147,618.73
54.663851427,578.84
54.688594864,578.84
54.712521393,578.84
54.736397906,578.84
54.760618584,558.43
54.784292471,558.43
54.807710481,558.43
54.831841974,558.43
54.856043003,556.42
54.879928797,556.42
54.903738141,556.42
54.927990627,556.42
54.951524607,559.55
54.975313311,559.55
54.998838396,559.55
55.022413753,559.55
55.047236327,553.38
55.071030503,553.38
55.094323424,553.38
55.118394660,553.38
55.142071426,553.38
55.165489661,552.74
55.189272412,552.74
55.212715800,552.74
55.236519480,552.74
55.260311576,558.25
55.283878740,558.25
55.307701461,558.25
55.331406099,558.25
55.354738573,587.88
55.378077223,587.88
55.401450465,587.88
55.425563269,587.88
55.450553365,627.27
55.474437910,627.27
55.498463257,627.27
55.521910068,627.27
55.546776386,627.27
55.569733783,659.95
55.592798189,659.95
55.616328681,659.95
55.640022056,659.95
55.663611013,700.55
55.687586503,700.55
55.711043491,700.55
55.734289563,700.55
55.760432539,720.69
55.783649491,720.69
55.807459571,720.69
55.831252115,720.69
55.854568780,721.51
55.877859045,721.51
55.901099998,721.51
55.924072019,721.51
55.947470381,721.51
55.970895976,721.82
55.994134752,721.82
56.017382937,721.82
56.041166105,721.82
56.064544371,717.48
56.087911661,717.48
56.111150246,717.48
56.134177147,717.48
56.157361683,682.40
56.180365704,682.40
56.203624001,682.40
56.226688886,682.40
56.249898798,682.40
56.273167111,648.69
56.296256701,648.69
56.319223762,648.69
56.342487371,648.69
56.365570177,613.84
56.388908666,613.84
56.411972304,613.84
56.435357355,613.84
56.459089930,584.27
56.482228257,584.27
56.505469497,584.27
56.528951508,584.27
56.553005816,584.27
56.576154607,543.47
56.599296902,543.47
56.622588031,543.47
56.646317374,543.47
56.670241439,508.58
56.693644634,508.58
56.716438988,508.58
56.739595747,508.58
56.762673721,457.02
56.786795965,457.02
56.813052542,457.02
56.837007936,457.02
56.861763597,458.66
56.885675950,458.66
56.909435982,458.66
56.933160204,458.66
56.957225872,458.66
56.981121905,462.14
57.004900400,462.14
57.028703312,462.14
57.052404367,462.14
57.076137966,468.03
57.099828108,468.03
57.123448650,468.03
57.147682063,468.03
57.171384526,495.57
57.194946666,495.57
57.218296708,495.57
57.241875393,495.57
57.265279323,534.46
57.288908633,534.46
57.312729433,534.46
57.336607865,534.46
57.360512474,534.46
57.384286778,562.35
57.407934520,562.35
57.431517044,562.35
57.454896590,562.35
57.478050341,603.09
57.501356223,603.09
57.525414178,603.09
57.549076192,603.09
57.573514216,633.42
57.597212262,633.42
57.620764195,633.42
57.644143197,633.42
57.668431779,668.72
57.691661371,668.72
57.716487913,668.72
57.740150183,668.72
57.763552289,668.72
57.787188958,714.79
57.810589721,714.79
57.833700623,714.79
57.860261844,714.79
57.883364970,725.89
57.907103177,725.89
57.930663494,725.89
57.954308227,725.89
57.977592476,725.92
58.000816148,725.92
58.024229231,725.92
58.047692106,725.92
58.071329799,723.21
58.094890660,723.21
58.118168349,723.21
58.141277491,723.21
58.164501227,723.21
58.187720163,717.84
58.210906554,717.84
58.233979408,717.84
58.257406155,717.84
58.280803845,683.34
58.304038941,683.34
58.327045938,683.34
58.350177737,683.34
58.373629092,653.50
58.396737402,653.50
58.419910705,653.50
58.442818725,653.50
58.466064221,653.50
58.489255476,616.03
58.512768304,616.03
58.537302234,616.03
58.561087481,616.03
58.583988397,571.54
58.606731422,571.54
58.629976630,571.54
58.653907575,571.54
58.678350016,541.40
58.702770440,541.40
58.726706633,541.40
58.750033474,541.40
58.773694816,549.63
58.797613537,549.63
58.820805049,549.63
58.844764571,549.63
58.868707228,549.63
58.892596829,543.45
58.916758817,543.45
58.940378591,543.45
58.964784838,543.45
58.988138528,545.67
59.011897695,545.67
59.035671838,545.67
59.059441565,545.67
59.083107163,543.82
59.107401122,543.82
59.131124480,543.82
59.154427321,543.82
59.179420617,551.70
59.203127655,551.70
59.226842149,551.70
59.250500995,551.70
59.274417668,551.70
59.298437446,582.76
59.322062339,582.76
59.345752898,582.76
59.369610306,582.76
59.392942971,611.01
59.416731482,611.01
59.440250646,611.01
59.464448475,611.01
59.489024645,646.88
59.512385247,646.88
59.535585174,646.88
59.558750893,646.88
59.582338474,683.96
59.606029672,683.96
59.629563236,683.96
59.653023134,683.96
59.677156898,683.96
59.700584509,724.67
59.723880918,724.67
59.746901739,724.67
59.770171235,724.67
59.794041316,721.42
59.817901028,721.42
59.841108955,721.42
59.864203601,721.42
59.887316744,723.41
59.910418750,723.41
59.933457043,723.41
59.956857517,723.41
59.980035876,723.41
60.003337437,720.88
60.026338930,720.88
60.049570602,720.88
60.072814754,720.88
60.096429695,710.28
60.119856986,710.28
60.143322901,710.28
60.167313911,710.28
60.191117302,674.11
60.215337627,674.11
60.238267759,674.11
60.260888574,674.11
60.283915091,674.11
60.307910101,621.83
60.331483890,621.83
60.355381842,621.83
60.379631640,621.83
60.403037106,620.49
60.426299818,620.49
60.449671044,620.49
60.472947676,620.49
60.497586791,619.11
60.521333829,619.11
60.547260929,619.11
60.571510439,619.11
60.594811584,619.00
60.618109464,619.00
60.641631188,619.00
60.665819896,619.00
60.689568951,619.00
60.713010898,616.04
60.736625935,616.04
60.760025737,616.04
60.783238464,616.04
60.806396087,620.96
60.829565230,620.96
60.853078729,620.96
60.876933098,620.96
60.901472979,616.83
60.925226610,616.83
60.948838063,616.83
60.972598029,616.83
60.998135268,620.73
61.021488478,620.73
61.046293514,620.73
61.070087402,620.73
61.093619685,620.73
61.117470982,634.51
61.140990209,634.51
61.164416572,634.51
61.188267580,634.51
61.212093659,670.90
61.235897242,670.90
61.259419446,670.90
61.282931441,670.90
61.306673584,722.67
61.330065066,722.67
61.353033726,722.67
61.376166644,722.67
61.400472250,725.85
61.424771104,725.85
61.448320828,725.85
61.471603093,725.85
61.494984718,725.85
61.518319079,726.92
61.541699905,726.92
61.564969177,726.92
61.588285362,726.92
61.611262726,724.63
61.634353244,724.63
61.657402033,724.63
61.680400806,724.63
61.703778559,713.06
61.727081112,713.06
61.750304207,713.06
61.773516359,713.06
61.796783807,713.06
61.819829844,677.20
61.842910634,677.20
61.865743388,677.20
61.889052949,677.20
61.912253356,642.11
61.935447971,642.11
61.959046528,642.11
61.982036756,642.11
62.005212811,606.60
62.028162719,606.60
62.052142081,606.60
62.075112533,606.60
62.098449198,606.60
62.121864680,569.05
62.145219649,569.05
62.168296919,569.05
62.192739039,569.05
62.216156729,537.54
62.239603123,537.54
62.262917228,537.54
62.286336358,537.54
62.309757248,504.72
62.333535135,504.72
62.356725398,504.72
62.379809963,504.72
62.403249126,504.72
62.426666656,461.82
62.450351069,461.82
62.473872729,461.82
62.497661848,461.82
62.521174483,434.79
62.546643977,434.79
62.569631997,434.79
62.592781651,434.79
62.615834633,393.68
62.638929694,393.68
62.662193014,393.68
62.685261228,393.68
62.708923689,371.54
62.731918269,371.54
62.755016851,371.54
62.778075976,371.54
62.801366305,371.54
62.824697946,369.80
62.848032114,369.80
62.871102952,369.80
62.894502306,369.80
62.917973468,369.73
62.941082610,369.73
62.964283433,369.73
62.987726660,369.73
63.011557347,367.37
63.034560056,367.37
63.057677454,367.37
63.080594017,367.37
63.103568245,367.37
63.126458920,370.73
63.149966820,370.73
63.173654401,370.73
63.196942137,370.73
63.220930971,370.56
63.244455574,370.56
63.267944721,370.56
63.291423436,370.56
63.314982664,369.36
63.338353473,369.36
63.361864956,369.36
63.385315703,369.36
63.408855666,369.36
63.432212843,370.68
63.455383842,370.68
63.479403236,370.68
63.502684060,370.68
63.525834099,369.30
63.549272909,369.30
63.573319311,369.30
63.596798058,369.30
63.620133091,369.72
63.643404411,369.72
63.666634834,369.72
63.690014059,369.72
63.713012352,369.72
63.736172982,370.85
63.759129258,370.85
63.782257216,370.85
63.805394806,370.85
63.828262633,368.75
63.851396479,368.75
63.874280786,368.75
63.897974095,368.75
63.921202215,370.67
63.944091386,370.67
63.967312337,370.67
63.990193348,370.67
64.013095159,370.67
64.036042698,363.37
64.059444900,363.37
64.082485753,363.37
64.106198199,363.37
64.129065353,359.25
64.152233440,359.25
64.175137683,359.25
64.198511948,359.25
64.221660098,360.33
64.244803833,360.33
64.267971567,360.33
64.290953059,360.33
64.314161082,360.33
64.337178415,360.29
64.360117058,360.29
64.383002421,360.29
64.406039625,360.29
64.429206912,359.53
64.452116595,359.53
64.475153800,359.53
64.498422495,359.53
64.522400001,354.23
64.546888617,354.23
64.569976030,354.23
64.593084660,354.23
64.616290763,354.23
64.639345312,354.45
64.662412949,354.45
64.685412201,354.45
64.708726562,354.45
64.731804215,353.87
64.754799723,353.87
64.777992578,353.87
64.801022423,353.87
64.824925879,355.54
64.848184815,355.54
64.871502119,355.54
64.894845056,355.54
64.918153816,355.54
64.941344399,354.34
64.964572966,354.34
64.987721981,354.34
65.011006773,354.34
65.034033865,357.32
65.057077118,357.32
65.080453207,357.32
65.103387691,357.32
65.127404525,365.39
65.150477250,365.39
65.173729689,365.39
65.196825903,365.39
65.219922948,365.39
65.243135899,364.38
65.266117999,364.38
65.290011247,364.38
65.313597707,364.38
65.336802562,364.57
65.360268444,364.57
65.383650262,364.57
65.406960942,364.57
65.430494921,365.28
65.453242426,365.28
65.476463473,365.28
65.499698728,365.28
65.523395302,365.28
65.547312294,365.14
65.570790177,365.14
65.594310396,365.14
65.617715253,365.14
65.641107407,363.60
65.664509000,363.60
65.687912546,363.60
65.711333659,363.60
65.734695092,365.75
65.758305745,365.75
65.781606377,365.75
65.804880449,365.75
65.828816929,365.75
65.852599808,365.86
65.876002330,365.86
65.899426003,365.86
65.922960175,365.86
65.946357128,364.33
65.969463102,364.33
65.992615700,364.33
66.015714089,364.33
66.038785374,365.97
66.062144471,365.97
66.085173420,365.97
66.108207456,365.97
66.131317398,365.97
66.154604526,365.21
66.177662531,365.21
66.200581910,365.21
66.224036912,365.21
66.247679852,360.45
66.271389098,360.45
66.294300925,360.45
66.317185327,360.45
66.340296133,345.63
66.364350279,345.63
66.388075173,345.63
66.411776866,345.63
66.436672495,377.86
66.460506959,377.86
66.484189452,377.86
66.507696007,377.86
66.531837034,377.86
66.555723562,417.52
66.579544873,417.52
66.603566570,417.52
66.627288392,417.52
66.650955749,454.72
66.674788548,454.72
66.698404961,454.72
66.721882939,454.72
66.746198209,482.73
66.769982623,482.73
66.793847391,482.73
66.817065942,482.73
66.841058711,518.52
66.864872694,518.52
66.888476658,518.52
66.912016397,518.52
66.935271461,518.52
66.958724959,556.18
66.982099544,556.18
67.005212781,556.18
67.028516709,556.18
67.051627483,591.87
67.074778321,591.87
67.097762565,591.87
67.120762201,591.87
67.143655851,585.90
67.166093848,585.90
67.188764775,585.90
67.211781372,585.90
67.235264566,585.90
67.258542894,581.34
67.282519727,581.34
67.305450146,581.34
67.328593143,581.34
67.351887535,639.68
67.375518700,639.68
67.398904517,639.68
67.421827064,639.68
67.444905581,614.04
67.467359865,614.04
67.490124010,614.04
67.513990313,614.04
67.537691687,614.04
67.561165857,581.31
67.585046337,581.31
67.608451738,581.31
67.631610288,581.31
67.655057482,580.34
67.678729895,580.34
67.702610407,580.34
67.726382277,580.34
67.749852511,579.90
67.773313753,579.90
67.796484463,579.90
67.819395042,579.90
67.842646169,579.90
67.866205877,580.52
67.889558925,580.52
67.912500992,580.52
67.935436883,580.52
67.958484424,575.58
67.981492220,575.58
68.004726931,575.58
68.028249742,575.58
68.052889304,535.45
68.076588309,535.45
68.100073584,535.45
68.123479177,535.45
68.146928419,535.45
68.170102201,541.29
68.193423409,541.29
68.216778890,541.29
68.240203011,541.29
68.263374297,542.76
68.286832019,542.76
68.310008553,542.76
68.333417699,542.76
68.356398198,504.80
68.380738620,504.80
68.403833777,504.80
68.426804805,504.80
68.450434977,504.80
68.473547382,496.71
68.496804525,496.71
68.519834786,496.71
68.543472606,496.71
68.566630516,495.74
68.589890827,495.74
68.613674089,495.74
68.637343398,495.74
68.661185349,458.38
68.684995780,458.38
68.708472286,458.38
68.731863735,458.38
68.756245853,427.43
68.779697719,427.43
68.803576599,427.43
68.827045937,427.43
68.850505963,427.43
68.874016582,386.48
68.897677666,386.48
68.921166909,386.48
68.944849817,386.48
68.968148369,364.46
68.991309063,364.46
69.014266202,364.46
69.037302543,364.46
69.060427460,362.74
69.083348663,362.74
69.106509261,362.74
69.129672963,362.74
69.152708951,362.74
69.175975311,361.94
69.199112292,361.94
69.222190457,361.94
69.245229869,361.94
69.268364579,357.51
69.291370134,357.51
69.314500844,357.51
69.337445535,357.51
69.361254493,357.79
69.384653782,357.79
69.407729451,357.79
69.430906337,357.79
69.454137016,357.79
69.477272429,361.79
69.500803848,361.79
69.524261954,361.79
69.547688604,361.79
69.571103893,362.02
69.594263435,362.02
69.617693412,362.02
69.641167934,362.02
69.664722009,361.65
69.688002833,361.65
69.711270440,361.65
69.734620800,361.65
69.758612993,361.65
69.781891129,362.01
69.804912525,362.01
69.827993185,362.01
69.851151927,362.01
69.874466063,358.09
69.897680934,358.09
69.921032126,358.09
69.944142547,358.09
69.967504876,359.51
69.990770915,359.51
70.013865816,359.51
70.036892364,359.51
70.060089987,359.51
70.083174743,358.57
70.105964296,358.57
70.128883515,358.57
70.152975293,358.57
70.176227092,357.57
70.199439915,357.57
70.222636033,357.57
70.245908696,357.57
70.269835768,362.80
70.292938317,362.80
70.316387879,362.80
70.339757119,362.80
70.363196473,362.80
70.386475280,362.08
70.409986346,362.08
70.433752264,362.08
70.457048160,362.08
70.480435929,363.24
70.504339640,363.24
70.527484750,363.24
70.553444425,363.24
70.577414186,362.30
70.600489534,362.30
70.623402481,362.30
70.646429285,362.30
70.669523930,361.90
70.692801041,361.90
70.715805732,361.90
70.738763192,361.90
70.762044143,361.90
70.785000834,362.41
70.808121975,362.41
70.831174027,362.41
70.854391874,362.41
70.877689817,365.89
70.900912144,365.89
70.924266856,365.89
70.947469407,365.89
70.970691093,365.89
70.994105198,364.54
71.017055585,364.54
71.040285304,364.54
71.063910932,364.54
71.087032649,358.82
71.110353569,358.82
71.133597528,358.82
71.157011825,358.82
71.180059301,360.01
71.203208603,360.01
71.226341008,360.01
71.249186849,360.01
71.272311543,360.01
71.295362347,359.19
71.318465472,359.19
71.341442419,359.19
71.364511175,359.19
71.387685085,357.91
71.410640656,357.91
71.433827622,357.91
71.457557827,357.91
71.480861659,359.71
71.504435478,359.71
71.527754414,359.71
71.553124097,359.71
71.576267254,358.46
71.599343115,358.46
71.622614946,358.46
71.645622133,358.46
71.669280050,358.46
71.692459016,357.79
71.715812192,357.79
71.738960597,357.79
71.762521712,357.79
71.786322159,355.29
71.809519397,355.29
71.832690778,355.29
71.855673678,355.29
71.878745794,355.52
71.901831543,355.52
71.924942956,355.52
71.947969376,355.52
71.971356664,355.52
71.994416589,356.17
72.017520705,356.17
72.040812857,356.17
72.064252882,356.17
72.088483478,361.16
72.111783886,361.16
72.135048325,361.16
72.157847734,361.16
72.181134477,361.54
72.204369699,361.54
72.227368983,361.54
72.250449643,361.54
72.273568544,361.54
72.296690037,360.97
72.319877227,360.97
72.342956703,360.97
72.366342680,360.97
72.390375865,359.17
72.414316569,359.17
72.437800595,359.17
72.460997929,359.17
72.485151468,357.59
72.508633030,357.59
72.533316848,357.59
72.556677960,357.59
72.579787069,357.59
72.602892209,360.01
72.626048039,360.01
72.649119035,360.01
72.672470995,360.01
72.695812715,359.95
72.719162179,359.95
72.742338489,359.95
72.765566064,359.95
72.788646148,361.11
72.811804313,361.11
72.834926031,361.11
72.857597981,361.11
72.880663538,361.11
72.903630821,361.52
72.926819227,361.52
72.949950544,361.52
72.973088965,361.52
72.996105689,361.36
73.019036651,361.36
73.042085407,361.36
73.065114291,361.36
73.089110580,361.96
73.112639182,361.96
73.136090759,361.96
73.159674947,361.96
73.183248318,361.96
73.206564085,361.31
73.229949806,361.31
73.253199972,361.31
73.276987810,361.31
73.300436859,361.01
73.323620753,361.01
73.346645477,361.01
73.369969596,361.01
73.393387925,363.63
73.416830926,363.63
73.439932931,363.63
73.463405437,363.63
73.486852310,363.63
73.510222382,364.61
73.533512357,364.61
73.556890142,364.61
73.581419621,364.61
73.604284695,363.35
73.627433580,363.35
73.650438367,363.35
73.673915801,363.35
73.697182832,364.38
73.720625481,364.38
73.743812351,364.38
73.767171799,364.38
73.790566319,364.38
73.813707909,364.34
73.836943195,364.34
73.859961903,364.34
73.883305574,364.34
73.906188792,363.64
73.929223756,363.64
73.952362145,363.64
73.975804506,363.64
73.999117138,364.34
74.022756174,364.34
74.046020036,364.34
74.069869795,364.34
74.093425886,364.34
74.116881239,363.66
74.140091053,363.66
74.163515430,363.66
74.187056417,363.66
74.210626395,363.82
74.233970995,363.82
74.257629519,363.82
74.280981511,363.82
74.305166986,363.17
74.328600515,363.17
74.351848761,363.17
74.374854093,363.17
74.399013487,363.35
74.422270630,363.35
74.445068374,363.35
74.468127370,363.35
74.491138750,363.35
74.514255282,363.43
74.537389831,363.43
74.560360794,363.43
74.583566928,363.43
74.606831719,362.99
74.633612557,362.99
74.656837059,362.99
74.680065849,362.99
74.703385712,364.11
74.726790985,364.11
74.749805660,364.11
74.772925073,364.11
74.795950437,364.11
74.819120826,363.63
74.842640372,363.63
74.865748105,363.63
74.889654248,363.63
74.913121698,363.64
74.936557307,363.64
74.959935219,363.64
74.983227306,363.64
75.006669411,363.65
75.030106876,363.65
75.053389011,363.65
75.076722347,363.65
75.099940001,363.65
75.123335865,362.40
75.146682993,362.40
75.169980168,362.40
75.194019529,362.40
75.217365217,362.85
75.240650648,362.85
75.264185586,362.85
75.287601354,362.85
75.311388456,363.36
75.334485660,363.36
75.357862516,363.36
75.381154091,363.36
75.404413378,362.65
75.427553847,362.65
75.450628939,362.65
75.473953090,362.65
75.497149176,362.65
75.520519408,363.37
75.543860552,363.37
75.566793882,363.37
75.590041424,363.37
75.613988752,362.49
75.636986755,362.49
75.660118488,362.49
75.683078090,362.49
75.706495395,362.55
75.729990749,362.55
75.753120786,362.55
75.776653132,362.55
75.799903522,362.55
75.823190713,363.21
75.846777460,363.21
75.869944713,363.21
75.893344706,363.21
75.916769882,362.43
75.940095474,362.43
75.963609420,362.43
75.987044549,362.43
76.011167559,362.84
76.034543743,362.84
76.057978744,362.84
76.081726069,362.84
76.104998860,362.84
76.128284034,363.09
76.151902686,363.09
76.175382807,363.09
76.199305142,363.09
76.222367338,356.67
76.245227579,356.67
76.268377424,356.67
76.292988889,356.67
76.316884408,364.47
76.340832439,364.47
76.365161628,364.47
76.388604309,364.47
76.413124188,401.37
76.436895577,401.37
76.460921402,401.37
76.484924698,401.37
76.508963771,401.37
76.532731577,428.82
76.556094992,428.82
76.579367175,428.82
76.603078211,428.82
76.626866465,473.47
76.650507389,473.47
76.674349627,473.47
76.698271194,513.92
76.765793119,513.92
76.789168695,513.92
76.812843315,513.92
76.836830451,513.92
76.860472303,542.92
76.884194891,542.92
76.907911752,542.92
76.931584452,542.92
76.954942588,584.10
76.978168082,584.10
77.002111953,584.10
77.026613656,584.10
77.050247892,615.14
77.073724813,615.14
77.097755630,615.14
77.121317128,615.14
77.144587967,651.88
77.167727284,651.88
77.190591621,651.88
77.213936860,651.88
77.237465174,651.88
77.261276948,686.41
77.284879151,686.41
77.308032803,686.41
77.331579134,686.41
77.355008822,714.77
77.378648914,714.77
77.402708979,714.77
77.426521840,714.77
77.449978601,711.37
77.473269088,711.37
77.496482070,711.37
77.519783373,711.37
77.543120228,713.84
77.566353146,713.84
77.589481263,713.84
77.612649476,713.84
77.635710807,713.84
77.658915853,701.98
77.682331046,701.98
77.705522331,701.98
77.728797969,701.98
77.751842501,670.99
77.774920633,670.99
77.797815018,670.99
77.821058240,670.99
77.844184501,637.05
77.867338154,637.05
77.890581120,637.05
77.913560627,637.05
77.936581222,637.05
77.959913853,602.96
77.983017713,602.96
78.006681261,602.96
78.030520587,602.96
78.054452842,568.22
78.078194695,568.22
78.101728545,568.22
78.125251291,568.22
78.148891030,536.01
78.172409808,536.01
78.196666388,536.01
78.220745589,536.01
78.243791656,536.01
78.266586232,497.25
78.289461641,497.25
78.313167493,497.25
78.336843937,497.25
78.360846241,461.32
78.384688991,461.32
78.408375707,461.32
78.432211321,461.32
78.455846996,465.71
78.479420207,465.71
78.502859752,465.71
78.525682488,465.71
78.548469992,424.05
78.571670749,424.05
78.596575849,424.05
78.620602090,424.05
78.644610794,424.05
78.668733740,421.48
78.692131812,421.48
78.715732031,421.48
78.739826560,421.48
78.762800787,452.98
78.786259691,452.98
78.810057033,452.98
78.834698545,452.98
78.861178195,487.88
78.885451958,487.88
78.909384278,487.88
78.934435396,487.88
78.958070463,522.97
78.981595801,522.97
79.005137555,522.97
79.028686541,522.97
79.052444042,561.01
79.075570206,561.01
79.098515760,561.01
79.121858247,561.01
79.146056586,561.01
79.169567300,589.09
79.193101725,589.09
79.216594487,589.09
79.240104592,589.09
79.263315718,639.77
79.286645149,639.77
79.309895795,639.77
79.333463277,639.77
79.356963494,656.35
79.380496960,656.35
79.404419231,656.35
79.427595636,656.35
79.451186895,656.35
79.474329507,658.55
79.498083904,658.55
79.522001407,658.55
79.548588481,658.55
79.572174108,694.23
79.595364593,694.23
79.618349667,694.23
79.641416919,694.23
79.665039122,715.16
79.688070949,715.16
79.710953718,715.16
79.733897480,715.16
79.756808218,715.16
79.779521128,703.21
79.802655101,703.21
79.825833234,703.21
79.849073672,703.21
79.872138395,671.85
79.895301488,671.85
79.918241506,671.85
79.942309507,671.85
79.965606649,640.53
79.989320342,640.53
80.013346390,640.53
80.036673581,640.53
80.059692256,640.53
80.082393775,597.86
80.105763078,597.86
80.129570916,597.86
80.153390753,597.86
80.177461634,575.94
80.201376033,575.94
80.224946971,575.94
80.248830905,575.94
80.272429652,574.93
80.296706775,574.93
80.320487220,574.93
80.345777317,574.93
80.369937160,575.15
80.393505154,575.15
80.416946266,575.15
80.440617590,575.15
80.464675318,571.11
80.488512980,571.11
80.512230320,571.11
80.536042605,571.11
80.560164463,571.11
80.583482246,574.59
80.606900094,574.59
80.630752124,574.59
80.654236565,574.59
80.678045330,572.19
80.701662189,572.19
80.725476970,572.19
80.750992606,572.19
80.774335830,584.11
80.797406377,584.11
80.820584318,584.11
80.844396667,584.11
80.868420956,611.45
80.891874836,611.45
80.915686386,611.45
80.939485679,611.45
80.967304322,611.45
80.990192211,659.96
81.013925007,659.96
81.037735788,659.96
81.061525193,659.96
81.085122660,693.69
81.109087747,693.69
81.132545532,693.69
81.156072982,693.69
81.179352428,716.82
81.202595234,716.82
81.226176892,716.82
81.249824759,716.82
81.273611380,714.68
81.296998123,714.68
81.320060703,714.68
81.343282164,714.68
81.366234534,714.68
81.389423803,716.67
81.412659600,716.67
81.436028456,716.67
81.459287454,716.67
81.482547060,710.97
81.505720552,710.97
81.529382148,710.97
81.554986457,710.97
81.578620244,677.56
81.602088716,677.56
81.625456484,677.56
81.648921980,677.56
81.672269492,677.56
81.695574314,644.43
81.718992898,644.43
81.742343065,644.43
81.766120214,644.43
81.789262954,607.08
81.812510240,607.08
81.836382398,607.08
81.860051098,607.08
81.883200718,573.28
81.906289122,573.28
81.929495639,573.28
81.952730988,573.28
81.976098724,573.28
81.999554492,539.83
82.022572111,539.83
82.045715011,539.83
82.069199452,539.83
82.092474962,502.20
82.115831850,502.20
82.139043711,502.20
82.162463191,502.20
82.185748461,471.11
82.208890561,471.11
82.232277113,471.11
82.255247755,471.11
82.278645378,471.11
82.301914040,440.08
82.324854922,440.08
82.348168289,440.08
82.371595929,440.08
82.396058878,396.97
82.419916732,396.97
82.443695801,396.97
82.467739289,396.97
82.492255680,367.64
82.515552598,367.64
82.538410310,367.64
82.561622044,367.64
82.585757053,354.02
82.609738333,354.02
82.633420952,354.02
82.657472888,354.02
82.681446072,354.02
82.705146995,388.05
82.729108499,388.05
82.752893647,388.05
82.776943088,388.05
82.800871342,423.79
82.824931599,423.79
82.849099505,423.79
82.873428597,423.79
82.896992175,458.61
82.920628553,458.61
82.943825470,458.61
82.968197283,458.61
82.991864734,495.98
83.015575514,495.98
83.039165396,495.98
83.062730702,495.98
83.085922051,534.09
83.109536734,534.09
83.133432892,534.09
83.157008246,534.09
83.180453838,534.09
83.203870598,565.34
83.227628034,565.34
83.250572596,565.34
83.273392292,565.34
83.296670618,602.35
83.320702106,602.35
83.344223411,602.35
83.367473832,602.35
83.391299622,629.87
83.414794719,629.87
83.437917842,629.87
83.461017830,629.87
83.484592896,629.87
83.508344156,679.66
83.532001079,679.66
83.555733075,679.66
83.579847348,679.66
83.603148010,718.61
83.626588515,718.61
83.649850744,718.61
83.674259133,718.61
83.697649749,716.36
83.721265391,716.36
83.745128909,716.36
83.768601862,716.36
83.791986973,718.09
83.815248787,718.09
83.838318086,718.09
83.861980385,718.09
83.885711357,718.09
83.909167413,717.07
83.932834704,717.07
83.956218440,717.07
83.979594815,717.07
84.002651666,719.69
84.026108586,719.69
84.050072361,719.69
84.073430592,719.69
84.097165180,717.76
84.121036250,717.76
84.147002132,717.76
84.170220297,717.76
84.193278876,717.76
84.216235310,723.47
84.239954217,723.47
84.263373505,723.47
84.287009340,723.47
84.311024283,722.46
84.334565141,722.46
84.358162639,722.46
84.381579111,722.46
84.404811164,724.32
84.428571640,724.32
84.452134610,724.32
84.475963279,724.32
84.499672458,725.90
84.523392422,725.90
84.548277585,725.90
84.571935436,725.90
84.595888107,725.90
84.619673096,724.74
84.643188993,724.74
84.667255585,724.74
84.690671481,724.74
84.714097777,728.38
84.737755148,728.38
84.760971937,728.38
84.784649660,728.38
84.807944466,725.21
84.831512204,725.21
84.855259400,725.21
84.878569662,725.21
84.902238265,724.85
84.926012341,724.85
84.950123414,724.85
84.973786417,724.85
84.997498029,724.85
85.021024230,722.59
85.044691937,722.59
85.068147609,722.59
85.092579359,722.59
85.115777395,724.73
85.139745202,724.73
85.163733234,724.73
85.187821458,724.73
85.211934419,721.32
85.235716527,721.32
85.258870532,721.32
85.282040760,721.32
85.305592657,722.06
85.329369262,722.06
85.352856678,722.06
85.376419712,722.06
85.400508416,722.06
85.423808118,721.43
85.447082764,721.43
85.470168831,721.43
85.493002639,721.43
85.516803468,721.79
85.540429030,721.79
85.564079041,721.79
85.587612538,721.79
85.610971345,723.10
85.634067492,723.10
85.657124055,723.10
85.681068310,723.10
85.705097045,723.10
85.728324234,721.98
85.751937989,721.98
85.775365212,721.98
85.798560369,721.98
85.821686021,724.89
85.844861305,724.89
85.868321713,724.89
85.893205820,724.89
85.916785462,721.94
85.940447089,721.94
85.964203213,721.94
85.987232255,721.94
86.010101040,721.94
86.033026177,725.28
86.057415589,725.28
86.081161057,725.28
86.104552057,725.28
86.128022641,719.11
86.151552458,719.11
86.174784703,719.11
86.200202705,719.11
86.223640041,720.38
86.247688041,720.38
86.271255586,720.38
86.295837865,720.38
86.319702759,719.78
86.342941884,719.78
86.366296147,719.78
86.389452487,719.78
86.412714140,719.78
86.436357846,717.68
86.459627340,717.68
86.482745408,717.68
86.505841715,717.68
86.528983879,718.70
86.554520218,718.70
86.577926322,718.70
86.600985764,718.70
86.624200953,709.71
86.647686034,709.71
86.671960500,709.71
86.695866642,709.71
86.719142984,668.16
86.742034553,668.16
86.765045451,668.16
86.789030666,668.16
86.813155659,668.16
86.837195946,642.40
86.861305387,642.40
86.884738051,642.40
86.908414174,642.40
86.931909110,643.90
86.955390991,643.90
86.979093642,643.90
87.002866150,643.90
87.026778116,642.21
87.050759171,642.21
87.074117786,642.21
87.097708372,642.21
87.121746227,646.66
87.145504688,646.66
87.169120522,646.66
87.192743812,646.66
87.216566880,646.66
87.239983000,644.15
87.263042123,644.15
87.286269119,644.15
87.310834502,644.15
87.338070736,642.55
87.361694666,642.55
87.385625609,642.55
87.409306308,642.55
87.432324950,640.60
87.455683276,640.60
87.479205957,640.60
87.502547419,640.60
87.526043284,639.91
87.549287273,639.91
87.572319483,639.91
87.595239660,639.91
87.618468865,639.91
87.641722134,643.61
87.665067821,643.61
87.688191616,643.61
87.711591767,643.61
87.735047183,644.21
87.758229155,644.21
87.781756412,644.21
87.805086194,644.21
87.828245030,644.28
87.851356346,644.28
87.874920275,644.28
87.898101383,644.28
87.921232219,644.28
87.944786900,611.09
87.967996777,611.09
87.991299039,611.09
88.016147113,611.09
88.039448447,574.29
88.062807189,574.29
88.086204685,574.29
88.110387886,574.29
88.133522658,540.37
88.156733078,540.37
88.180079725,540.37
88.203359330,540.37
88.226653368,540.37
88.250311826,504.37
88.273929612,504.37
88.298101006,504.37
88.321393187,504.37
88.347229211,471.50
88.370653554,471.50
88.394207211,471.50
88.418587311,471.50
88.441731587,434.80
88.465094522,434.80
88.488658355,434.80
88.513430780,434.80
88.537124119,393.34
88.560084232,393.34
88.582948568,393.34
88.605936810,393.34
88.629818471,393.34
88.654154187,363.67
88.678052136,363.67
88.702147305,363.67
88.726056359,363.67
88.749562975,397.47
88.773277658,397.47
88.796775027,397.47
88.820605967,397.47
88.844363627,432.11
88.868280649,432.11
88.891989348,432.11
88.916695373,432.11
88.940205637,469.55
88.963982177,469.55
88.987983328,469.55
89.011739324,469.55
89.035558809,503.03
89.059287476,503.03
89.083031312,503.03
89.106629770,503.03
89.130552584,503.03
89.154282211,541.17
89.178202881,541.17
89.201804155,541.17
89.226755398,541.17
89.250820390,575.11
89.274444224,575.11
89.297578003,575.11
89.321741140,575.11
89.345419663,602.98
89.369346253,602.98
89.394793087,602.98
89.418233783,602.98
89.442193141,643.73
89.465334825,643.73
89.488518813,643.73
89.511888243,643.73
89.535030055,643.73
89.558950853,670.25
89.582642879,670.25
89.606260697,670.25
89.630385114,670.25
89.653510669,717.53
89.676501887,717.53
89.699580657,717.53
89.724544157,717.53
89.748096086,715.11
89.771640463,715.11
89.795027014,715.11
89.818175737,715.11
89.841488367,715.11
89.865027688,717.99
89.888415007,717.99
89.911837814,717.99
89.935129996,717.99
89.958427393,712.71
89.981701078,712.71
90.005394993,712.71
90.029021675,712.71
90.052668229,693.20
90.075968859,693.20
90.099301425,693.20
90.123253008,693.20
90.147561683,657.74
90.170491363,657.74
90.193370451,657.74
90.216540039,657.74
90.240704744,657.74
90.264294721,615.22
90.287819162,615.22
90.311825881,615.22
90.335945177,615.22
90.359397841,613.93
90.382873033,613.93
90.412834839,613.93
90.436646675,613.93
90.460321837,615.15
90.484290188,615.15
90.507963206,615.15
90.531140154,615.15
90.554675219,615.15
90.578286957,617.88
90.602156554,617.88
90.625675266,617.88
90.649555263,617.88
90.673508477,616.91
90.697128151,616.91
90.720256426,616.91
90.744130472,616.91
90.767657824,618.19
90.791367067,618.19
90.814825779,618.19
90.839391641,618.19
90.863126676,615.91
90.886219623,615.91
90.909422779,615.91
90.933846528,615.91
90.957181174,615.91
90.980497100,618.84
91.003349211,618.84
91.026267148,618.84
91.049290621,618.84
91.072156525,636.63
91.095916937,636.63
91.119982377,636.63
91.144098249,636.63
91.167835268,634.23
91.191364509,634.23
91.214818196,634.23
91.238376877,634.23
91.261843109,643.66
91.285300476,643.66
91.308583377,643.66
91.332017257,643.66
91.355365919,643.66
91.379095994,609.39
91.402663251,609.39
91.425949256,609.39
91.452128164,609.39
91.475230102,571.97
91.498544844,571.97
91.521601726,571.97
91.547303380,571.97
91.570367014,539.35
91.593383639,539.35
91.616592364,539.35
91.639776192,539.35
91.662914291,506.62
91.686308617,506.62
91.709428989,506.62
91.733330042,506.62
91.756258538,506.62
91.778488018,459.88
91.801111998,459.88
91.824852985,459.88
91.848850168,459.88
91.872473074,436.76
91.896089451,436.76
91.919821127,436.76
91.943106844,436.76
91.966360689,435.06
91.989616165,435.06
92.013832615,435.06
92.037366240,435.06
92.061134971,435.06
92.085187419,445.90
92.108763636,445.90
92.132249804,445.90
92.155595810,445.90
92.178835254,475.22
92.202171276,475.22
92.225647300,475.22
92.249261533,475.22
92.272935191,506.65
92.296306222,506.65
92.319603715,506.65
92.342935897,506.65
92.366524466,542.66
92.390442159,542.66
92.413944679,542.66
92.437258973,542.66
92.461146810,542.66
92.484671602,574.58
92.507881958,574.58
92.531092219,574.58
92.556807280,574.58
92.580539467,608.34
92.603907265,608.34
92.627562363,608.34
92.651318871,608.34
92.674589516,650.31
92.697875585,650.31
92.721143734,650.31
92.744207400,650.31
92.767757025,679.70
92.791172119,679.70
92.814490925,679.70
92.837693057,679.70
92.861180505,679.70
92.884001096,721.85
92.907231228,721.85
92.930885494,721.85
92.954349582,721.85
92.977478081,715.54
93.000665204,715.54
93.024222413,715.54
93.047584323,715.54
93.071043067,686.82
93.094228335,686.82
93.117487683,686.82
93.140771192,686.82
93.164363410,686.82
93.187839529,651.27
93.211895496,651.27
93.235172925,651.27
93.258575028,651.27
93.281769096,618.39
93.305029212,618.39
93.328027438,618.39
93.351482085,618.39
93.374436342,584.97
93.397333189,584.97
93.420630299,584.97
93.443657900,584.97
93.466666238,584.97
93.489895890,545.54
93.513083238,545.54
93.536950082,545.54
93.560523963,545.54
93.583781520,503.84
93.606981732,503.84
93.630011797,503.84
93.654207511,503.84
93.678651291,481.56
93.702891901,481.56
93.726759289,481.56
93.750413747,481.56
93.774403186,481.56
93.798613139,478.97
93.822955030,478.97
93.847505468,478.97
93.871493978,478.97
93.895406136,477.70
93.919473111,477.70
93.943101168,477.70
93.967184848,477.70
93.991032461,478.52
94.015002603,478.52
94.038980137,478.52
94.063038792,478.52
94.086601537,504.73
94.110176922,504.73
94.133669138,504.73
94.157326732,504.73
94.180932645,535.73
94.204697248,535.73
94.243040477,535.73
94.294992142,571.08
94.321597647,571.08
94.345749199,571.08
94.369898736,571.08
94.393204165,606.35
94.417710250,606.35
94.441075712,606.35
94.464593624,606.35
94.487869869,639.92
94.511304516,639.92
94.534953021,639.92
94.559060253,639.92
94.582691415,672.04
94.606226607,672.04
94.629594277,672.04
94.653186430,672.04
94.677829509,672.04
94.701443518,707.45
94.725445949,707.45
94.748997173,707.45
94.773624796,707.45
94.797117460,708.38
94.820626795,708.38
94.844252837,708.38
94.868936428,708.38
94.892790633,710.03
94.916542468,710.03
94.940086812,710.03
94.963388081,710.03
94.987089036,711.37
95.011085834,711.37
95.034705508,711.37
95.058382590,711.37
95.082281147,711.37
95.106009078,710.62
95.129259114,710.62
95.152391773,710.62
95.177330664,710.62
95.201091619,712.34
95.224781181,712.34
95.248767291,712.34
95.272395989,712.34
95.295447686,711.90
95.318523416,711.90
95.341701324,711.90
95.365409830,711.90
95.389027135,714.29
95.413013885,714.29
95.437170494,714.29
95.461347006,714.29
95.484903063,714.29
95.508217740,714.90
95.532164778,714.90
95.556326730,714.90
95.580715086,714.90
95.604735852,713.71
95.628352325,713.71
95.651997247,713.71
95.675588408,713.71
95.698776843,715.41
95.722451141,715.41
95.746099487,715.41
95.770009372,715.41
95.793777239,714.54
95.817434545,714.54
95.840898376,714.54
95.864012763,714.54
95.887048364,714.54
95.910831912,716.86
95.934777189,716.86
95.958586849,716.86
95.983525164,716.86
96.007214502,717.71
96.031503976,717.71
96.055518599,717.71
96.079337539,717.71
96.102946812,715.24
96.127012475,715.24
96.150484178,715.24
96.173937705,715.24
96.197575075,718.05
96.220536851,718.05
96.244389935,718.05
96.268358573,718.05
96.292523213,718.05
96.316110598,715.82
96.339406459,715.82
96.362564814,715.82
96.386888048,715.82
96.410589067,718.10
96.434028705,718.10
96.457272118,718.10
96.482036926,718.10
96.505389588,718.52
96.528634152,718.52
96.551794843,718.52
96.575366547,718.52
96.598847275,717.21
96.622372451,717.21
96.646151902,717.21
96.669582100,717.21
96.692929194,717.21
96.716094077,718.87
96.741821714,718.87
96.765714511,718.87
96.790645498,718.87
96.814508598,716.41
96.838035310,716.41
96.860994750,716.41
96.884890427,716.41
96.908113263,718.63
96.931841130,718.63
96.955453539,718.63
96.979107804,718.63
97.002733141,717.39
97.026540337,717.39
97.049786885,717.39
97.072931512,717.39
97.096171756,717.39
97.119708516,715.33
97.143112507,715.33
97.166805237,715.33
97.190560336,715.33
97.213573889,715.08
97.236558513,715.08
97.259633891,715.08
97.283061466,715.08
97.306413551,715.42
97.329667203,715.42
97.353075610,715.42
97.376386958,715.42
97.399761508,715.42
97.423123482,714.53
97.446035338,714.53
97.468994202,714.53
97.491904810,714.53
97.515207422,694.03
97.538300913,694.03
97.561326850,694.03
97.584355859,694.03
97.607146785,659.54
97.630368853,659.54
97.653623337,659.54
97.677043999,659.54
97.699612042,659.54
97.721984915,619.00
97.746166644,619.00
97.769940527,619.00
97.793712490,619.00
97.817217825,592.03
97.841136030,592.03
97.864465684,592.03
97.887467172,592.03
97.910783321,591.94
97.934351474,591.94
97.958417649,591.94
97.982102923,591.94
98.005856965,591.94
98.029794627,596.80
98.053189849,596.80
98.076394156,596.80
98.100507180,596.80
98.123968195,598.70
98.147651837,598.70
98.171146100,598.70
98.195664409,598.70
98.219359507,597.44
98.242615847,597.44
98.265900572,597.44
98.288969293,597.44
98.312295234,594.52
98.335811738,594.52
98.359049166,594.52
98.382236257,594.52
98.405395636,594.52
98.428444101,595.11
98.451820699,595.11
98.475115344,595.11
98.498770185,595.11
98.522163839,601.15
98.548932226,601.15
98.572006899,601.15
98.594625151,601.15
98.618708030,599.43
98.642722300,599.43
98.666603737,599.43
98.690681816,599.43
98.714656853,599.43
98.738012587,643.85
98.761524482,643.85
98.803422797,643.85
98.827168040,655.92
98.853363427,655.92
98.877164479,655.92
98.901862758,655.92
98.925236315,657.52
98.948955542,657.52
98.973739390,657.52
98.997299158,657.52
99.021054385,657.71
99.044928717,657.71
99.068608103,657.71
99.091703257,657.71
99.115063503,657.71
99.138435204,658.54
99.162417698,658.54
99.186063003,658.54
99.210966053,658.54
99.235131877,656.73
99.258408889,656.73
99.281596237,656.73
99.305404264,656.73
99.328713693,656.08
99.352395958,656.08
99.375734987,656.08
99.399311204,656.08
99.423428227,655.67
99.446632310,655.67
99.469779401,655.67
99.492997181,655.67
99.516982554,655.67
99.540792278,670.60
99.564294093,670.60
99.587908294,670.60
99.611583103,670.60
99.634706642,711.89
99.658041383,711.89
99.680915318,711.89
99.704023368,711.89
99.727909860,714.66
99.751773568,714.66
99.775380601,714.66
99.798513803,714.66
99.821796576,714.66
99.844993491,718.26
99.868434217,718.26
99.892383879,718.26
99.916467334,718.26
99.939418902,713.57
99.962523112,713.57
99.985634362,713.57
100.010582052,713.57
100.033630965,696.00
100.057093644,696.00
100.080138749,696.00
100.103266640,696.00
100.126731303,696.00
100.149737079,658.75
100.172746760,658.75
100.195706744,658.75
100.218980460,658.75
100.242079998,617.97
100.265326322,617.97
100.288277762,617.97
100.312870983,617.97
100.336951366,584.49
100.360369116,584.49
100.384342746,584.49
100.407848369,584.49
100.431488778,552.13
100.455241573,552.13
100.478928670,552.13
100.502489110,552.13
100.526060078,552.13
100.549750152,518.78
100.573659716,518.78
100.596931385,518.78
100.621571871,518.78
100.644572879,482.07
100.667569728,482.07
100.690645201,482.07
100.713879109,482.07
100.737067896,449.10
100.760176586,449.10
100.783342045,449.10
100.806368270,449.10
100.829606785,449.10
100.852694483,411.78
100.876054760,411.78
100.899523935,411.78
100.924707469,411.78
100.949277266,381.17
100.972706856,381.17
100.995944860,381.17
101.019390962,381.17
101.043280207,365.72
101.066674436,365.72
101.090584737,365.72
101.114008663,365.72
101.137723089,364.30
101.161610189,364.30
101.185229318,364.30
101.209665866,364.30
101.232940542,364.30
101.255741803,358.30
101.278678619,358.30
101.302631704,358.30
101.327690212,358.30
101.351659489,368.34
101.375401691,368.34
101.399156918,368.34
101.422919600,368.34
101.446752172,405.61
101.470656456,405.61
101.494453603,405.61
101.518383616,405.61
101.542284444,440.56
101.566252314,440.56
101.589920787,440.56
101.613327497,440.56
101.636652829,440.56
101.660621979,474.75
101.684312180,474.75
101.707909517,474.75
101.731485541,474.75
101.755169534,511.66
101.778709430,511.66
101.801857064,511.66
101.825460801,511.66
101.849143130,546.70
101.872670961,546.70
101.896646895,546.70
101.920435018,546.70
101.947271469,577.69
101.970503232,577.69
101.994098137,577.69
102.017382093,577.69
102.041313418,577.69
102.064770400,615.94
102.088204822,615.94
102.112034706,615.94
102.135659979,615.94
102.158939327,653.73
102.182099793,653.73
102.205556296,653.73
102.229869545,653.73
102.253300415,692.61
102.276684821,692.61
102.300734963,692.61
102.324250282,692.61
102.347845186,720.96
102.371179767,720.96
102.394147527,720.96
102.417718463,720.96
102.441937439,720.96
102.465356981,719.48
102.488592457,719.48
102.512014335,719.48
102.536745030,719.48
102.560254461,720.82
102.583459568,720.82
102.606819461,720.82
102.631239240,720.82
102.654297882,716.90
102.677618638,716.90
102.700802913,716.90
102.724009108,716.90
102.747275336,716.90
102.770585820,690.21
102.794160340,690.21
102.817484553,690.21
102.840993280,690.21
102.864129874,650.37
102.887296869,650.37
102.910655098,650.37
102.933920333,650.37
102.957142241,613.80
102.980549366,613.80
103.004486067,613.80
103.028229901,613.80
103.051667780,582.38
103.074946104,582.38
103.098014281,582.38
103.121159803,582.38
103.144622322,582.38
103.167936230,547.29
103.191478589,547.29
103.214698001,547.29
103.238191303,547.29
103.262452552,510.47
103.285278742,510.47
103.307691807,510.47
103.330305706,510.47
103.354460169,466.62
103.378389030,466.62
103.402176417,466.62
103.426051100,466.62
103.450020761,466.62
103.473493296,466.42
103.496587297,466.42
103.519936662,466.42
103.545217989,466.42
103.569077088,458.18
103.593032349,458.18
103.616930105,458.18
103.640731988,458.18
103.664080233,464.18
103.687301916,464.18
103.711132631,464.18
103.734709615,464.18
103.758293607,492.07
103.782047489,492.07
103.805714554,492.07
103.829356019,492.07
103.852915307,492.07
103.876291136,528.07
103.899420626,528.07
103.922866792,528.07
103.948359257,528.07
103.972007090,560.01
103.995399208,560.01
104.018524794,560.01
104.044870614,560.01
104.067927399,601.47
104.092246057,601.47
104.115641790,601.47
104.139038068,601.47
104.162989393,634.97
104.186373094,634.97
104.209422615,634.97
104.232400134,634.97
104.256057375,634.97
104.279765177,663.29
104.303611636,663.29
104.327018026,663.29
104.351655183,663.29
104.374746017,715.34
104.398138710,715.34
104.421242472,715.34
104.445232933,715.34
104.468893246,714.73
104.492371060,714.73
104.515776906,714.73
104.539145887,714.73
104.562569364,714.73
104.585929769,700.18
104.609110620,700.18
104.632029131,700.18
104.655121980,700.18
104.678108140,660.53
104.701230270,660.53
104.724313359,660.53
104.748651409,660.53
104.771850212,630.47
104.794940021,630.47
104.819005011,630.47
104.842256071,630.47
104.865744894,594.57
104.889670010,594.57
104.913071919,594.57
104.936312547,594.57
104.960054493,594.57
104.983347025,563.13
105.006691621,563.13
105.029939321,563.13
105.053328302,563.13
105.077258187,524.09
105.100712801,524.09
105.124053109,524.09
105.147378986,524.09
105.170241400,490.53
105.193968530,490.53
105.217738252,490.53
105.240976511,490.53
105.264503286,490.53
105.287906444,452.83
105.311093310,452.83
105.334096910,452.83
105.358331471,452.83
105.381425824,413.76
105.404452464,413.76
105.427420320,413.76
105.450320463,413.76
105.473474785,376.29
105.496565842,376.29
105.519806245,376.29
105.543076473,376.29
105.566184522,376.29
105.589335900,362.64
105.612403181,362.64
105.635510271,362.64
105.658349133,362.64
105.681547263,364.19
105.704992949,364.19
105.727667297,364.19
105.750298124,364.19
105.773273628,362.54
105.796356845,362.54
105.819542976,362.54
105.842495663,362.54
105.865545312,362.54
105.888457871,362.30
105.912066663,362.30
105.935057623,362.30
105.958219049,362.30
105.981535133,358.61
106.004586766,358.61
106.027572254,358.61
106.050752848,358.61
106.073696863,358.61
106.097104245,352.27
106.120133669,352.27
106.144323237,352.27
106.168076287,352.27
106.191219121,355.66
106.214508261,355.66
106.237875897,355.66
106.261133997,355.66
106.284499778,357.49
106.307633011,357.49
106.330824102,357.49
106.354303516,357.49
106.377434030,356.29
106.400540447,356.29
106.423382669,356.29
106.446500894,356.29
106.469606000,356.29
106.492927108,356.88
106.516524444,356.88
106.539601869,356.88
106.563287590,356.88
106.586488760,356.37
106.609948270,356.37
106.633629575,356.37
106.657056669,356.37
106.680473586,355.25
106.703874344,355.25
106.727262941,355.25
106.750635250,355.25
106.774902706,355.25
106.798240167,357.29
106.821327352,357.29
106.844582763,357.29
106.867971136,357.29
106.891286612,355.34
106.914351237,355.34
106.937500471,355.34
106.960570216,355.34
106.983903260,360.48
107.007182800,360.48
107.030249569,360.48
107.053151152,360.48
107.076393667,360.48
107.099403251,365.95
107.122662662,365.95
107.145736983,365.95
107.168867241,365.95
107.194406106,365.55
107.217556364,365.55
107.240953473,365.55
107.264720987,365.55
107.287891277,366.31
107.310993022,366.31
107.333793388,366.31
107.356984094,366.31
107.380314418,366.31
107.403447652,366.40
107.426933402,366.40
107.450418192,366.40
107.474572559,366.40
107.497971365,366.03
107.521368090,366.03
107.544841744,366.03
107.568779340,366.03
107.592205889,366.25
107.615901210,366.25
107.639023596,366.25
107.662480194,366.25
107.686620289,366.25
107.709954261,366.16
107.733330602,366.16
107.756339034,366.16
107.779251176,366.16
107.802742335,361.18
107.826050035,361.18
107.849028162,361.18
107.872402391,361.18
107.895590153,361.71
107.918775196,361.71
107.941774252,361.71
107.964854973,361.71
107.987777355,361.71
108.011190113,356.71
108.034214257,356.71
108.057622054,356.71
108.081196157,356.71
108.104644595,350.06
108.127877190,350.06
108.151407741,350.06
108.175040885,350.06
108.198497163,351.77
108.221801439,351.77
108.245434903,351.77
108.269141008,351.77
108.292161440,341.81
108.315052974,341.81
108.338215616,341.81
108.362076923,341.81
108.386250683,341.81
108.410082165,356.00
108.433884048,356.00
108.457478375,356.00
108.482517874,356.00
108.506163466,392.23
108.529811619,392.23
108.556592196,392.23
108.580503488,392.23
108.604462461,426.12
108.628238135,426.12
108.651612331,426.12
108.676520468,426.12
108.699931401,458.96
108.723703747,458.96
108.747302107,458.96
108.771376537,458.96
108.795351189,496.01
108.819118735,496.01
108.842901001,496.01
108.866561602,496.01
108.890155322,496.01
108.913752401,529.33
108.938093267,529.33
108.962131792,529.33
108.986599059,529.33
109.010303372,573.32
109.033767394,573.32
109.057540700,573.32
109.081442136,573.32
109.105011343,606.97
109.128773929,606.97
109.152805510,606.97
109.176320989,606.97
109.199612592,647.36
109.222916068,647.36
109.246378202,647.36
109.270216309,647.36
109.293714699,647.36
109.317676967,678.15
109.341558690,678.15
109.365338620,678.15
109.390132676,678.15
109.413829245,710.15
109.437870170,710.15
109.461438929,710.15
109.485195691,710.15
109.509402570,709.44
109.533075299,709.44
109.556635706,709.44
109.579844812,709.44
109.603195265,709.17
109.627182301,709.17
109.650636051,709.17
109.674320140,709.17
109.698297192,709.17
109.721402745,709.12
109.744589579,709.12
109.767931424,709.12
109.793251502,709.12
109.816733604,712.10
109.840447517,712.10
109.864313720,712.10
109.888131603,712.10
109.911346949,714.74
109.934460470,714.74
109.958140431,714.74
109.982018602,714.74
110.005879813,711.87
110.029634079,711.87
110.053683420,711.87
110.077190739,711.87
110.101009837,711.87
110.124637541,715.49
110.148234909,715.49
110.171913461,715.49
110.196786301,715.49
110.220591288,715.08
110.244296528,715.08
110.267446594,715.08
110.291258108,715.08
110.314720434,718.69
110.338758863,718.69
110.362408455,718.69
110.386201185,718.69
110.410127965,715.78
110.433628051,715.78
110.456738884,715.78
110.480102361,715.78
110.503789905,715.78
110.527295304,713.96
110.550818974,713.96
110.574647449,713.96
110.598542196,713.96
110.622003754,717.96
110.645325341,717.96
110.669024598,717.96
110.695025421,717.96
110.719115947,712.91
110.742964038,712.91
110.766793953,712.91
110.790140853,712.91
110.813457192,714.52
110.836909022,714.52
110.860471445,714.52
110.883936779,714.52
110.907619427,714.52
110.930872662,710.19
110.954583535,710.19
110.977911331,710.19
111.001348952,710.19
111.024345960,707.93
111.047505593,707.93
111.070517705,707.93
111.093907934,707.93
111.117049871,669.02
111.140860650,669.02
111.164631171,669.02
111.188935844,669.02
111.212725118,669.02
111.236268692,636.75
111.259656681,636.75
111.283082206,636.75
111.306499059,636.75
111.329836679,601.54
111.353159291,601.54
111.378949711,601.54
111.402324707,601.54
111.425814265,567.72
111.449380976,567.72
111.472442497,567.72
111.495582450,567.72
111.518904454,535.52
111.542034263,535.52
111.565026982,535.52
111.588126839,535.52
111.611174343,535.52
111.634317400,500.09
111.657512650,500.09
111.680657628,500.09
111.703869806,500.09
111.727007999,469.15
111.750037967,469.15
111.773223713,469.15
111.796304018,469.15
111.819707430,432.75
111.843130780,432.75
111.866002921,432.75
111.889118650,432.75
111.912083465,432.75
111.934833461,400.39
111.957805189,400.39
111.981356955,400.39
112.004850001,400.39
112.028060899,358.54
112.051269622,358.54
112.074558633,358.54
112.097501144,358.54
112.120562760,358.54
112.143641976,359.39
112.166694889,359.39
112.189751225,359.39
112.213194382,359.39
112.236098684,358.25
112.259200557,358.25
112.282037978,358.25
112.305773331,358.25
112.329001285,352.45
112.352342073,352.45
112.375577100,352.45
112.398815038,352.45
112.422211507,352.45
112.445343524,353.92
112.470844884,353.92
112.494019430,353.92
112.517171863,353.92
112.540538412,352.27
112.563764094,352.27
112.587597752,352.27
112.611312113,352.27
112.634700518,352.90
112.658244252,352.90
112.681618960,352.90
112.704895555,352.90
112.728446106,352.27
112.751749741,352.27
112.775046305,352.27
112.798286515,352.27
112.821857770,352.27
112.845938696,351.59
112.869396061,351.59
112.892764561,351.59
112.917142131,351.59
112.940316229,353.39
112.963484790,353.39
112.986787562,353.39
113.009776153,353.39
113.032882058,356.62
113.056058203,356.62
113.079055755,356.62
113.101989017,356.62
113.125082378,356.62
113.148159578,356.80
113.171357900,356.80
113.194623295,356.80
113.217569005,356.80
113.240666462,357.10
113.264169204,357.10
113.287357286,357.10
113.310459894,357.10
113.333601607,362.49
113.356622487,362.49
113.379652102,362.49
113.402899801,362.49
113.425920137,362.49
113.448856215,352.52
113.475195858,352.52
113.498489125,352.52
113.522232990,352.52
113.545664052,350.26
113.569663184,350.26
113.593079269,350.26
113.616596731,350.26
113.639613610,349.33
113.662242741,349.33
113.685288356,349.33
113.708215891,349.33
113.731461893,349.33
113.754553174,345.86
113.777958474,345.86
113.801151004,345.86
113.824218188,345.86
113.847382686,348.04
113.870335628,348.04
113.893387356,348.04
113.916336683,348.04
113.939522653,346.92
113.963158324,346.92
113.986166020,346.92
114.008937392,346.92
114.032179875,346.92
114.055173202,346.33
114.078493093,346.33
114.102027291,346.33
114.126702177,346.33
114.150165846,347.58
114.173522730,347.58
114.196959007,347.58
114.221517923,347.58
114.244914007,346.96
114.268165738,346.96
114.291922883,346.96
114.315160629,346.96
114.338577546,348.05
114.361567609,348.05
114.384834220,348.05
114.408149439,348.05
114.431345457,348.05
114.454380096,356.25
114.477677747,356.25
114.500774052,356.25
114.528022859,356.25
114.551048923,359.34
114.574510864,359.34
114.597587104,359.34
114.620776210,359.34
114.643669023,359.34
114.666809168,359.36
114.689732671,359.36
114.712647469,359.36
114.735648764,359.36
114.758369543,363.38
114.781459640,363.38
114.804517192,363.38
114.828610501,363.38
114.852049914,362.87
114.875557744,362.87
114.898625504,362.87
114.922067989,362.87
114.945616044,362.87
114.969057345,362.87
114.992384436,362.87
115.015813865,362.87
115.039137244,362.87
115.062314766,362.49
115.085152923,362.49
115.108413677,362.49
115.131564319,362.49
115.154642543,359.15
115.177721151,359.15
115.200586924,359.15
115.223578011,359.15
115.246728588,359.15
115.269997823,359.93
115.293151728,359.93
115.316448515,359.93
115.339957657,359.93
115.363354701,359.84
115.386360796,359.84
115.409552014,359.84
115.433666444,359.84
115.456817085,359.09
115.479833132,359.09
115.502705337,359.09
115.525728937,359.09
115.550456367,359.79
115.576984716,359.79
115.600349472,359.79
115.624140954,359.79
115.647519054,359.79
115.670994915,358.74
115.694346039,358.74
115.717924493,358.74
115.742167661,358.74
115.765478976,358.40
115.788687954,358.40
115.811858947,358.40
115.835879360,358.40
115.858940784,355.46
115.882271267,355.46
115.905574614,355.46
115.928972938,355.46
115.953047400,355.46
115.976550173,353.54
115.999504620,353.54
116.022464986,353.54
116.045699949,353.54
116.068717884,355.47
116.091621610,355.47
116.114221715,355.47
116.138740311,355.47
116.162171755,356.91
116.185334364,356.91
116.209241431,356.91
116.232437225,356.91
116.255835037,358.08
116.279419316,358.08
116.302667206,358.08
116.325919928,358.08
116.349561168,358.08
116.372849443,357.60
116.396313176,357.60
116.419621995,357.60
116.443524230,357.60
116.466946010,357.40
116.490259629,357.40
116.513641441,357.40
116.536700305,357.40
116.560100485,356.72
116.583040020,356.72
116.606307782,356.72
116.633870321,356.72
116.656949793,356.72
116.680160563,357.58
116.703199298,357.58
116.725942382,357.58
116.749185760,357.58
116.772224912,357.75
116.795318944,357.75
116.818175853,357.75
116.840983097,357.75
116.864263852,360.84
116.887361948,360.84
116.910901203,360.84
116.934411880,360.84
116.958064416,360.84
116.981520085,361.02
117.004692134,361.02
117.027989465,361.02
117.051640656,361.02
117.075014980,360.92
117.098238102,360.92
117.121486121,360.92
117.145984139,360.92
117.169943335,361.82
117.193342715,361.82
117.216855249,361.82
117.240275909,361.82
117.263407574,361.07
117.286681064,361.07
117.309466484,361.07
117.332630181,361.07
117.355806518,361.07
117.378768773,361.81
117.402027575,361.81
117.425012646,361.81
117.447933300,361.81
117.470726720,362.33
117.494033395,362.33
117.517082722,362.33
117.540001872,362.33
117.563109984,362.33
117.586266481,361.90
117.609287553,361.90
117.632613012,361.90
117.655720708,361.90
117.681159219,362.23
117.704133314,362.23
117.727316019,362.23
117.750637862,362.23
117.773612117,361.53
117.796679716,361.53
117.819513873,361.53
117.842883109,361.53
117.866245880,361.53
117.889597900,362.36
117.913440742,362.36
117.937245567,362.36
117.960376400,362.36
117.983118940,358.08
118.006033161,358.08
118.029804258,358.08
118.053975073,358.08
118.077784250,363.72
118.101887992,363.72
118.125546703,363.72
118.148984292,363.72
118.172635067,406.46
118.196070768,406.46
118.219973674,406.46
118.243753059,406.46
118.267227961,406.46
118.290788687,439.34
118.314229059,439.34
118.337636727,439.34
118.361388848,439.34
118.385225802,471.53
118.409034819,471.53
118.432676539,471.53
118.456582933,471.53
118.480015466,510.42
118.503101018,510.42
118.526321931,510.42
118.552213888,510.42
118.576199708,540.48
118.599590992,540.48
118.623611820,540.48
118.646990912,540.48
118.670308499,540.48
118.693433284,580.76
118.716739190,580.76
118.739794534,580.76
118.763823874,580.76
118.786912050,604.99
118.809935297,604.99
118.832890991,604.99
118.856079777,604.99
118.879899674,625.92
118.903413264,625.92
118.926924421,625.92
118.950235096,625.92
118.973872399,625.92
118.997242915,636.89
119.020639831,636.89
119.044087116,636.89
119.067623298,636.89
119.091348954,620.32
119.115028306,620.32
119.138256260,620.32
119.161846490,620.32
119.185229038,585.20
119.208492000,585.20
119.231672465,585.20
119.254873122,585.20
119.278122676,553.08
119.301406631,553.08
119.324605560,553.08
119.347677352,553.08
119.371014267,553.08
119.394458031,515.08
119.417816451,515.08
119.441111413,515.08
119.464745964,515.08
119.488133088,483.90
119.511354226,483.90
119.534135166,483.90
119.557863542,483.90
119.581031143,445.28
119.604138775,445.28
119.627536043,445.28
119.650408824,445.28
119.673862413,445.28
119.697846792,413.67
119.721090170,413.67
119.743961191,413.67
119.767042935,413.67
119.813128501,367.51
119.837116721,367.51
119.861100077,367.51
119.885113289,367.51
119.908661087,390.43
119.932623706,390.43
119.956623702,390.43
119.980823796,390.43
120.004403083,422.70
120.028338470,422.70
120.052066238,422.70
120.075683541,422.70
120.099305036,422.70
120.122975715,460.72
120.146678715,460.72
120.170519253,460.72
120.194280397,460.72
120.218192296,491.60
120.241971713,491.60
120.265365269,491.60
120.288798281,491.60
120.312187549,530.07
120.335956981,530.07
120.359991986,530.07
120.383751338,530.07
120.407947305,559.88
120.431512287,559.88
120.454820145,559.88
120.478401608,559.88
120.501794491,592.71
120.525785143,592.71
120.552152658,592.71
120.575949227,592.71
120.599955687,592.71
120.623453212,632.84
120.647080243,632.84
120.671386675,632.84
120.695052202,632.84
120.718517343,660.38
120.742058068,660.38
120.766003983,660.38
120.789506277,660.38
120.812557780,709.59
120.835958792,709.59
120.861410007,709.59
120.885564372,709.59
120.909478671,705.11
120.933001797,705.11
120.955994323,705.11
120.979381031,705.11
121.003032926,708.49
121.026267152,708.49
121.049410432,708.49
121.072699794,708.49
121.096029093,708.49
121.119225783,702.41
121.142487593,702.41
121.166159392,702.41
121.190239357,702.41
121.213634384,682.42
121.236900098,682.42
121.260005234,682.42
121.283593545,682.42
121.306899643,646.33
121.329986379,646.33
121.353177340,646.33
121.377125079,646.33
121.400379913,646.33
121.423262069,614.74
121.446561352,614.74
121.469635959,614.74
121.492917482,614.74
121.516084826,578.14
121.539838035,578.14
121.563597259,578.14
121.586942526,578.14
121.610019534,546.88
121.633291488,546.88
121.656875094,546.88
121.680349483,546.88
121.703726654,510.77
121.727687321,510.77
121.751092301,510.77
121.774958695,510.77
121.798353627,510.77
121.821556844,473.14
121.845144706,473.14
121.868571350,473.14
121.892731508,473.14
121.916679887,448.97
121.940590346,448.97
121.963742426,448.97
121.986640583,448.97
122.009617558,391.75
122.033881301,391.75
122.058463096,391.75
122.083282494,391.75
122.107750368,393.39
122.131660315,393.39
122.155638614,393.39
122.179429359,393.39
122.203591373,415.52
122.227465734,415.52
122.251397345,415.52
122.275365692,415.52
122.299348152,415.52
122.322961838,450.42
122.346630469,450.42
122.370537440,450.42
122.394739774,450.42
122.418788410,485.78
122.443026681,485.78
122.466772049,485.78
122.490294854,485.78
122.513994782,522.34
122.537780471,522.34
122.561439598,522.34
122.585391817,522.34
122.609486021,552.93
122.633676451,552.93
122.657354779,552.93
122.680938897,552.93
122.704699657,552.93
122.728461314,588.70
122.752177850,588.70
122.775483724,588.70
122.798882784,588.70
122.822488694,622.94
122.845976363,622.94
122.869075195,622.94
122.892571056,622.94
122.915877730,663.69
122.938950129,663.69
122.961536154,663.69
122.984053954,663.69
123.006832238,663.69
123.030940011,657.92
123.054698947,657.92
123.078122935,657.92
123.102384278,657.92
123.125849611,658.87
123.149283167,658.87
123.172801556,658.87
123.196293961,658.87
123.220325413,659.15
123.243942619,659.15
123.267555857,659.15
123.291443979,659.15
123.314759070,658.10
123.337939503,658.10
123.361131679,658.10
123.384836951,658.10
123.408791218,658.10
123.432329319,660.24
123.456390724,660.24
123.479726870,660.24
123.503134602,660.24
123.526447292,660.20
123.552182511,660.20
123.575944071,660.20
123.599791328,660.20
123.623446359,661.48
123.647386706,661.48
123.671034377,661.48
123.694302683,661.48
123.717579661,660.91
123.740867871,660.91
123.764585974,660.91
123.788366031,660.91
123.812154856,660.91
123.835794430,663.05
123.859377492,663.05
123.882485412,663.05
123.906357054,663.05
123.930273176,667.43
123.953977008,667.43
123.977880458,667.43
124.002034216,667.43
124.025592413,717.25
124.048838735,717.25
124.072077984,717.25
124.095889369,717.25
124.119552784,720.85
124.142940900,720.85
124.166490041,720.85
124.189946349,720.85
124.213188703,720.85
124.236672819,722.24
124.260163112,722.24
124.283920160,722.24
124.308879272,722.24
124.332702017,720.18
124.356903359,720.18
124.380829146,720.18
124.404570962,720.18
124.428012198,720.17
124.451203702,720.17
124.474585738,720.17
124.498142143,720.17
124.522170267,718.02
124.545577390,718.02
124.568864864,718.02
124.592571384,718.02
124.616143150,718.02
124.639301182,720.15
124.662561008,720.15
124.685716384,720.15
124.709006482,720.15
124.732351653,717.52
124.755471828,717.52
124.778874152,717.52
124.802627264,717.52
124.826637692,701.86
124.850285746,701.86
124.873904201,701.86
124.897676417,701.86
124.921026740,701.86
124.944403335,666.11
124.967892156,666.11
124.992668833,666.11
125.015604751,666.11
125.040243954,624.09
125.063466115,624.09
125.087986502,624.09
125.111780510,624.09
125.135377812,599.95
125.159401680,599.95
125.182458271,599.95
125.205425325,599.95
125.228748959,598.15
125.253214816,598.15
125.276848535,598.15
125.300188521,598.15
125.323844000,598.15
125.347460502,596.69
125.370425444,596.69
125.393647669,596.69
125.417098377,596.69
125.440599902,596.40
125.464300821,596.40
125.487764585,596.40
125.511445569,596.40
125.534743891,595.44
125.558483850,595.44
125.581408536,595.44
125.604499815,595.44
125.627621207,595.44
125.650613669,593.73
125.673632147,593.73
125.696499167,593.73
125.719233546,593.73
125.742216696,582.20
125.765749965,582.20
125.789744424,582.20
125.813579201,582.20
125.836707537,554.46
125.860409032,554.46
125.883736763,554.46
125.907111438,554.46
125.930468833,556.01
125.953914517,556.01
125.977272232,556.01
126.000999839,556.01
126.024371986,556.01
126.047775718,570.08
126.071740929,570.08
126.094657166,570.08
126.117580379,570.08
126.140921613,535.42
126.164743686,535.42
126.188174362,535.42
126.211691567,535.42
126.235676298,536.39
126.259052285,536.39
126.282405167,536.39
126.305570911,536.39
126.329246710,536.39
126.352816908,537.99
126.376245952,537.99
126.399718836,537.99
126.424667483,537.99
126.447943981,536.94
126.471080189,536.94
126.494387215,536.94
126.519190069,536.94
126.542741482,532.96
126.566236479,532.96
126.589936694,532.96
126.613101830,532.96
126.636227670,532.96
126.659098242,540.23
126.682511446,540.23
126.706151852,540.23
126.729518783,540.23
126.753108821,547.78
126.777058319,547.78
126.800199935,547.78
126.823509297,547.78
126.846610688,591.23
126.870037876,591.23
126.893768908,591.23
126.916976636,591.23
126.940707892,621.41
126.964225577,621.41
126.987134230,621.41
127.010321990,621.41
127.033578936,621.41
127.056690887,655.33
127.080306077,655.33
127.103791378,655.33
127.127576522,655.33
127.150968957,696.21
127.174673012,696.21
127.197652514,696.21
127.220892627,696.21
127.245573463,702.61
127.269522098,702.61
127.292963045,702.61
127.316164502,702.61
127.339273413,702.61
127.362476822,703.95
127.385594117,703.95
127.409176891,703.95
127.433279991,703.95
127.456221893,700.46
127.479193970,700.46
127.502319138,700.46
127.525673684,700.46
127.551225188,681.41
127.574759513,681.41
127.598189644,681.41
127.621109113,681.41
127.643986341,681.41
127.667713693,633.32
127.691237170,633.32
127.715069579,633.32
127.738970788,633.32
127.762792605,626.19
127.786262481,626.19
127.809788486,626.19
127.833604575,626.19
127.857921694,624.19
127.881967482,624.19
127.905658545,624.19
127.930681849,624.19
127.954172845,629.01
127.977792580,629.01
128.001198967,629.01
128.024038499,629.01
128.047745306,629.01
128.071155885,626.55
128.094826692,626.55
128.118308760,626.55
128.141827309,626.55
128.165096895,629.22
128.189715330,629.22
128.213110453,629.22
128.236952941,629.22
128.260620836,628.02
128.284481277,628.02
128.307986258,628.02
128.331162914,628.02
128.354392083,626.34
128.377678532,626.34
128.400890901,626.34
128.423976900,626.34
128.447104595,626.34
128.470327268,631.11
128.493477428,631.11
128.516721349,631.11
128.540100888,631.11
128.563212967,659.21
128.586590490,659.21
128.609715337,659.21
128.632957499,659.21
128.656426638,667.71
128.680013028,667.71
128.703478072,667.71
128.726824042,667.71
128.750447648,667.71
128.773836115,641.42
128.797801838,641.42
128.821264674,641.42
128.844608404,641.42
128.867853061,607.11
128.891144343,607.11
128.914278087,607.11
128.938439044,607.11
128.961496690,575.32
128.985098408,575.32
129.008078614,575.32
129.031308614,575.32
129.054616088,575.32
129.078045260,538.99
129.101321501,538.99
129.124538382,538.99
129.147948641,538.99
129.171114385,502.14
129.194166752,502.14
129.217281551,502.14
129.241394443,502.14
129.264788446,473.55
129.288024207,473.55
129.311251168,473.55
129.335103545,473.55
129.358853008,442.29
129.382541543,442.29
129.406043195,442.29
129.429410734,442.29
129.452986883,442.29
129.476599033,402.73
129.500212975,402.73
129.523719555,402.73
129.547260568,402.73
129.570737644,365.87
129.594329378,365.87
129.618239579,365.87
129.641365419,365.87
129.664731133,361.82
129.688022095,361.82
129.710972892,361.82
129.734043947,361.82
129.757312988,361.82
129.780695407,363.23
129.804101026,363.23
129.826590793,363.23
129.849125009,363.23
129.872086622,348.63
129.895863606,348.63
129.919755823,348.63
129.943796619,348.63
129.967898119,378.42
129.991892802,378.42
130.015355733,378.42
130.038457380,378.42
130.062362654,378.42
130.086258840,414.32
130.109712363,414.32
130.133557380,414.32
130.157263803,414.32
130.180632782,450.65
130.204450502,450.65
130.228057500,450.65
130.251610577,450.65
130.278337871,483.85
130.302160552,483.85
130.328291422,483.85
130.351449486,483.85
130.374769600,520.98
130.397956016,520.98
130.421517637,520.98
130.444931896,520.98
130.468473261,554.51
130.492276197,554.51
130.515856250,554.51
130.538988586,554.51
130.562665088,554.51
130.586607162,593.05
130.610709814,593.05
130.633933031,593.05
130.657467740,593.05
130.681352373,633.80
130.704649606,633.80
130.727711509,633.80
130.750518304,633.80
130.773307883,667.49
130.796606749,667.49
130.819917934,667.49
130.843082174,667.49
130.866041451,667.49
130.888949944,716.26
130.912218825,716.26
130.935390073,716.26
130.958595689,716.26
130.981714680,714.56
131.004753095,714.56
131.028008151,714.56
131.051153191,714.56
131.074581466,693.43
131.098102767,693.43
131.121782853,693.43
131.145101431,693.43
131.168510026,693.43
131.191847836,657.77
131.215191118,657.77
131.238734403,657.77
131.262162646,657.77
131.285621258,623.26
131.308932891,623.26
131.335124691,623.26
131.359547635,623.26
131.383147816,588.48
131.406077845,588.48
131.428790879,588.48
131.452026735,588.48
131.476003626,588.48
131.500274728,549.40
131.524188194,549.40
131.548178172,549.40
131.571808690,549.40
131.595519081,551.79
131.618958396,551.79
131.642829525,551.79
131.667665211,551.79
131.691406546,550.98
131.715291435,550.98
131.738701726,550.98
131.762569879,550.98
131.786110412,548.59
131.809689313,548.59
131.833520857,548.59
131.856807947,548.59
131.880129500,549.47
131.903729490,549.47
131.926927586,549.47
131.950219060,549.47
131.973735080,549.47
131.997663522,549.43
132.021082773,549.43
132.044681674,549.43
132.068479330,549.43
132.091806644,565.34
132.115233031,565.34
132.138346870,565.34
132.161645384,565.34
132.186082984,603.48
132.209520379,603.48
132.233152913,603.48
132.256926121,603.48
132.280590847,603.48
132.304056818,636.87
132.327332899,636.87
132.350842808,636.87
132.376857293,636.87
132.400511235,676.45
132.426582936,676.45
132.450151117,676.45
132.474807408,676.45
132.498019585,714.72
132.521539189,714.72
132.545068457,714.72
132.569435689,714.72
132.592967741,712.86
132.616316143,712.86
132.639383998,712.86
132.662649327,712.86
132.686036673,712.86
132.709108240,717.12
132.732551043,717.12
132.755797300,717.12
132.779101733,717.12
132.802472727,713.20
132.825599078,713.20
132.848896888,713.20
132.872279274,713.20
132.896106275,688.94
132.919187121,688.94
132.941690680,688.94
132.964569188,688.94
132.988050808,688.94
133.011316137,639.66
133.034680155,639.66
133.058784919,639.66
133.082555790,639.66
133.105714430,638.89
133.128671723,638.89
133.151974460,638.89
133.176871843,638.89
133.200556633,637.29
133.224061901,637.29
133.247974054,637.29
133.271283384,637.29
133.294755851,635.26
133.318111677,635.26
133.341389486,635.26
133.365106533,635.26
133.388924509,635.26
133.412365040,635.23
133.436398923,635.23
133.459641052,635.23
133.482791467,635.23
133.506122365,635.37
133.529624721,635.37
133.553392104,635.37
133.577238657,635.37
133.600663828,631.78
133.624254217,631.78
133.647285591,631.78
133.670538567,631.78
133.693981115,631.78
133.716957512,628.41
133.740493596,628.41
133.764237971,628.41
133.788190413,628.41
133.811626752,634.21
133.834953010,634.21
133.857960287,634.21
133.881569333,634.21
133.905793362,657.87
133.929438248,657.87
133.953141470,657.87
133.977049528,657.87
134.001006802,706.93
134.024455109,706.93
134.047785975,706.93
134.070664034,706.93
134.094322040,706.93
134.117964814,707.53
134.141293664,707.53
134.164265261,707.53
134.187806113,707.53
134.211124339,711.14
134.234066271,711.14
134.257166350,711.14
134.281951667,711.14
134.305036737,705.95
134.328323442,705.95
134.351512706,705.95
134.374750482,705.95
134.397934114,705.95
134.421165298,689.71
134.444659526,689.71
134.467759477,689.71
134.513733775,689.71
134.537213154,648.32
134.560182351,648.32
134.582947705,648.32
134.606085768,648.32
134.630087395,604.67
134.654574340,604.67
134.678304378,604.67
134.702398070,604.67
134.725918026,606.88
134.749474751,606.88
134.773011283,606.88
134.796712618,606.88
134.820671491,606.88
134.844252888,601.25
134.868229010,601.25
134.891821863,601.25
134.915143289,601.25
134.938712718,606.95
134.962967627,606.95
134.987030599,606.95
135.010600923,606.95
135.034061871,599.40
135.057977928,599.40
135.081486428,599.40
135.104585931,599.40
135.127740026,603.54
135.151236878,603.54
135.175031397,603.54
135.198246421,603.54
135.221999628,603.54
135.245628418,600.50
135.268601679,600.50
135.291418233,600.50
135.314480455,600.50
135.337584822,601.49
135.360808486,601.49
135.383939509,601.49
135.406866593,601.49
135.430016976,623.88
135.452907164,623.88
135.476056043,623.88
135.499348860,623.88
135.522823216,623.88
135.546199330,640.22
135.569459314,640.22
135.592435423,640.22
135.615740305,640.22
135.638867071,648.44
135.661770155,648.44
135.684932731,648.44
135.707992585,648.44
135.730941461,648.44
135.754229734,614.05
135.777697369,614.05
135.800939210,614.05
135.824467966,614.05
135.848222549,584.46
135.871108961,584.46
135.893731689,584.46
135.916563540,584.46
135.940303787,533.64
135.964342662,533.64
135.988188702,533.64
136.012199160,533.64
136.035897039,537.82
136.059648358,537.82
136.083080089,537.82
136.106208135,537.82
136.129958430,537.82
136.153738390,537.63
136.177496333,537.63
136.201368133,537.63
136.225176029,537.63
136.248301228,537.29
136.271492764,537.29
136.295238194,537.29
136.319964374,537.29
136.343857839,539.46
136.367604870,539.46
136.391455838,539.46
136.414597581,539.46
136.437806557,544.06
136.461370033,544.06
136.485169481,544.06
136.508589723,544.06
136.532194896,544.06
136.558633035,564.73
136.582100894,564.73
136.605206060,564.73
136.628385148,564.73
136.653759016,595.68
136.677354237,595.68
136.700991826,595.68
136.724780778,595.68
136.748272413,630.30
136.771689264,630.30
136.794697597,630.30
136.818055503,630.30
136.841752645,664.00
136.865465915,664.00
136.888895982,664.00
136.912755718,664.00
136.936522430,664.00
136.960020241,714.62
136.983311682,714.62
137.006749493,714.62
137.032085761,714.62
137.055873304,715.35
137.079629391,715.35
137.103485767,715.35
137.126910010,715.35
137.150610320,719.76
137.174253798,719.76
137.197841307,719.76
137.221546289,719.76
137.245089733,717.62
137.268813403,717.62
137.292079020,717.62
137.315054553,717.62
137.338516492,717.62
137.361906814,719.63
137.385512883,719.63
137.409165672,719.63
137.432630267,719.63
137.456373842,715.59
137.479641571,715.59
137.502826962,715.59
137.525839871,715.59
137.551921300,714.93
137.575506825,714.93
137.599268800,714.93
137.623110392,714.93
137.649381840,714.53
137.672931332,714.53
137.695936241,714.53
137.719456229,714.53
137.743083834,714.53
137.766658511,714.70
137.790275524,714.70
137.813540340,714.70
137.837608911,714.70
137.860535867,716.42
137.883840748,716.42
137.906926043,716.42
137.931511164,716.42
137.954765869,713.06
137.978296993,713.06
138.001152076,713.06
138.023990679,713.06
138.047009412,713.06
138.070192051,696.08
138.093225025,696.08
138.116365680,696.08
138.139985061,696.08
138.163174644,658.02
138.186616935,658.02
138.209951352,658.02
138.234102036,658.02
138.257273667,625.72
138.280618357,625.72
138.303465312,625.72
138.326450412,625.72
138.349413209,625.72
138.372419590,590.14
138.395650614,590.14
138.418513953,590.14
138.442254999,590.14
138.465453351,554.89
138.488785112,554.89
138.512545807,554.89
138.537159921,554.89
138.560583428,523.14
138.583857588,523.14
138.607056996,523.14
138.630316372,523.14
138.653876200,523.14
138.677188121,483.33
138.700383273,483.33
138.723563320,483.33
138.748828195,483.33
138.772174484,454.89
138.795361475,454.89
138.818642484,454.89
138.841792163,454.89
138.865238646,412.32
138.888395045,412.32
138.911712182,412.32
138.934635490,412.32
138.957673007,386.80
138.980861982,386.80
139.003868747,386.80
139.026877624,386.80
139.050071656,386.80
139.073370073,362.85
139.096606857,362.85
139.119676854,362.85
139.143203274,362.85
139.166643101,364.77
139.189552713,364.77
139.212780568,364.77
139.235730821,364.77
139.258819827,364.56
139.281781919,364.56
139.304771884,364.56
139.328125757,364.56
139.351083881,364.56
139.374112279,364.15
139.397145412,364.15
139.420332467,364.15
139.443781734,364.15
139.466807059,364.52
139.490003010,364.52
139.513272051,364.52
139.536891816,364.52
139.560360123,364.52
139.583952463,364.00
139.607330657,364.00
139.630887861,364.00
139.654227526,364.00
139.677587352,363.66
139.700955113,363.66
139.723974679,363.66
139.747576363,363.66
139.770956637,364.54
139.796470155,364.54
139.820218593,364.54
139.843501458,364.54
139.866308700,363.61
139.889488555,363.61
139.912475960,363.61
139.935330627,363.61
139.958670708,363.61
139.981675809,363.64
140.004957362,363.64
140.028075264,363.64
140.051329520,363.64
140.074642977,364.37
140.097940818,364.37
140.121294435,364.37
140.144596980,364.37
140.167652737,364.14
140.190842417,364.14
140.214565223,364.14
140.237725494,364.14
140.260521120,364.14
140.283307274,355.42
140.307190690,355.42
140.331320158,355.42
140.356578344,355.42
140.380514401,369.30
140.404302904,369.30
140.427870124,369.30
140.451790309,369.30
140.475443066,405.85
140.499263313,405.85
140.523134986,405.85
140.546876384,405.85
140.570693015,447.52
140.594118570,447.52
140.617511804,447.52
140.640909838,447.52
140.664806598,447.52
140.688426491,479.78
140.711978159,479.78
140.735303872,479.78
140.759113303,479.78
140.782105412,512.83
140.805380276,512.83
140.828948776,512.83
140.852478684,512.83
140.876065648,549.75
140.900092298,549.75
140.923651711,549.75
140.947214131,549.75
140.970729670,549.75
140.993818132,580.93
141.017274311,580.93
141.041281345,580.93
141.065313083,580.93
141.088454665,617.29
141.112353954,617.29
141.135620338,617.29
141.159778414,617.29
141.182981021,654.66
141.206172076,654.66
141.229839938,654.66
141.253253364,654.66
141.276580357,689.24
141.300545502,689.24
141.323799086,689.24
141.346772314,689.24
141.370101227,689.24
141.393383643,706.41
141.416995824,706.41
141.440431491,706.41
141.464323771,706.41
141.487914159,706.82
141.511109726,706.82
141.534344910,706.82
141.559416054,706.82
141.583891414,704.97
141.607422537,704.97
141.631185728,704.97
141.655137497,704.97
141.678862735,704.97
141.702456164,705.91
141.725891446,705.91
141.749777358,705.91
141.773268641,705.91
141.796313198,703.85
141.819535710,703.85
141.843063537,703.85
141.866279137,703.85
141.890024759,707.78
141.913319080,707.78
141.936815835,707.78
141.960408175,707.78
141.984154438,702.94
142.007665913,702.94
142.031111852,702.94
142.054808737,702.94
142.078158547,702.94
142.101797480,704.73
142.125578494,704.73
142.149250644,704.73
142.174305211,704.73
142.197559851,703.77
142.220625817,703.77
142.244042731,703.77
142.268333864,703.77
142.292193056,702.17
142.315788884,702.17
142.339420905,702.17
142.363472227,702.17
142.386739667,704.99
142.409956643,704.99
142.433240851,704.99
142.456714278,704.99
142.480178456,704.99
142.503830989,704.75
142.527535683,704.75
142.552990512,704.75
142.577204492,704.75
142.600513437,708.16
142.624075505,708.16
142.647548611,708.16
142.671650942,708.16
142.694555114,707.07
142.717453685,707.07
142.740199390,707.07
142.763213259,707.07
142.786796095,707.07
142.810364531,694.27
142.834027272,694.27
142.857594012,694.27
142.881254033,694.27
142.912168677,654.68
142.935254739,654.68
142.958641925,654.68
142.981933525,654.68
143.005339367,620.00
143.028610327,620.00
143.051955816,620.00
143.075879041,620.00
143.099614679,620.00
143.123028969,585.60
143.146427450,585.60
143.169778348,585.60
143.193226878,585.60
143.216554191,550.96
143.240033121,550.96
143.263435091,550.96
143.287434221,550.96
143.310582587,519.98
143.333962476,519.98
143.357188924,519.98
143.380865809,519.98
143.404151969,487.58
143.427393009,487.58
143.450636608,487.58
143.474068403,487.58
143.497338499,487.58
143.520400560,448.14
143.543521470,448.14
143.566623308,448.14
143.590041374,448.14
143.613012778,416.72
143.636120440,416.72
143.659151332,416.72
143.682805081,416.72
143.706246636,379.18
143.729239768,379.18
143.752514216,379.18
143.776777221,379.18
143.800761694,379.18
143.824722967,367.76
143.848677296,367.76
143.872151235,367.76
143.896004795,367.76
143.919782449,400.27
143.943657385,400.27
143.973868020,400.27
143.997576713,400.27
144.021333760,434.90
144.044544975,434.90
144.068017922,434.90
144.091608566,434.90
144.115882643,468.73
144.139668138,468.73
144.163171421,468.73
144.187672669,468.73
144.211243441,503.26
144.234453408,503.26
144.257736560,503.26
144.280991935,503.26
144.304521043,536.09
144.328310697,536.09
144.351736251,536.09
144.374843881,536.09
144.398190042,536.09
144.421604940,576.27
144.444795035,576.27
144.467642021,576.27
144.490823316,576.27
144.513254073,581.17
144.535648733,581.17
144.559488276,581.17
144.583677808,581.17
144.607647273,577.98
144.631494145,577.98
144.655453786,577.98
144.679035758,577.98
144.702420479,577.98
144.725548557,620.10
144.748685979,620.10
144.772162318,620.10
144.795938244,620.10
144.819449591,650.16
144.842811561,650.16
144.866078744,650.16
144.889097445,650.16
144.912060113,653.11
144.935373665,653.11
144.959150904,653.11
144.982897038,653.11
145.006727749,650.16
145.030775103,650.16
145.054311091,650.16
145.077510498,650.16
145.100595343,650.16
145.124286213,648.72
145.147930009,648.72
145.171458892,648.72
145.194786781,648.72
145.217632807,650.40
145.240870295,650.40
145.263914020,650.40
145.287360694,650.40
145.311163884,651.22
145.334451484,651.22
145.358043344,651.22
145.381371425,651.22
145.404492847,651.22
145.427649533,650.95
145.451070607,650.95
145.474734884,650.95
145.499711370,650.95
145.523628802,674.13
145.546968819,674.13
145.570298404,674.13
145.594251228,674.13
145.617636142,709.84
145.642095085,709.84
145.665904260,709.84
145.689280277,709.84
145.713140332,709.46
145.736654495,709.46
145.759485994,709.46
145.782542935,709.46
145.806215372,709.46
145.829879841,707.93
145.853328979,707.93
145.877001896,707.93
145.901912077,707.93
145.925318399,706.88
145.948534286,706.88
145.971659452,706.88
145.996872581,706.88
146.020608187,707.19
146.044046413,707.19
146.069579802,707.19
146.093429649,707.19
146.117268713,711.03
146.140486136,711.03
146.163800936,711.03
146.187631871,711.03
146.211268180,711.03
146.234892264,709.54
146.258155608,709.54
146.281506888,709.54
146.306100137,709.54
146.329635677,712.73
146.352607336,712.73
146.375807383,712.73
146.400455833,712.73
146.423422853,709.62
146.446299535,709.62
146.469071320,709.62
146.492044324,709.62
146.515604280,709.62
146.539048042,697.61
146.562502044,697.61
146.586025167,697.61
146.609947783,697.61
146.633995073,664.06
146.657230896,664.06
146.680156571,664.06
146.703285161,664.06
146.727410980,623.15
146.751595296,623.15
146.775663834,623.15
146.799766997,623.15
146.823171270,623.18
146.846970077,623.18
146.870535312,623.18
146.893991426,623.18
146.917906138,623.18
146.941703473,620.90
146.965841548,620.90
146.989319583,620.90
147.012852498,620.90
147.036360388,623.77
147.059651508,623.77
147.083628173,623.77
147.110011110,623.77
147.133375959,618.71
147.157683604,618.71
147.180973860,618.71
147.204235187,618.71
147.227630405,620.86
147.250811539,620.86
147.274614922,620.86
147.298169149,620.86
147.322017012,620.86
147.345943020,619.17
147.369215068,619.17
147.392455947,619.17
147.415903645,619.17
147.439844758,622.57
147.463762798,622.57
147.487233216,622.57
147.511187064,622.57
147.534808621,633.10
147.559434254,633.10
147.582748702,633.10
147.606122223,633.10
147.630006759,666.42
147.653737724,666.42
147.677036748,666.42
147.700819683,666.42
147.724362102,666.42
147.747466691,711.46
147.770644786,711.46
147.794086692,711.46
147.818135101,711.46
147.842016757,711.83
147.865638217,711.83
147.889004986,711.83
147.912366155,711.83
147.935510617,716.47
147.958793737,716.47
147.982325628,716.47
148.005268359,716.47
148.028464662,716.47
148.051588547,709.45
148.074515471,709.45
148.097904928,709.45
148.122099547,709.45
148.145141992,679.89
148.167930705,679.89
148.190857628,679.89
148.214580882,679.89
148.238439977,645.62
148.261955516,645.62
148.285734386,645.62
148.309159876,645.62
148.332609397,647.72
148.356058567,647.72
148.379552762,647.72
148.403395985,647.72
148.427460107,647.72
148.451239425,646.45
148.474803412,646.45
148.498027491,646.45
148.522537699,646.45
148.546020725,645.74
148.569391750,645.74
148.593055291,645.74
148.617610715,645.74
148.641443890,645.18
148.664830243,645.18
148.687816975,645.18
148.710971837,645.18
148.734698482,637.91
148.758359655,637.91
148.781983099,637.91
148.805659376,637.91
148.829113922,637.91
148.852453330,640.23
148.875598336,640.23
148.899047922,640.23
148.922698246,640.23
148.946052439,635.04
148.969748076,635.04
148.993588867,635.04
149.017150807,635.04
149.040793451,643.35
149.063977625,643.35
149.088033267,643.35
149.111592262,643.35
149.135396221,643.35
149.159154579,672.14
149.182512675,672.14
149.206680351,672.14
149.230090864,672.14
149.253820933,705.85
149.277713085,705.85
149.301598420,705.85
149.324955813,705.85
149.348064146,704.67
149.371388162,704.67
149.394231308,704.67
149.417558140,704.67
149.440781803,704.29
149.464222845,704.29
149.487484972,704.29
149.510437976,704.29
149.533287298,704.29
149.559169875,695.75
149.582571076,695.75
149.605778707,695.75
149.629223044,695.75
149.652284913,662.88
149.675417087,662.88
149.698397387,662.88
149.721308533,662.88
149.744270561,627.22
149.767133003,627.22
149.790272825,627.22
149.813162403,627.22
149.836209040,627.22
149.859394622,588.80
149.882565804,588.80
149.905706682,588.80
149.929076491,588.80
149.952104631,558.92
149.975369670,558.92
149.998241488,558.92
150.021334718,558.92
150.044631949,558.92
150.067649338,520.45
150.090786535,520.45
150.113915925,520.45
150.137560393,520.45
150.160997531,491.09
150.183828804,491.09
150.206866897,491.09
150.230160800,491.09
150.255716942,443.67
150.278895484,443.67
150.302660818,443.67
150.326013282,443.67
150.349242801,416.58
150.372866885,416.58
150.396223829,416.58
150.419468164,416.58
150.442997687,416.58
150.466316935,380.48
150.489838682,380.48
150.513114057,380.48
150.537504263,380.48
150.560992857,350.07
150.584408010,350.07
150.607519160,350.07
150.631564081,350.07
150.654764352,350.81
150.678047247,350.81
150.701008506,350.81
150.724093831,350.81
150.747377303,350.81
150.770633862,354.83
150.793883957,354.83
150.817114916,354.83
150.840222289,354.83
150.863412031,355.89
150.886610574,355.89
150.909749115,355.89
150.934122201,355.89
150.957540170,356.03
150.981401634,356.03
151.004345997,356.03
151.026962644,356.03
151.050236355,356.03
151.073490258,349.08
151.096732577,349.08
151.120108466,349.08
151.143505635,349.08
151.167173623,351.25
151.190238948,351.25
151.213040845,351.25
151.236816003,351.25
151.260149939,346.55
151.284551441,346.55
151.311015242,346.55
151.334824192,346.55
151.358603222,380.58
151.382202730,380.58
151.405979967,380.58
151.429093357,380.58
151.452943971,380.58
151.476642040,413.89
151.500331693,413.89
151.524001890,413.89
151.547498676,413.89
151.570669442,448.08
151.593983378,448.08
151.618229421,448.08
151.642098853,448.08
151.665761145,481.46
151.689455822,481.46
151.712913247,481.46
151.735983820,481.46
151.759282588,516.01
151.782603372,516.01
151.806416258,516.01
151.829990261,516.01
151.853497512,516.01
151.877271677,547.50
151.900537773,547.50
151.923574617,547.50
151.948230298,547.50
151.972211667,584.73
151.995686437,584.73
152.019122326,584.73
152.044219005,584.73
152.067769808,621.03
152.090903229,621.03
152.114013387,621.03
152.137112216,621.03
152.160652522,658.58
152.184231934,658.58
152.207753520,658.58
152.231575686,658.58
152.255289691,658.58
152.278749869,702.95
152.302118365,702.95
152.325837906,702.95
152.351807333,702.95
152.375178229,704.74
152.399460242,704.74
152.423086757,704.74
152.446610040,704.74
152.470043625,708.01
152.493396761,708.01
152.516973901,708.01
152.540227484,708.01
152.563995793,707.69
152.587630085,707.69
152.610947285,707.69
152.634043618,707.69
152.657393394,707.69
152.680854340,712.78
152.704370582,712.78
152.727858408,712.78
152.751716895,712.78
152.775370099,710.19
152.798551169,710.19
152.821782320,710.19
152.845105600,710.19
152.868712691,713.00
152.892369511,713.00
152.916052988,713.00
152.939611887,713.00
152.963313700,713.00
152.986953528,713.65
153.010420489,713.65
153.033520630,713.65
153.057821619,713.65
153.081091586,714.95
153.104116142,714.95
153.127432254,714.95
153.151768411,714.95
153.175119211,718.01
153.198474075,718.01
153.221697034,718.01
153.244750134,718.01
153.268162311,718.01
153.291372629,696.77
153.314705221,696.77
153.337765425,696.77
153.360982496,696.77
153.383938123,666.21
153.407005271,666.21
153.430492073,666.21
153.454693380,666.21
153.478130390,629.64
153.501836746,629.64
153.525396957,629.64
153.549252724,629.64
153.573096938,592.85
153.596843008,592.85
153.620210416,592.85
153.643873956,592.85
153.668210305,592.85
153.691770068,559.25
153.715388808,559.25
153.738728600,559.25
153.763034420,559.25
153.786371300,525.05
153.809639475,525.05
153.833045668,525.05
153.857340289,525.05
153.880418637,490.77
153.903805950,490.77
153.926963819,490.77
153.950148281,490.77
153.973406824,490.77
153.996397428,452.95
154.019519265,452.95
154.042444011,452.95
154.065743483,452.95
154.088615941,420.46
154.111367277,420.46
154.134693213,420.46
154.159320254,420.46
154.182591437,374.39
154.205873500,374.39
154.229263468,374.39
154.252392986,374.39
154.275361733,374.39
154.297972843,357.95
154.321145177,357.95
154.344272070,357.95
154.367768600,357.95
154.391572590,357.64
154.414852637,357.64
154.438426992,357.64
154.462446152,357.64
154.485599350,357.45
154.509115240,357.45
154.532173140,357.45
154.555647910,357.45
154.579105559,357.45
154.602242885,356.23
154.625447027,356.23
154.648053817,356.23
154.671452778,356.23
154.694837850,352.05
154.718684209,352.05
154.742033665,352.05
154.765655189,352.05
154.789104486,351.51
154.812484758,351.51
154.835628004,351.51
154.858520622,351.51
154.881757084,351.51
154.904902378,351.51
154.928074455,351.51
154.950992226,351.51
154.974480628,351.51
154.997432222,348.70
155.020636620,348.70
155.043712281,348.70
155.066953992,348.70
155.090014484,347.41
155.113248226,347.41
155.136133388,347.41
155.159302970,347.41
155.182417863,347.41
155.205492659,351.53
155.228702625,351.53
155.251962160,351.53
155.275386497,351.53
155.298379532,352.47
155.321622971,352.47
155.344673575,352.47
155.368918946,352.47
155.391999055,350.82
155.414865848,350.82
155.438218440,350.82
155.461616665,350.82
155.485143563,350.82
155.508782687,351.67
155.532157391,351.67
155.555628545,351.67
155.578961808,351.67
155.602351745,350.42
155.625651888,350.42
155.649135106,350.42
155.672364848,350.42
155.695774785,355.75
155.719130801,355.75
155.742706820,355.75
155.765992979,355.75
155.789089696,355.35
155.812313838,355.35
155.835313753,355.35
155.858660169,355.35
155.881641844,355.35
155.904848738,355.87
155.927927343,355.87
155.950937498,355.87
155.974365451,355.87
155.997626458,360.93
156.020791944,360.93
156.043947061,360.93
156.067100962,360.93
156.090088974,360.93
156.113131738,361.49
156.135815137,361.49
156.159071856,361.49
156.182376543,361.49
156.205303529,355.63
156.228347509,355.63
156.251279679,355.63
156.275337113,355.63
156.298545830,356.55
156.321740948,356.55
156.344938274,356.55
156.368081839,356.55
156.391057978,356.55
156.414232936,356.27
156.437098033,356.27
156.460119005,356.27
156.483084392,356.27
156.506370359,356.72
156.530150572,356.72
156.553880577,356.72
156.577753976,356.72
156.601387115,356.81
156.624817244,356.81
156.648170956,356.81
156.671535004,356.81
156.695072494,356.90
156.718487583,356.90
156.741836687,356.90
156.765712198,356.90
156.789047509,356.90
156.812306692,357.29
156.835622707,357.29
156.858726912,357.29
156.881771372,357.29
156.904905241,356.94
156.928065798,356.94
156.951224244,356.94
156.974572676,356.94
156.997972692,357.22
157.021436229,357.22
157.044678388,357.22
157.067696927,357.22
157.090961198,357.22
157.113869016,356.61
157.136819363,356.61
157.160161715,356.61
157.183306688,356.61
157.206389708,362.46
157.229288054,362.46
157.253007242,362.46
157.276462235,362.46
157.300190928,360.89
157.323352541,360.89
157.346892784,360.89
157.370191551,360.89
157.393648240,360.89
157.416865726,361.76
157.440181485,361.76
157.464066564,361.76
157.487545525,361.76
157.510925766,360.52
157.534316246,360.52
157.559524414,360.52
157.583938331,360.52
157.607862899,361.49
157.631621640,361.49
157.654566546,361.49
157.677669279,361.49
157.700769323,361.49
157.723984505,360.42
157.747224904,360.42
157.770544311,360.42
157.794426766,360.42
157.817161013,359.67
157.839639322,359.67
157.862238272,359.67
157.886958913,359.67
157.910638677,354.14
157.934378602,354.14
157.958115007,354.14
157.981544112,354.14
158.004947488,393.37
158.028316912,393.37
158.051508670,393.37
158.075027120,393.37
158.098415584,393.37
158.121875793,425.48
158.145597606,425.48
158.168637618,425.48
158.192041538,425.48
158.215112846,460.62
158.238120601,460.62
158.261711436,460.62
158.285016891,460.62
158.308165928,492.12
158.331568057,492.12
158.354869736,492.12
158.377989076,492.12
158.401538951,492.12
158.424937495,529.33
158.447973858,529.33
158.470919437,529.33
158.494360734,529.33
158.517838159,539.39
158.542030890,539.39
158.565443642,539.39
158.588795018,539.39
158.612434333,544.17
158.666496028,544.17
158.690289522,544.17
158.713687874,544.17
158.736761070,544.17
158.759990652,539.32
158.783326284,539.32
158.806668507,539.32
158.829862953,539.32
158.853079703,543.49
158.876390342,543.49
158.900111867,543.49
158.923244647,543.49
158.946339764,537.92
158.969206333,537.92
158.992505836,537.92
159.016052702,537.92
159.039584176,537.92
159.063395494,497.23
159.086806582,497.23
159.110038053,497.23
159.133268755,497.23
159.156558754,468.89
159.179962386,468.89
159.203433507,468.89
159.226433518,468.89
159.249245463,426.52
159.272553926,426.52
159.296386620,426.52
159.319872589,426.52
159.343050362,390.49
159.366081286,390.49
159.389000688,390.49
159.412158685,390.49
159.435362666,390.49
159.458503479,366.28
159.481735109,366.28
159.505191030,366.28
159.528476837,366.28
159.553547819,351.04
159.577243391,351.04
159.601022548,351.04
159.624420964,351.04
159.647549393,351.11
159.670757983,351.11
159.694226000,351.11
159.717043545,351.11
159.740229862,351.11
159.764422145,351.34
159.787841137,351.34
159.811379811,351.34
159.834837716,351.34
159.857881824,352.90
159.881168014,352.90
159.904439677,352.90
159.927941423,352.90
159.951358943,352.15
159.974782032,352.15
159.998183072,352.15
160.021890836,352.15
160.045247748,352.00
160.068449041,352.00
160.091752032,352.00
160.115034095,352.00
160.138194076,352.00
160.161126086,352.10
160.184498966,352.10
160.207498849,352.10
160.230808208,352.10
160.253844859,355.67
160.276844646,355.67
160.299903186,355.67
160.323002846,355.67
160.346286413,354.78
160.369200823,354.78
160.392594343,354.78
160.416095448,354.78
160.439847885,354.78
160.462634965,348.75
160.485024536,348.75
160.507796864,348.75
160.531497140,348.75
160.557108225,350.48
160.580905398,350.48
160.604672715,350.48
160.628043739,350.48
160.651302601,385.93
160.674608152,385.93
160.697736901,385.93
160.721339000,385.93
160.744687687,420.28
160.768867937,420.28
160.792097871,420.28
160.815317437,420.28
160.838516459,420.28
160.861594326,454.20
160.885105928,454.20
160.909132896,454.20
160.932391023,454.20
160.955571004,485.52
160.978648136,485.52
161.001568690,485.52
161.024785664,485.52
161.047700201,518.60
161.070489842,518.60
161.092958934,518.60
161.116118371,518.60
161.139462578,518.60
161.162767265,509.08
161.185724395,509.08
161.208638645,509.08
161.232273448,509.08
161.255334228,543.40
161.278654915,543.40
161.301705422,543.40
161.324999837,543.40
161.348420621,543.40
161.371811613,556.37
161.395217645,556.37
161.419422696,556.37
161.442405906,556.37
161.465424765,556.25
161.488785101,556.25
161.511838680,556.25
161.535100967,556.25
161.562441162,559.55
161.585919931,559.55
161.608731427,559.55
161.631918065,559.55
161.655176255,518.41
161.678387309,518.41
161.701410776,518.41
161.724449923,518.41
161.747695217,518.41
161.770634075,480.22
161.793798376,480.22
161.817037334,480.22
161.840214947,480.22
161.863838614,449.06
161.887443881,449.06
161.910792440,449.06
161.934290442,449.06
161.957673882,417.41
161.981251116,417.41
162.004645916,417.41
162.028118637,417.41
162.051880290,417.41
162.075212561,384.94
162.098589057,384.94
162.121935248,384.94
162.145520610,384.94
162.168951379,395.54
162.192036223,395.54
162.215204428,395.54
162.238732861,395.54
162.261637639,363.31
162.285260218,363.31
162.308665066,363.31
162.331760918,363.31
162.354483197,363.31
162.377619017,337.59
162.401656546,337.59
162.425495095,337.59
162.449391310,337.59
162.473062241,368.32
162.496714132,368.32
162.521366901,368.32
162.545107849,368.32
162.569632840,401.81
162.593289243,401.81
162.616996015,401.81
162.640647010,401.81
162.664099027,443.60
162.687279936,443.60
162.710712976,443.60
162.734485989,443.60
162.758209945,443.60
162.781893197,477.35
162.805722210,477.35
162.830368130,477.35
162.857101086,477.35
162.880265003,513.75
162.904370372,513.75
162.928110904,513.75
162.951909549,513.75
162.975419999,545.52
162.999302357,545.52
163.022706469,545.52
163.046540634,545.52
163.069855881,581.41
163.093595006,581.41
163.117357522,581.41
163.140883780,581.41
163.164700089,613.94
163.188162730,613.94
163.211344727,613.94
163.234692550,613.94
163.258067254,613.94
163.282305585,639.48
163.305894595,639.48
163.329221970,639.48
163.352880165,639.48
163.376244468,683.78
163.399636676,683.78
163.422763537,683.78
163.445639194,683.78
163.469259532,699.26
163.492845247,699.26
163.515981643,699.26
163.539630814,699.26
163.562765515,699.26
163.585774453,700.43
163.609070180,700.43
163.631900396,700.43
163.654923383,700.43
163.677817633,693.28
163.700742762,693.28
163.723623923,693.28
163.746797568,693.28
163.769982317,673.17
163.793436766,673.17
163.816592523,673.17
163.840231998,673.17
163.863822608,673.17
163.887013213,629.71
163.910989397,629.71
163.934509382,629.71
163.958083384,629.71
163.981348102,599.91
164.004722070,599.91
164.027920611,599.91
164.051265682,599.91
164.074491808,565.21
164.098229268,565.21
164.121976072,565.21
164.145946624,565.21
164.169222094,565.21
164.192599613,530.39
164.216145743,530.39
164.239330652,530.39
164.262844493,530.39
164.285982490,502.61
164.309064005,502.61
164.332182737,502.61
164.356071752,502.61
164.379366550,462.90
164.403015177,462.90
164.426153429,462.90
164.449331778,462.90
164.472295308,462.90
164.495650556,427.92
164.519122252,427.92
164.542500956,427.92
164.566124495,427.92
164.589503486,397.59
164.612887950,397.59
164.636596673,397.59
164.660269813,397.59
164.683792166,369.16
164.707601403,369.16
164.730918154,369.16
164.754213304,369.16
164.777367621,357.92
164.800730516,357.92
164.823702046,357.92
164.847142063,357.92
164.870745985,357.92
164.894221106,356.35
164.917361758,356.35
164.941399414,356.35
164.965012233,356.35
164.988828126,358.24
165.012484081,358.24
165.035813664,358.24
165.059705590,358.24
165.083237000,357.20
165.106563607,357.20
165.130005447,357.20
165.153319158,357.20
165.176705765,357.20
165.200370584,357.83
165.223734056,357.83
165.247075126,357.83
165.270615368,357.83
165.294212218,357.22
165.317408359,357.22
165.340463123,357.22
165.364209383,357.22
165.387303346,356.09
165.410520000,356.09
165.433535594,356.09
165.456650422,356.09
165.479845539,356.09
165.502930799,358.02
165.526279742,358.02
165.549546028,358.02
165.572893051,358.02
165.596015399,359.30
165.619083795,359.30
165.641991100,359.30
165.665746480,359.30
165.689097503,360.54
165.712819347,360.54
165.735793053,360.54
165.758716903,360.54
165.781674417,360.54
165.805201922,345.33
165.829120440,345.33
165.854437249,345.33
165.878408088,345.33
165.902200429,375.01
165.925497691,375.01
165.949098798,375.01
165.973069029,375.01
165.997263039,408.27
166.021074612,408.27
166.046991076,408.27
166.070839226,408.27
166.094354091,443.24
166.117829499,443.24
166.141221451,443.24
166.165237091,443.24
166.188991863,479.24
166.212605161,479.24
166.236283836,479.24
166.259767533,479.24
166.282869369,479.24
166.305961828,515.87
166.328960111,515.87
166.352829605,515.87
166.376671514,515.87
166.400370669,550.04
166.424203779,550.04
166.447641939,550.04
166.470994498,550.04
166.494539763,590.37
166.518447945,590.37
166.542122877,590.37
166.565650286,590.37
166.589451011,590.37
166.612918547,621.96
166.635965278,621.96
166.659634193,621.96
166.682580891,621.96
166.706285455,661.02
166.729640510,661.02
166.753245040,661.02
166.776752993,661.02
166.800102096,710.93
166.823153115,710.93
166.846409097,710.93
166.870162621,710.93
166.893719918,710.93
166.917273504,711.06
166.941134646,711.06
166.964694279,711.06
166.988050358,711.06
167.011491750,713.18
167.034520305,713.18
167.058005698,713.18
167.081662133,713.18
167.105108933,711.38
167.128892186,711.38
167.151879044,711.38
167.175060689,711.38
167.198383583,711.38
167.222193236,713.36
167.245931112,713.36
167.269559802,713.36
167.293351215,713.36
167.316911297,710.40
167.340357489,710.40
167.363377179,710.40
167.386788075,710.40
167.410491454,711.65
167.434454709,711.65
167.458304971,711.65
167.482086335,711.65
167.505662897,713.43
167.528951039,713.43
167.556649990,713.43
167.580324313,713.43
167.603796074,710.91
167.627155513,710.91
167.650554120,710.91
167.673900855,710.91
167.697234726,710.91
167.720663094,712.42
167.743964068,712.42
167.767607062,712.42
167.790691490,712.42
167.813919087,695.36
167.837023067,695.36
167.860302729,695.36
167.883669912,695.36
167.907114984,661.10
167.930548024,661.10
167.953923015,661.10
167.977678363,661.10
168.000802407,661.10
168.023668400,620.35
168.046557561,620.35
168.070214123,620.35
168.106918504,594.27
168.131039457,594.27
168.157751867,594.27
168.181544207,594.27
168.205224995,594.27
168.229091896,590.22
168.253643766,590.22
168.277598989,590.22
168.301212319,590.22
168.325331160,587.45
168.348765000,587.45
168.372439163,587.45
168.396361137,587.45
168.419886082,589.54
168.443419827,589.54
168.467134215,589.54
168.490896763,589.54
168.514344363,589.65
168.537514199,589.65
168.562421850,589.65
168.585744329,589.65
168.609344315,589.65
168.632636105,591.82
168.656635776,591.82
168.680040527,591.82
168.703322333,591.82
168.726356936,592.07
168.749376531,592.07
168.772177210,592.07
168.795818477,592.07
168.818580948,605.85
168.841743552,605.85
168.864786699,605.85
168.887969560,605.85
168.911400616,605.85
168.934743222,635.76
168.957849826,635.76
168.981762072,635.76
169.004868132,635.76
169.028084593,636.21
169.051719331,636.21
169.075592313,636.21
169.098432225,636.21
169.121235720,615.63
169.145399714,615.63
169.174151191,615.63
169.198170350,615.63
169.222465225,613.77
169.246229085,613.77
169.269620876,613.77
169.293351840,613.77
169.317048307,613.77
169.340863432,616.77
169.364567675,616.77
169.388541874,616.77
169.412226533,616.77
169.435686389,617.07
169.459354952,617.07
169.483435744,617.07
169.507686746,617.07
169.531330989,613.19
169.556783607,613.19
169.580921712,613.19
169.604150589,613.19
169.627637869,616.59
169.650925627,616.59
169.674124616,616.59
169.697828891,616.59
169.721749265,616.59
169.745973387,610.43
169.769778368,610.43
169.793462483,610.43
169.817104165,610.43
169.840545365,615.35
169.864363210,615.35
169.888835015,615.35
169.913084578,615.35
169.937062072,616.81
169.960562761,616.81
169.983941624,616.81
170.007508298,616.81
170.031388543,647.66
170.055189076,647.66
170.078883239,647.66
170.102782909,647.66
170.126497168,690.88
170.149896831,690.88
170.173321039,690.88
170.196896161,690.88
170.222265577,690.88
170.246001533,704.89
170.269391724,704.89
170.292757083,704.89
170.316175018,704.89
170.339602010,706.39
170.362890568,706.39
170.387094721,706.39
170.410672659,706.39
170.433958081,701.72
170.457062284,701.72
170.480399963,701.72
170.503946060,701.72
170.527444700,680.95
170.558647345,680.95
170.581816765,680.95
170.605373582,680.95
170.629357253,645.78
170.652782965,645.78
170.675831391,645.78
170.698909130,645.78
170.721862836,645.78
170.744880222,614.85
170.767837160,614.85
170.790942355,614.85
170.814076063,614.85
170.837222763,575.49
170.860491577,575.49
170.883917832,575.49
170.907781533,575.49
170.931284270,545.62
170.954226999,545.62
170.977398371,545.62
171.000568432,545.62
171.023876286,545.62
171.047165708,509.16
171.070452441,509.16
171.094119500,509.16
171.117875648,509.16
171.141433873,472.48
171.165415784,472.48
171.188911160,472.48
171.212910543,472.48
171.236572002,438.79
171.262445137,438.79
171.285944450,438.79
171.309849495,438.79
171.333118213,403.25
171.356125871,403.25
171.379376188,403.25
171.402487496,403.25
171.425759957,403.25
171.448988514,372.21
171.472675509,372.21
171.496456233,372.21
171.519968698,372.21
171.543145254,359.90
171.566563093,359.90
171.589671969,359.90
171.612853357,359.90
171.636098522,359.69
171.658991395,359.69
171.682462451,359.69
171.706261543,359.69
171.729844313,359.69
171.753429450,360.44
171.776833049,360.44
171.800170632,360.44
171.824039421,360.44
171.847405932,359.62
171.870830011,359.62
171.893959111,359.62
171.918187425,359.62
171.942035798,358.37
171.965035616,358.37
171.987477315,358.37
172.010688943,358.37
172.034683334,358.37
172.058697277,353.13
172.082740085,353.13
172.106948814,353.13
172.130246492,353.13
172.153443945,389.09
172.176795863,389.09
172.200509450,389.09
172.224126332,389.09
172.247734734,421.28
172.271597699,421.28
172.295110388,421.28
172.318418818,421.28
172.341938642,458.61
172.365711014,458.61
172.389488570,458.61
172.413064779,458.61
172.436679965,458.61
172.460383920,490.08
172.483452443,490.08
172.506579207,490.08
172.529751251,490.08
172.555740355,523.02
172.579027569,523.02
172.603011304,523.02
172.626404919,523.02
172.649579139,560.38
172.672680238,560.38
172.695910715,560.38
172.719399819,560.38
172.742734649,585.15
172.766055431,585.15
172.789013617,585.15
172.812191453,585.15
172.835374985,585.15
172.858394419,593.03
172.881408157,593.03
172.904540681,593.03
172.927661012,593.03
172.950773344,594.40
172.973952204,594.40
172.996839732,594.40
173.020024993,594.40
173.043284110,594.40
173.066490043,600.62
173.089645447,600.62
173.113373178,600.62
173.136570214,600.62
173.159806035,567.70
173.182829213,567.70
173.205728070,567.70
173.229356792,567.70
173.252283457,532.18
173.275542222,532.18
173.299133759,532.18
173.322904819,532.18
173.346100895,532.18
173.370109174,496.33
173.393855946,496.33
173.417580893,496.33
173.441900248,496.33
173.465715852,480.98
173.489842277,480.98
173.513818747,480.98
173.537832050,480.98
173.562610195,479.92
173.586709931,479.92
173.611190408,479.92
173.634703928,479.92
173.658367371,480.36
173.682483747,480.36
173.706220374,480.36
173.729861416,480.36
173.753930688,489.02
173.777770869,489.02
173.801216900,489.02
173.824433169,489.02
173.847727167,489.02
173.871332272,517.24
173.895036483,517.24
173.918738742,517.24
173.942191910,517.24
173.965776695,557.11
173.989148454,557.11
174.012559285,557.11
174.037116819,557.11
174.060801830,591.06
174.084484760,591.06
174.108228172,591.06
174.131565946,591.06
174.154807463,627.28
174.177958546,627.28
174.201256160,627.28
174.225083157,627.28
174.248769031,627.28
174.272569659,662.45
174.296232205,662.45
174.319881760,662.45
174.344112409,662.45
174.367510088,695.08
174.391583936,695.08
174.415422580,695.08
174.439167592,695.08
174.463317824,709.67
174.486538349,709.67
174.509820218,709.67
174.533331979,709.67
174.556683161,710.98
174.580448781,710.98
174.603977277,710.98
174.627784593,710.98
174.651087167,710.98
174.674212330,711.07
174.697209460,711.07
174.721372141,711.07
174.745136704,711.07
174.768752434,711.89
174.792387684,711.89
174.816175064,711.89
174.839524102,711.89
174.862939285,715.46
174.886128033,715.46
174.909022090,715.46
174.932283511,715.46
174.955913961,715.46
174.979814046,714.05
175.003297486,714.05
175.026288056,714.05
175.049927594,714.05
175.073227703,716.43
175.096781160,716.43
175.120450075,716.43
175.144728341,716.43
175.168891214,714.36
175.192436190,714.36
175.215659051,714.36
175.238945048,714.36
175.262257958,715.25
175.285982777,715.25
175.309499625,715.25
175.333429407,715.25
175.356926351,715.25
175.380212444,715.78
175.403652364,715.78
175.427088891,715.78
175.450913519,715.78
175.474585122,715.06
175.500115948,715.06
175.523819199,715.06
175.547673459,715.06
175.570868448,718.20
175.594190157,718.20
175.617755870,718.20
175.641414833,718.20
175.665000194,715.09
175.689148410,715.09
175.712512937,715.09
175.735981496,715.09
175.759937294,715.09
175.783308157,717.13
175.806776236,717.13
175.830323773,717.13
175.854209906,717.13
175.877893029,715.40
175.901258259,715.40
175.924550048,715.40
175.947946127,715.40
175.971807492,715.63
175.995060849,715.63
176.018596162,715.63
176.041838606,715.63
176.065450592,715.63
176.088711405,714.75
176.111923705,714.75
176.135157862,714.75
176.158853433,714.75
176.182105381,706.69
176.205339378,706.69
176.228508094,706.69
176.252725623,706.69
176.276105062,673.15
176.299556085,673.15
176.323021157,673.15
176.346604502,673.15
176.369953636,673.15
176.393220689,628.75
176.416209210,628.75
176.439189827,628.75
176.462409936,628.75
176.485575323,593.18
176.510662304,593.18
176.534683703,593.18
176.562439838,593.18
176.585810636,557.17
176.609858083,557.17
176.633231666,557.17
176.657186600,557.17
176.680490133,526.29
176.703934788,526.29
176.727173361,526.29
176.750249852,526.29
176.773721003,526.29
176.797089498,488.54
176.820445000,488.54
176.844417566,488.54
176.867962094,488.54
176.891372445,456.88
176.914896750,456.88
176.938573888,456.88
176.961738828,456.88
176.984954744,417.00
177.008083363,417.00
177.031120365,417.00
177.054057846,417.00
177.077070336,387.50
177.100292972,387.50
177.123401047,387.50
177.146773254,387.50
177.170371127,387.50
177.193954632,361.06
177.217122867,361.06
177.240563427,361.06
177.263651213,361.06
177.287722469,347.79
177.311605593,347.79
177.335437774,347.79
177.359449028,347.79
177.383152055,383.42
177.406794697,383.42
177.430335737,383.42
177.454166445,383.42
177.478333510,383.42
177.501959543,416.78
177.525856844,416.78
177.566781950,416.78
177.590308142,451.99
177.614316421,451.99
177.638089336,451.99
177.661692329,451.99
177.685385052,486.27
177.709123471,486.27
177.732489021,486.27
177.755382725,486.27
177.778721363,486.27
177.801542970,521.14
177.825269773,521.14
177.849011648,521.14
177.872898933,521.14
177.897077070,555.41
177.920239193,555.41
177.943507942,555.41
177.966959157,555.41
177.990239810,586.79
178.014032406,586.79
178.037577959,586.79
178.061370970,586.79
178.085102637,622.23
178.108317338,622.23
178.131270915,622.23
178.154433774,622.23
178.178307875,622.23
178.201609840,660.90
178.225011711,660.90
178.249511003,660.90
178.272733704,660.90
178.295807506,707.54
178.318880732,707.54
178.342412365,707.54
178.366292289,707.54
178.389800881,705.92
178.413402146,705.92
178.436939827,705.92
178.460271264,705.92
178.483437612,705.92
178.506950780,708.06
178.530520237,708.06
178.554210399,708.06
178.578169461,708.06
178.601911432,707.20
178.625445688,707.20
178.648689605,707.20
178.672405175,707.20
178.695960840,708.86
178.719551929,708.86
178.743176394,708.86
178.766649722,708.86
178.790613424,708.58
178.813674490,708.58
178.836891814,708.58
178.860661721,708.58
178.884648368,708.58
178.908058110,709.17
178.931542606,709.17
178.955735367,709.17
178.979142837,709.17
179.002077470,713.78
179.025346155,713.78
179.048544951,713.78
179.071605473,713.78
179.094818701,711.83
179.118111226,711.83
179.141160868,711.83
179.164559923,711.83
179.187683038,711.83
179.210889994,715.78
179.233922355,715.78
179.257338114,715.78
179.280576494,715.78
179.303769050,686.37
179.327310442,686.37
179.350455542,686.37
179.374106695,686.37
179.397376628,654.06
179.420555936,654.06
179.443484616,654.06
179.466557042,654.06
179.489717918,654.06
179.512884329,616.42
179.536010036,616.42
179.559567589,616.42
179.583066388,616.42
179.606911497,584.76
179.630352568,584.76
179.653794599,584.76
179.677113684,584.76
179.700510466,547.85
179.724090963,547.85
179.747502786,547.85
179.771386583,547.85
179.794753765,547.85
179.818063698,515.01
179.841543553,515.01
179.864974352,515.01
179.888559553,515.01
179.911618411,474.78
179.934562612,474.78
179.957623838,474.78
179.980681096,474.78
180.003661297,444.18
180.026838333,444.18
180.049709348,444.18
180.072845807,444.18
180.096047547,444.18
180.119263687,404.10
180.142979002,404.10
180.166153861,404.10
180.188728713,404.10
180.211275372,364.71
180.234523897,364.71
180.258201003,364.71
180.282758696,364.71
180.306895232,373.37
180.330581010,373.37
180.353823454,373.37
180.377251181,373.37
180.400899231,373.37
180.424476304,408.52
180.448140097,408.52
180.472579645,408.52
180.496105037,408.52
180.519281625,441.71
180.542511877,441.71
180.568290354,441.71
180.591791170,441.71
180.615560469,473.88
180.639149958,473.88
180.662833048,473.88
180.686338247,473.88
180.709863639,507.64
180.732916641,507.64
180.756587571,507.64
180.780259941,507.64
180.804284828,507.64
180.828065423,539.51
180.851929731,539.51
180.875383314,539.51
180.898563710,539.51
180.921453542,576.42
180.944738963,576.42
180.968319619,576.42
180.992009621,576.42
181.015702631,613.50
181.039234168,613.50
181.062515204,613.50
181.085864978,613.50
181.109146527,649.93
181.133764605,649.93
181.157508752,649.93
181.181048896,649.93
181.205089399,649.93
181.228517381,694.55
181.251643600,694.55
181.274952157,694.55
181.298463821,694.55
181.321963421,707.54
181.345260649,707.54
181.368832730,707.54
181.392282985,707.54
181.415640567,710.54
181.438682624,710.54
181.461820427,710.54
181.485982915,710.54
181.509392498,710.54
181.532920546,707.76
181.556834231,707.76
181.580226661,707.76
181.603456753,707.76
181.626388761,711.67
181.650411024,711.67
181.673932160,711.67
181.697562801,711.67
181.721226403,708.92
181.744461167,708.92
181.767477656,708.92
181.790651427,708.92
181.813779182,708.92
181.837587458,709.66
181.861104722,709.66
181.885242505,709.66
181.909272992,709.66
181.932431531,708.93
181.955550550,708.93
181.979331433,708.93
182.002156720,708.93
182.025497341,708.74
182.048647880,708.74
182.071965238,708.74
182.095205698,708.74
182.118374509,709.29
182.141654074,709.29
182.164965287,709.29
182.187914095,709.29
182.211057722,709.29
182.234142660,698.16
182.257242863,698.16
182.280423674,698.16
182.303991915,698.16
182.327345944,661.58
182.350443010,661.58
182.373461004,661.58
182.396573878,661.58
182.419727777,661.58
182.442902221,627.95
182.465694035,627.95
182.489345412,627.95
182.512413326,627.95
182.535388887,595.94
182.558547138,595.94
182.581688045,595.94
182.605067675,595.94
182.628271975,559.95
182.651463186,559.95
182.674737823,559.95
182.697960363,559.95
182.721165430,559.95
182.743924572,526.42
182.766955078,526.42
182.790158961,526.42
182.814473451,526.42
182.837539957,487.98
182.860925635,487.98
182.883980589,487.98
182.907791361,487.98
182.931098382,459.06
182.954444443,459.06
182.977821769,459.06
183.001358745,459.06
183.024727591,419.88
183.048117269,419.88
183.071647525,419.88
183.095127668,419.88
183.118445313,419.88
183.142604281,384.26
183.166054120,384.26
183.189415990,384.26
183.212704098,384.26
183.235748300,362.08
183.258823798,362.08
183.281941792,362.08
183.305052011,362.08
183.328021139,362.02
183.351115421,362.02
183.374468267,362.02
183.398544898,362.02
183.421639628,362.02
183.444312081,358.94
183.466974645,358.94
183.490735400,358.94
183.513989492,358.94
183.536865340,361.21
183.562945740,361.21
183.586495197,361.21
183.609815722,361.21
183.633191159,402.08
183.656513125,402.08
183.679411692,402.08
183.702198802,402.08
183.724849399,402.08
183.747425562,393.60
183.771597619,393.60
183.795447462,393.60
183.818936918,393.60
183.842758377,416.23
183.870606705,416.23
183.894247970,416.23
183.917634384,416.23
183.941198176,445.90
183.964854194,445.90
183.988739238,445.90
184.012544057,445.90
184.036595632,445.90
184.059696922,485.16
184.082791012,485.16
184.106677433,485.16
184.130573997,485.16
184.154156286,514.26
184.177754638,514.26
184.201705700,514.26
184.225099890,514.26
184.248102330,550.25
184.271402343,550.25
184.294756085,550.25
184.318790699,550.25
184.342256986,583.96
184.365914859,583.96
184.389796543,583.96
184.413293519,583.96
184.436508634,583.96
184.459545284,632.22
184.482782160,632.22
184.506382016,632.22
184.530192276,632.22
184.553957894,653.37
184.577122641,653.37
184.600218780,653.37
184.623847532,653.37
184.647315707,653.85
184.671201488,653.85
184.694480956,653.85
184.718062445,653.85
184.741965185,692.67
184.765298574,692.67
184.788549114,692.67
184.811632900,692.67
184.834765071,692.67
184.858121212,713.22
184.881761486,713.22
184.905663906,713.22
184.929347956,713.22
184.954625050,715.95
184.977797989,715.95
185.001333941,715.95
185.025079367,715.95
185.048560567,714.28
185.072177511,714.28
185.095940410,714.28
185.119108165,714.28
185.142323089,716.62
185.165830336,716.62
185.189559090,716.62
185.213256740,716.62
185.236811732,716.62
185.260632840,715.07
185.284126807,715.07
185.307265921,715.07
185.330433708,715.07
185.353865787,717.42
185.377604045,717.42
185.401036507,717.42
185.424753357,717.42
185.448211452,715.88
185.471442344,715.88
185.494403184,715.88
185.517682237,715.88
185.540889000,715.88
185.564097459,715.93
185.587322015,715.93
185.610206406,715.93
185.633428146,715.93
185.656404731,708.75
185.679596678,708.75
185.702828370,708.75
185.726642917,708.75
185.750195925,677.48
185.773756645,677.48
185.797089106,677.48
185.820609346,677.48
185.844642136,677.48
185.867545471,642.17
185.890288453,642.17
185.912997258,642.17
185.937565511,642.17
185.967262150,600.33
185.991185115,600.33
186.018097846,600.33
186.041803048,600.33
186.065890911,604.44
186.089391566,604.44
186.113397988,604.44
186.137162454,604.44
186.160970314,602.02
186.185040768,602.02
186.208412430,602.02
186.231698874,602.02
186.255305995,603.44
186.278934427,603.44
186.302718574,603.44
186.326445952,603.44
186.350425942,599.83
186.374069767,599.83
186.396991374,599.83
186.420944355,599.83
186.444355665,599.83
186.468187141,598.00
186.491795381,598.00
186.515944845,598.00
186.540024388,598.00
186.564149275,601.03
186.587355622,601.03
186.610354351,601.03
186.633373624,601.03
186.656877607,605.22
186.680371830,605.22
186.703992551,605.22
186.727304563,605.22
186.750558719,605.22
186.773601545,644.81
186.796641266,644.81
186.820587559,644.81
186.844484091,644.81
186.867765032,681.27
186.891240374,681.27
186.914646596,681.27
186.938342326,681.27
186.961419744,712.84
186.984577578,712.84
187.008114746,712.84
187.031593129,712.84
187.055898947,708.46
187.079668917,708.46
187.102707550,708.46
187.126470993,708.46
187.149807358,708.46
187.173484559,707.29
187.197015263,707.29
187.221104886,707.29
187.244866472,707.29
187.268288470,706.50
187.291402848,706.50
187.314408073,706.50
187.337937592,706.50
187.361743755,706.79
187.385322619,706.79
187.408925324,706.79
187.432757823,706.79
187.456138829,706.79
187.479101621,706.53
187.502213247,706.53
187.525769167,706.53
187.550071208,706.53
187.573835995,703.83
187.597779599,703.83
187.621446913,703.83
187.644990448,703.83
187.668117659,706.83
187.691485032,706.83
187.714865429,706.83
187.738588935,706.83
187.762369146,704.67
187.786139245,704.67
187.809311032,704.67
187.832742982,704.67
187.855975697,704.67
187.878708982,708.01
187.901970339,708.01
187.926363101,708.01
187.949861036,708.01
187.973652767,704.34
187.996775689,704.34
188.020086262,704.34
188.043079230,704.34
188.070004026,707.92
188.093519945,707.92
188.117007448,707.92
188.140887852,707.92
188.163990038,707.92
188.187254402,708.07
188.210295563,708.07
188.233214546,708.07
188.257035109,708.07
188.280690454,710.47
188.304146469,710.47
188.327561779,710.47
188.350873855,710.47
188.374098219,712.53
188.397346198,712.53
188.421826386,712.53
188.445304737,712.53
188.468887121,708.78
188.492657059,708.78
188.516087889,708.78
188.539129946,708.78
188.564026683,708.78
188.587174118,713.68
188.610613140,713.68
188.633889888,713.68
188.657021034,713.68
188.680258902,709.95
188.703195870,709.95
188.726079269,709.95
188.749352881,709.95
188.772650173,706.68
188.795627878,706.68
188.818451276,706.68
188.841571414,706.68
188.864762497,706.68
188.888287440,680.40
188.911603485,680.40
188.935716084,680.40
188.959826315,680.40
188.983038902,645.47
189.006449988,645.47
189.030159413,645.47
189.053378305,645.47
189.077104755,610.14
189.100562433,610.14
189.123586826,610.14
189.146379472,610.14
189.169772765,610.14
189.193430702,562.48
189.217396355,562.48
189.241074805,562.48
189.265058922,562.48
189.288508888,564.28
189.312328299,564.28
189.336140350,564.28
189.360449367,564.28
189.384062760,560.97
189.407754969,560.97
189.431608492,560.97
189.454923417,560.97
189.478052899,568.10
189.501725684,568.10
189.524697276,568.10
189.548146507,568.10
189.571989278,568.10
189.595548462,562.98
189.619425601,562.98
189.642453738,562.98
189.665782007,562.98
189.689021442,568.17
189.712689235,568.17
189.736037760,568.17
189.759322412,568.17
189.783210176,567.29
189.806576909,567.29
189.829560886,567.29
189.852728576,567.29
189.876353745,567.29
189.900180740,592.37
189.923894486,592.37
189.947453061,592.37
189.971412410,592.37
189.994513764,629.60
190.017720847,629.60
190.041095228,629.60
190.064551019,629.60
190.088043674,661.55
190.111581801,661.55
190.135187193,661.55
190.161525165,661.55
190.184743384,707.17
190.207990371,707.17
190.232066458,707.17
190.256107311,707.17
190.279822817,707.17
190.303047916,706.79
190.326201975,706.79
190.349544899,706.79
190.373542201,706.79
190.396493184,709.81
190.419458600,709.81
190.442671443,709.81
190.466078529,709.81
190.489360557,704.29
190.512446391,704.29
190.535685986,704.29
190.559044815,704.29
190.582306971,704.29
190.605363076,676.06
190.628510734,676.06
190.651875771,676.06
190.675349706,676.06
190.698399443,641.26
190.721284058,641.26
190.744788649,641.26
190.768779230,641.26
190.791948744,607.88
190.814869168,607.88
190.837847896,607.88
190.861961006,607.88
190.885865986,607.88
190.909857144,570.43
190.933751404,570.43
190.958055781,570.43
190.981630932,570.43
191.005236933,570.32
191.028553297,570.32
191.052757033,570.32
191.076694718,570.32
191.100452240,571.79
191.124151233,571.79
191.147522990,571.79
191.171147774,571.79
191.194744271,565.17
191.218993639,565.17
191.242958268,565.17
191.266633613,565.17
191.290580097,565.17
191.313814540,568.07
191.336903158,568.07
191.360611559,568.07
191.383871859,568.07
191.407570468,568.62
191.431350295,568.62
191.455645968,568.62
191.479323553,568.62
191.502652397,574.27
191.525497043,574.27
191.548374458,574.27
191.571903209,574.27
191.595654939,602.53
191.619257803,602.53
191.642902972,602.53
191.666391530,602.53
191.689955642,602.53
191.713093284,643.61
191.736785365,643.61
191.760630152,643.61
191.784038102,643.61
191.807616198,672.85
191.831512986,672.85
191.854860326,672.85
191.877945776,672.85
191.901363485,710.00
191.924342981,710.00
191.947816852,710.00
191.971059903,710.00
191.994472365,710.00
192.017794169,707.26
192.041097286,707.26
192.064401554,707.26
192.087831392,707.26
192.110986410,708.34
192.134096468,708.34
192.157204381,708.34
192.180285831,708.34
192.203583187,690.74
192.226919615,690.74
192.250770802,690.74
192.274138399,690.74
192.298027443,690.74
192.321584066,658.03
192.344967823,658.03
192.368967396,658.03
192.392280721,658.03
192.415421339,626.47
192.438547589,626.47
192.461666638,626.47
192.485246718,626.47
192.508538122,590.09
192.531751029,590.09
192.555242339,590.09
192.578585424,590.09
192.601391446,590.09
192.624635745,557.18
192.647724875,557.18
192.671503837,557.18
192.694493893,557.18
192.717874290,523.31
192.741391937,523.31
192.766145824,523.31
192.789097063,523.31
192.811658474,484.21
192.834705043,484.21
192.857832988,484.21
192.881268874,484.21
192.904569398,461.16
192.927854722,461.16
192.950969836,461.16
192.974713598,461.16
192.997831783,461.16
193.020918961,452.76
193.043661942,452.76
193.066076278,452.76
193.088968861,452.76
193.112130279,407.29
193.135653878,407.29
193.159167397,407.29
193.182969688,407.29
193.206522919,420.02
193.229876884,420.02
193.252961949,420.02
193.277210389,420.02
193.306749937,420.02
193.330469763,449.74
193.354565529,449.74
193.378371180,449.74
193.401853914,449.74
193.424914531,485.78
193.448113582,485.78
193.472500936,485.78
193.496295034,485.78
193.520043788,518.35
193.543958207,518.35
193.570020271,518.35
193.593608255,518.35
193.616693224,560.79
193.639788657,560.79
193.663571140,560.79
193.687255284,560.79
193.711073031,595.61
193.734694903,595.61
193.758013028,595.61
193.781206382,595.61
193.804280599,595.61
193.828004649,634.27
193.852082655,634.27
193.875558349,634.27
193.898873497,634.27
193.922079076,650.53
193.945339503,650.53
193.968660924,650.53
193.991931207,650.53
194.015543383,661.13
194.038778402,661.13
194.061833899,661.13
194.085076279,661.13
194.108470276,661.13
194.131789968,688.41
194.155015451,688.41
194.178303111,688.41
194.201565234,688.41
194.224734876,655.39
194.248093705,655.39
194.271105041,655.39
194.294129530,655.39
194.317221219,620.10
194.340582479,620.10
194.364175327,620.10
194.387584780,620.10
194.411618082,620.10
194.435084528,587.64
194.458606367,587.64
194.482202670,587.64
194.505597851,587.64
194.528915144,550.87
194.552396854,550.87
194.576239945,550.87
194.600673155,550.87
194.624326804,514.04
194.647811970,514.04
194.670489318,514.04
194.693156362,514.04
194.716290035,514.04
194.739816578,469.11
194.763735990,469.11
194.787369798,469.11
194.811366171,469.11
194.834599494,470.77
194.857779569,470.77
194.880896602,470.77
194.904504970,470.77
194.928137786,474.25
194.951709642,474.25
194.975294873,474.25
194.998653478,474.25
195.021884401,476.61
195.044991418,476.61
195.068547657,476.61
195.092449661,476.61
195.116128942,476.61
195.139691805,488.58
195.163443215,488.58
195.186883676,488.58
195.209926181,488.58
195.233178480,527.17
195.256252217,527.17
195.279448676,527.17
195.302629486,527.17
195.325931930,559.79
195.349091492,559.79
195.372239214,559.79
195.395403256,559.79
195.418889606,559.79
195.442129841,591.47
195.465800674,591.47
195.489319120,591.47
195.513008129,591.47
195.536667058,591.83
195.560545381,591.83
195.583384939,591.83
195.605774955,591.83
195.628738418,575.60
195.652273537,575.60
195.675650606,575.60
195.699364831,575.60
195.723257555,575.60
195.746250554,624.14
195.769442053,624.14
195.792874578,624.14
195.817306669,624.14
195.840763323,623.91
195.864145864,623.91
195.887924826,623.91
195.911765100,623.91
195.934979895,624.82
195.958052480,624.82
195.981493166,624.82
196.005008924,624.82
196.028604012,623.17
196.052474495,623.17
196.075792139,623.17
196.099044118,623.17
196.122115391,623.17
196.145299817,627.55
196.168107311,627.55
196.191281753,627.55
196.214849992,627.55
196.238188116,624.14
196.261351742,624.14
196.284509576,624.14
196.308137752,624.14
196.331599718,614.46
196.355313335,614.46
196.378298271,614.46
196.401901871,614.46
196.425447229,582.54
196.467790366,582.54
196.490827110,582.54
196.515487748,582.54
196.538541612,582.54
196.565103650,565.64
196.588761522,565.64
196.612517348,565.64
196.636501241,565.64
196.660061224,609.18
196.683246098,609.18
196.706997987,609.18
196.731115290,609.18
196.754874987,608.15
196.778777439,608.15
196.802518608,608.15
196.826749000,608.15
196.850030547,609.41
196.873569378,609.41
196.897211282,609.41
196.921064933,609.41
196.944690773,606.57
196.968366406,606.57
196.992220537,606.57
197.015546405,606.57
197.038700271,606.57
197.061543668,610.19
197.084943329,610.19
197.108440848,610.19
197.132034463,610.19
197.155882130,606.07
197.179008764,606.07
197.202146085,606.07
197.226009272,606.07
197.249327844,606.74
197.273114742,606.74
197.296384033,606.74
197.319474570,606.74
197.342787382,606.74
197.366798987,613.59
197.390133847,613.59
197.413644069,613.59
197.436732462,613.59
197.459986457,636.34
197.483412966,636.34
197.506438478,636.34
197.529614969,636.34
197.552888708,655.74
197.575909868,655.74
197.599090550,655.74
197.622222688,655.74
197.645364809,622.78
197.668814455,622.78
197.691922592,622.78
197.715120874,622.78
197.738353909,622.78
197.761381181,592.66
197.784377733,592.66
197.807514927,592.66
197.830658520,592.66
197.853675040,554.77
197.876581511,554.77
197.899672592,554.77
197.922748057,554.77
197.945830081,522.72
197.969041868,522.72
197.992322167,522.72
198.015971560,522.72
198.039609624,522.72
198.063024549,489.53
198.086489362,489.53
198.109844063,489.53
198.133333389,489.53
198.156926940,453.12
198.180267112,453.12
198.203351121,453.12
198.226735774,453.12
198.250392494,422.38
198.274205568,422.38
198.297463595,422.38
198.320551156,422.38
198.343770367,422.38
198.367101163,391.21
198.390268341,391.21
198.413412094,391.21
198.436609576,391.21
198.459762962,361.46
198.482925148,361.46
198.506036709,361.46
198.528996172,361.46
198.552026356,360.55
198.575300319,360.55
198.598505930,360.55
198.621886935,360.55
198.645127681,360.55
198.668264619,361.96
198.690802637,361.96
198.713950198,361.96
198.737068255,361.96
198.760169864,361.26
198.783377171,361.26
198.806362906,361.26
198.829376034,361.26
198.852507884,361.85
198.875986842,361.85
198.899420295,361.85
198.922482575,361.85
198.946356578,361.85
198.969788624,361.67
198.993157692,361.67
199.017008143,361.67
199.040309658,361.67
199.063040735,352.21
199.086758896,352.21
199.110653507,352.21
199.134740536,352.21
199.158398089,376.89
199.181928567,376.89
199.204988319,376.89
199.228026792,376.89
199.251550774,376.89
199.275187302,407.99
199.298860886,407.99
199.323118830,407.99
199.346575899,407.99
199.369651428,445.74
199.392968080,445.74
199.417197511,445.74
199.441799459,445.74
199.465408723,476.37
199.488964002,476.37
199.512792244,476.37
199.536207489,476.37
199.559518349,513.67
199.582834616,513.67
199.608493090,513.67
199.632053073,513.67
199.658632775,546.02
199.682677980,546.02
199.706276395,546.02
199.729519254,546.02
199.752748608,546.02
199.776137773,579.01
199.799539034,579.01
199.823185930,579.01
199.847348064,579.01
199.871257588,617.28
199.894496574,617.28
199.917889739,617.28
199.941862047,617.28
199.965022665,651.14
199.988555415,651.14
200.011974596,651.14
200.035391313,651.14
200.058565147,651.14
200.081879815,697.05
200.104978736,697.05
200.128065048,697.05
200.151291939,697.05
200.174199209,689.99
200.196734187,689.99
200.219029706,689.99
200.242016369,689.99
200.265658241,649.50
200.288651688,649.50
200.311883699,649.50
200.335254303,649.50
200.358451177,649.50
200.381736948,651.16
200.404979135,651.16
200.427705635,651.16
200.450837676,651.16
200.473788019,646.29
200.496763098,646.29
200.519588512,646.29
200.543037165,646.29
200.566355001,624.81
200.589483842,624.81
200.612724461,624.81
200.636270779,624.81
200.674007584,589.76
200.697270283,589.76
200.720636567,589.76
200.743758560,589.76
200.767119661,555.02
200.790321015,555.02
200.813771940,555.02
200.837105744,555.02
200.860744224,555.02
200.883949194,520.93
200.907166740,520.93
200.930382719,520.93
200.954287602,520.93
200.977571773,488.45
201.000889673,488.45
201.023938385,488.45
201.047044218,488.45
201.070162723,456.33
201.093072041,456.33
201.116288179,456.33
201.139599455,456.33
201.163059916,456.33
201.186065204,435.05
201.209391712,435.05
201.232353479,435.05
201.255804148,435.05
201.279153280,443.57
201.302723183,443.57
201.326073051,443.57
201.349007457,443.57
201.372789779,409.85
201.395621464,409.85
201.418027384,409.85
201.440671515,409.85
201.464270474,409.85
201.487663095,367.90
201.511112516,367.90
201.534785652,367.90
201.558455300,367.90
201.581573421,391.35
201.604659830,391.35
201.628103427,391.35
201.652017494,391.35
201.675706342,423.16
201.699255221,423.16
201.722887812,423.16
201.746116303,423.16
201.769360025,423.16
201.792457730,456.37
201.815828366,456.37
201.839475806,456.37
201.862945036,456.37
201.886502554,490.29
201.909721253,490.29
201.932928015,490.29
201.956505886,490.29
201.979864874,521.89
202.004028672,521.89
202.027446957,521.89
202.050967835,521.89
202.074836782,558.19
202.098492126,558.19
202.121592486,558.19
202.144782800,558.19
202.167772472,558.19
202.191150500,588.53
202.214605745,588.53
202.239330639,588.53
202.262614842,588.53
202.285720899,625.92
202.308979085,625.92
202.331879667,625.92
202.354998332,625.92
202.378127013,663.46
202.401325263,663.46
202.424884766,663.46
202.448089160,663.46
202.471361651,663.46
202.494780800,702.23
202.518621394,702.23
202.542016926,702.23
202.565387722,702.23
202.588622805,668.31
202.611767838,668.31
202.635039145,668.31
202.658050896,668.31
202.681574143,637.88
202.704574150,637.88
202.727822288,637.88
202.750846616,637.88
202.774045058,637.88
202.797498127,601.27
202.821058846,601.27
202.844340457,601.27
202.867639124,601.27
202.890419353,569.15
202.913665731,569.15
202.937001199,569.15
202.960096632,569.15
202.983422883,535.62
203.007177812,535.62
203.030022458,535.62
203.052544027,535.62
203.075278623,535.62
203.099401365,490.51
203.123261415,490.51
203.147280188,490.51
203.171187503,490.51
203.194749341,490.76
203.217782341,490.76
203.240879917,490.76
203.264102040,490.76
203.287874409,489.12
203.311697947,489.12
203.335236425,489.12
203.358905881,489.12
203.382432679,489.12
203.405759346,494.12
203.428914460,494.12
203.452571756,494.12
203.476315004,494.12
203.499887019,486.06
203.523615580,486.06
203.548217208,486.06
203.571664357,486.06
203.594899919,518.21
203.618161274,518.21
203.641577830,518.21
203.664912626,518.21
203.688262398,550.19
203.711386023,550.19
203.734520016,550.19
203.757873499,550.19
203.781304392,550.19
203.804388337,585.48
203.827346423,585.48
203.853658313,585.48
203.878294854,585.48
203.901629233,591.96
203.924891644,591.96
203.948857424,591.96
203.972706018,591.96
203.995858699,588.12
204.019429946,588.12
204.042783718,588.12
204.066244691,588.12
204.089675040,588.12
204.112641639,602.04
204.135716655,602.04
204.158636757,602.04
204.181739582,602.04
204.204891303,570.82
204.227931215,570.82
204.251046423,570.82
204.274701703,570.82
204.297962194,533.39
204.321331869,533.39
204.344294724,533.39
204.367436877,533.39
204.390457909,533.39
204.413602718,495.52
204.437021610,495.52
204.460080627,495.52
204.483275260,495.52
204.506016512,462.04
204.528949446,462.04
204.552042799,462.04
204.575395451,462.04
204.598475907,422.39
204.621695789,422.39
204.644885751,422.39
204.667871806,422.39
204.690842501,422.39
204.714751479,389.38
204.738361895,389.38
204.761928341,389.38
204.785745703,389.38
204.809430007,358.63
204.833122663,358.63
204.861699766,358.63
204.884835103,358.63
204.908144586,357.73
204.931103793,357.73
204.954158393,357.73
204.977379267,357.73
205.000547308,358.09
205.023674389,358.09
205.046879647,358.09
205.070656080,358.09
205.094100765,358.09
205.116789024,353.85
205.139770311,353.85
205.164282082,353.85
205.187795695,353.85
205.211154843,361.45
205.235060878,361.45
205.258349753,361.45
205.281748773,361.45
205.305458197,397.30
205.329210342,397.30
205.352842325,397.30
205.376578342,397.30
205.400384631,397.30
205.423924294,430.85
205.447000494,430.85
205.470402170,430.85
205.493987913,430.85
205.517719353,461.91
205.541345192,461.91
205.565352637,461.91
205.589190702,461.91
205.612516570,502.79
205.635729028,502.79
205.659033167,502.79
205.682397595,502.79
205.705968329,536.62
205.729790427,536.62
205.753409194,536.62
205.776872791,536.62
205.800034272,536.62
205.823069480,569.03
205.846213361,569.03
205.869899649,569.03
205.893442287,569.03
205.917016349,599.54
205.940491306,599.54
205.963857590,599.54
205.987118401,599.54
206.010454028,640.32
206.033322386,640.32
206.056760575,640.32
206.079873159,640.32
206.103452118,640.32
206.126502718,667.13
206.150138477,667.13
206.173335990,667.13
206.196515264,667.13
206.219796746,691.05
206.243276952,691.05
206.266472225,691.05
206.289150628,691.05
206.311653861,641.76
206.334821294,641.76
206.358658048,641.76
206.382299535,641.76
206.406560614,641.76
206.430383096,631.98
206.453722276,631.98
206.476967470,631.98
206.500994146,631.98
206.525665631,631.07
206.549284686,631.07
206.572559192,631.07
206.596735982,631.07
206.620072282,631.13
206.643337860,631.13
206.666330987,631.13
206.689370963,631.13
206.713137604,631.36
206.736736114,631.36
206.760609605,631.36
206.784393014,631.36
206.807865699,631.36
206.830804681,631.61
206.854226326,631.61
206.878153033,631.61
206.901751927,631.61
206.925143939,634.18
206.948752146,634.18
206.971926716,634.18
206.995152966,634.18
207.018874742,630.00
207.042401540,630.00
207.066072467,630.00
207.090061479,630.00
207.113426771,630.00
207.136488955,631.63
207.160255692,631.63
207.184553091,631.63
207.208499830,631.63
207.232174982,646.86
207.256133273,646.86
207.280232558,646.86
207.303625818,646.86
207.326955206,688.35
207.350631157,688.35
207.374125859,688.35
207.398069206,688.35
207.422250444,697.65
207.445510294,697.65
207.468667583,697.65
207.492072939,697.65
207.516218081,697.65
207.539880433,695.55
207.565049715,695.55
207.588858373,695.55
207.612045774,695.55
207.635085302,694.38
207.658371680,694.38
207.682496406,694.38
207.705556702,694.38
207.728711206,693.97
207.752179316,693.97
207.775358557,693.97
207.798318723,693.97
207.821498861,693.30
207.844479955,693.30
207.867087765,693.30
207.890567874,693.30
207.913786988,693.30
207.936969334,664.46
207.959950428,664.46
207.982614015,664.46
208.007561535,664.46
208.030875498,628.16
208.054192917,628.16
208.077436735,628.16
208.100535815,628.16
208.123850514,591.16
208.147372352,591.16
208.170375751,591.16
208.193450383,591.16
208.216952700,591.16
208.239915427,557.32
208.263427280,557.32
208.287272962,557.32
208.310520908,557.32
208.333902168,527.46
208.357175842,527.46
208.380624143,527.46
208.403986042,527.46
208.427596873,487.64
208.450787027,487.64
208.474026525,487.64
208.497093444,487.64
208.520395471,487.64
208.543268532,461.36
208.566314780,461.36
208.590061516,461.36
208.613157876,461.36
208.636300189,426.22
208.658969824,426.22
208.682101256,426.22
208.704969902,426.22
208.728327641,388.63
208.751674533,388.63
208.775423413,388.63
208.798871330,388.63
208.822224813,388.63
208.845318581,358.76
208.868735778,358.76
208.892317424,358.76
208.915844286,358.76
208.939100808,349.08
208.962396883,349.08
208.985376025,349.08
209.008507938,349.08
209.031778572,353.11
209.055818752,353.11
209.079142091,353.11
209.102573464,353.11
209.125558367,353.11
209.148381731,347.51
209.171479467,347.51
209.194811894,347.51
209.218121857,347.51
209.241097064,349.11
209.264150799,349.11
209.287066869,349.11
209.310187709,349.11
209.333339366,347.89
209.356684049,347.89
209.380066685,347.89
209.403129861,347.89
209.426361775,347.89
209.449834876,349.19
209.473195943,349.19
209.496561682,349.19
209.520205346,349.19
209.544083060,347.04
209.566769270,347.04
209.589282071,347.04
209.612954022,347.04
209.636721655,347.41
209.660455943,347.41
209.684170583,347.41
209.707724485,347.41
209.731212850,347.41
209.754299546,382.10
209.778188909,382.10
209.801984318,382.10
209.826289845,382.10
209.849980933,414.20
209.873294544,414.20
209.896727868,414.20
209.920435724,414.20
209.943686678,446.33
209.967240964,446.33
209.991414266,446.33
210.015367917,446.33
210.039101917,481.54
210.062370791,481.54
210.085609105,481.54
210.110388463,481.54
210.133880060,481.54
210.157745838,514.01
210.181702817,514.01
210.205323280,514.01
210.228624314,514.01
210.251954981,552.14
210.275571956,552.14
210.299370789,552.14
210.322965747,552.14
210.346540097,586.51
210.369792235,586.51
210.392833171,586.51
210.415948443,586.51
210.439436552,586.51
210.463079031,620.62
210.486287968,620.62
210.509681836,620.62
210.533234490,620.62
210.556356066,657.03
210.579390121,657.03
210.602256878,657.03
210.626046495,657.03
210.649037062,687.78
210.672281264,687.78
210.695434201,687.78
210.718718627,687.78
210.742009773,687.78
210.764925523,661.30
210.788185309,661.30
210.811678090,661.30
210.834792562,661.30
210.857628503,620.88
210.880719103,620.88
210.903718470,620.88
210.926793741,620.88
210.949911894,585.44
210.973217344,585.44
210.996392777,585.44
211.019325519,585.44
211.042627578,585.44
211.065864164,553.92
211.089029773,553.92
211.112292247,553.92
211.135187740,553.92
211.159060142,518.38
211.182370937,518.38
211.205713220,518.38
211.228603209,518.38
211.252165559,478.37
211.276195339,478.37
211.299124080,478.37
211.321909044,478.37
211.344725337,478.37
211.368273766,439.48
211.392062359,439.48
211.415810375,439.48
211.439835355,439.48
211.463098309,433.94
211.486679091,433.94
211.510364931,433.94
211.534556697,433.94
211.558260104,429.84
211.582049305,429.84
211.605996652,429.84
211.629371703,429.84
211.652911557,436.77
211.676046701,436.77
211.699452281,436.77
211.723146313,436.77
211.746874617,436.77
211.770754923,467.76
211.794172311,467.76
211.817422081,467.76
211.840488776,467.76
211.864060470,510.42
211.887305440,510.42
211.910829037,510.42
211.934752096,510.42
211.958042090,548.92
211.981360469,548.92
212.004459965,548.92
212.027911817,548.92
212.051669818,548.92
212.075226408,575.88
212.099075097,575.88
212.122305699,575.88
212.145427435,575.88
212.168683701,611.84
212.192256739,611.84
212.215648398,611.84
212.242405733,611.84
212.266122293,650.26
212.289352735,650.26
212.312458054,650.26
212.336106325,650.26
212.359611106,699.35
212.383475796,699.35
212.407098179,699.35
212.430626544,699.35
212.453943003,699.35
212.477013218,701.40
212.500331117,701.40
212.524250911,701.40
212.548061328,701.40
212.571615518,697.78
212.595571953,697.78
212.618855515,697.78
212.642266023,697.78
212.665394095,695.47
212.688978781,695.47
212.712240519,695.47
212.735343727,695.47
212.758375286,695.47
212.781227867,694.77
212.804594470,694.77
212.827750574,694.77
212.851058585,694.77
212.873962750,691.54
212.896793827,691.54
212.919809450,691.54
212.944075456,691.54
212.967482764,664.62
212.991024186,664.62
213.014178082,664.62
213.037645199,664.62
213.061211741,664.62
213.084715754,629.64
213.108684541,629.64
213.132379820,629.64
213.155884185,629.64
213.179405094,593.87
213.202814674,593.87
213.226453665,593.87
213.248999618,593.87
213.271612259,552.81
213.296007836,552.81
213.319266341,552.81
213.342388333,552.81
213.366358272,544.26
213.389936942,544.26
213.413045590,544.26
213.436286304,544.26
213.460696600,544.26
213.484307559,536.02
213.507724627,536.02
213.531706534,536.02
213.555616216,536.02
213.578815777,539.53
213.601955209,539.53
213.625192307,539.53
213.648787553,539.53
213.672394351,539.20
213.696145343,539.20
213.719318152,539.20
213.742223853,539.20
213.765655769,539.20
213.788624223,541.64
213.812250990,541.64
213.835478647,541.64
213.859507179,541.64
213.882718516,545.17
213.905890077,545.17
213.928889859,545.17
213.952737685,545.17
213.976354339,566.12
213.999989810,566.12
214.023391006,566.12
214.046460101,566.12
214.069816912,603.85
214.093131707,603.85
214.116053824,603.85
214.140120564,603.85
214.163428031,603.85
214.186315780,638.71
214.209575597,638.71
214.233689570,638.71
214.256651144,638.71
214.279484396,678.34
214.302497843,678.34
214.325674588,678.34
214.348851396,678.34
214.372395346,678.34
214.395620155,645.94
214.418801508,645.94
214.442014413,645.94
214.465486681,645.94
214.488474976,615.77
214.511671369,615.77
214.534515757,615.77
214.558249053,615.77
214.581689673,582.88
214.605279639,582.88
214.628654466,582.88
214.652184591,582.88
214.676648745,548.72
214.699778385,548.72
214.722625109,548.72
214.746499239,548.72
214.770479514,548.72
214.794459853,517.55
214.818664931,517.55
214.842180368,517.55
214.866148866,517.55
214.889896659,516.95
214.913510369,516.95
214.937259409,516.95
214.961110530,516.95
214.984979252,518.01
215.008496705,518.01
215.031613065,518.01
215.055187062,518.01
215.078438592,513.23
215.102677430,513.23
215.126148931,513.23
215.149876243,513.23
215.173316031,513.23
215.196296293,518.72
215.219549454,518.72
215.243307774,518.72
215.266822795,518.72
215.290707613,522.92
215.314317227,522.92
215.340190678,522.92
215.363304894,522.92
215.386512263,563.30
215.409467789,563.30
215.432624725,563.30
215.455865183,563.30
215.478981414,563.30
215.502016813,586.23
215.525049172,586.23
215.548155932,586.23
215.571694025,586.23
215.595429561,612.96
215.618847428,612.96
215.641825163,612.96
215.664905490,612.96
215.688035194,614.39
215.711448134,614.39
215.734469548,614.39
215.758102075,614.39
215.781136481,614.39
215.803953381,608.42
215.826897323,608.42
215.850703964,608.42
215.874726543,608.42
215.898381982,582.81
215.921907915,582.81
215.945203061,582.81
215.969213704,582.81
215.993252060,585.48
216.017026028,585.48
216.040776348,585.48
216.065048083,585.48
216.089170728,584.23
216.112831510,584.23
216.136242114,584.23
216.159765903,584.23
216.183374589,584.23
216.207126541,581.14
216.231016767,581.14
216.254586636,581.14
216.278232667,581.14
216.301304514,582.27
216.324659981,582.27
216.348224026,582.27
216.372298190,582.27
216.396331554,577.83
216.419959120,577.83
216.443296155,577.83
216.466524516,577.83
216.490040817,582.27
216.513138872,582.27
216.536112030,582.27
216.559525162,582.27
216.582716627,582.27
216.605778778,594.48
216.628905474,594.48
216.652105418,594.48
216.675385876,594.48
216.698302233,601.51
216.721382593,601.51
216.744288870,601.51
216.767449230,601.51
216.790330611,601.51
216.813293785,603.30
216.836090588,603.30
216.859587241,603.30
216.882936372,603.30
216.906085596,595.30
216.929641993,595.30
216.952950163,595.30
216.976344031,595.30
216.999688105,560.69
217.022975699,560.69
217.046018746,560.69
217.069438118,560.69
217.092806289,560.69
217.116355902,529.09
217.139389381,529.09
217.163630139,529.09
217.187007206,529.09
217.209727465,488.48
217.232621742,488.48
217.256383261,488.48
217.280398897,488.48
217.304306498,464.33
217.328254421,464.33
217.351864419,464.33
217.375311951,464.33
217.398573464,468.04
217.422133094,468.04
217.445714387,468.04
217.469309985,468.04
217.493088785,468.04
217.516520861,467.48
217.539883208,467.48
217.565125195,467.48
217.589334080,467.48
217.612825357,474.75
217.636545532,474.75
217.661103318,474.75
217.684647427,474.75
217.708077039,495.28
217.731332537,495.28
217.754991591,495.28
217.778561013,495.28
217.802097026,529.33
217.825745488,529.33
217.848874808,529.33
217.872085057,529.33
217.895423435,529.33
217.919452383,559.67
217.942736041,559.67
217.966447224,559.67
217.990631949,559.67
218.013727029,595.09
218.036952286,595.09
218.060403018,595.09
218.084387421,595.09
218.107814280,628.27
218.131682329,628.27
218.155553451,628.27
218.178772212,628.27
218.201780986,628.27
218.225589354,659.15
218.249716095,659.15
218.273522671,659.15
218.297376576,659.15
218.321168177,691.34
218.344434298,691.34
218.367689764,691.34
218.390886476,691.34
218.414396921,692.99
218.437671682,692.99
218.460832555,692.99
218.484063092,692.99
218.507342141,695.47
218.533136327,695.47
218.556461329,695.47
218.579613882,695.47
218.602774338,695.47
218.625871177,691.52
218.648806958,691.52
218.671759700,691.52
218.694807419,691.52
218.717912770,664.56
218.741361934,664.56
218.764661240,664.56
218.787757599,664.56
218.811100170,630.29
218.833939182,630.29
218.857117750,630.29
218.880723332,630.29
218.903879372,630.29
218.926514254,596.02
218.949265073,596.02
218.972934495,596.02
218.996624590,596.02
219.020296701,569.76
219.043702344,569.76
219.066940177,569.76
219.090212155,569.76
219.113565094,570.62
219.137013361,570.62
219.160735873,570.62
219.184227213,570.62
219.207639928,570.62
219.230998275,568.90
219.254402638,568.90
219.277735000,568.90
219.302411124,568.90
219.326163492,565.64
219.350033141,565.64
219.374867922,565.64
219.398422143,565.64
219.421885707,570.86
219.445123796,570.86
219.468998342,570.86
219.492957464,570.86
219.516994539,567.43
219.540778939,567.43
219.565342837,567.43
219.588885474,567.43
219.612307598,567.43
219.635637976,572.16
219.659128356,572.16
219.683492572,572.16
219.706948456,572.16
219.730194577,603.43
219.753453946,603.43
219.777680496,603.43
219.801576865,603.43
219.825233744,636.11
219.848885566,636.11
219.872654094,636.11
219.896108762,636.11
219.919376067,677.97
219.942405994,677.97
219.965874134,677.97
219.989276449,677.97
220.012440489,677.97
220.035420207,690.41
220.058848890,690.41
220.082285990,690.41
220.105409422,690.41
220.128731288,688.22
220.151916800,688.22
220.175195722,688.22
220.198347026,688.22
220.221682844,660.42
220.244884772,660.42
220.268309904,660.42
220.292055743,660.42
220.315644301,660.42
220.338501553,623.16
220.361340949,623.16
220.384728672,623.16
220.408273645,623.16
220.431579831,598.35
220.455133284,598.35
220.478422349,598.35
220.501665462,598.35
220.525225955,599.38
220.549202838,599.38
220.572932709,599.38
220.614447128,599.38
220.637889059,599.38
220.661032299,600.24
220.684422806,600.24
220.707461917,600.24
220.731084746,600.24
220.754953468,595.33
220.778692587,595.33
220.802022005,595.33
220.825095964,595.33
220.848309125,601.64
220.871424652,601.64
220.894730006,601.64
220.918030848,601.64
220.941322922,601.64
220.964763605,600.07
220.988118496,600.07
221.011305256,600.07
221.035050167,600.07
221.058091998,600.97
221.080850913,600.97
221.103757158,600.97
221.126697771,600.97
221.149945652,573.67
221.173006331,573.67
221.195974752,573.67
221.219132616,573.67
221.242215151,573.67
221.265398519,574.78
221.288749025,574.78
221.311958890,574.78
221.335145650,574.78
221.358508349,573.85
221.381542403,573.85
221.404710603,573.85
221.427985461,573.85
221.451943367,563.17
221.474891084,563.17
221.497716656,563.17
221.520722038,563.17
221.543884957,563.17
221.567104966,526.40
221.590117676,526.40
221.613184595,526.40
221.636881538,526.40
221.662317031,481.71
221.684923080,481.71
221.707346022,481.71
221.730285515,481.71
221.753941945,452.80
221.777798314,452.80
221.801550010,452.80
221.824945733,452.80
221.848288687,452.80
221.871443543,445.72
221.894743809,445.72
221.918315790,445.72
221.941978428,445.72
221.965557257,450.28
221.989037525,450.28
222.012481409,450.28
222.035828619,450.28
222.059321335,449.15
222.083185192,449.15
222.106644980,449.15
222.130325283,449.15
222.154095858,484.87
222.177316507,484.87
222.200287552,484.87
222.223794957,484.87
222.247572509,484.87
222.270881382,511.22
222.294011630,511.22
222.318011584,511.22
222.341290314,511.22
222.364853591,549.10
222.388149568,549.10
222.411291240,549.10
222.434398927,549.10
222.457547031,569.89
222.480860225,569.89
222.504014184,569.89
222.527464308,569.89
222.550478074,569.89
222.573045786,567.66
222.595900414,567.66
222.620408215,567.66
222.643867779,567.66
222.667629586,585.08
222.691257088,585.08
222.714937743,585.08
222.738357562,585.08
222.761910855,621.64
222.785733175,621.64
222.809415653,621.64
222.832794288,621.64
222.856294716,621.64
222.879262722,625.72
222.902679757,625.72
222.926087352,625.72
222.949641989,625.72
222.973388980,623.16
222.997237381,623.16
223.020702513,623.16
223.043852344,623.16
223.067102977,623.62
223.090327242,623.62
223.113609203,623.62
223.136892701,623.62
223.160192838,623.62
223.183559281,623.39
223.206658296,623.39
223.230060387,623.39
223.253424013,623.39
223.276740919,624.83
223.300035200,624.83
223.322989157,624.83
223.346984408,624.83
223.370213664,588.98
223.393643756,588.98
223.416972246,588.98
223.440246527,588.98
223.463702410,588.98
223.486733872,565.99
223.509782647,565.99
223.533876907,565.99
223.557318486,565.99
223.580975364,567.06
223.604093163,567.06
223.626686764,567.06
223.649520431,567.06
223.673238526,548.78
223.696865740,548.78
223.720322744,548.78
223.744196008,548.78
223.773364349,548.70
223.796381763,548.70
223.819875759,548.70
223.843211737,548.70
223.867146411,546.14
223.890983099,546.14
223.914525000,546.14
223.937681871,546.14
223.960849591,546.14
223.984361027,548.37
224.008048978,548.37
224.031978212,548.37
224.055551857,548.37
224.078991036,547.91
224.102249189,547.91
224.125501742,547.91
224.148843928,547.91
224.172560775,544.45
224.195966290,544.45
224.219674528,544.45
224.243471312,544.45
224.266893819,544.45
224.289909761,554.26
224.313251691,554.26
224.337972295,554.26
224.361463059,554.26
224.384633371,582.05
224.408313801,582.05
224.431455312,582.05
224.454995165,582.05
224.478272998,617.66
224.501734706,617.66
224.525239262,617.66
224.548683785,617.66
224.572048147,617.66
224.595558687,652.26
224.618606278,652.26
224.642751834,652.26
224.666453737,652.26
224.689595120,681.10
224.712826137,681.10
224.737615349,681.10
224.761024256,681.10
224.784587981,644.30
224.808130713,644.30
224.833229178,644.30
224.856228255,644.30
224.878786368,600.52
224.901896743,600.52
224.925614677,600.52
224.948822526,600.52
224.972284073,600.52
224.995638995,596.84
225.018981213,596.84
225.042066948,596.84
225.065860020,596.84
225.089422529,595.29
225.113167504,595.29
225.137016384,595.29
225.160635854,595.29
225.183774645,597.13
225.207440771,597.13
225.230619211,597.13
225.254020758,597.13
225.277704548,596.14
225.301443731,596.14
225.325014144,596.14
225.348158567,596.14
225.371414960,596.14
225.394692889,598.76
225.418087236,598.76
225.442498972,598.76
225.465914278,598.76
225.489128079,596.31
225.512538714,596.31
225.535754050,596.31
225.559118764,596.31
225.582345781,593.98
225.605490364,593.98
225.628614147,593.98
225.652001326,593.98
225.675371032,593.98
225.698181979,572.18
225.721272866,572.18
225.745279540,572.18
225.768604894,572.18
225.792138506,571.79
225.815679511,571.79
225.839090466,571.79
225.861986278,571.79
225.885013964,575.65
225.911507166,575.65
225.936001431,575.65
225.960514223,575.65
225.984461249,579.48
226.008098895,579.48
226.031397720,579.48
226.055046278,579.48
226.078715252,579.48
226.102220896,581.79
226.126010896,581.79
226.149760031,581.79
226.173352396,581.79
226.196759575,580.57
226.220820714,580.57
226.244734139,580.57
226.268841839,580.57
226.292294970,576.92
226.315737605,576.92
226.339125263,576.92
226.362627163,576.92
226.385955493,576.92
226.409640179,578.01
226.433058718,578.01
226.457390517,578.01
226.481116867,578.01
226.504356524,579.00
226.527729238,579.00
226.551684424,579.00
226.576310178,579.00
226.600019505,578.33
226.623703359,578.33
226.647261451,578.33
226.670425427,578.33
226.693515002,602.20
226.716606272,602.20
226.740014443,602.20
226.763310420,602.20
226.786995139,602.20
226.810744850,633.89
226.834201501,633.89
226.857425509,633.89
226.881008146,633.89
226.904886467,681.61
226.929059703,681.61
226.954345274,681.61
226.977730244,681.61
227.000973869,684.47
227.024117044,684.47
227.047460894,684.47
227.070725639,684.47
227.094829883,686.49
227.118760716,686.49
227.142061493,686.49
227.165411647,686.49
227.188547430,686.49
227.211743790,688.21
227.235559902,688.21
227.258874184,688.21
227.282316179,688.21
227.305782398,689.76
227.328947558,689.76
227.352375888,689.76
227.375404246,689.76
227.399052004,688.79
227.422795251,688.79
227.446594722,688.79
227.470165519,688.79
227.493290934,688.79
227.516298076,690.79
227.539654022,690.79
227.566157752,690.79
227.589784197,690.79
227.613282865,688.62
227.637170242,688.62
227.660354153,688.62
227.683472272,688.62
227.706582455,690.39
227.730308390,690.39
227.753388620,690.39
227.776510003,690.39
227.799958878,689.08
227.823551595,689.08
227.846947126,689.08
227.870333088,689.08
227.893664522,689.08
227.916790897,685.00
227.940035481,685.00
227.964625299,685.00
227.987775130,685.00
228.010901665,648.01
228.033792389,648.01
228.057034990,648.01
228.080126868,648.01
228.103548735,615.01
228.126735943,615.01
228.150061745,615.01
228.173347834,615.01
228.196320351,615.01
228.219300004,579.04
228.242326153,579.04
228.265495729,579.04
228.288971772,579.04
228.312803660,547.27
228.335617007,547.27
228.358162959,547.27
228.380951153,547.27
228.404705632,511.08
228.428419855,511.08
228.452191134,511.08
228.475680073,511.08
228.499325175,511.08
228.522464030,511.61
228.545714727,511.61
228.584260370,511.61
228.607831935,511.61
228.631453900,516.56
228.654591379,516.56
228.678476772,516.56
228.702119793,516.56
228.725829312,518.15
228.749290827,518.15
228.773095707,518.15
228.796352771,518.15
228.819689965,518.81
228.842688274,518.81
228.866049596,518.81
228.889447783,518.81
228.913070676,518.81
228.936453758,525.53
228.960058507,525.53
228.983477302,525.53
229.006983202,525.53
229.030388492,553.72
229.055852689,553.72
229.080337481,553.72
229.103189613,553.72
229.126222098,550.77
229.149499643,550.77
229.172961318,550.77
229.196471570,550.77
229.220219937,571.11
229.243548586,571.11
229.266958453,571.11
229.290229790,571.11
229.313703945,571.11
229.337091219,605.55
229.360672768,605.55
229.385034166,605.55
229.408273727,605.55
229.431296292,637.22
229.454471212,637.22
229.477625171,637.22
229.501224192,637.22
229.525027727,634.99
229.548583580,634.99
229.572184329,634.99
229.595268399,634.99
229.618637561,634.99
229.641928994,637.67
229.664910471,637.67
229.688030862,637.67
229.711056147,637.67
229.734044216,631.84
229.756901564,631.84
229.779965538,631.84
229.803353708,631.84
229.826737142,613.11
229.849955486,613.11
229.873064069,613.11
229.895934857,613.11
229.919069200,613.11
229.942604028,580.17
229.966085191,580.17
229.989619795,580.17
230.012912508,580.17
230.036784525,548.80
230.060315897,548.80
230.083289790,548.80
230.106384804,548.80
230.129502187,551.95
230.152900661,551.95
230.176024892,551.95
230.199398950,551.95
230.222392203,551.95
230.245885782,536.91
230.269289601,536.91
230.292784940,536.91
230.316002836,536.91
230.339307293,508.00
230.362970539,508.00
230.386420918,508.00
230.409602173,508.00
230.433152330,471.91
230.456550516,471.91
230.479435480,471.91
230.502232314,471.91
230.526317997,471.91
230.549747576,430.92
230.573151394,430.92
230.596988914,430.92
230.620459645,430.92
230.643631077,428.42
230.666845901,428.42
230.690725949,428.42
230.714600685,428.42
230.737939607,430.44
230.761605604,430.44
230.784894925,430.44
230.807977107,430.44
230.831362750,430.44
230.854852873,453.77
230.878559031,453.77
230.902677291,453.77
230.926761886,453.77
230.949979846,486.55
230.973262414,486.55
230.996915900,486.55
231.020576042,486.55
231.044047477,516.60
231.067736259,516.60
231.091835606,516.60
231.115511396,516.60
231.139053488,553.59
231.162523995,553.59
231.185707170,553.59
231.209238286,553.59
231.232637464,553.59
231.256425992,584.72
231.279922195,584.72
231.303111387,584.72
231.326333410,584.72
231.349939791,622.12
231.373447547,622.12
231.396937606,622.12
231.420825207,622.12
231.444244225,650.97
231.467783853,650.97
231.491010581,650.97
231.513982842,650.97
231.537462373,690.43
231.561315925,690.43
231.585119588,690.43
231.608689937,690.43
231.632466688,690.43
231.655927019,689.54
231.679663481,689.54
231.703332103,689.54
231.727352889,689.54
231.751171561,690.24
231.774606643,690.24
231.798058750,690.24
231.821705579,690.24
231.845451578,691.55
231.868972038,691.55
231.892335920,691.55
231.915658809,691.55
231.939317734,691.55
231.962473677,691.17
231.986449823,691.17
232.010683060,691.17
232.033960188,691.17
232.057480072,689.78
232.080713040,689.78
232.104735074,689.78
232.128356943,689.78
232.153212844,684.79
232.177036412,684.79
232.200660649,684.79
232.223735791,684.79
232.246921430,687.60
232.270281536,687.60
232.294289810,687.60
232.318073537,687.60
232.342096563,687.60
232.365323419,688.73
232.388326976,688.73
232.411599624,688.73
232.435280950,688.73
232.458607903,691.13
232.482313997,691.13
232.505974939,691.13
232.529505510,691.13
232.552547500,689.50
232.576214937,689.50
232.599715717,689.50
232.623222000,689.50
232.647309699,685.62
232.671212948,685.62
232.694382523,685.62
232.717318431,685.62
232.740473798,685.62
232.764098355,683.33
232.787896482,683.33
232.811208587,683.33
232.834362706,683.33
232.857270614,681.79
232.880413021,681.79
232.904250189,681.79
232.927734456,681.79
232.951960461,681.30
232.975285046,681.30
232.998275387,681.30
233.021449282,681.30
233.044958477,681.30
233.068438233,679.99
233.091953508,679.99
233.115230445,679.99
233.138255186,679.99
233.161325688,678.74
233.185563085,678.74
233.209161017,678.74
233.232565123,678.74
233.255595849,680.09
233.278449068,680.09
233.301551954,680.09
233.324593432,680.09
233.348157604,680.09
233.371558382,677.67
233.395263036,677.67
233.418757063,677.67
233.441842669,677.67
233.464999540,676.00
233.488232412,676.00
233.511567141,676.00
233.535068688,676.00
233.558270936,678.71
233.581264893,678.71
233.604409956,678.71
233.627504874,678.71
233.650787282,678.71
233.674140860,681.10
233.697508389,681.10
233.721118098,681.10
233.744481980,681.10
233.767749604,681.35
233.790587367,681.35
233.813820143,681.35
233.837024342,681.35
233.860586691,680.90
233.884001965,680.90
233.907055282,680.90
233.930230554,680.90
233.953454145,680.90
233.976874956,682.48
234.000218645,682.48
234.023638623,682.48
234.046759622,682.48
234.069776523,685.92
234.092995731,685.92
234.116552223,685.92
234.140063914,685.92
234.163177841,677.16
234.187057345,677.16
234.209923204,677.16
234.232449795,677.16
234.270914669,631.66
234.294434104,631.66
234.317961156,631.66
234.341948949,631.66
234.365014587,632.37
234.388087873,632.37
234.411335081,632.37
234.435270714,632.37
234.459063945,632.37
234.482918424,632.36
234.506969130,632.36
234.530484246,632.36
234.553731646,632.36
234.576593569,635.19
234.599539653,635.19
234.623427829,635.19
234.647288581,635.19
234.670407308,633.52
234.693754197,633.52
234.717054622,633.52
234.740444776,633.52
234.763969043,636.40
234.788111463,636.40
234.811335534,636.40
234.834965915,636.40
234.858593064,636.40
234.881663406,634.99
234.904665043,634.99
234.928303392,634.99
234.952174096,634.99
234.975827325,635.28
234.999058533,635.28
235.021947656,635.28
235.044963341,635.28
235.068211445,632.92
235.091967524,632.92
235.115293805,632.92
235.139415296,632.92
235.163168206,632.92
235.186109331,638.43
235.209497020,638.43
235.232715076,638.43
235.256550611,638.43
235.280411267,684.78
235.303513801,684.78
235.326711632,684.78
235.349758134,684.78
235.373174080,687.07
235.397056112,687.07
235.420521531,687.07
235.444047558,687.07
235.467870165,684.99
235.490859866,684.99
235.514408934,684.99
235.538248949,684.99
235.561921443,684.99
235.585715954,681.90
235.608863224,681.90
235.632631111,681.90
235.655737485,681.90
235.679000373,684.18
235.703128552,684.18
235.726612659,684.18
235.750420035,684.18
235.773981838,680.64
235.797234390,680.64
235.819937303,680.64
235.843439299,680.64
235.867091952,680.64
235.890575419,682.84
235.913851747,682.84
235.936990698,682.84
235.960390291,682.84
235.983391736,687.21
236.006800226,687.21
236.030000010,687.21
236.053051119,687.21
236.076242102,686.88
236.099299228,686.88
236.122574788,686.88
236.146008463,686.88
236.169868158,686.88
236.193189127,662.21
236.216692466,662.21
236.239912090,662.21
236.263116385,662.21
236.286739086,626.77
236.310144952,626.77
236.333491745,626.77
236.361668583,626.77
236.384832110,594.21
236.408398426,594.21
236.431642946,594.21
236.454649863,594.21
236.478030704,563.97
236.501961793,563.97
236.525083559,563.97
236.547921834,563.97
236.571812122,563.97
236.595658537,520.74
236.619435128,520.74
236.643511946,520.74
236.667371482,520.74
236.690944166,523.96
236.714791766,523.96
236.738187711,523.96
236.762431060,523.96
236.786322276,527.64
236.810140819,527.64
236.833657022,527.64
236.856959591,527.64
236.880374001,525.47
236.903710042,525.47
236.927712748,525.47
236.951604828,525.47
236.975658158,525.47
236.999143961,523.47
237.022063548,523.47
237.045099842,523.47
237.068113158,523.47
237.091587377,521.68
237.115170077,521.68
237.138901451,521.68
237.162354358,521.68
237.185625246,546.24
237.208545986,546.24
237.231932811,546.24
237.255562296,546.24
237.279498600,546.24
237.302804433,581.74
237.325732725,581.74
237.348829307,581.74
237.372481351,581.74
237.395958546,618.04
237.418992375,618.04
237.441850202,618.04
237.464937088,618.04
237.488054502,646.29
237.510845544,646.29
237.533636074,646.29
237.556755664,646.29
237.580035256,646.29
237.603179743,659.02
237.626107811,659.02
237.649468044,659.02
237.673046360,659.02
237.695864058,623.82
237.718279127,623.82
237.740956696,623.82
237.764754919,623.82
237.788502773,592.33
237.812155330,592.33
237.835662957,592.33
237.858880916,592.33
237.882360511,592.33
237.905978604,593.47
237.929776154,593.47
237.953190564,593.47
237.977070996,593.47
238.000443390,595.18
238.023590596,595.18
238.046539208,595.18
238.069779088,595.18
238.093314683,598.38
238.116950920,598.38
238.140710038,598.38
238.164397092,598.38
238.187884751,598.38
238.211124470,595.83
238.234471071,595.83
238.259666592,595.83
238.283546959,595.83
238.307256669,596.22
238.330797800,596.22
238.353931983,596.22
238.377232983,596.22
238.400455391,594.38
238.424354223,594.38
238.447790937,594.38
238.471646088,594.38
238.495103955,604.13
238.518338746,604.13
238.541617826,604.13
238.566393565,604.13
238.590082251,604.13
238.613316722,631.22
238.636389816,631.22
238.659364732,631.22
238.682567939,631.22
238.705601640,676.11
238.728847824,676.11
238.751886197,676.11
238.774928506,676.11
238.798193890,692.23
238.821151078,692.23
238.844070538,692.23
238.867160207,692.23
238.890417079,692.23
238.913691743,658.17
238.936908039,658.17
238.960099150,658.17
238.983336725,658.17
239.006407163,626.76
239.029501409,626.76
239.053479314,626.76
239.076688249,626.76
239.099523675,582.69
239.122787011,582.69
239.146566514,582.69
239.170497474,582.69
239.194445491,582.69
239.218014750,573.73
239.241180741,573.73
239.264915987,573.73
239.288693537,573.73
239.312204236,574.83
239.335787480,574.83
239.359433477,574.83
239.383343669,574.83
239.406884864,576.02
239.430257961,576.02
239.453732276,576.02
239.477794822,576.02
239.503948851,576.52
239.527655200,576.52
239.551432303,576.52
239.574411507,576.52
239.597605114,576.52
239.620712416,574.78
239.644284523,574.78
239.668638753,574.78
239.692450896,574.78
239.715803289,576.41
239.738981440,576.41
239.762090054,576.41
239.785151275,576.41
239.808658486,576.85
239.832503973,576.85
239.856180786,576.85
239.879620380,576.85
239.902683522,576.85
239.925769383,603.95
239.949389747,603.95
239.973342564,603.95
239.997144147,603.95
240.020592925,643.25
240.043870085,643.25
240.066906986,643.25
240.090274163,643.25
240.113383897,679.50
240.137104263,679.50
240.160482032,679.50
240.183440500,679.50
240.206538714,679.50
240.229545150,697.82
240.252845542,697.82
240.276304657,697.82
240.299818844,697.82
240.322956418,698.09
240.346090824,698.09
240.369240494,698.09
240.392650360,698.09
240.416344773,677.83
240.440342422,677.83
240.463614622,677.83
240.486754340,677.83
240.510050540,677.83
240.533262228,652.30
240.577313892,652.30
240.600099621,652.30
240.622839302,602.26
240.645772202,602.26
240.669356950,602.26
240.693015971,602.26
240.716991540,602.26
240.740315740,589.79
240.763396578,589.79
240.786428806,589.79
240.809704590,589.79
240.833439036,591.67
240.857072457,591.67
240.880567411,591.67
240.903751834,591.67
240.926943297,593.27
240.950224233,593.27
240.973302830,593.27
240.996781401,593.27
241.020724585,593.27
241.044367446,589.59
241.068024067,589.59
241.091309451,589.59
241.114409264,589.59
241.137491606,590.44
241.161154659,590.44
241.185393367,590.44
241.209417832,590.44
241.232891314,591.13
241.255983960,591.13
241.279975753,591.13
241.303851449,591.13
241.328104013,592.08
241.351893499,592.08
241.375485927,592.08
241.399247253,592.08
241.422420348,592.08
241.445476609,605.01
241.468600423,605.01
241.492153874,605.01
241.515619292,605.01
241.539192776,637.03
241.562448336,637.03
241.585584790,637.03
241.608937598,637.03
241.632706316,687.95
241.656381273,687.95
241.679933861,687.95
241.703383279,687.95
241.726988411,697.16
241.750241379,697.16
241.773276231,697.16
241.796561295,697.16
241.820606593,697.16
241.843987850,698.06
241.867383891,698.06
241.890671707,698.06
241.913980004,698.06
241.937207147,698.86
241.960437586,698.86
241.984667782,698.86
242.009027772,698.86
242.032539623,696.85
242.056272852,696.85
242.079348826,696.85
242.102463647,696.85
242.125919946,698.05
242.149598647,698.05
242.172785181,698.05
242.196586252,698.05
242.220064438,698.05
242.243347166,698.24
242.267108332,698.24
242.290249138,698.24
242.313789245,698.24
242.337106789,695.10
242.360635536,695.10
242.384134395,695.10
242.407397155,695.10
242.430752651,679.89
242.454434712,679.89
242.477577246,679.89
242.500678020,679.89
242.523767529,679.89
242.547469943,682.27
242.570889504,682.27
242.594424971,682.27
242.618579358,682.27
242.641832230,681.56
242.664949548,681.56
242.687975312,681.56
242.712368422,681.56
242.735759951,681.01
242.759359131,681.01
242.782890182,681.01
242.805992332,681.01
242.829135730,681.01
242.852676061,684.51
242.876614733,684.51
242.900537693,684.51
242.923887846,684.51
242.947890391,682.42
242.971354177,682.42
242.995172944,682.42
243.018575673,682.42
243.042013091,684.44
243.065783441,684.44
243.089250235,684.44
243.112814087,684.44
243.136097871,686.16
243.159238165,686.16
243.182328634,686.16
243.206330027,686.16
243.229808693,686.16
243.253296416,686.33
243.277313841,686.33
243.300579928,686.33
243.324458728,686.33
243.347680943,691.82
243.371242522,691.82
243.394649699,691.82
243.418640948,691.82
243.442172191,705.81
243.465244548,705.81
243.488347914,705.81
243.511563793,705.81
243.535737732,705.81
243.559165198,703.28
243.582585687,703.28
243.606590280,703.28
243.629924881,703.28
243.653271577,704.55
243.676478752,704.55
243.700591058,704.55
243.724121629,704.55
243.747503782,703.69
243.771155923,703.69
243.794257144,703.69
243.817276541,703.69
243.840767847,704.50
243.864376403,704.50
243.887729532,704.50
243.911096613,704.50
243.934868147,704.50
243.958109082,706.34
243.981554852,706.34
244.004800811,706.34
244.028166068,706.34
244.051305658,705.73
244.074818149,705.73
244.098562034,705.73
244.122140894,705.73
244.146300145,705.43
244.169873692,705.43
244.193687243,705.43
244.217563642,705.43
244.241564875,705.43
244.264749649,702.44
244.287863351,702.44
244.311743654,702.44
244.334936493,702.44
244.358277237,698.78
244.381366138,698.78
244.404295006,698.78
244.427816904,698.78
244.450987535,697.68
244.473967666,697.68
244.496896534,697.68
244.519889594,697.68
244.543007935,673.93
244.568591556,673.93
244.591748906,673.93
244.614867888,673.93
244.637944181,673.93
244.661437920,636.59
244.684961002,636.59
244.709023676,636.59
244.732266947,636.59
244.756023121,607.23
244.779220824,607.23
244.804097363,607.23
244.827218265,607.23
244.850610242,568.25
244.873980299,568.25
244.896954991,568.25
244.920251991,568.25
244.943561183,568.25
244.966846951,537.06
244.990087438,537.06
245.013645913,537.06
245.037450791,537.06
245.061216149,504.81
245.084359899,504.81
245.107397536,504.81
245.130466629,504.81
245.153433480,468.09
245.176833298,468.09
245.200480926,468.09
245.223604227,468.09
245.246436005,468.09
245.269362120,425.77
245.293103062,425.77
245.317066758,425.77
245.341221849,425.77
245.365099336,412.30
245.388966135,412.30
245.413427150,412.30
245.437479615,412.30
245.461381743,413.22
245.485070908,413.22
245.508778377,413.22
245.532648216,413.22
245.556341157,448.23
245.579717581,448.23
245.603288921,448.23
245.627020870,448.23
245.650805844,448.23
245.674619554,478.61
245.698206158,478.61
245.722348544,478.61
245.745907564,478.61
245.769900668,515.51
245.793697578,515.51
245.817328470,515.51
245.840894242,515.51
245.864360844,548.03
245.887444273,548.03
245.910378932,548.03
245.933710140,548.03
245.957776526,576.80
245.981404058,576.80
246.004900356,576.80
246.028185356,576.80
246.051614645,576.80
246.074720699,612.49
246.097578173,612.49
246.122355288,612.49
246.146322280,612.49
246.170603740,652.20
246.194953905,652.20
246.219639755,652.20
246.243627867,652.20
246.267437802,696.66
246.291188823,696.66
246.314816515,696.66
246.338475759,696.66
246.362138908,702.83
246.385392611,702.83
246.408695051,702.83
246.432423480,702.83
246.456394824,702.83
246.479874514,702.82
246.503111033,702.82
246.526521315,702.82
246.549823498,702.82
246.574745575,702.16
246.597998958,702.16
246.621931646,702.16
246.645123524,702.16
246.668517741,691.04
246.691926710,691.04
246.715162141,691.04
246.738565030,691.04
246.762604727,683.66
246.785871903,683.66
246.809046469,683.66
246.832083241,683.66
246.857184712,683.66
246.880772116,685.89
246.904883398,685.89
246.927953643,685.89
246.951414708,685.89
246.974513978,688.06
246.997695008,688.06
247.021050056,688.06
247.044717589,688.06
247.068257024,680.53
247.091899340,680.53
247.115206484,680.53
247.138039957,680.53
247.161239612,680.53
247.184273568,673.61
247.207423334,673.61
247.230578220,673.61
247.254395450,673.61
247.277723714,674.41
247.300860136,674.41
247.323395558,674.41
247.345833187,674.41
247.368237823,640.17
247.390878078,640.17
247.414777870,640.17
247.438134166,640.17
247.461398877,640.17
247.484591332,625.96
247.507808106,625.96
247.531223636,625.96
247.554434458,625.96
247.578132551,623.69
247.601452271,623.69
247.624996954,623.69
247.648539556,623.69
247.671932013,625.92
247.695484728,625.92
247.719046083,625.92
247.742141352,625.92
247.765213229,625.92
247.788292786,632.27
247.811211989,632.27
247.834423164,632.27
247.858562318,632.27
247.881635571,629.56
247.905646468,629.56
247.928624775,629.56
247.952895995,629.56
247.976285252,629.07
247.999572492,629.07
248.023171767,629.07
248.046551520,629.07
248.070046570,629.07
248.093308945,625.12
248.116477655,625.12
248.141198065,625.12
248.164785468,625.12
248.187887202,627.82
248.210906022,627.82
248.234812821,627.82
248.258273631,627.82
248.281657671,627.72
248.305631543,627.72
248.329246179,627.72
248.352882959,627.72
248.376604668,662.16
248.399541535,662.16
248.422452770,662.16
248.445874187,662.16
248.469666617,662.16
248.492931808,673.42
248.516690893,673.42
248.539954677,673.42
248.563008729,673.42
248.586351201,675.67
248.609336261,675.67
248.633118419,675.67
248.656756767,675.67
248.680386282,684.32
248.703709234,684.32
248.726735190,684.32
248.749990462,684.32
248.773277285,684.32
248.796814736,684.59
248.820460988,684.59
248.844085447,684.59
248.867449584,684.59
248.890438260,685.58
248.913517176,685.58
248.936583069,685.58
248.959699554,685.58
248.982674886,680.24
249.005745131,680.24
249.028557228,680.24
249.051537392,680.24
249.075026618,680.24
249.098121695,673.99
249.121408134,673.99
249.144690766,673.99
249.168080022,673.99
249.192455755,643.79
249.216025046,643.79
249.238835032,643.79
249.261616473,643.79
249.285804844,600.59
249.309284053,600.59
249.332793152,600.59
249.356702607,600.59
249.380303994,600.59
249.403679299,599.77
249.426923210,599.77
249.451660291,599.77
249.475503794,599.77
249.499197598,599.93
249.522988460,599.93
249.546449334,599.93
249.569358136,599.93
249.592606559,601.71
249.615562627,601.71
249.638863882,601.71
249.662435861,601.71
249.686544807,602.03
249.710282068,602.03
249.733426618,602.03
249.756649440,602.03
249.779812166,602.03
249.803237391,598.57
249.826513078,598.57
249.849601371,598.57
249.872944675,598.57
249.896202282,598.13
249.919430129,598.13
249.942359124,598.13
249.965692796,598.13
249.989186054,592.31
250.013391801,592.31
250.036381245,592.31
250.059539874,592.31
250.082988172,592.31
250.106380565,570.00
250.130760778,570.00
250.154081426,570.00
250.177242423,570.00
250.200334524,568.29
250.223180094,568.29
250.245873438,568.29
250.268810305,568.29
250.291906437,578.52
250.315104012,578.52
250.338329714,578.52
250.361354774,578.52
250.384474619,578.52
250.407560320,547.05
250.431379822,547.05
250.454491475,547.05
250.477151187,547.05
250.500076565,503.85
250.523785282,503.85
250.547130250,503.85
250.570988345,503.85
250.594799751,492.76
250.617920460,492.76
250.641184403,492.76
250.664345113,492.76
250.687960004,492.76
250.711110762,498.33
250.734984120,498.33
250.758381729,498.33
250.781865291,498.33
250.805071441,500.62
250.828574555,500.62
250.853256372,500.62
250.877010658,500.62
250.900611181,500.02
250.924164632,500.02
250.947212732,500.02
250.970294273,500.02
250.993521703,511.01
251.016935952,511.01
251.040454362,511.01
251.064369194,511.01
251.090732696,511.01
251.113794204,551.02
251.136924482,551.02
251.160181257,551.02
251.184549598,551.02
251.208063048,581.40
251.231599826,581.40
251.255115228,581.40
251.278932138,581.40
251.302513877,618.58
251.326131009,618.58
251.350236658,618.58
251.373857406,618.58
251.397673804,650.84
251.421373880,650.84
251.444594143,650.84
251.467578690,650.84
251.490721863,650.84
251.514428148,695.64
251.538119296,695.64
251.561469448,695.64
251.585397720,695.64
251.608664447,698.54
251.631982182,698.54
251.655315790,698.54
251.679272798,698.54
251.703045323,699.18
251.726674999,699.18
251.750376292,699.18
251.773487465,699.18
251.796631246,699.18
251.819837460,697.83
251.843443583,697.83
251.867062187,697.83
251.890663830,697.83
251.914425155,697.78
251.937601769,697.78
251.960809327,697.78
251.984571805,697.78
252.008416235,698.85
252.032072439,698.85
252.055657634,698.85
252.079316302,698.85
252.102511028,697.18
252.125714170,697.18
252.149290629,697.18
252.172951665,697.18
252.196500700,697.18
252.220015590,698.55
252.243554928,698.55
252.267047514,698.55
252.290397986,698.55
252.313544551,699.48
252.337546455,699.48
252.361306277,699.48
252.384865551,699.48
252.408697661,699.14
252.431885379,699.14
252.455040105,699.14
252.478394865,699.14
252.501699000,699.14
252.525439717,695.39
252.548873934,695.39
252.575967877,695.39
252.599095371,695.39
252.622025901,697.66
252.645355861,697.66
252.668812158,697.66
252.692327752,697.66
252.715682832,695.66
252.738906135,695.66
252.762122621,695.66
252.785271778,695.66
252.808391815,696.58
252.831933426,696.58
252.855257178,696.58
252.878625986,696.58
252.902186892,696.58
252.925554965,690.78
252.949073951,690.78
252.972360326,690.78
252.995290793,690.78
253.019061686,648.08
253.042947973,648.08
253.067156855,648.08
253.091156008,648.08
253.115029270,649.06
253.141093217,649.06
253.165034448,649.06
253.189198722,649.06
253.212793165,650.13
253.236472665,650.13
253.260152037,650.13
253.283760400,650.13
253.307297723,650.13
253.330703683,649.29
253.354148045,649.29
253.378073308,649.29
253.401736040,649.29
253.425429172,649.51
253.448895901,649.51
253.472043106,649.51
253.495378282,649.51
253.519646974,648.26
253.543580813,648.26
253.569278227,648.26
253.592762492,648.26
253.615876097,649.73
253.639186281,649.73
253.662462575,649.73
253.685892600,649.73
253.709380994,649.73
253.733118319,650.54
253.757046782,650.54
253.780300901,650.54
253.803408362,650.54
253.826506766,653.74
253.850380797,653.74
253.873964104,653.74
253.897741685,653.74
253.921619780,663.78
253.944551398,663.78
253.967602250,663.78
253.990915122,663.78
254.014485244,663.78
254.037917093,701.55
254.061511856,701.55
254.085305598,701.55
254.109039371,701.55
254.132103407,703.65
254.155392854,703.65
254.178899360,703.65
254.202829935,703.65
254.226323801,702.31
254.250081158,702.31
254.273232299,702.31
254.296368464,702.31
254.319396692,702.31
254.342805052,703.39
254.366573897,703.39
254.391225826,703.39
254.415269170,703.39
254.438599994,704.35
254.462031139,704.35
254.485972594,704.35
254.509736895,704.35
254.533167560,706.74
254.556540240,706.74
254.580350366,706.74
254.603700774,706.74
254.626813866,706.03
254.650057329,706.03
254.673031316,706.03
254.696517629,706.03
254.720009255,706.03
254.743547441,705.65
254.766809048,705.65
254.789952861,705.65
254.813344870,705.65
254.836734830,704.09
254.860552988,704.09
254.883970180,704.09
254.907803986,704.09
254.931176378,702.55
254.954185918,702.55
254.977625351,702.55
255.000873517,702.55
255.024308374,702.55
255.047639614,702.70
255.071296489,702.70
255.094714994,702.70
255.118128315,702.70
255.141266016,703.35
255.164145154,703.35
255.187031300,703.35
255.210096008,703.35
255.233202700,701.62
255.256192336,701.62
255.281018954,701.62
255.303845867,701.62
255.327290708,701.62
255.350418521,692.84
255.373635999,692.84
255.396926278,692.84
255.420324687,692.84
255.443798904,657.47
255.467711079,657.47
255.490984013,657.47
255.514507735,657.47
255.537952416,618.25
255.561349065,618.25
255.585172886,618.25
255.608321020,618.25
255.631640707,590.16
255.655015883,590.16
255.678364435,590.16
255.701365238,590.16
255.724625725,590.16
255.747641952,547.90
255.770916231,547.90
255.794126605,547.90
255.817491413,547.90
255.840667418,514.50
255.863934689,514.50
255.887105095,514.50
255.910474959,514.50
255.933610580,514.50
255.956867322,479.31
255.980945579,479.31
256.003785356,479.31
256.026489932,479.31
256.049247532,434.31
256.073098074,434.31
256.097727314,434.31
256.121483167,434.31
256.145407758,427.43
256.168500563,427.43
256.191602423,427.43
256.215143265,427.43
256.239537270,426.17
256.262899934,426.17
256.286036995,426.17
256.309986930,426.17
256.335223826,426.17
256.358498712,439.15
256.381687262,439.15
256.405408107,439.15
256.428998933,439.15
256.452751298,472.80
256.476764626,472.80
256.501134439,472.80
256.524273708,472.80
256.547191310,508.37
256.570066192,508.37
256.593432279,508.37
256.617216869,508.37
256.641120851,538.18
256.664214200,538.18
256.687328604,538.18
256.710629187,538.18
256.733348003,538.18
256.756323782,571.45
256.779596973,571.45
256.803291545,571.45
256.826458142,571.45
256.849672228,605.32
256.872833289,605.32
256.896261778,605.32
256.919545977,605.32
256.943111427,619.71
256.967177044,619.71
256.990346681,619.71
257.014165895,619.71
257.037557263,619.71
257.060193838,625.30
257.082732139,625.30
257.107221857,625.30
257.130982446,625.30
257.155316738,609.43
257.179174576,609.43
257.202603481,609.43
257.225879136,609.43
257.248952644,610.29
257.271859942,610.29
257.295550642,610.29
257.318949786,610.29
257.342505092,610.29
257.366024366,605.02
257.389582232,605.02
257.412742301,605.02
257.436247079,605.02
257.459880946,608.23
257.483631231,608.23
257.507279530,608.23
257.531237657,608.23
257.554204220,608.70
257.577323297,608.70
257.600593415,608.70
257.624053872,608.70
257.647862494,605.48
257.671621130,605.48
257.695537817,605.48
257.719012098,605.48
257.742363306,605.48
257.765415566,608.61
257.788627284,608.61
257.812768805,608.61
257.836373648,608.61
257.860666724,608.57
257.884246350,608.57
257.907322578,608.57
257.930553432,608.57
257.954439527,626.20
257.978107794,626.20
258.001647548,626.20
258.025396105,626.20
258.048876850,626.20
258.071847157,680.81
258.095122492,680.81
258.118386146,680.81
258.142051630,680.81
258.165650041,696.70
258.189079937,696.70
258.212556266,696.70
258.236142229,696.70
258.259255449,697.62
258.282487967,697.62
258.305944104,697.62
258.329589267,697.62
258.353323104,700.94
258.380312693,700.94
258.403628988,700.94
258.426923715,700.94
258.450234314,700.94
258.473916406,701.39
258.497419999,701.39
258.521007530,701.39
258.545261725,701.39
258.569101547,701.27
258.592351313,701.27
258.615477558,701.27
258.640098221,701.27
258.663683864,699.24
258.687319075,699.24
258.711107024,699.24
258.734369814,699.24
258.757662525,698.27
258.781018117,698.27
258.804150153,698.27
258.827746196,698.27
258.851465600,698.27
258.874921065,699.13
258.898381138,699.13
258.921619864,699.13
258.944712764,699.13
258.967717792,698.04
258.991464908,698.04
259.015070103,698.04
259.038233500,698.04
259.061512227,698.79
259.084847882,698.79
259.108047120,698.79
259.131652666,698.79
259.155196740,698.79
259.178288873,698.02
259.201564591,698.02
259.224717780,698.02
259.248327391,698.02
259.271858569,682.55
259.295177648,682.55
259.318306324,682.55
259.342240515,682.55
259.365219206,645.64
259.388497548,645.64
259.411419855,645.64
259.436029286,645.64
259.459281100,645.64
259.483297276,611.28
259.506838502,611.28
259.530134061,611.28
259.554154493,611.28
259.576959677,574.76
259.599813310,574.76
259.622822529,574.76
259.646994451,574.76
259.670648127,544.98
259.694368555,544.98
259.718272281,544.98
259.741751362,544.98
259.765077577,545.53
259.788394064,545.53
259.813260619,545.53
259.836953239,545.53
259.860836261,545.53
259.884825141,548.70
259.908409375,548.70
259.931395426,548.70
259.954472070,548.70
259.978087793,546.18
260.001605754,546.18
260.024806144,546.18
260.048265513,546.18
260.071497166,546.14
260.094686740,546.14
260.118047644,546.14
260.141208289,546.14
260.164997005,546.14
260.188224691,546.12
260.211762589,546.12
260.235090148,546.12
260.258666638,546.12
260.282401691,551.36
260.305927780,551.36
260.329121322,551.36
260.352568498,551.36
260.375494196,583.71
260.398455159,583.71
260.421864735,583.71
260.445605483,583.71
260.469370392,583.71
260.492822305,624.63
260.516201896,624.63
260.539972917,624.63
260.563192187,624.63
260.586849990,671.28
260.610744372,671.28
260.634713507,671.28
260.658154572,671.28
260.681844152,687.65
260.705144510,687.65
260.728474053,687.65
260.751973551,687.65
260.775355543,685.10
260.798515963,685.10
260.821662880,685.10
260.844724036,685.10
260.867931050,685.10
260.890960653,683.80
260.914656921,683.80
260.938284900,683.80
260.961826189,683.80
260.985287318,686.05
261.008415931,686.05
261.031566912,686.05
261.055031240,686.05
261.078761077,683.57
261.102127676,683.57
261.125883017,683.57
261.149422130,683.57
261.172806202,683.57
261.196275523,684.86
261.220007663,684.86
261.243309974,684.86
261.266669821,684.86
261.289993700,691.17
261.313005927,691.17
261.336245229,691.17
261.359508115,691.17
261.383248640,689.92
261.407274448,689.92
261.430592310,689.92
261.453800124,689.92
261.476913920,689.92
261.500086341,692.98
261.528953394,692.98
261.552573853,692.98
261.576672942,692.98
261.600141975,688.48
261.623747489,688.48
261.647488141,688.48
261.670909974,688.48
261.694195964,690.05
261.717287520,690.05
261.740420325,690.05
261.763628138,690.05
261.786981906,694.92
261.810187959,694.92
261.833378652,694.92
261.856861509,694.92
261.880239117,694.92
261.903805143,693.80
261.927376577,693.80
261.951244815,693.80
261.974381748,693.80
261.997619097,696.62
262.021582568,696.62
262.045852380,696.62
262.069917740,696.62
262.093448501,697.29
262.116536185,697.29
262.139573917,697.29
262.162720577,697.29
262.186092809,697.29
262.209561874,702.33
262.232924857,702.33
262.256312065,702.33
262.279622376,702.33
262.302563274,703.17
262.325825392,703.17
262.349631581,703.17
262.373399785,703.17
262.397102709,703.45
262.420472444,703.45
262.443525248,703.45
262.466967560,703.45
262.490119149,703.31
262.513652023,703.31
262.536839420,703.31
262.559819390,703.31
262.584103825,703.31
262.606895538,703.66
262.630184984,703.66
262.653336317,703.66
262.676429377,703.66
262.699742407,697.84
262.723075822,697.84
262.746425270,697.84
262.769424536,697.84
262.792841728,660.82
262.815794659,660.82
262.838970920,660.82
262.862434896,660.82
262.885701335,660.82
262.908744826,627.00
262.931830462,627.00
262.955184709,627.00
262.978610925,627.00
263.001421934,588.20
263.024228366,588.20
263.048269886,588.20
263.072047979,588.20
263.095785271,563.73
263.119953128,563.73
263.143537363,563.73
263.166557142,563.73
263.189737467,563.73
263.212731069,561.79
263.236146949,561.79
263.259833169,561.79
263.283933249,561.79
263.307337353,561.98
263.330437805,561.98
263.353357647,561.98
263.376895384,561.98
263.400540387,557.71
263.424080365,557.71
263.447801241,557.71
263.471279265,557.71
263.494401638,560.49
263.518067409,560.49
263.541315127,560.49
263.564886369,560.49
263.588717134,560.49
263.612410521,561.06
263.636282823,561.06
263.659585454,561.06
263.682897236,561.06
263.706180571,572.04
263.729974024,572.04
263.753228525,572.04
263.776559348,572.04
263.800055485,606.18
263.822962111,606.18
263.845948577,606.18
263.869095942,606.18
263.892843890,606.18
263.916361596,645.12
263.939731619,645.12
263.963269964,645.12
263.986517458,645.12
264.009715000,677.79
264.032746427,677.79
264.056196291,677.79
264.080131474,677.79
264.103968319,703.77
264.127626378,703.77
264.150756494,703.77
264.174157078,703.77
264.197393148,703.77
264.220857252,704.64
264.244434094,704.64
264.267889367,704.64
264.291659587,704.64
264.314908201,706.34
264.338048589,706.34
264.361008527,706.34
264.384765756,706.34
264.408596009,706.86
264.432059793,706.86
264.455603515,706.86
264.478922914,706.86
264.502229768,706.86
264.525549807,708.12
264.548582674,708.12
264.575635208,708.12
264.599011535,708.12
264.622417911,708.77
264.645980577,708.77
264.668920451,708.77
264.692081991,708.77
264.715210220,709.93
264.738915895,709.93
264.762278751,709.93
264.785807912,709.93
264.809507667,710.02
264.832642136,710.02
264.855824413,710.02
264.879186564,710.02
264.903012817,710.02
264.926353528,708.86
264.950305991,708.86
264.974134068,708.86
264.997481019,708.86
265.020515742,709.29
265.043831397,709.29
265.067703058,709.29
265.091407966,709.29
265.114699684,710.05
265.138709172,710.05
265.161989370,710.05
265.185086654,710.05
265.208250306,710.05
265.231374342,710.10
265.254765006,710.10
265.279213795,710.10
265.302836429,710.10
265.326004818,707.92
265.349299416,707.92
265.372916163,707.92
265.395645378,707.92
265.418682917,708.07
265.441615271,708.07
265.464891949,708.07
265.488385046,708.07
265.511315063,708.07
265.534209720,708.03
265.557633472,708.03
265.581029864,708.03
265.603506148,708.03
265.625847326,671.64
265.648566493,671.64
265.672057318,671.64
265.695968532,671.64
265.719699296,657.87
265.774508948,657.87
265.797468086,657.87
265.820575002,657.87
265.844411144,654.63
265.868211508,654.63
265.891713757,654.63
265.914923874,654.63
265.938184872,654.63
265.961284652,658.20
265.984710356,658.20
266.008307966,658.20
266.031852360,658.20
266.055238287,653.99
266.079167774,653.99
266.102386243,653.99
266.125929228,653.99
266.149233235,655.93
266.173571270,655.93
266.196944717,655.93
266.220282388,655.93
266.244305316,653.63
266.267754444,653.63
266.290912368,653.63
266.313803826,653.63
266.336864373,653.63
266.360121115,650.81
266.383695812,650.81
266.407268558,650.81
266.430508340,650.81
266.453670296,653.40
266.476825437,653.40
266.500135555,653.40
266.523887503,653.40
266.547561562,650.21
266.571157668,650.21
266.594655885,650.21
266.617602255,650.21
266.641005430,650.21
266.664205916,687.87
266.688003560,687.87
266.711404464,687.87
266.735035610,687.87
266.758784038,697.90
266.782104525,697.90
266.805088239,697.90
266.828227379,697.90
266.852302179,697.70
266.875928110,697.70
266.899349462,697.70
266.923024257,697.70
266.946371656,697.08
266.969620589,697.08
266.992934324,697.08
267.016173273,697.08
267.039732931,697.08
267.063386606,698.80
267.088038565,698.80
267.111481837,698.80
267.134645522,698.80
267.157695861,699.20
267.181335007,699.20
267.205345295,699.20
267.229314333,699.20
267.252943560,699.11
267.276549298,699.11
267.299617877,699.11
267.322870651,699.11
267.346083680,701.62
267.369922989,701.62
267.393382485,701.62
267.416788989,701.62
267.440305606,701.62
267.463377449,700.58
267.486439628,700.58
267.509935605,700.58
267.533267932,700.58
267.556566082,699.23
267.580013226,699.23
267.603356017,699.23
267.626849017,699.23
267.650257377,699.57
267.673883659,699.57
267.698324032,699.57
267.721816105,699.57
267.745108175,699.57
267.768454198,677.18
267.792252578,677.18
267.815612265,677.18
267.839647353,677.18
267.863474726,644.42
267.887240882,644.42
267.911455779,644.42
267.934706921,644.42
267.958386260,598.57
267.981908797,598.57
268.005696874,598.57
268.029596023,598.57
268.053128480,592.44
268.076477767,592.44
268.099594571,592.44
268.122672207,592.44
268.146653214,592.44
268.170283272,590.57
268.193973267,590.57
268.217322586,590.57
268.240854467,590.57
268.264030567,596.88
268.287458927,596.88
268.311554367,596.88
268.335153833,596.88
268.358944214,592.07
268.382674401,592.07
268.406242315,592.07
268.429181996,592.07
268.452671861,592.07
268.476502178,592.62
268.500073676,592.62
268.523937401,592.62
268.547967752,592.62
268.571237934,596.21
268.594280945,596.21
268.617594807,596.21
268.641184481,596.21
268.664595401,590.89
268.688322388,590.89
268.712018335,590.89
268.735090307,590.89
268.758603147,618.24
268.781973811,618.24
268.805463611,618.24
268.829054405,618.24
268.852856433,618.24
268.876804800,651.70
268.901020145,651.70
268.924201878,651.70
268.947303994,651.70
268.971055142,698.09
268.994458925,698.09
269.017930325,698.09
269.041360605,698.09
269.064931303,701.46
269.088037930,701.46
269.111155854,701.46
269.134361971,701.46
269.158007934,701.46
269.181400421,701.89
269.205236690,701.89
269.228716570,701.89
269.251753821,701.89
269.274771424,702.50
269.298118374,702.50
269.321504525,702.50
269.345397531,702.50
269.368853155,703.69
269.392491022,703.69
269.415627186,703.69
269.438906999,703.69
269.462151709,705.15
269.486402159,705.15
269.509988985,705.15
269.533708708,705.15
269.557675698,705.15
269.580902424,705.01
269.604021915,705.01
269.627424515,705.01
269.650913771,705.01
269.674427956,706.62
269.697846300,706.62
269.721723337,706.62
269.744914030,706.62
269.767991505,707.07
269.791174870,707.07
269.815119396,707.07
269.838614956,707.07
269.862328472,707.07
269.886119396,705.78
269.909663725,705.78
269.932538222,705.78
269.957645067,705.78
269.981320662,707.65
270.005192963,707.65
270.028719948,707.65
270.052404887,707.65
270.075432058,708.37
270.098631486,708.37
270.121583872,708.37
270.144404224,708.37
270.167652518,708.37
270.191205935,707.55
270.214652055,707.55
270.237967293,707.55
270.261558918,707.55
270.284730475,706.72
270.308093714,706.72
270.331735580,706.72
270.355215556,706.72
270.378543179,681.07
270.401886865,681.07
270.425158679,681.07
270.448871106,681.07
270.473111060,645.69
270.496219032,645.69
270.519498845,645.69
270.542591457,645.69
270.566069161,645.69
270.589695731,605.70
270.613461503,605.70
270.636675812,605.70
270.660449712,605.70
270.683885528,607.75
270.707085981,607.75
270.730860232,607.75
270.754548019,607.75
270.778264767,601.01
270.801767399,601.01
270.825573012,601.01
270.849167549,601.01
270.872785031,601.01
270.896723349,603.70
270.921075785,603.70
270.944966998,603.70
270.968991589,603.70
270.992330220,602.67
271.016098808,602.67
271.039650145,602.67
271.063438573,602.67
271.087177145,597.60
271.110943397,597.60
271.134867827,597.60
271.158960931,597.60
271.182276169,602.09
271.205876242,602.09
271.229605342,602.09
271.252751938,602.09
271.275737124,602.09
271.299097867,601.61
271.322474673,601.61
271.345590869,601.61
271.368757657,601.61
271.392213185,627.28
271.415674729,627.28
271.438951375,627.28
271.462639834,627.28
271.485987200,649.90
271.509245414,649.90
271.533020434,649.90
271.556388696,649.90
271.579683550,688.41
271.602795010,688.41
271.625977158,688.41
271.649250764,688.41
271.673154138,688.41
271.696913637,685.84
271.720398126,685.84
271.743522769,685.84
271.766918552,685.84
271.790308672,689.59
271.813448547,689.59
271.836981804,689.59
271.860263026,689.59
271.883771963,686.18
271.907677640,686.18
271.931848345,686.18
271.955322561,686.18
271.979437618,686.18
272.002860633,682.81
272.026715686,682.81
272.052574380,682.81
272.075598799,682.81
272.099097687,686.86
272.122449086,686.86
272.145941446,686.86
272.170007702,686.86
272.193723201,682.92
272.216953286,682.92
272.240231563,682.92
272.263362991,682.92
272.286579156,683.65
272.310587107,683.65
272.335208249,683.65
272.358712322,683.65
272.382563343,683.65
272.406565917,680.50
272.430338441,680.50
272.453600718,680.50
272.477407387,680.50
272.500750689,689.15
272.524072583,689.15
272.547271724,689.15
272.570978871,689.15
272.594598497,692.84
272.618137930,692.84
272.641669170,692.84
272.665240476,692.84
272.688899910,692.55
272.712055786,692.55
272.735093741,692.55
272.758505684,692.55
272.782260128,692.55
272.805497989,693.42
272.828885644,693.42
272.852805978,693.42
272.876362851,693.42
272.900146703,696.79
272.924018556,696.79
272.947366338,696.79
272.970490310,696.79
272.993757227,700.64
273.017090546,700.64
273.040989727,700.64
273.064107363,700.64
273.087702732,700.64
273.111522329,696.90
273.135647465,696.90
273.159668376,696.90
273.183432227,696.90
273.206579079,700.53
273.230036655,700.53
273.253157203,700.53
273.277167841,700.53
273.300508712,701.98
273.324275635,701.98
273.347666074,701.98
273.370992737,701.98
273.394127300,701.98
273.417893072,706.41
273.441819710,706.41
273.465114083,706.41
273.488854255,706.41
273.512275158,705.65
273.535535003,705.65
273.558624511,705.65
273.581964613,705.65
273.605470573,705.88
273.628924437,705.88
273.652612320,705.88
273.676099208,705.88
273.699227275,705.32
273.722429360,705.32
273.746581633,705.32
273.771308984,705.32
273.794893250,705.32
273.818298697,704.41
273.841938867,704.41
273.865226873,704.41
273.888577919,704.41
273.911813924,705.21
273.935798098,705.21
273.959470877,705.21
273.983303946,705.21
274.007042933,706.07
274.030184441,706.07
274.053299196,706.07
274.076843589,706.07
274.100678226,708.13
274.124323644,708.13
274.150434405,708.13
274.174023694,708.13
274.197813082,708.13
274.220944382,707.87
274.245040846,707.87
274.268395604,707.87
274.292176640,707.87
274.315645256,704.82
274.339162512,704.82
274.362349428,704.82
274.385670203,704.82
274.409036449,704.19
274.432959311,704.19
274.456712410,704.19
274.480216354,704.19
274.503714123,704.65
274.526871471,704.65
274.549814320,704.65
274.573042389,704.65
274.596911009,704.65
274.620430922,705.14
274.643944338,705.14
274.667772127,705.14
274.690967235,705.14
274.714049478,706.43
274.736984871,706.43
274.760717491,706.43
274.784269371,706.43
274.807968966,704.28
274.831687345,704.28
274.855624255,704.28
274.878668706,704.28
274.902013928,704.28
274.925045130,705.41
274.948360304,705.41
274.971617109,705.41
274.994998972,705.41
275.018385539,704.00
275.041601639,704.00
275.065001198,704.00
275.088216659,704.00
275.110818064,693.53
275.133383213,693.53
275.156397775,693.53
275.179484146,693.53
275.205686492,693.53
275.228705214,667.33
275.252652332,667.33
275.276571897,667.33
275.299676029,667.33
275.322348570,637.66
275.345109465,637.66
275.368789028,637.66
275.392348748,637.66
275.416103640,611.62
275.439708833,611.62
275.463194505,611.62
275.486649553,611.62
275.510084856,611.62
275.533650017,610.23
275.557451405,610.23
275.580843412,610.23
275.604673280,610.23
275.627827620,610.61
275.651112170,610.61
275.674096139,610.61
275.697626708,610.61
275.720957978,609.80
275.744441698,609.80
275.768058604,609.80
275.791070286,609.80
275.814348115,612.15
275.837259060,612.15
275.860934750,612.15
275.884827627,612.15
275.908618263,612.15
275.932106175,607.78
275.956142606,607.78
275.979678807,607.78
276.002927100,607.78
276.026011135,607.66
276.049708394,607.66
276.073082032,607.66
276.096788699,607.66
276.120948203,628.51
276.144412339,628.51
276.167369748,628.51
276.190647194,628.51
276.214414117,628.51
276.238134256,640.75
276.261642520,640.75
276.285398500,640.75
276.309061038,640.75
276.332330419,672.63
276.355442038,672.63
276.378420568,672.63
276.402263396,672.63
276.425744684,697.99
276.449386710,697.99
276.472831549,697.99
276.496118723,697.99
276.519301927,697.99
276.542846640,698.59
276.566699836,698.59
276.590256165,698.59
276.613760237,698.59
276.637338838,698.39
276.660958848,698.39
276.684236453,698.39
276.707572171,698.39
276.730957650,699.33
276.754751902,699.33
276.778474857,699.33
276.801824239,699.33
276.825034963,700.06
276.848339417,700.06
276.872304455,700.06
276.896174420,700.06
276.919848286,700.06
276.943456711,701.33
276.967413109,701.33
276.990633306,701.33
277.013619739,701.33
277.036874208,702.25
277.059966851,702.25
277.083608877,702.25
277.107490650,702.25
277.130985410,702.17
277.154250887,702.17
277.177577197,702.17
277.200570927,702.17
277.224040599,702.17
277.247991332,702.44
277.271436268,702.44
277.295085878,702.44
277.318749344,702.44
277.343441911,703.16
277.367067712,703.16
277.390182948,703.16
277.414196306,703.16
277.437666874,702.56
277.461144514,702.56
277.484705034,702.56
277.507935823,702.56
277.531128819,702.81
277.554274935,702.81
277.578354438,702.81
277.601728845,702.81
277.624934161,702.81
277.648338488,699.51
277.672148996,699.51
277.695228134,699.51
277.719176948,699.51
277.742675324,700.45
277.765890401,700.45
277.788694528,700.45
277.811726018,700.45
277.834971303,672.72
277.858412366,672.72
277.881853525,672.72
277.904935736,672.72
277.928178877,672.72
277.951051901,643.23
277.974787368,643.23
277.997653864,643.23
278.021932346,643.23
278.045499427,600.87
278.069358031,600.87
278.092433394,600.87
278.115551541,600.87
278.138412149,553.75
278.162020927,553.75
278.185859819,553.75
278.209484085,553.75
278.232980988,556.52
278.256615846,556.52
278.279933196,556.52
278.303231345,556.52
278.327062077,556.52
278.350582437,555.76
278.374056749,555.76
278.398140188,555.76
278.421564675,555.76
278.444651430,554.04
278.467798186,554.04
278.492032091,554.04
278.515472546,554.04
278.539154508,554.30
278.562774198,554.30
278.586001594,554.30
278.609114622,554.30
278.632346178,554.30
278.655894507,554.84
278.680075355,554.84
278.703790470,554.84
278.727876053,554.84
278.751278236,557.36
278.774512129,557.36
278.797612836,557.36
278.821445840,557.36
278.845024185,579.66
278.868628418,579.66
278.892172426,579.66
278.915606226,579.66
278.939051097,618.88
278.962380639,618.88
278.985657892,618.88
279.009566833,618.88
279.032758197,618.88
279.056509952,652.95
279.080390061,652.95
279.103603281,652.95
279.126924887,652.95
279.150382206,698.97
279.174334060,698.97
279.197980470,698.97
279.221251739,698.97
279.245017222,698.18
279.268319275,698.18
279.291561520,698.18
279.314578450,698.18
279.338125882,698.18
279.361481184,701.00
279.388758744,701.00
279.412379201,701.00
279.435998251,701.00
279.459301168,702.18
279.482367635,702.18
279.506210879,702.18
279.529957898,702.18
279.553125613,702.52
279.577590402,702.52
279.601201963,702.52
279.624498064,702.52
279.647853750,702.20
279.671074811,702.20
279.695020968,702.20
279.718257261,702.20
279.742177914,702.20
279.765648961,703.34
279.789684432,703.34
279.812980693,703.34
279.836726240,703.34
279.860407755,705.64
279.883942131,705.64
279.907355738,705.64
279.931383496,705.64
279.954367306,705.50
279.977701487,705.50
280.000803250,705.50
280.024295898,705.50
280.047774114,705.50
280.071229577,705.76
280.094937652,705.76
280.118052311,705.76
280.141234235,705.76
280.164348702,705.53
280.187625539,705.53
280.210909448,705.53
280.234032267,705.53
280.257195374,707.79
280.280219728,707.79
280.303543254,707.79
280.326763130,707.79
280.349992606,707.79
280.373248995,702.87
280.395628061,702.87
280.418112632,702.87
280.469148762,653.38
280.492744387,653.38
280.516676145,653.38
280.540107928,653.38
280.563284155,654.89
280.586469887,654.89
280.609723620,654.89
280.632934856,654.89
280.656345167,654.89
280.679266287,652.22
280.703366175,652.22
280.726110941,652.22
280.749309633,652.22
280.772981707,648.80
280.797504000,648.80
280.821690320,648.80
280.844652369,648.80
280.867456144,606.33
280.891188379,606.33
280.914818181,606.33
280.938409230,606.33
280.962013783,596.04
280.985596160,596.04
281.009031719,596.04
281.032086825,596.04
281.055315757,596.04
281.078877494,596.35
281.102148251,596.35
281.125661955,596.35
281.149246636,596.35
281.172419407,596.67
281.195546194,596.67
281.218925209,596.67
281.242861446,596.67
281.266435887,592.20
281.290142233,592.20
281.313536831,592.20
281.336717667,592.20
281.359906087,592.20
281.383344302,608.19
281.407384700,608.19
281.430818979,608.19
281.454194538,608.19
281.478092278,644.52
281.501313915,644.52
281.524458398,644.52
281.547712994,644.52
281.571195562,643.59
281.594864628,643.59
281.618331131,643.59
281.641862243,643.59
281.665357035,646.03
281.688638544,646.03
281.711585041,646.03
281.734992311,646.03
281.758876100,646.03
281.782282731,648.97
281.806124311,648.97
281.829426492,648.97
281.853087526,648.97
281.876261641,683.02
281.899395372,683.02
281.922804883,683.02
281.946517502,683.02
281.969656321,699.09
281.992790468,699.09
282.016104713,699.09
282.040186552,699.09
282.063812130,699.09
282.087942289,672.38
282.112114690,672.38
282.135053122,672.38
282.157708063,672.38
282.180648608,625.03
282.204241065,625.03
282.227804497,625.03
282.251504700,625.03
282.274860289,622.01
282.298114438,622.01
282.321312106,622.01
282.344712592,622.01
282.368475131,617.49
282.392454953,617.49
282.417430787,617.49
282.441087405,617.49
282.464615765,617.49
282.487846297,619.89
282.511568292,619.89
282.535465232,619.89
282.562718567,619.89
282.586568211,620.15
282.612742877,620.15
282.636110307,620.15
282.659689707,620.15
282.682932528,620.94
282.706715387,620.94
282.730327268,620.94
282.754478964,620.94
282.778294208,620.99
282.801463907,620.99
282.824668935,620.99
282.847856075,620.99
282.871877433,618.08
282.895648388,618.08
282.919198605,618.08
282.943057849,618.08
282.966855268,618.08
282.990370476,625.64
283.013564560,625.64
283.037003543,625.64
283.060846147,625.64
283.084692847,657.06
283.108706589,657.06
283.131994306,657.06
283.154974179,657.06
283.178307849,698.73
283.201727119,698.73
283.225521083,698.73
283.249285990,698.73
283.272982608,698.73
283.296335925,703.27
283.319507513,703.27
283.342735741,703.27
283.365766367,703.27
283.389355496,705.75
283.412931920,705.75
283.436583994,705.75
283.460283300,705.75
283.483398919,707.43
283.506613675,707.43
283.530134258,707.43
283.553599546,707.43
283.577632520,707.65
283.601267953,707.65
283.624794745,707.65
283.647833627,707.65
283.671143104,707.65
283.694188802,708.06
283.717621225,708.06
283.741336019,708.06
283.765041693,708.06
283.788458084,710.72
283.811885995,710.72
283.835111791,710.72
283.858345619,710.72
283.882209599,708.48
283.905768968,708.48
283.929426769,708.48
283.953066587,708.48
283.976520290,708.48
283.999624356,708.75
284.023483536,708.75
284.046550163,708.75
284.070493248,708.75
284.094054408,708.41
284.117480271,708.41
284.140426479,708.41
284.163376880,708.41
284.186342577,708.51
284.209212689,708.51
284.232265778,708.51
284.255077073,708.51
284.278049682,708.51
284.300690255,698.72
284.323845906,698.72
284.347479419,698.72
284.371023844,698.72
284.394410314,672.91
284.417628078,672.91
284.441037268,672.91
284.464169943,672.91
284.487628606,637.09
284.510704704,637.09
284.534093126,637.09
284.557092584,637.09
284.580327084,637.09
284.603707538,604.76
284.628265319,604.76
284.651373673,604.76
284.674555661,604.76
284.697660783,555.61
284.721458203,555.61
284.745104708,555.61
284.769186035,555.61
284.792946142,545.59
284.816108705,545.59
284.839387526,545.59
284.862635498,545.59
284.886279795,545.59
284.909922269,548.93
284.933537446,548.93
284.957563924,548.93
284.981190749,548.93
285.004164894,548.42
285.027401762,548.42
285.050636454,548.42
285.074454962,548.42
285.098121052,543.76
285.121657700,543.76
285.144996265,543.76
285.168296110,543.76
285.191288687,543.03
285.214445106,543.03
285.237775576,543.03
285.261250175,543.03
285.285178892,543.03
285.308965879,553.36
285.332148474,553.36
285.355266621,553.36
285.378745476,553.36
285.402889715,579.35
285.426447708,579.35
285.450145350,579.35
285.473740942,579.35
285.497452824,620.23
285.520690301,620.23
285.543721342,620.23
285.567137413,620.23
285.590921072,620.23
285.614718491,647.34
285.638113025,647.34
285.661477319,647.34
285.684799084,647.34
285.709540867,692.92
285.733576497,692.92
285.757101273,692.92
285.780485631,692.92
285.803620226,686.93
285.827303884,686.93
285.850907572,686.93
285.874511005,686.93
285.898551531,688.04
285.921844976,688.04
285.945390360,688.04
285.968491003,688.04
285.992021955,688.04
286.015673708,685.20
286.039726011,685.20
286.063430053,685.20
286.086952940,685.20
286.110189648,688.77
286.133559574,688.77
286.157165567,688.77
286.181358863,688.77
286.204877847,687.04
286.228567777,687.04
286.251837957,687.04
286.275013928,687.04
286.298120907,687.04
286.321185261,689.06
286.344590547,689.06
286.368187516,689.06
286.391901094,689.06
286.415092777,689.44
286.438162955,689.44
286.461560209,689.44
286.485170234,689.44
286.509569581,688.05
286.533172822,688.05
286.556850207,688.05
286.580613322,688.05
286.603777325,689.56
286.626822127,689.56
286.650797884,689.56
286.674195554,689.56
286.697909996,689.56
286.721243762,687.22
286.745659653,687.22
286.768960521,687.22
286.793231739,687.22
286.816568128,696.81
286.839857573,696.81
286.863593263,696.81
286.887642525,696.81
286.911509833,704.55
286.935036433,704.55
286.958168500,704.55
286.981415832,704.55
287.004707293,704.55
287.027904000,704.26
287.051260454,704.26
287.074544843,704.26
287.098058482,704.26
287.121301206,704.58
287.144592219,704.58
287.167807551,704.58
287.191178949,704.58
287.214703468,696.54
287.237676429,696.54
287.260137799,696.54
287.282854181,696.54
287.306477550,696.54
287.329882996,652.96
287.353602718,652.96
287.377191942,652.96
287.400559212,652.96
287.423583725,655.90
287.446819729,655.90
287.471278693,655.90
287.494831661,655.90
287.518184594,654.20
287.541988477,654.20
287.565273506,654.20
287.588562983,654.20
287.611715466,655.54
287.635119920,655.54
287.659556419,655.54
287.683481136,655.54
287.707159289,655.54
287.730607616,653.93
287.753773091,653.93
287.776872069,653.93
287.800836210,653.93
287.824351290,650.08
287.848359944,650.08
287.872217396,650.08
287.895970910,650.08
287.919183874,653.65
287.942611656,653.65
287.966447764,653.65
287.990642532,653.65
288.014493904,652.93
288.037973911,652.93
288.062507947,652.93
288.085636110,652.93
288.108748176,652.93
288.132169558,652.36
288.156816620,652.36
288.180611127,652.36
288.205052714,652.36
288.228876885,667.66
288.251916951,667.66
288.275077178,667.66
288.298590817,667.66
288.321743780,702.38
288.345239948,702.38
288.368948853,702.38
288.392736288,702.38
288.416095590,702.38
288.439172392,703.41
288.462560974,703.41
288.485652400,703.41
288.509330457,703.41
288.532490588,704.22
288.555672031,704.22
288.578702529,704.22
288.601961701,704.22
288.625196873,706.49
288.648735505,706.49
288.671842675,706.49
288.694885429,706.49
288.718189945,706.49
288.741578655,692.69
288.765029190,692.69
288.788623470,692.69
288.812744989,692.69
288.835644957,655.03
288.858401403,655.03
288.881651807,655.03
288.905389417,655.03
288.928927121,626.34
288.952770717,626.34
288.976224035,626.34
288.999515688,626.34
289.023015183,629.52
289.046704377,629.52
289.071162828,629.52
289.094552850,629.52
289.118290844,629.52
289.141786755,629.18
289.165396332,629.18
289.188402989,629.18
289.212483260,629.18
289.236643979,629.24
289.260230739,629.24
289.284090111,629.24
289.308437713,629.24
289.332007513,628.66
289.355339326,628.66
289.378650851,628.66
289.401758309,628.66
289.425364846,627.74
289.449097880,627.74
289.473945424,627.74
289.497412215,627.74
289.520682491,627.74
289.543964735,628.61
289.567719274,628.61
289.591382035,628.61
289.615629604,628.61
289.639164555,624.76
289.662635026,624.76
289.686108985,624.76
289.709472126,624.76
289.733025382,640.77
289.756683279,640.77
289.780305944,640.77
289.804088099,640.77
289.828003567,668.50
289.851253203,668.50
289.874431990,668.50
289.897820252,668.50
289.921722185,668.50
289.946400479,705.90
289.971043764,705.90
289.995010945,705.90
290.019075919,705.90
290.042244786,706.44
290.065554583,706.44
290.088890396,706.44
290.112636999,706.44
290.135980716,708.16
290.159954041,708.16
290.183263294,708.16
290.206365408,708.16
290.229817286,708.16
290.253278541,707.78
290.276789524,707.78
290.300770625,707.78
290.324731502,707.78
290.348256950,708.03
290.371617819,708.03
290.394622204,708.03
290.418076355,708.03
290.441655275,710.19
290.465322420,710.19
290.488915804,710.19
290.512671495,710.19
290.536224462,709.99
290.559677045,709.99
290.583783588,709.99
290.607381388,709.99
290.631165751,709.99
290.654723870,712.34
290.678521641,712.34
290.701896719,712.34
290.725198035,712.34
290.748681018,712.49
290.772939371,712.49
290.796619348,712.49
290.820491488,712.49
290.844374732,712.33
290.867649392,712.33
290.891013046,712.33
290.914342715,712.33
290.938101701,711.99
290.961623213,711.99
290.987298223,711.99
291.010866327,711.99
291.034136059,711.99
291.057253214,712.35
291.081122889,712.35
291.104708081,712.35
291.129125508,712.35
291.152654060,711.60
291.176455863,711.60
291.199705402,711.60
291.222919998,711.60
291.246246243,714.59
291.269885260,714.59
291.293540116,714.59
291.316942682,714.59
291.340585827,713.90
291.364042474,713.90
291.387364111,713.90
291.410482801,713.90
291.433963128,713.90
291.457678945,713.74
291.481508204,713.74
291.505391288,713.74
291.528862175,713.74
291.551978113,713.79
291.577730501,713.79
291.601173099,713.79
291.625495900,713.79
291.649167045,712.68
291.672833647,712.68
291.696252885,712.68
291.719407479,712.68
291.742572154,712.68
291.766181379,712.95
291.790124719,712.95
291.813523445,712.95
291.837094877,712.95
291.860673349,714.77
291.884020234,714.77
291.907271854,714.77
291.930831542,714.77
291.954145051,714.05
291.977849668,714.05
292.001397452,714.05
292.025012596,714.05
292.048337721,713.79
292.071599645,713.79
292.094639327,713.79
292.118428713,713.79
292.142309365,713.79
292.165645530,714.58
292.189538406,714.58
292.213023309,714.58
292.236353810,714.58
292.259633494,713.76
292.282989435,713.76
292.306575907,713.76
292.330173515,713.76
292.354117080,713.89
292.377671967,713.89
292.400852610,713.89
292.424122887,713.89
292.447768335,713.89
292.471554746,715.08
292.495164738,715.08
292.518510023,715.08
292.542360755,715.08
292.565788857,713.45
292.589049437,713.45
292.612524643,713.45
292.635952873,713.45
292.659493681,713.90
292.682975768,713.90
292.706967717,713.90
292.730252777,713.90
292.753539565,714.37
292.776814514,714.37
292.800217911,714.37
292.823571965,714.37
292.847385959,714.37
292.871035920,713.86
292.894236244,713.86
292.917691546,713.86
292.940843357,713.86
292.964001343,715.06
292.987643304,715.06
293.011064334,715.06
293.037856734,715.06
293.061104482,714.53
293.084452103,714.53
293.107555145,714.53
293.131010928,714.53
293.154480118,714.53
293.178041886,714.24
293.201633126,714.24
293.225154157,714.24
293.248369296,714.24
293.271420626,715.06
293.294734838,715.06
293.318614690,715.06
293.342036168,715.06
293.365543855,714.72
293.389493404,714.72
293.412585853,714.72
293.435928194,714.72
293.459116453,714.91
293.482936368,714.91
293.506581177,714.91
293.530156513,714.91
293.553847690,714.91
293.577894488,715.03
293.601020986,715.03
293.624232253,715.03
293.647369888,715.03
293.670696580,715.18
293.694246796,715.18
293.717925301,715.18
293.741365051,715.18
293.764624927,714.95
293.787834594,714.95
293.811293481,714.95
293.834638222,714.95
293.858222198,714.95
293.881421625,715.59
293.905016353,715.59
293.928141027,715.59
293.952121168,715.59
293.975263987,714.96
293.998474902,714.96
294.021610232,714.96
294.044639449,714.96
294.067955422,692.04
294.093183386,692.04
294.116642145,692.04
294.139935909,692.04
294.163753488,692.04
294.187117301,656.36
294.210374969,656.36
294.233760926,656.36
294.257346982,656.36
294.280326343,618.49
294.303313447,618.49
294.326436713,618.49
294.349571595,618.49
294.372661933,585.34
294.396168884,585.34
294.419931710,585.34
294.443316484,585.34
294.466567527,540.06
294.489598888,540.06
294.513225937,540.06
294.536930426,540.06
294.561122026,540.06
294.589834930,517.52
294.613580508,517.52
294.637079875,517.52
294.660900749,517.52
294.684222226,520.98
294.708017117,520.98
294.731573796,520.98
294.755248525,520.98
294.779076120,520.98
294.802538142,520.12
294.826071782,520.12
294.849792271,520.12
294.874554214,520.12
294.897911723,514.66
294.921425714,514.66
294.944950777,514.66
294.968668963,514.66
294.991905542,518.34
295.015232203,518.34
295.038518959,518.34
295.062141176,518.34
295.086198021,544.86
295.110095889,544.86
295.135025450,544.86
295.158124332,544.86
295.181745140,578.27
295.205098713,578.27
295.228927044,578.27
295.252330378,578.27
295.275898417,578.27
295.299714396,614.35
295.323051457,614.35
295.346216931,614.35
295.369986797,614.35
295.393837017,647.91
295.417568642,647.91
295.441116938,647.91
295.465056374,647.91
295.488382362,683.85
295.511816832,683.85
295.534837633,683.85
295.558204454,683.85
295.581829007,705.69
295.605464951,705.69
295.628972830,705.69
295.652769673,705.69
295.676119245,705.69
295.699367281,708.19
295.722480083,708.19
295.746836932,708.19
295.771349528,708.19
295.794685853,705.33
295.818015553,705.33
295.841007074,705.33
295.864225253,705.33
295.887377063,707.93
295.910912078,707.93
295.934026800,707.93
295.956978576,707.93
295.980034962,707.93
296.003129235,696.71
296.026515865,696.71
296.050050208,696.71
296.073686280,696.71
296.097219119,665.54
296.120562580,665.54
296.144337374,665.54
296.167848293,665.54
296.214494638,623.93
296.237886004,623.93
296.261142871,623.93
296.283781075,623.93
296.306377583,577.03
296.329956886,577.03
296.353833378,577.03
296.377075269,577.03
296.400963089,577.03
296.425379715,572.27
296.448505157,572.27
296.472027500,572.27
296.495952408,572.27
296.519820739,573.97
296.543365451,573.97
296.567142005,573.97
296.591264835,573.97
296.614677577,572.87
296.637665673,572.87
296.660740458,572.87
296.683996846,572.87
296.707768888,570.19
296.731592355,570.19
296.755421070,570.19
296.778974837,570.19
296.802338010,570.19
296.825364315,574.48
296.848620991,574.48
296.872182630,574.48
296.895739246,574.48
296.919242228,572.96
296.943202401,572.96
296.966600198,572.96
296.989842794,572.96
297.013223983,589.42
297.037887748,589.42
297.061353098,589.42
297.084918834,589.42
297.108749629,615.92
297.132186211,615.92
297.155456743,615.92
297.178438503,615.92
297.201679210,615.92
297.225362771,651.45
297.249117629,651.45
297.272924743,651.45
297.298368838,651.45
297.321581513,692.12
297.344856269,692.12
297.368330771,692.12
297.393027881,692.12
297.416574672,710.84
297.439977654,710.84
297.463852673,710.84
297.487338888,710.84
297.510619563,712.12
297.534057201,712.12
297.557382390,712.12
297.580940029,712.12
297.604421859,712.12
297.627757992,709.24
297.650935531,709.24
297.674513554,709.24
297.697835767,709.24
297.721214876,709.07
297.744605409,709.07
297.767849701,709.07
297.790833413,709.07
297.814263850,684.08
297.837351596,684.08
297.860650928,684.08
297.884014133,684.08
297.907600573,684.08
297.930757471,651.98
297.953877409,651.98
297.977130692,651.98
298.000267334,651.98
298.023345064,617.29
298.046398153,617.29
298.069638060,617.29
298.092786798,617.29
298.116674298,583.62
298.140462436,583.62
298.163912266,583.62
298.187392176,583.62
298.210772438,583.62
298.233816054,545.66
298.257977125,545.66
298.280866052,545.66
298.303274109,545.66
298.326943206,497.25
298.351639419,497.25
298.375109890,497.25
298.399454035,497.25
298.423137372,494.60
298.446837253,494.60
298.470186921,494.60
298.493760497,494.60
298.517408217,491.66
298.541655241,491.66
298.565579829,491.66
298.588991098,491.66
298.612278590,491.66
298.635600131,498.98
298.659446126,498.98
298.683176727,498.98
298.706475739,498.98
298.730185252,493.40
298.753819084,493.40
298.776803341,493.40
298.800053584,493.40
298.823207986,517.23
298.846837338,517.23
298.870186175,517.23
298.894046634,517.23
298.917965334,517.23
298.941087320,553.85
298.964301243,553.85
298.987562238,553.85
299.012008817,553.85
299.035659225,587.50
299.059340610,587.50
299.082960522,587.50
299.106282319,587.50
299.129565042,624.31
299.152629619,624.31
299.175535346,624.31
299.199108954,624.31
299.222825443,624.31
299.247216373,652.23
299.270885917,652.23
299.294115553,652.23
299.317280707,652.23
299.340632967,700.47
299.364172558,700.47
299.387701781,700.47
299.411360062,700.47
299.435382443,709.89
299.458666255,709.89
299.481826545,709.89
299.505165525,709.89
299.528794494,711.96
299.552445446,711.96
299.578178504,711.96
299.601770160,711.96
299.625077940,711.96
299.648158101,711.92
299.671202230,711.92
299.694611068,711.92
299.718827371,711.92
299.742594933,713.15
299.766578593,713.15
299.790281770,713.15
299.813665712,713.15
299.836694768,713.62
299.860102005,713.62
299.883737694,713.62
299.907358790,713.62
299.930920205,713.62
299.954743159,713.62
299.978217950,713.62
300.001257630,713.62
300.024708708,713.62
300.048353933,716.38
300.072044757,716.38
300.095516220,716.38
300.119662442,716.38
300.142947822,715.19
300.166036207,715.19
300.189224818,715.19
300.212775385,715.19
300.236490914,716.33
300.259938504,716.33
300.283539920,716.33
300.306865012,716.33
300.330101303,716.33
300.353265433,717.40
300.376504988,717.40
300.400202757,717.40
300.424058128,717.40
300.449222859,717.97
300.473118711,717.97
300.496118679,717.97
300.519418203,717.97
300.542558845,718.39
300.566313126,718.39
300.589977199,718.39
300.613500438,718.39
300.637556675,718.31
300.660634180,718.31
300.683817798,718.31
300.706998089,718.31
300.730612401,718.31
300.754322938,719.85
300.777837345,719.85
300.801463912,719.85
300.825080080,719.85
300.848251827,720.17
300.871520534,720.17
300.894544503,720.17
300.918135262,720.17
300.941615269,720.00
300.965244941,720.00
300.988721299,720.00
301.012009814,720.00
301.035229465,720.00
301.058391419,720.43
301.082124741,720.43
301.105359432,720.43
301.129022288,720.43
301.152767258,720.02
301.176062814,720.02
301.199216864,720.02
301.222267520,720.02
301.245614117,720.12
301.269146956,720.12
301.292597266,720.12
301.316034135,720.12
301.339485437,720.12
301.362805921,720.04
301.386057860,720.04
301.409499626,720.04
301.433423286,720.04
301.457178911,719.46
301.480888424,719.46
301.504542704,719.46
301.528206073,719.46
301.551288026,720.47
301.574685695,720.47
301.598116548,720.47
301.621183621,720.47
301.644477289,720.47
301.668570807,719.83
301.691692697,719.83
301.714912603,719.83
301.738428994,719.83
301.761422402,721.12
301.784109374,721.12
301.806516919,721.12
301.829335541,721.12
301.852039057,668.17
301.876821928,668.17
301.899852712,668.17
301.923108427,668.17
301.946266829,668.17
301.970776448,664.17
301.994193382,664.17
302.017092069,664.17
302.040040580,664.17
302.062822177,653.21
302.085378492,653.21
302.107826389,653.21
302.130625267,653.21
302.153889430,607.49
302.177330300,607.49
302.200934979,607.49
302.224567371,607.49
302.247903695,607.49
302.270997105,607.48
302.294468279,607.48
302.317896252,607.48
302.341416642,607.48
302.365046058,604.14
302.388778356,604.14
302.412050551,604.14
302.435332891,604.14
302.458355899,605.78
302.482022787,605.78
302.505471337,605.78
302.528875214,605.78
302.552247123,605.16
302.578275481,605.16
302.601430139,605.16
302.624393722,605.16
302.647739871,605.16
302.670653853,597.16
302.693193784,597.16
302.715602736,597.16
302.738226028,597.16
302.761701938,555.20
302.785178392,555.20
302.808499580,555.20
302.831648894,555.20
302.854855104,601.10
302.878781996,601.10
302.902115472,601.10
302.925058831,601.10
302.948499637,601.10
302.971890298,582.05
302.994996443,582.05
303.018343648,582.05
303.041699108,582.05
303.064755653,566.12
303.088112841,566.12
303.111256907,566.12
303.134553807,566.12
303.157908435,569.16
303.181375001,569.16
303.205199652,569.16
303.228138979,569.16
303.250637148,569.16
303.273292344,524.69
303.296225079,524.69
303.319798462,524.69
303.343460871,524.69
303.366887884,511.91
303.390939897,511.91
303.414062875,511.91
303.437239677,511.91
303.460600865,505.15
303.484177320,505.15
303.507773232,505.15
303.531310103,505.15
303.555275587,505.15
303.578889866,506.81
303.602289871,506.81
303.625406129,506.81
303.648982936,506.81
303.672263355,512.82
303.695611840,512.82
303.718875139,512.82
303.741959268,512.82
303.765468682,561.46
303.788809774,561.46
303.812272020,561.46
303.835518359,561.46
303.858345781,561.46
303.880729101,531.06
303.903243655,531.06
303.925939683,531.06
303.949433770,531.06
303.973121682,521.41
303.996737402,521.41
304.020245312,521.41
304.043677253,521.41
304.066973801,553.13
304.090583953,553.13
304.114275449,553.13
304.137678750,553.13
304.161142692,553.13
304.184674603,585.67
304.208278802,585.67
304.231467060,585.67
304.254553621,585.67
304.277534805,637.14
304.301272830,637.14
304.324776292,637.14
304.348548590,637.14
304.372353464,651.77
304.396433349,651.77
304.419638856,651.77
304.442864331,651.77
304.466572947,651.77
304.491168711,649.56
304.514650957,649.56
304.538558232,649.56
304.562025054,649.56
304.587188377,652.38
304.610266682,652.38
304.633449532,652.38
304.657145413,652.38
304.680377576,651.74
304.704007055,651.74
304.727598967,651.74
304.750918299,651.74
304.774019388,650.53
304.797432705,650.53
304.821156618,650.53
304.844613135,650.53
304.868222007,650.53
304.891921792,668.80
304.915094594,668.80
304.938198627,668.80
304.961489094,668.80
304.984943340,712.34
305.008335793,712.34
305.031615636,712.34
305.055518463,712.34
305.078942020,713.05
305.102216584,713.05
305.125290473,713.05
305.148113670,713.05
305.171500171,713.05
305.195921981,713.74
305.219349474,713.74
305.242897864,713.74
305.266334574,713.74
305.289669842,715.20
305.312628529,715.20
305.335438607,715.20
305.358377006,715.20
305.380985033,676.20
305.403801318,676.20
305.426372481,676.20
305.449910407,676.20
305.473413229,676.20
305.496839346,644.71
305.520316888,644.71
305.544031489,644.71
305.567250339,644.71
305.590344645,643.70
305.613848587,643.70
305.640450968,643.70
305.664157984,643.70
305.687849737,643.91
305.711653331,643.91
305.735100408,643.91
305.758086680,643.91
305.781386555,646.66
305.804459836,646.66
305.827736991,646.66
305.851232837,646.66
305.874822925,646.66
305.898359411,646.23
305.921511253,646.23
305.944355475,646.23
305.968045819,646.23
305.991681635,642.01
306.015307915,642.01
306.038583086,642.01
306.062310071,642.01
306.085654907,643.08
306.109847082,643.08
306.133099949,643.08
306.156323632,643.08
306.179770421,643.08
306.204561547,640.57
306.228121554,640.57
306.251375093,640.57
306.274594583,640.57
306.297730105,640.08
306.321219071,640.08
306.344965896,640.08
306.368338444,640.08
306.391580239,676.00
306.414873266,676.00
306.438273271,676.00
306.461375960,676.00
306.484855710,712.70
306.508194242,712.70
306.531581287,712.70
306.554623623,712.70
306.578343600,712.70
306.601349999,688.36
306.624562930,688.36
306.647603250,688.36
306.670889045,688.36
306.714974205,646.02
306.737670521,646.02
306.760955516,646.02
306.784242080,646.02
306.807289216,612.77
306.830184351,612.77
306.853723909,612.77
306.877291564,612.77
306.900980084,612.77
306.924633244,574.80
306.948430086,574.80
306.972319185,574.80
306.996236732,574.80
307.018964216,541.35
307.041477106,541.35
307.064333072,541.35
307.088109626,541.35
307.111550879,507.81
307.135191975,507.81
307.159071665,507.81
307.182495126,507.81
307.205802874,510.35
307.229106781,510.35
307.252242783,510.35
307.275906183,510.35
307.299193738,510.35
307.322440173,503.65
307.345842002,503.65
307.369113397,503.65
307.392427736,503.65
307.415953311,511.41
307.439702024,511.41
307.463014891,511.41
307.487066168,511.41
307.510725184,497.11
307.533973187,497.11
307.557007587,497.11
307.580111908,497.11
307.603391751,497.11
307.626487592,521.70
307.649732395,521.70
307.673087343,521.70
307.696421395,521.70
307.720207804,555.09
307.743475455,555.09
307.767076359,555.09
307.790860336,555.09
307.814400087,573.34
307.837818108,573.34
307.860964413,573.34
307.884276193,573.34
307.907547076,613.35
307.930769638,613.35
307.953858087,613.35
307.977201899,613.35
308.000876339,613.35
308.025073730,640.73
308.048587144,640.73
308.072087598,640.73
308.095626772,640.73
308.119858404,675.90
308.143235336,675.90
308.166329225,675.90
308.189666093,675.90
308.212809902,675.82
308.236101585,675.82
308.259107089,675.82
308.282589463,675.82
308.306570851,672.65
308.330434957,672.65
308.354231895,672.65
308.377795485,672.65
308.401368740,672.65
308.424986572,663.98
308.448135181,663.98
308.471498097,663.98
308.495509117,663.98
308.518813441,675.24
308.542277222,675.24
308.565372647,675.24
308.589727800,675.24
308.613366143,676.02
308.636952102,676.02
308.660899794,676.02
308.684845053,676.02
308.708269474,669.50
308.732124045,669.50
308.755489969,669.50
308.778423152,669.50
308.802105112,669.50
308.825159448,681.84
308.848713759,681.84
308.872322214,681.84
308.896499796,681.84
308.920025370,680.74
308.943483520,680.74
308.966663938,680.74
308.989849892,680.74
309.013018917,681.63
309.036363273,681.63
309.059671149,681.63
309.082874383,681.63
309.106538007,687.34
309.130476034,687.34
309.153654084,687.34
309.176795622,687.34
309.200674224,687.34
309.224295095,683.61
309.247407064,683.61
309.270299671,683.61
309.293306998,683.61
309.316345398,684.84
309.339995134,684.84
309.363931625,684.84
309.387434831,684.84
309.411110135,692.81
309.434181784,692.81
309.457306297,692.81
309.480582844,692.81
309.504063649,692.81
309.527376133,694.26
309.550973836,694.26
309.574481298,694.26
309.598617600,694.26
309.622352008,692.74
309.646039408,692.74
309.669671128,692.74
309.693232382,692.74
309.716688580,695.90
309.739967399,695.90
309.763227018,695.90
309.786327274,695.90
309.809591917,695.90
309.833371351,698.48
309.857145120,698.48
309.880677030,698.48
309.904277837,698.48
309.927413134,699.31
309.950466479,699.31
309.973733522,699.31
309.996757329,699.31
310.020420633,696.74
310.043965920,696.74
310.067767497,696.74
310.090914763,696.74
310.114276879,700.84
310.137498833,700.84
310.160715411,700.84
310.183246797,700.84
310.205777799,700.84
310.228253088,666.63
310.251862471,666.63
310.275488910,666.63
310.299171414,666.63
310.322959103,656.04
310.346344804,656.04
310.369315843,656.04
310.392370755,656.04
310.415838696,656.34
310.439251437,656.34
310.462571441,656.34
310.485937205,656.34
310.509031317,656.34
310.532077141,654.11
310.555520603,654.11
310.579035328,654.11
310.602100129,654.11
310.624700347,627.64
310.647249237,627.64
310.670674522,627.64
310.694128223,627.64
310.717746694,606.88
310.741329613,606.88
310.764498671,606.88
310.787813586,606.88
310.810928627,606.88
310.834308855,609.91
310.858137185,609.91
310.881442533,609.91
310.905077164,609.91
310.928758964,606.30
310.952097880,606.30
310.975195832,606.30
310.998067734,606.30
311.021483419,602.91
311.045197315,602.91
311.068331941,602.91
311.091536519,602.91
311.114769193,602.91
311.137977835,604.89
311.161676564,604.89
311.185402908,604.89
311.209101700,604.89
311.232289094,631.26
311.256203569,631.26
311.279606197,631.26
311.302515476,631.26
311.325616724,650.47
311.348964856,650.47
311.372498430,650.47
311.395630399,650.47
311.419088068,650.47
311.442183365,650.30
311.465445512,650.30
311.489058575,650.30
311.513128540,650.30
311.536770595,651.52
311.560241224,651.52
311.584126323,651.52
311.607345301,651.52
311.630291956,680.35
311.653403733,680.35
311.676411444,680.35
311.699569590,680.35
311.723036219,680.35
311.747535117,700.73
311.770655534,700.73
311.793565612,700.73
311.816495147,700.73
311.839587659,692.49
311.861996292,692.49
311.884383771,692.49
311.907265625,692.49
311.931274277,650.34
311.956208349,650.34
311.980081831,650.34
312.003768943,650.34
312.027139475,653.61
312.050904124,653.61
312.074357634,653.61
312.098034857,653.61
312.121661777,653.61
312.145140758,648.85
312.169046625,648.85
312.192226658,648.85
312.215582662,648.85
312.238898026,654.20
312.262564753,654.20
312.286512220,654.20
312.310075619,654.20
312.333993742,654.41
312.357573268,654.41
312.380691797,654.41
312.404047065,654.41
312.427517822,654.41
312.451250151,655.15
312.475069104,655.15
312.498545366,655.15
312.522331903,655.15
312.545703459,656.40
312.571736520,656.40
312.595149037,656.40
312.619171385,656.40
312.642548893,657.73
312.666261701,657.73
312.689858764,657.73
312.712983917,657.73
312.736276144,660.33
312.759609300,660.33
312.783020920,660.33
312.806277979,660.33
312.829471388,660.33
312.852631998,675.77
312.875836800,675.77
312.898877568,675.77
312.922110242,675.77
312.945106145,708.26
312.967944607,708.26
312.990388823,708.26
313.012658125,708.26
313.035562347,658.68
313.059295124,658.68
313.082647224,658.68
313.106267583,658.68
313.129826117,658.68
313.152992263,661.42
313.176192104,661.42
313.199067142,661.42
313.222569740,661.42
313.246154994,657.92
313.269721433,657.92
313.293400801,657.92
313.316418784,657.92
313.339585345,663.26
313.362628929,663.26
313.385850659,663.26
313.409424138,663.26
313.433076497,663.26
313.456713049,657.45
313.480419393,657.45
313.503562306,657.45
313.526817636,657.45
313.549757315,660.09
313.572957733,660.09
313.596281320,660.09
313.619898415,660.09
313.643642200,657.96
313.667086332,657.96
313.690221149,657.96
313.713414239,657.96
313.736827524,657.96
313.760773967,656.86
313.784538552,656.86
313.808067614,656.86
313.831231327,656.86
313.854289599,656.56
313.877506017,656.56
313.900485184,656.56
313.923508096,656.56
313.946766274,654.41
313.969888227,654.41
313.992996388,654.41
314.015850977,654.41
314.038827136,654.41
314.062006146,689.84
314.087254237,689.84
314.110498495,689.84
314.133672641,689.84
314.156747617,657.90
314.179988643,657.90
314.202972354,657.90
314.226061923,657.90
314.249508135,626.72
314.273512851,626.72
314.296657844,626.72
314.320215579,626.72
314.343722848,626.72
314.368403124,587.51
314.391732312,587.51
314.414911385,587.51
314.438403007,587.51
314.461514303,557.48
314.485208071,557.48
314.508625324,557.48
314.532457077,557.48
314.555743608,520.43
314.579210141,520.43
314.602449535,520.43
314.625777635,520.43
314.649589804,496.65
314.673176755,496.65
314.696374836,496.65
314.719859898,496.65
314.743102460,496.65
314.766245309,472.56
314.789297309,472.56
314.812076569,472.56
314.835543262,472.56
314.858850721,462.36
314.882393223,462.36
314.905770699,462.36
314.928922989,462.36
314.952310609,460.07
314.975894839,460.07
314.999914371,460.07
315.023106885,460.07
315.046366759,460.07
315.069871437,459.54
315.093273969,459.54
315.116690422,459.54
315.141553996,459.54
315.165067922,493.82
315.188504406,493.82
315.211671288,493.82
315.235105276,493.82
315.258918725,524.79
315.282934705,524.79
315.306555224,524.79
315.329850811,524.79
315.353242335,564.67
315.376516770,564.67
315.399703043,564.67
315.423355659,564.67
315.447101843,564.67
315.470543064,590.86
315.494583684,590.86
315.518339725,590.86
315.541760625,590.86
315.565270679,617.87
315.589001055,617.87
315.612197696,617.87
315.635485923,617.87
315.659043465,648.56
315.682703569,648.56
315.706233143,648.56
315.729867678,648.56
315.753154913,648.56
315.776379938,668.56
315.799732358,668.56
315.822910375,668.56
315.846767601,668.56
315.870080212,680.95
315.893465240,680.95
315.916897245,680.95
315.941158732,680.95
315.964626481,673.07
315.987871379,673.07
316.011044116,673.07
316.034904446,673.07
316.058631527,685.01
316.081928138,685.01
316.104998122,685.01
316.130665610,685.01
316.154283025,685.01
316.177725718,690.73
316.201399133,690.73
316.225148454,690.73
316.249171345,690.73
316.272611542,691.54
316.295869432,691.54
316.318725622,691.54
316.342030329,691.54
316.366449033,690.19
316.390995932,690.19
316.414619267,690.19
316.438306826,690.19
316.461822352,689.31
316.485563704,689.31
316.509569540,689.31
316.533031561,689.31
316.556387340,689.31
316.579770288,695.49
316.603336695,695.49
316.626658042,695.49
316.650159103,695.49
316.673843527,692.59
316.697619087,692.59
316.720946835,692.59
316.744210997,692.59
316.767517496,698.41
316.790884796,698.41
316.814179550,698.41
316.837591395,698.41
316.861031655,698.41
316.884915857,692.90
316.909348962,692.90
316.932888648,692.90
316.956215052,692.90
316.980099894,694.91
317.003296567,694.91
317.026273430,694.91
317.049729755,694.91
317.073202592,698.14
317.096864903,698.14
317.120086249,698.14
317.143553550,698.14
317.167083060,694.69
317.191352035,694.69
317.214664166,694.69
317.238002377,694.69
317.261032328,694.69
317.284288459,697.17
317.307399179,697.17
317.331156083,697.17
317.354827131,697.17
317.378556131,693.95
317.402119657,693.95
317.425513997,693.95
317.449102163,693.95
317.472691194,696.37
317.496201983,696.37
317.519775941,696.37
317.542897414,696.37
317.566175401,696.37
317.589289769,699.40
317.613073650,699.40
317.636634360,699.40
317.660341536,699.40
317.683990311,699.29
317.707088423,699.29
317.730324937,699.29
317.753362249,699.29
317.776754861,697.13
317.800448148,697.13
317.823841176,697.13
317.847731874,697.13
317.871046437,697.13
317.894336072,698.62
317.917460265,698.62
317.940890669,698.62
317.964383794,698.62
317.987758870,698.92
318.010971736,698.92
318.034003767,698.92
318.057727999,698.92
318.080850528,698.45
318.104461863,698.45
318.126912127,698.45
318.149300182,698.45
318.172067698,698.45
318.195447478,653.42
318.218818394,653.42
318.242104700,653.42
318.266319754,653.42
318.289558700,650.50
318.312875119,650.50
318.335985168,650.50
318.360201950,650.50
318.383711715,650.96
318.407454955,650.96
318.431301205,650.96
318.454655640,650.96
318.477836729,648.38
318.501966151,648.38
318.525025670,648.38
318.548267976,648.38
318.573261408,648.38
318.596659332,648.54
318.619737284,648.54
318.642539040,648.54
318.665102522,648.54
318.687754869,610.48
318.711584510,610.48
318.735408359,610.48
318.758956045,610.48
318.783117339,599.07
318.806722561,599.07
318.829974307,599.07
318.853225221,599.07
318.876707242,599.07
318.900446131,600.71
318.924013017,600.71
318.947664352,600.71
318.971839085,600.71
318.995306034,606.84
319.018450515,606.84
319.041641332,606.84
319.065245883,606.84
319.089159877,603.67
319.113814137,603.67
319.137498272,603.67
319.160873380,603.67
319.184107526,651.22
319.208613272,651.22
319.231869818,651.22
319.254999994,651.22
319.278819587,651.22
319.302517899,654.37
319.328098250,654.37
319.351470798,654.37
319.375256630,654.37
319.398620346,657.63
319.423018858,657.63
319.446206763,657.63
319.470171062,657.63
319.493844350,658.04
319.517164481,658.04
319.540232160,658.04
319.563229759,658.04
319.586657315,653.90
319.611361240,653.90
319.635304002,653.90
319.658783943,653.90
319.682181131,653.90
319.705431149,698.47
319.728567470,698.47
319.752199957,698.47
319.776063838,698.47
319.799905416,705.72
319.823198506,705.72
319.846206857,705.72
319.869355594,705.72
319.892511787,702.62
319.916262547,702.62
319.940101981,702.62
319.963392191,702.62
319.987325354,702.62
320.010320041,701.36
320.033774925,701.36
320.056890797,701.36
320.080949594,701.36
320.104599681,701.02
320.128076805,701.02
320.151279207,701.02
320.174824397,701.02
320.198204912,700.68
320.222011449,700.68
320.245452381,700.68
320.269088772,700.68
320.292764588,701.22
320.316070574,701.22
320.339308080,701.22
320.362184397,701.22
320.386229497,701.22
320.409723902,697.64
320.433147554,697.64
320.456929355,697.64
320.480058539,697.64
320.503466895,700.95
320.527108886,700.95
320.550609659,700.95
320.574035263,700.95
320.598029227,702.12
320.621226860,702.12
320.644453294,702.12
320.667671471,702.12
320.691223989,702.12
320.714956381,701.26
320.738409538,701.26
320.762043400,701.26
320.785486637,701.26
320.808731663,704.21
320.832106386,704.21
320.855626327,704.21
320.879759108,704.21
320.903348491,703.28
320.927209684,703.28
320.950720345,703.28
320.973647511,703.28
320.996905145,703.28
321.021298250,702.76
321.044854192,702.76
321.068601784,702.76
321.092060316,702.76
321.115266462,704.78
321.138465567,704.78
321.162026149,704.78
321.185752045,704.78
321.209086640,704.26
321.232665942,704.26
321.256408574,704.26
321.279651743,704.26
321.303063331,704.79
321.326408422,704.79
321.349113826,704.79
321.372368932,704.79
321.395632422,704.79
321.421079427,705.98
321.444492231,705.98
321.467664136,705.98
321.491468401,705.98
321.514602321,710.06
321.537371565,710.06
321.559758116,710.06
321.582250141,710.06
321.606360361,664.82
321.629958479,664.82
321.653308851,664.82
321.677220061,664.82
321.700571328,664.82
321.723730945,663.44
321.747014403,663.44
321.770267173,663.44
321.794422738,663.44
321.818063641,661.61
321.841664159,661.61
321.864888929,661.61
321.888348165,661.61
321.911626376,665.72
321.934960011,665.72
321.958545393,665.72
321.982128503,665.72
322.005814174,667.82
322.029420356,667.82
322.052500452,667.82
322.075426178,667.82
322.098350528,667.82
322.121861221,665.19
322.145307529,665.19
322.169076114,665.19
322.192437237,665.19
322.215841593,667.21
322.239245244,667.21
322.262366717,667.21
322.285805121,667.21
322.309129700,664.64
322.332431782,664.64
322.355386180,664.64
322.378778760,664.64
322.402085610,664.64
322.430248522,665.47
322.453642637,665.47
322.478232576,665.47
322.500799065,665.47
322.523683222,617.84
322.547008569,617.84
322.573010045,617.84
322.596309760,617.84
322.619450336,654.88
322.642798851,654.88
322.666516747,654.88
322.689789933,654.88
322.712868397,655.19
322.735946189,655.19
322.758746825,655.19
322.781687271,655.19
322.804972713,655.19
322.828169194,622.66
322.851315339,622.66
322.874943569,622.66
322.898926844,622.66
322.921962043,589.71
322.945432288,589.71
322.968488159,589.71
322.991891907,589.71
323.015698092,553.15
323.039121040,553.15
323.062470835,553.15
323.085825302,553.15
323.108891702,553.15
323.131727218,508.51
323.155883936,508.51
323.179340804,508.51
323.202870409,508.51
323.226548976,498.88
323.249784306,498.88
323.272996755,498.88
323.296770779,498.88
323.320111486,499.86
323.343569603,499.86
323.367562318,499.86
323.391655610,499.86
323.415010621,499.86
323.438269631,505.14
323.461663683,505.14
323.485299305,505.14
323.508848207,505.14
323.532521366,548.00
323.556256414,548.00
323.579961381,548.00
323.603062405,548.00
323.626281126,556.16
323.649712106,556.16
323.673304176,556.16
323.697157018,556.16
323.721057284,556.58
323.744821580,556.58
323.767839563,556.58
323.790853833,556.58
323.814223021,556.58
323.837712050,585.91
323.861871519,585.91
323.885790249,585.91
323.909804884,585.91
323.933638685,620.44
323.957190787,620.44
323.980582022,620.44
324.003461251,620.44
324.027261164,655.36
324.051342328,655.36
324.074642074,655.36
324.097757947,655.36
324.120961916,655.36
324.144243870,690.89
324.167801476,690.89
324.191735310,690.89
324.215003696,690.89
324.238583701,699.36
324.262009881,699.36
324.285145050,699.36
324.308659391,699.36
324.332111747,689.57
324.355520103,689.57
324.378703751,689.57
324.401697766,689.57
324.425040265,684.14
324.448552334,684.14
324.471898961,684.14
324.495108690,684.14
324.518630967,684.14
324.541462068,687.13
324.564403985,687.13
324.587696532,687.13
324.610942517,687.13
324.634268440,677.95
324.657903903,677.95
324.681153248,677.95
324.704507171,677.95
324.728202283,665.78
324.751448620,665.78
324.774249384,665.78
324.797474890,665.78
324.820560553,665.78
324.843870636,660.52
324.867365681,660.52
324.890480433,660.52
324.913591729,660.52
324.936518382,662.95
324.959922802,662.95
324.982959217,662.95
325.006094993,662.95
325.029504789,660.07
325.053751971,660.07
325.077523595,660.07
325.100876430,660.07
325.124783096,660.07
325.148352510,646.56
325.171759234,646.56
325.194705503,646.56
325.217927265,646.56
325.241294660,651.04
325.264915850,651.04
325.288047306,651.04
325.311933012,651.04
325.335594363,665.16
325.358734555,665.16
325.381898267,665.16
325.404877658,665.16
325.428732291,665.16
325.452352713,664.38
325.475744493,664.38
325.499119216,664.38
325.523113819,664.38
325.546270651,659.75
325.569181881,659.75
325.592225528,659.75
325.615017492,659.75
325.638220437,668.28
325.661551831,668.28
325.684475893,668.28
325.707564533,668.28
325.730324624,668.28
325.752859785,657.90
325.775282336,657.90
325.798769413,657.90
325.822418987,657.90
325.845754286,634.01
325.869034224,634.01
325.891899885,634.01
325.915226704,634.01
325.938666996,631.97
325.961970806,631.97
325.985451098,631.97
326.009242403,631.97
326.033105452,631.97
326.056770643,633.80
326.079960692,633.80
326.103379992,633.80
326.127281249,633.80
326.150778918,640.34
326.174434573,640.34
326.197331274,640.34
326.220758510,640.34
326.244143697,639.71
326.268463008,639.71
326.292059206,639.71
326.315486570,639.71
326.338894829,639.18
326.363143803,639.18
326.386295067,639.18
326.409103032,639.18
326.432741502,639.18
326.456385028,640.72
326.480053771,640.72
326.503050634,640.72
326.526514638,640.72
326.549973042,645.57
326.575374830,645.57
326.598694097,645.57
326.628736551,645.57
326.651915560,644.95
326.675131593,644.95
326.698211752,644.95
326.721979152,644.95
326.745406356,660.40
326.769348958,660.40
326.792485503,660.40
326.815490973,660.40
326.838849760,660.40
326.861955904,686.00
326.885640647,686.00
326.909079371,686.00
326.932925812,686.00
326.956116853,684.43
326.979319030,684.43
327.002555991,684.43
327.025681367,684.43
327.049591745,686.85
327.073309928,686.85
327.096507401,686.85
327.119437543,686.85
327.142617288,686.85
327.165651174,690.72
327.188655877,690.72
327.212156714,690.72
327.236771612,690.72
327.260071582,689.41
327.283070589,689.41
327.305999802,689.41
327.329879587,689.41
327.353519402,687.62
327.377303154,687.62
327.400901112,687.62
327.424149593,687.62
327.447148952,687.62
327.471057633,687.14
327.494377252,687.14
327.517787495,687.14
327.541394925,687.14
327.564562446,683.71
327.587515628,683.71
327.610587979,683.71
327.634177809,683.71
327.657738646,685.60
327.684505795,685.60
327.707768869,685.60
327.731398123,685.60
327.754865616,691.76
327.778049712,691.76
327.801781848,691.76
327.825717250,691.76
327.849639212,691.76
327.873043055,690.87
327.896226672,690.87
327.919458417,690.87
327.942984854,690.87
327.966226136,687.78
327.990247139,687.78
328.013433187,687.78
328.036705541,687.78
328.059913382,687.06
328.083434347,687.06
328.106936976,687.06
328.130461813,687.06
328.153994778,685.67
328.178137638,685.67
328.201199397,685.67
328.224277733,685.67
328.247854762,685.67
328.271230605,685.96
328.294726930,685.96
328.318237398,685.96
328.341496344,685.96
328.365458018,682.60
328.388860102,682.60
328.412139527,682.60
328.435245383,682.60
328.458275398,682.46
328.481550728,682.46
328.504698920,682.46
328.528115595,682.46
328.551970420,682.46
328.575981887,681.74
328.599056383,681.74
328.622028381,681.74
328.645459552,681.74
328.668917828,684.15
328.692262471,684.15
328.715249637,684.15
328.738383909,684.15
328.761813577,677.14
328.785421711,677.14
328.808858834,677.14
328.831781968,677.14
328.854456938,677.14
328.877007811,649.00
328.900905804,649.00
328.924787126,649.00
328.948107448,649.00
328.972207620,636.43
328.995316132,636.43
329.018470116,636.43
329.041888872,636.43
329.065167977,634.53
329.088870801,634.53
329.112682873,634.53
329.136023516,634.53
329.159275293,634.53
329.182421757,635.65
329.205721279,635.65
329.229269572,635.65
329.252666151,635.65
329.276586929,634.82
329.299869907,634.82
329.323599162,634.82
329.347585093,634.82
329.370912423,637.63
329.394058759,637.63
329.417388554,637.63
329.440525066,637.63
329.463811436,640.04
329.487962200,640.04
329.511953347,640.04
329.535680458,640.04
329.559378449,640.04
329.582649427,640.90
329.605871124,640.90
329.628879698,640.90
329.652168564,640.90
329.675797946,638.61
329.699142045,638.61
329.723162152,638.61
329.746765101,638.61
329.770420212,641.39
329.794153147,641.39
329.819739706,641.39
329.842831481,641.39
329.865894776,641.39
329.889827714,660.67
329.913040675,660.67
329.936193827,660.67
329.959385124,660.67
329.982471587,685.18
330.005860102,685.18
330.028822084,685.18
330.052308873,685.18
330.075278726,686.49
330.098890188,686.49
330.121762313,686.49
330.144352098,686.49
330.167133118,686.49
330.190427456,650.86
330.213916004,650.86
330.237207046,650.86
330.260422471,650.86
330.283750601,645.94
330.307240941,645.94
330.330614096,645.94
330.353813137,645.94
330.376391370,621.84
330.398787232,621.84
330.422343878,621.84
330.445929675,621.84
330.469447888,621.84
330.493315705,606.16
330.516391096,606.16
330.539448823,606.16
330.562592983,606.16
330.585435219,608.33
330.608668372,608.33
330.631657426,608.33
330.654774802,608.33
330.678015411,606.70
330.701325653,606.70
330.724271059,606.70
330.747234161,606.70
330.770203086,606.70
330.793145772,594.03
330.816326988,594.03
330.872642377,594.03
330.895657576,594.03
330.919080875,545.18
330.942462606,545.18
330.965433644,545.18
330.988758062,545.18
331.011792013,513.89
331.034908812,513.89
331.058046092,513.89
331.081071211,513.89
331.104327724,484.85
331.127319402,484.85
331.150110246,484.85
331.172759712,484.85
331.195905984,484.85
331.219382084,490.84
331.242582021,490.84
331.266021416,490.84
331.289430827,490.84
331.312806830,453.13
331.336182673,453.13
331.359399730,453.13
331.382712116,453.13
331.406195192,449.65
331.429376217,449.65
331.452481560,449.65
331.475383509,449.65
331.498334354,449.65
331.521633588,426.42
331.545013079,426.42
331.568243608,426.42
331.591708892,426.42
331.615085599,393.73
331.638699877,393.73
331.662264778,393.73
331.685114534,393.73
331.708178693,357.15
331.732202064,357.15
331.755965592,357.15
331.779658430,357.15
331.803237828,366.82
331.826626759,366.82
331.849704166,366.82
331.872748261,366.82
331.896351082,366.82
331.920601432,400.60
331.944333855,400.60
331.967812227,400.60
331.991307720,400.60
332.014967822,435.74
332.039054906,435.74
332.062644639,435.74
332.087172464,435.74
332.110796502,466.12
332.134215130,466.12
332.157254744,466.12
332.180716060,466.12
332.204481188,466.12
332.228337709,497.69
332.252018515,497.69
332.275406934,497.69
332.298661911,497.69
332.321882872,534.31
332.345263131,534.31
332.368699070,534.31
332.392416613,534.31
332.416709940,568.72
332.440125783,568.72
332.463384216,568.72
332.486824956,568.72
332.511985877,596.56
332.535705692,596.56
332.559308833,596.56
332.582913511,596.56
332.606134024,596.56
332.629242503,633.82
332.652363271,633.82
332.675687625,633.82
332.699591954,633.82
332.722857524,675.32
332.745979187,675.32
332.768882160,675.32
332.792378164,675.32
332.816053595,680.22
332.839537567,680.22
332.863133604,680.22
332.886692554,680.22
332.909792713,680.22
332.932880104,683.43
332.956442189,683.43
332.979772175,683.43
333.004735110,683.43
333.028275755,682.27
333.051509836,682.27
333.075195186,682.27
333.098402227,682.27
333.123333961,682.81
333.146836013,682.81
333.170650614,682.81
333.194014872,682.81
333.217777472,685.46
333.240900671,685.46
333.264200769,685.46
333.287512579,685.46
333.311125065,685.46
333.334366345,685.32
333.357273990,685.32
333.380279396,685.32
333.403354531,685.32
333.426896008,684.72
333.450258379,684.72
333.474233045,684.72
333.497498422,684.72
333.521022139,685.75
333.544015385,685.75
333.567005175,685.75
333.590362169,685.75
333.613930782,685.75
333.637206816,685.62
333.660414080,685.62
333.683755170,685.62
333.707505098,685.62
333.731193776,684.95
333.754465874,684.95
333.778004919,684.95
333.801925312,684.95
333.825449925,685.50
333.848428674,685.50
333.872030024,685.50
333.895404875,685.50
333.918819598,685.50
333.942628438,685.50
333.965913015,685.50
333.989074711,685.50
334.014604949,685.50
334.037645811,686.94
334.061226297,686.94
334.084335864,686.94
334.107546425,686.94
334.131188319,689.27
334.154375519,689.27
334.177486302,689.27
334.200625374,689.27
334.223649820,675.80
334.246614650,675.80
334.269572119,675.80
334.292450548,675.80
334.315622388,675.80
334.338916790,649.06
334.362417626,649.06
334.385942206,649.06
334.409387778,649.06
334.433646415,616.01
334.457379062,616.01
334.480929339,616.01
334.504278717,616.01
334.528301032,581.02
334.551597066,581.02
334.575178351,581.02
334.597832201,581.02
334.621816851,581.02
334.645352407,548.34
334.669115071,548.34
334.692551106,548.34
334.716035686,548.34
334.739206790,546.38
334.762709163,546.38
334.786619732,546.38
334.810226745,546.38
334.834140931,546.23
334.857744424,546.23
334.881120971,546.23
334.904355180,546.23
334.927293993,546.23
334.950850158,546.22
334.974435315,546.22
334.998355324,546.22
335.021824128,546.22
335.045293028,544.85
335.068857577,544.85
335.092213899,544.85
335.116015635,544.85
335.139605241,537.86
335.163511010,537.86
335.186981638,537.86
335.210228423,537.86
335.233620649,553.63
335.256717449,553.63
335.280296270,553.63
335.303771857,553.63
335.327437048,553.63
335.350612760,572.57
335.373842392,572.57
335.397020697,572.57
335.420904705,572.57
335.444373381,610.61
335.467936458,610.61
335.491319981,610.61
335.514795377,610.61
335.537959984,652.82
335.561059280,652.82
335.585511743,652.82
335.609171590,652.82
335.632855468,680.72
335.656607155,680.72
335.679535376,680.72
335.702482606,680.72
335.725747311,680.72
335.749397685,678.89
335.773127868,678.89
335.796502590,678.89
335.820134884,678.89
335.844121198,682.62
335.867501521,682.62
335.890586352,682.62
335.913921330,682.62
335.938260064,674.12
335.961007931,674.12
335.984120954,674.12
336.007301883,674.12
336.031018561,674.12
336.054565862,640.09
336.078072458,640.09
336.103706825,640.09
336.127379599,640.09
336.151415194,608.82
336.174316151,608.82
336.197070001,608.82
336.221044731,608.82
336.244436094,582.32
336.268914926,582.32
336.292260112,582.32
336.315732436,582.32
336.338834099,579.12
336.362483385,579.12
336.385682169,579.12
336.409216734,579.12
336.432723490,579.12
336.456010435,582.62
336.479011713,582.62
336.502440132,582.62
336.526494447,582.62
336.550116117,576.81
336.576317243,576.81
336.599772222,576.81
336.623701543,576.81
336.646933256,581.26
336.669848325,581.26
336.693183975,581.26
336.716578090,581.26
336.740395858,581.26
336.764074552,579.72
336.787417754,579.72
336.810715164,579.72
336.834162271,579.72
336.857878278,576.21
336.881218376,576.21
336.904669419,576.21
336.927944365,576.21
336.951049004,587.59
336.974131691,587.59
336.997745232,587.59
337.021611481,587.59
337.045327711,616.22
337.069192776,616.22
337.092312103,616.22
337.115360262,616.22
337.138678023,616.22
337.162567952,648.72
337.186501178,648.72
337.210435587,648.72
337.235150710,648.72
337.258339958,682.47
337.281458038,682.47
337.304788087,682.47
337.329037349,682.47
337.352625930,684.46
337.376654004,684.46
337.399970006,684.46
337.422963860,684.46
337.445939537,684.46
337.469365588,686.61
337.493466432,686.61
337.517108838,686.61
337.541109552,686.61
337.564600596,689.45
337.588045847,689.45
337.611121846,689.45
337.634588825,689.45
337.658856999,688.45
337.682120040,688.45
337.705594155,688.45
337.728753675,688.45
337.752730389,692.24
337.775962838,692.24
337.799264759,692.24
337.822220181,692.24
337.845224914,692.24
337.868228592,683.67
337.891416592,683.67
337.914714962,683.67
337.937270730,683.67
337.960653389,646.48
337.984108784,646.48
338.007718805,646.48
338.031115512,646.48
338.055299621,636.29
338.078394084,636.29
338.101457570,636.29
338.124718883,636.29
338.148395081,636.29
338.171667050,636.58
338.194844170,636.58
338.217977066,636.58
338.243908524,636.58
338.267031883,638.20
338.291052885,638.20
338.314197653,638.20
338.338105054,638.20
338.361234461,620.93
338.384402333,620.93
338.407673630,620.93
338.431194082,620.93
338.454446819,620.93
338.477448065,618.16
338.500845444,618.16
338.523881218,618.16
338.547488647,618.16
338.570823401,616.09
338.594136107,616.09
338.617301482,616.09
338.640691053,616.09
338.663819148,618.92
338.687456210,618.92
338.710828628,618.92
338.734155862,618.92
338.757498136,618.92
338.780952571,604.07
338.804365662,604.07
338.827429789,604.07
338.850907104,604.07
338.873892574,612.44
338.897196639,612.44
338.920461920,612.44
338.944384137,612.44
338.968020847,644.78
338.991601140,644.78
339.014869333,644.78
339.038082869,644.78
339.061031634,644.78
339.084148050,653.98
339.107478579,653.98
339.130695636,653.98
339.153925556,653.98
339.176996019,654.13
339.200220019,654.13
339.223410195,654.13
339.248467851,654.13
339.272318707,649.27
339.296240156,649.27
339.319659647,649.27
339.342982144,649.27
339.367198829,654.38
339.390468526,654.38
339.413364331,654.38
339.436493834,654.38
339.459785995,654.38
339.483072652,658.63
339.506408046,658.63
339.530032500,658.63
339.553603096,658.63
339.577456512,657.87
339.600392989,657.87
339.623239577,657.87
339.646252471,657.87
339.670104287,654.48
339.693584131,654.48
339.716853604,654.48
339.740102661,654.48
339.763479047,654.48
339.786651591,667.70
339.810610576,667.70
339.834135668,667.70
339.857819546,667.70
339.881425472,668.14
339.904933668,668.14
339.928842189,668.14
339.952004364,668.14
339.975622066,666.08
339.998588591,666.08
340.021889648,666.08
340.045067952,666.08
340.068489331,666.08
340.092133625,664.59
340.115571740,664.59
340.139168193,664.59
340.162898568,664.59
340.185953766,664.32
340.208996068,664.32
340.232484040,664.32
340.256332624,664.32
340.280104663,665.63
340.303838526,665.63
340.326729338,665.63
340.349889721,665.63
340.374167591,676.72
340.397644682,676.72
340.420975820,676.72
340.444805300,676.72
340.468094773,676.72
340.491925597,672.66
340.515100477,672.66
340.537958585,672.66
340.561209465,672.66
340.584302040,671.72
340.607618874,671.72
340.630547190,671.72
340.653614741,671.72
340.677868578,672.61
340.701477831,672.61
340.724890410,672.61
340.747958600,672.61
340.771184809,672.61
340.794365128,670.78
340.817721642,670.78
340.841523090,670.78
340.865664606,670.78
340.889109441,677.91
340.912262496,677.91
340.935338495,677.91
340.959263528,677.91
340.983092624,680.66
341.006934712,680.66
341.030780320,680.66
341.054356677,680.66
341.078063787,679.70
341.101486062,679.70
341.124472619,679.70
341.147540778,679.70
341.170757162,679.70
341.193916233,679.20
341.217308236,679.20
341.240600045,679.20
341.264333972,679.20
341.289058503,677.89
341.312493610,677.89
341.336144559,677.89
341.359161485,677.89
341.382876819,676.14
341.406478456,676.14
341.430050845,676.14
341.453459327,676.14
341.476868066,676.14
341.500011521,683.11
341.523061920,683.11
341.546289824,683.11
341.569892197,683.11
341.593066309,683.85
341.616785131,683.85
341.639948075,683.85
341.662869063,683.85
341.686028903,685.14
341.709359880,685.14
341.732248644,685.14
341.755242626,685.14
341.778551779,685.14
341.801912517,684.39
341.825134918,684.39
341.848018466,684.39
341.870763580,684.39
341.893372405,667.10
341.915936333,667.10
341.939422480,667.10
341.962478607,667.10
341.985628270,645.22
342.008724173,645.22
342.031522408,645.22
342.054515525,645.22
342.077858471,645.22
342.100871845,646.24
342.123306875,646.24
342.145594736,646.24
342.168821072,646.24
342.191950863,605.52
342.215310929,605.52
342.238461105,605.52
342.261615824,605.52
342.285032787,605.52
342.308364404,609.02
342.331730230,609.02
342.354461712,609.02
342.377938580,609.02
342.400888944,581.74
342.423932207,581.74
342.446985677,581.74
342.470024011,581.74
342.493796242,563.17
342.517157716,563.17
342.540610775,563.17
342.564477215,563.17
342.588148005,563.17
342.611330116,529.70
342.634496804,529.70
342.656993563,529.70
342.679681205,529.70
342.703206585,481.46
342.726429753,481.46
342.749782651,481.46
342.773782469,481.46
342.796980037,481.25
342.820098180,481.25
342.843339108,481.25
342.868033655,481.25
342.891508730,481.25
342.915565797,506.70
342.938965991,506.70
342.962196903,506.70
342.985416295,506.70
343.008575911,517.75
343.032213868,517.75
343.056011380,517.75
343.079865372,517.75
343.103898662,529.83
343.126959748,529.83
343.149958370,529.83
343.173161026,529.83
343.197700850,561.93
343.221251414,561.93
343.245127775,561.93
343.268562657,561.93
343.291853346,561.93
343.315041986,562.89
343.338614215,562.89
343.362182539,562.89
343.386402776,562.89
343.410360929,587.22
343.433823396,587.22
343.456913187,587.22
343.480871468,587.22
343.504469553,606.56
343.528007861,606.56
343.551410583,606.56
343.577911136,606.56
343.601661415,642.34
343.624905607,642.34
343.648015174,642.34
343.671335495,642.34
343.694773834,642.34
343.718283598,686.61
343.741508782,686.61
343.764550060,686.61
343.787709964,686.61
343.811028109,688.24
343.834601009,688.24
343.857860530,688.24
343.880966513,688.24
343.904382003,689.84
343.927503314,689.84
343.950626289,689.84
343.973950931,689.84
343.997425174,689.84
344.020336466,683.08
344.043358064,683.08
344.066615280,683.08
344.090182485,683.08
344.113578647,655.64
344.136724438,655.64
344.159771540,655.64
344.182835155,655.64
344.206739483,623.67
344.229729496,623.67
344.252711093,623.67
344.275773075,623.67
344.299089109,623.67
344.322511255,591.97
344.346070396,591.97
344.369619072,591.97
344.393852172,591.97
344.417666100,557.62
344.441038774,557.62
344.464606394,557.62
344.508823647,557.62
344.531915421,508.06
344.556606448,508.06
344.584281223,508.06
344.608716662,508.06
344.632269850,502.02
344.655586012,502.02
344.678877853,502.02
344.701646071,502.02
344.724860503,506.58
344.747912341,506.58
344.771060340,506.58
344.794236404,506.58
344.817353299,506.58
344.840383344,505.86
344.863856595,505.86
344.887160277,505.86
344.911225631,505.86
344.934697474,493.84
344.957855554,493.84
344.980943872,493.84
345.003962238,493.84
345.027092893,495.32
345.050294300,495.32
345.073507868,495.32
345.096851774,495.32
345.120294337,495.32
345.143538913,524.31
345.166868387,524.31
345.190328614,524.31
345.214064300,524.31
345.237031529,540.32
345.260458860,540.32
345.283705612,540.32
345.307814423,540.32
345.331319770,578.55
345.354662780,578.55
345.378211168,578.55
345.401678147,578.55
345.425290024,601.08
345.448803244,601.08
345.472041100,601.08
345.495504879,601.08
345.518860177,601.08
345.542099121,627.58
345.565376498,627.58
345.588854549,627.58
345.612274423,627.58
345.635347221,644.35
345.658777528,644.35
345.681805654,644.35
345.705290873,644.35
345.728596090,632.08
345.751470998,632.08
345.774715830,632.08
345.798129208,632.08
345.821897855,632.08
345.845356770,631.52
345.868572514,631.52
345.892054342,631.52
345.915620906,631.52
345.938968331,637.01
345.962364590,637.01
345.985644686,637.01
346.009351412,637.01
346.032353330,633.62
346.055653587,633.62
346.079170934,633.62
346.102511576,633.62
346.125923738,622.65
346.149043705,622.65
346.172183192,622.65
346.195434584,622.65
346.218341333,622.65
346.241713046,639.67
346.265095864,639.67
346.289375909,639.67
346.312836552,639.67
346.336237706,638.09
346.359472171,638.09
346.382643786,638.09
346.405859210,638.09
346.430482459,646.16
346.454069888,646.16
346.477548547,646.16
346.500807395,646.16
346.524818509,646.16
346.547851019,645.16
346.570905737,645.16
346.594343243,645.16
346.617716045,645.16
346.641240369,631.27
346.664644147,631.27
346.687672977,631.27
346.710908241,631.27
346.734124113,640.23
346.757481522,640.23
346.780496304,640.23
346.803853425,640.23
346.827712505,640.32
346.851108507,640.32
346.875148101,640.32
346.898306053,640.32
346.921545925,640.32
346.944828710,645.41
346.968741742,645.41
346.992511925,645.41
347.016540415,645.41
347.039875712,655.15
347.063551718,655.15
347.086703781,655.15
347.110134440,655.15
347.133661355,662.00
347.157175119,662.00
347.180672466,662.00
347.204244726,662.00
347.227788154,654.40
347.250940889,654.40
347.274172858,654.40
347.297546491,654.40
347.321350882,654.40
347.344674756,647.86
347.368179815,647.86
347.391291238,647.86
347.414422596,647.86
347.438374061,644.77
347.461741967,644.77
347.484806765,644.77
347.508138350,644.77
347.532132088,655.09
347.555881438,655.09
347.583261298,655.09
347.606168974,655.09
347.629653713,655.09
347.653014386,666.03
347.676268659,666.03
347.702241877,666.03
347.725427124,666.03
347.748822998,668.14
347.771967669,668.14
347.795034131,668.14
347.818628472,668.14
347.841967993,666.64
347.865641439,666.64
347.889252547,666.64
347.912594309,666.64
347.936154953,656.55
347.959357705,656.55
347.982275557,656.55
348.005108224,656.55
348.028308223,656.55
348.051366397,657.00
348.074808032,657.00
348.098293059,657.00
348.122094698,657.00
348.145878513,653.26
348.169273011,653.26
348.192731126,653.26
348.217000387,653.26
348.239946783,659.03
348.262998493,659.03
348.286225341,659.03
348.309291291,659.03
348.332456314,659.03
348.356218720,666.17
348.379535457,666.17
348.403017828,666.17
348.426744555,666.17
348.449675175,667.63
348.472599299,667.63
348.495591808,667.63
348.519578281,667.63
348.543279503,668.67
348.566486223,668.67
348.589639150,668.67
348.612408808,668.67
348.635701481,668.67
348.658978057,670.12
348.682513517,670.12
348.707259552,670.12
348.730657154,670.12
348.754568426,666.30
348.778084494,666.30
348.801113355,666.30
348.823712003,666.30
348.846081528,633.23
348.869457434,633.23
348.892501720,633.23
348.916576066,633.23
348.939856419,633.23
348.962931649,636.63
348.986236866,636.63
349.009437601,636.63
349.032778595,636.63
349.056733804,634.83
349.080039629,634.83
349.102868232,634.83
349.125859940,634.83
349.149435401,641.29
349.173173455,641.29
349.196722707,641.29
349.220298519,641.29
349.244848295,643.83
349.267836708,643.83
349.290877922,643.83
349.314731881,643.83
349.338460463,643.83
349.361994355,642.35
349.386030717,642.35
349.408970617,642.35
349.432236921,642.35
349.455504378,641.61
349.479174879,641.61
349.502912645,641.61
349.526120677,641.61
349.549492135,642.81
349.572724710,642.81
349.595988807,642.81
349.619254695,642.81
349.642399558,642.81
349.665314850,640.79
349.688313503,640.79
349.711257371,640.79
349.734243416,640.79
349.757520953,638.95
349.780161617,638.95
349.802688680,638.95
349.825840615,638.95
349.849935794,640.48
349.873469750,640.48
349.896750326,640.48
349.919601649,640.48
349.942893938,640.48
349.966367733,646.12
349.990034010,646.12
350.013461757,646.12
350.037942284,646.12
350.061473744,641.06
350.084843505,641.06
350.108014864,641.06
350.131421266,641.06
350.154829493,636.74
350.177901874,636.74
350.200997201,636.74
350.223900780,636.74
350.247993207,636.74
350.271778590,637.62
350.295224576,637.62
350.319137480,637.62
350.342076485,637.62
350.365548135,638.21
350.388726215,638.21
350.412399820,638.21
350.436176147,638.21
350.459484083,638.58
350.482932726,638.58
350.506011700,638.58
350.529272596,638.58
350.553166428,637.58
350.581102358,637.58
350.604594361,637.58
350.627995835,637.58
350.651465662,637.58
350.674856352,635.24
350.698597702,635.24
350.721868422,635.24
350.745127687,635.24
350.768648202,649.40
350.794848207,649.40
350.817840715,649.40
350.842216090,649.40
350.865621339,673.85
350.889180735,673.85
350.912907461,673.85
350.936863630,673.85
350.960985049,672.46
350.984284858,672.46
351.007362648,672.46
351.030891515,672.46
351.054004410,672.46
351.077094616,679.88
351.100217782,679.88
351.123924380,679.88
351.148443724,679.88
351.171566154,680.26
351.195471282,680.26
351.218537648,680.26
351.241893649,680.26
351.265063056,680.23
351.288334257,680.23
351.311696146,680.23
351.335050419,680.23
351.358297523,680.23
351.381660725,681.83
351.404550864,681.83
351.428224950,681.83
351.452069821,681.83
351.475840163,680.73
351.499723499,680.73
351.523459601,680.73
351.547363129,680.73
351.570742683,678.09
351.593809369,678.09
351.616848598,678.09
351.639660113,678.09
351.664088639,680.60
351.687087644,680.60
351.710298204,680.60
351.734175204,680.60
351.757805000,680.60
351.781294763,680.44
351.804725358,680.44
351.828293074,680.44
351.852076664,680.44
351.875302168,679.30
351.898590488,679.30
351.922070171,679.30
351.945375164,679.30
351.968916448,680.01
351.992169344,680.01
352.015307390,680.01
352.038623487,680.01
352.061739325,680.01
352.085081183,680.29
352.108332351,680.29
352.131421149,680.29
352.154689277,680.29
352.178144127,681.34
352.201512257,681.34
352.225280391,681.34
352.248656073,681.34
352.271669830,681.80
352.294787300,681.80
352.318438089,681.80
352.341867371,681.80
352.365689426,681.80
352.388760880,681.41
352.411845422,681.41
352.435005933,681.41
352.458330637,681.41
352.482206709,683.00
352.505501174,683.00
352.529743810,683.00
352.553307782,683.00
352.578270715,684.80
352.601630716,684.80
352.624585977,684.80
352.647859193,684.80
352.672057316,684.99
352.695117090,684.99
352.718231552,684.99
352.741296286,684.99
352.764728640,684.99
352.788326629,685.93
352.812098091,685.93
352.835571374,685.93
352.858436297,685.93
352.881507495,688.38
352.905182892,688.38
352.928912402,688.38
352.952322804,688.38
352.976465567,687.86
352.999849728,687.86
353.022788156,687.86
353.045794425,687.86
353.069225147,687.86
353.092739263,688.33
353.116282786,688.33
353.139620131,688.33
353.162799650,688.33
353.185900832,690.41
353.209004446,690.41
353.232570274,690.41
353.256602604,690.41
353.279859788,690.83
353.303052875,690.83
353.326115529,690.83
353.349451273,690.83
353.373094766,690.83
353.396148012,683.81
353.418575329,683.81
353.441302299,683.81
353.464682588,683.81
353.487725498,656.16
353.510749719,656.16
353.534265178,656.16
353.557424121,656.16
353.586725380,652.43
353.609486013,652.43
353.632057621,652.43
353.654683021,652.43
353.678517364,618.14
353.702179417,618.14
353.726026688,618.14
353.749089022,618.14
353.772098619,618.14
353.795523709,617.48
353.818767837,617.48
353.842165439,617.48
353.866003526,617.48
353.889834829,616.39
353.912883242,616.39
353.938592968,616.39
353.962042955,616.39
353.986269655,617.17
354.009640728,617.17
354.033128955,617.17
354.056175576,617.17
354.079265942,617.17
354.102289619,620.16
354.125399378,620.16
354.148959381,620.16
354.172623098,620.16
354.196272479,617.59
354.219773602,617.59
354.242854464,617.59
354.265725243,617.59
354.289169053,615.93
354.312670976,615.93
354.336193987,615.93
354.359091711,615.93
354.382264606,615.93
354.405381500,621.77
354.428695740,621.77
354.452274848,621.77
354.474853048,621.77
354.497412719,618.06
354.520978707,618.06
354.544184370,618.06
354.567894296,618.06
354.591255385,609.86
354.614776860,609.86
354.638038204,609.86
354.661239035,609.86
354.683976373,609.86
354.706344522,636.25
354.728984418,636.25
354.752550470,636.25
354.775647844,636.25
354.798859843,607.79
354.822161603,607.79
354.845106720,607.79
354.868218654,607.79
354.891752833,608.73
354.915036897,608.73
354.937430327,608.73
354.959982254,608.73
355.008455462,565.65
355.031762438,565.65
355.055389611,565.65
355.078560874,565.65
355.101780649,565.65
355.125160203,565.52
355.148266761,565.52
355.171736875,565.52
355.195267982,565.52
355.218464878,567.76
355.241664589,567.76
355.264863404,567.76
355.289081048,567.76
355.312427160,556.57
355.335230771,556.57
355.357841067,556.57
355.381215628,556.57
355.404967442,556.57
355.428267442,521.36
355.451465745,521.36
355.475008629,521.36
355.498374614,521.36
355.521697207,556.28
355.545218266,556.28
355.568607803,556.28
355.592261024,556.28
355.615321598,555.46
355.638671903,555.46
355.661943391,555.46
355.684894683,555.46
355.708025465,555.46
355.731093590,544.25
355.754312022,544.25
355.777282098,544.25
355.800473777,544.25
355.823693809,528.46
355.847042738,528.46
355.870662422,528.46
355.894093528,528.46
355.917391544,499.38
355.940952668,499.38
355.964355518,499.38
355.987682046,499.38
356.011436644,499.38
356.035161898,507.58
356.058876527,507.58
356.082939097,507.58
356.107468745,507.58
356.130277379,458.97
356.154360461,458.97
356.177831280,458.97
356.201489652,458.97
356.224964855,449.67
356.248114997,449.67
356.271143026,449.67
356.295049210,449.67
356.318691263,467.43
356.342172705,467.43
356.365930631,467.43
356.388893892,467.43
356.412006946,467.43
356.435228129,491.85
356.458634115,491.85
356.481870626,491.85
356.506065325,491.85
356.529340942,491.47
356.552497420,491.47
356.577635747,491.47
356.600888611,491.47
356.625700598,504.39
356.649139064,504.39
356.672428408,504.39
356.695659352,504.39
356.720074310,539.10
356.743177028,539.10
356.766629862,539.10
356.789844805,539.10
356.814041937,539.10
356.837357617,565.42
356.860381358,565.42
356.883456907,565.42
356.907321171,565.42
356.930845366,601.18
356.954727230,601.18
356.977987101,601.18
357.000924985,601.18
357.023977974,630.19
357.047265207,630.19
357.070464950,630.19
357.093809879,630.19
357.117687934,630.19
357.140907549,678.18
357.164098396,678.18
357.187334364,678.18
357.210962080,678.18
357.234380226,681.92
357.257861636,681.92
357.281519945,681.92
357.305144333,681.92
357.328125418,684.12
357.351747214,684.12
357.375084975,684.12
357.398776084,684.12
357.422725660,684.12
357.446416161,684.17
357.469454142,684.17
357.492986721,684.17
357.516744487,684.17
357.540717424,684.62
357.564612759,684.62
357.588048345,684.62
357.611113687,684.62
357.634415447,685.81
357.657845721,685.81
357.681342012,685.81
357.704998048,685.81
357.729309773,681.74
357.752975666,681.74
357.776157361,681.74
357.799073356,681.74
357.822307692,681.74
357.845904016,684.59
357.869155183,684.59
357.892971030,684.59
357.916796477,684.59
357.939925371,685.09
357.963024249,685.09
357.986600956,685.09
358.010383491,685.09
358.034152745,685.22
358.057838542,685.22
358.081203663,685.22
358.104126186,685.22
358.127736814,683.17
358.154327767,683.17
358.177673816,683.17
358.201907204,683.17
358.225086531,683.17
358.248116160,685.78
358.271105596,685.78
358.294629631,685.78
358.318036672,685.78
358.341667557,685.20
358.365474731,685.20
358.388487336,685.20
358.411460772,685.20
358.434912902,686.71
358.458800302,686.71
358.482227407,686.71
358.505772179,686.71
358.529467128,686.71
358.552598262,686.90
358.577704396,686.90
358.601288176,686.90
358.625285529,686.90
358.648899549,683.44
358.672441088,683.44
358.695501981,683.44
358.718727549,683.44
358.742032189,686.12
358.765696994,686.12
358.789293734,686.12
358.813006059,686.12
358.837505146,687.36
358.860624696,687.36
358.883674165,687.36
358.907252249,687.36
358.930833916,687.36
358.954540034,687.39
358.978099525,687.39
359.001217635,687.39
359.024434050,687.39
359.048024262,685.51
359.071716939,685.51
359.095043628,685.51
359.119029620,685.51
359.142265812,686.80
359.165322289,686.80
359.188365998,686.80
359.211609485,686.80
359.234944942,686.80
359.258687059,686.42
359.282270007,686.42
359.305303476,686.42
359.328466194,686.42
359.351802387,687.55
359.375577753,687.55
359.398940506,687.55
359.422961187,687.55
359.446518886,687.20
359.469870599,687.20
359.493007653,687.20
359.516168996,687.20
359.539688807,687.20
359.563272906,684.46
359.586927759,684.46
359.610182350,684.46
359.633127498,684.46
359.656341321,687.42
359.679485255,687.42
359.702575301,687.42
359.725491936,687.42
359.748680991,687.46
359.771949983,687.46
359.795413473,687.46
359.818477278,687.46
359.841959329,687.46
359.865452067,682.20
359.888671138,682.20
359.912401704,682.20
359.935773833,682.20
359.959100265,648.80
359.982240999,648.80
360.005445638,648.80
360.028788263,648.80
360.052352874,614.40
360.075676267,614.40
360.098927434,614.40
360.122039176,614.40
360.145196103,614.40
360.168307172,581.68
360.191494499,581.68
360.214919749,581.68
360.238292262,581.68
360.261509029,546.83
360.285390124,546.83
360.308943567,546.83
360.333125306,546.83
360.355938996,514.32
360.378695694,514.32
360.402704823,514.32
360.426386907,514.32
360.450784233,490.80
360.474339788,490.80
360.497732526,490.80
360.520847819,490.80
360.544204396,490.80
360.567906897,486.92
360.591268466,486.92
360.614874806,486.92
360.638995072,486.92
360.662009917,486.42
360.685135515,486.42
360.709004674,486.42
360.733022795,486.42
360.756456652,488.42
360.780021360,488.42
360.803327088,488.42
360.826808274,488.42
360.850081074,488.42
360.873907833,490.86
360.897387163,490.86
360.920791260,490.86
360.944395584,490.86
360.967827106,518.57
360.990950336,518.57
361.014295680,518.57
361.038004230,518.57
361.062686007,557.83
361.086325275,557.83
361.109868734,557.83
361.133419841,557.83
361.157180999,590.70
361.180540616,590.70
361.204000234,590.70
361.227386795,590.70
361.251404756,590.70
361.274754740,629.60
361.297910419,629.60
361.321202035,629.60
361.348597285,629.60
361.372225353,656.13
361.395645291,656.13
361.419466417,656.13
361.443156694,656.13
361.466440342,680.73
361.489397426,680.73
361.512944917,680.73
361.536613497,680.73
361.560268510,680.69
361.584373128,680.69
361.607327140,680.69
361.630256223,680.69
361.653505182,680.69
361.676944192,678.12
361.700721862,678.12
361.724196264,678.12
361.747857901,678.12
361.770938762,682.21
361.793913030,682.21
361.817073252,682.21
361.840252675,682.21
361.863504514,683.23
361.886543999,683.23
361.909610428,683.23
361.932818747,683.23
361.956152028,683.23
361.978901685,673.31
362.001282986,673.31
362.024062147,673.31
362.047459748,673.31
362.071092073,645.80
362.094639148,645.80
362.117653960,645.80
362.140853703,645.80
362.164729838,646.94
362.188167024,646.94
362.211610865,646.94
362.234942482,646.94
362.258265650,646.94
362.281201165,646.93
362.304266379,646.93
362.327484458,646.93
362.351635476,646.93
362.375626204,648.27
362.399310849,648.27
362.422424831,648.27
362.445723231,648.27
362.469180449,647.86
362.492309055,647.86
362.515935331,647.86
362.539343940,647.86
362.563703953,647.86
362.587113842,647.52
362.610088878,647.52
362.633061802,647.52
362.656200552,647.52
362.679674090,645.51
362.703553681,645.51
362.727027251,645.51
362.750096785,645.51
362.773096109,646.37
362.796373549,646.37
362.819618124,646.37
362.843252048,646.37
362.867158519,646.37
362.890490584,642.62
362.913674326,642.62
362.936634354,642.62
362.960266614,642.62
362.983896570,651.97
363.007344604,651.97
363.030554267,651.97
363.053600120,651.97
363.076998297,681.75
363.100165303,681.75
363.124036222,681.75
363.147380607,681.75
363.170962210,678.53
363.194391683,678.53
363.217180125,678.53
363.240010039,678.53
363.262720880,678.53
363.285690636,679.17
363.308699240,679.17
363.331784773,679.17
363.354940547,679.17
363.377962624,681.24
363.401734278,681.24
363.425074438,681.24
363.447680029,681.24
363.470265972,681.24
363.493494611,645.99
363.517050902,645.99
363.540427735,645.99
363.563724503,645.99
363.586690803,647.55
363.610259318,647.55
363.633159121,647.55
363.657304603,647.55
363.681189795,647.14
363.704796774,647.14
363.728006373,647.14
363.751216740,647.14
363.774831688,647.14
363.797741475,647.67
363.821628170,647.67
363.845125228,647.67
363.868967987,647.67
363.892329908,648.11
363.915573011,648.11
363.938695280,648.11
363.962376693,648.11
363.985740022,646.56
364.009440187,646.56
364.032918013,646.56
364.055680854,646.56
364.078771763,646.56
364.101642030,647.82
364.125086096,647.82
364.148277774,647.82
364.171757968,647.82
364.195400148,647.09
364.218625619,647.09
364.241617359,647.09
364.264992656,647.09
364.288665333,645.92
364.311987701,645.92
364.335773306,645.92
364.358801623,645.92
364.382071894,645.66
364.405388439,645.66
364.428862424,645.66
364.452481948,645.66
364.476012927,645.66
364.499886726,674.30
364.523042340,674.30
364.546238691,674.30
364.569779205,674.30
364.592990884,680.42
364.616065217,680.42
364.639061757,680.42
364.662374973,680.42
364.686847980,683.43
364.710047370,683.43
364.733241833,683.43
364.756247077,683.43
364.778679034,683.43
364.801389363,649.03
364.824751091,649.03
364.848004754,649.03
364.871624022,649.03
364.895918786,641.15
364.918971775,641.15
364.942083037,641.15
364.965519678,641.15
364.989891339,642.60
365.013369677,642.60
365.037269365,642.60
365.060356338,642.60
365.083548240,642.60
365.106700622,640.92
365.130301106,640.92
365.153692563,640.92
365.177188469,640.92
365.200749240,643.44
365.224035992,643.44
365.246987411,643.44
365.270257811,643.44
365.293977720,642.28
365.317500858,642.28
365.341298944,642.28
365.364502751,642.28
365.387549371,642.28
365.410560504,642.95
365.433170927,642.95
365.456597584,642.95
365.483267386,642.95
365.506409015,640.53
365.529753048,640.53
365.552945206,640.53
365.578513458,640.53
365.602513627,639.12
365.625891067,639.12
365.649018937,639.12
365.672421498,639.12
365.696946728,639.24
365.720349897,639.24
365.744027694,639.24
365.766864104,639.24
365.789624129,639.24
365.813150884,638.27
365.836397411,638.27
365.860165768,638.27
365.883430088,638.27
365.906502853,645.23
365.929999143,645.23
365.953659179,645.23
365.977117741,645.23
366.001103669,644.78
366.024563383,644.78
366.047506194,644.78
366.070412397,644.78
366.093588300,644.78
366.116979468,643.64
366.140304748,643.64
366.163890192,643.64
366.187458835,643.64
366.210687826,644.89
366.233815695,644.89
366.256833068,644.89
366.280745011,644.89
366.304441559,644.68
366.328607362,644.68
366.351659454,644.68
366.374678587,644.68
366.397952506,644.68
366.421102424,645.33
366.444317431,645.33
366.468088124,645.33
366.491862178,645.33
366.515004352,645.57
366.539243947,645.57
366.562887599,645.57
366.587091898,645.57
366.610733246,644.80
366.634766919,644.80
366.657875588,644.80
366.680712158,644.80
366.704502724,645.14
366.727536544,645.14
366.751099203,645.14
366.774586021,645.14
366.798600622,645.14
366.821756236,678.65
366.844736967,678.65
366.867886181,678.65
366.891572714,678.65
366.915004523,676.61
366.937981799,676.61
366.961002275,676.61
366.984506981,676.61
367.007979815,679.38
367.031458409,679.38
367.055153038,679.38
367.078235467,679.38
367.101295784,679.38
367.124295012,663.00
367.147545699,663.00
367.170930083,663.00
367.194095969,663.00
367.217375777,631.54
367.240572031,631.54
367.263974368,631.54
367.286974460,631.54
367.310163642,599.81
367.333397817,599.81
367.357326337,599.81
367.380686657,599.81
367.404218468,599.81
367.427645573,564.88
367.450708866,564.88
367.474050082,564.88
367.497441635,564.88
367.520755586,531.32
367.543502875,531.32
367.566672793,531.32
367.590415102,531.32
367.614156420,505.20
367.637569189,505.20
367.661266761,505.20
367.684318662,505.20
367.707413571,505.20
367.731235945,471.52
367.753989986,471.52
367.777137888,471.52
367.800903589,471.52
367.824294822,439.72
367.847538469,439.72
367.870698819,439.72
367.893760512,439.72
367.917487813,408.90
367.940806340,408.90
367.964372231,408.90
367.988130573,408.90
368.013362852,376.98
368.036072893,376.98
368.058666036,376.98
368.082609819,376.98
368.106146846,376.98
368.129760193,358.56
368.153023361,358.56
368.176390689,358.56
368.199570943,358.56
368.223156514,392.59
368.246616100,392.59
368.270306504,392.59
368.294325809,392.59
368.317804083,429.58
368.340914032,429.58
368.364130702,429.58
368.387668753,429.58
368.411459543,429.58
368.435055482,461.53
368.458393690,461.53
368.481329109,461.53
368.504437522,461.53
368.527412078,492.63
368.550978033,492.63
368.577154580,492.63
368.601077691,492.63
368.630839979,524.16
368.653977864,524.16
368.677824015,524.16
368.701572628,524.16
368.725854367,556.29
368.749357410,556.29
368.772838243,556.29
368.796013249,556.29
368.820055146,595.78
368.843869872,595.78
368.867652726,595.78
368.891090487,595.78
368.915292290,595.78
368.938645282,622.65
368.962250469,622.65
368.985352611,622.65
369.009127944,622.65
369.032610186,662.16
369.056005099,662.16
369.078988422,662.16
369.102285894,662.16
369.125548773,681.13
369.149201865,681.13
369.172728331,681.13
369.196023371,681.13
369.219318442,681.13
369.242390503,679.42
369.265567973,679.42
369.288704835,679.42
369.312115940,679.42
369.335506724,676.21
369.359179400,676.21
369.382416007,676.21
369.406644210,676.21
369.430543385,674.09
369.454027067,674.09
369.478337447,674.09
369.501668327,674.09
369.524912102,674.24
369.548297798,674.24
369.572079468,674.24
369.595515853,674.24
369.618942926,674.24
369.642221101,676.41
369.665303690,676.41
369.688458120,676.41
369.711968106,676.41
369.735466860,676.78
369.759078672,676.78
369.782610802,676.78
369.805833521,676.78
369.829302194,670.74
369.852632498,670.74
369.875832401,670.74
369.899122064,670.74
369.922328142,670.74
369.945161928,670.91
369.968174276,670.91
369.991507620,670.91
370.015089767,670.91
370.038425031,668.39
370.062114955,668.39
370.085392875,668.39
370.108618537,668.39
370.132097163,658.51
370.155110823,658.51
370.178619177,658.51
370.201941929,658.51
370.225169512,658.51
370.248324549,661.71
370.272776179,661.71
370.296037618,661.71
370.319366866,661.71
370.342509871,664.54
370.365372841,664.54
370.388236580,664.54
370.411433506,664.54
370.434898467,666.47
370.458460582,666.47
370.481672164,666.47
370.504756609,666.47
370.528016960,666.47
370.551617603,660.98
370.578038793,660.98
370.601073734,660.98
370.624079106,660.98
370.647171070,661.84
370.670675712,661.84
370.694493318,661.84
370.718070985,661.84
370.742841307,659.35
370.766410014,659.35
370.789952768,659.35
370.813347233,659.35
370.836981028,661.41
370.860358405,661.41
370.883682661,661.41
370.906806114,661.41
370.930001888,661.41
370.953301920,663.14
370.977105669,663.14
371.000657736,663.14
371.025020149,663.14
371.048078289,668.26
371.071494834,668.26
371.094573775,668.26
371.118149074,668.26
371.142060633,672.84
371.165673596,672.84
371.188919355,672.84
371.211750836,672.84
371.234808145,672.84
371.258338451,668.27
371.282099896,668.27
371.305467928,668.27
371.328671735,668.27
371.352117208,668.79
371.375248245,668.79
371.398597045,668.79
371.422188408,668.79
371.445369366,669.86
371.469004890,669.86
371.492121015,669.86
371.515657977,669.86
371.539325213,669.86
371.562548156,671.51
371.585535095,671.51
371.608551859,671.51
371.631877779,671.51
371.655200307,672.48
371.678253263,672.48
371.701891379,672.48
371.725567063,672.48
371.749309788,672.20
371.772740573,672.20
371.795896730,672.20
371.821505142,672.20
371.845450622,673.43
371.869269572,673.43
371.892563363,673.43
371.915763969,673.43
371.939090401,673.43
371.962341664,673.48
371.985404572,673.48
372.008519033,673.48
372.031798777,673.48
372.054861077,672.67
372.078115284,672.67
372.100942318,672.67
372.124086507,672.67
372.147408875,657.01
372.169866496,657.01
372.192524311,657.01
372.215869687,657.01
372.239473562,657.01
372.262927420,637.32
372.286459358,637.32
372.309649020,637.32
372.332933787,637.32
372.356366652,636.61
372.379750620,636.61
372.403432448,636.61
372.426909826,636.61
372.450346211,636.21
372.473490656,636.21
372.496976162,636.21
372.520326402,636.21
372.544021606,636.21
372.567401831,637.08
372.590588229,637.08
372.613641409,637.08
372.637027489,637.08
372.660359873,636.57
372.683717025,636.57
372.707457766,636.57
372.731407406,636.57
372.754887567,637.50
372.778254799,637.50
372.801308428,637.50
372.832264329,637.50
372.855391431,640.76
372.878988522,640.76
372.901968965,640.76
372.925396550,640.76
372.949034762,640.76
372.972191655,638.49
372.996382610,638.49
373.019400462,638.49
373.042502858,638.49
373.066078637,640.88
373.089340972,640.88
373.112577035,640.88
373.135753512,640.88
373.159139081,646.17
373.182005571,646.17
373.205353571,646.17
373.228639842,646.17
373.251415259,646.17
373.273817263,656.61
373.296658793,656.61
373.320171435,656.61
373.344108146,656.61
373.367884471,642.79
373.390800818,642.79
373.413643851,642.79
373.437108749,642.79
373.460197673,643.20
373.484014127,643.20
373.507702131,643.20
373.531077171,643.20
373.554613622,645.54
373.578632478,645.54
373.602007518,645.54
373.625366750,645.54
373.648844672,645.54
373.673101291,644.56
373.696428362,644.56
373.720262320,644.56
373.743789714,644.56
373.767187091,645.46
373.790407697,645.46
373.813486926,645.46
373.836598763,645.46
373.860269711,646.34
373.885127297,646.34
373.909078888,646.34
373.932644139,646.34
373.956418992,646.34
373.979766864,645.52
374.002804524,645.52
374.026063915,645.52
374.049384235,645.52
374.072777003,645.76
374.096517968,645.76
374.120275765,645.76
374.143497875,645.76
374.166485838,648.85
374.189754701,648.85
374.213120429,648.85
374.236258155,648.85
374.259388136,648.85
374.282970923,669.58
374.306083976,669.58
374.329110467,669.58
374.352635205,669.58
374.375839812,678.52
374.398538971,678.52
374.420925071,678.52
374.445004312,678.52
374.468361656,645.09
374.491608151,645.09
374.514579186,645.09
374.537627182,645.09
374.560960942,645.09
374.585093399,645.11
374.607866128,645.11
374.630378374,645.11
374.653418754,645.11
374.677471690,606.84
374.700919531,606.84
374.724945715,606.84
374.748402165,606.84
374.771651539,608.41
374.794803793,608.41
374.817710891,608.41
374.841074411,608.41
374.864429067,608.41
374.887835148,606.46
374.911173931,606.46
374.938253049,606.46
374.961489816,606.46
374.985833636,606.54
375.009446407,606.54
375.032905384,606.54
375.057357462,606.54
375.080346129,604.36
375.103224331,604.36
375.126165926,604.36
375.150248847,604.36
375.173878834,601.51
375.197367380,601.51
375.220518161,601.51
375.243661198,601.51
375.266776427,601.51
375.290623825,604.41
375.314448791,604.41
375.337875799,604.41
375.361284920,604.41
375.384744505,604.41
375.407872150,604.41
375.431059892,604.41
375.454588758,604.41
375.478022583,643.99
375.501295510,643.99
375.524291185,643.99
375.547372078,643.99
375.570772910,643.99
375.594585044,645.35
375.618085845,645.35
375.641478102,645.35
375.664906006,645.35
375.688087860,676.87
375.711220561,676.87
375.734220621,676.87
375.758069203,676.87
375.782079163,682.31
375.805892032,682.31
375.829215520,682.31
375.852512703,682.31
375.876254691,682.91
375.899843206,682.91
375.923397961,682.91
375.947078124,682.91
375.970509421,682.91
375.993624298,685.27
376.016958282,685.27
376.040294217,685.27
376.063792811,685.27
376.087151467,684.93
376.110480203,684.93
376.133574727,684.93
376.156568739,684.93
376.179891458,686.78
376.203224194,686.78
376.225933337,686.78
376.248480879,686.78
376.271570828,686.78
376.295075758,647.31
376.318450158,647.31
376.342498678,647.31
376.365986263,647.31
376.389134197,647.48
376.412404403,647.48
376.435876213,647.48
376.459401943,647.48
376.483201276,645.81
376.506571932,645.81
376.529732921,645.81
376.552864630,645.81
376.578659796,645.81
376.602420665,645.18
376.625684120,645.18
376.649780385,645.18
376.673028511,645.18
376.696005658,645.64
376.719090807,645.64
376.742886332,645.64
376.766296669,645.64
376.790826731,644.60
376.814296332,644.60
376.837336936,644.60
376.860282691,644.60
376.883611042,644.22
376.908149329,644.22
376.931603250,644.22
376.955126484,644.22
376.978546420,644.22
377.002106391,645.29
377.030698871,645.29
377.053417871,645.29
377.076717486,645.29
377.099898092,645.66
377.123046377,645.66
377.146058245,645.66
377.169576742,645.66
377.193616879,644.50
377.216523849,644.50
377.239068415,644.50
377.261722038,644.50
377.286054305,641.92
377.309870247,641.92
377.333434281,641.92
377.356625223,641.92
377.379685155,641.92
377.402590941,641.54
377.425965949,641.54
377.449265660,641.54
377.472714141,641.54
377.497147178,641.40
377.520344296,641.40
377.543264195,641.40
377.566373119,641.40
377.589781792,638.89
377.613699334,638.89
377.637114151,638.89
377.660646377,638.89
377.683882791,638.89
377.706991780,642.56
377.730106113,642.56
377.753828261,642.56
377.777476040,642.56
377.800879273,639.98
377.824523820,639.98
377.847639785,639.98
377.870767910,639.98
377.894382985,641.40
377.919055673,641.40
377.942867102,641.40
377.966077916,641.40
377.989245305,641.40
378.012266069,639.72
378.035591476,639.72
378.058647088,639.72
378.084442126,639.72
378.107215239,638.34
378.130312740,638.34
378.153219518,638.34
378.176305530,638.34
378.199571641,620.36
378.222574388,620.36
378.245885427,620.36
378.269137074,620.36
378.292420496,620.36
378.315968435,625.55
378.339320082,625.55
378.362938037,625.55
378.385893040,625.55
378.408443622,585.52
378.431827238,585.52
378.455164997,585.52
378.478671015,585.52
378.502097959,577.61
378.525257189,577.61
378.548856871,577.61
378.572320904,577.61
378.596130734,577.61
378.619555246,578.50
378.643201426,578.50
378.666697619,578.50
378.689893553,578.50
378.712924620,580.34
378.736025961,580.34
378.759415305,580.34
378.783032364,580.34
378.807097941,580.59
378.830321427,580.59
378.853268013,580.59
378.876288457,580.59
378.900411122,578.89
378.923719249,578.89
378.947135698,578.89
378.970756917,578.89
378.994111380,578.89
379.017155440,581.62
379.040285549,581.62
379.064848764,581.62
379.088869187,581.62
379.112517671,578.69
379.137447386,578.69
379.160420021,578.69
379.183796309,578.69
379.207028531,593.15
379.230375026,593.15
379.254045590,593.15
379.277949596,593.15
379.301066393,593.15
379.324104437,623.14
379.347243250,623.14
379.370775924,623.14
379.394627097,623.14
379.417927032,654.70
379.441708925,654.70
379.464983324,654.70
379.488223034,654.70
379.512165921,676.61
379.535722083,676.61
379.558863424,676.61
379.584866272,676.61
379.608001469,676.36
379.631226715,676.36
379.654506810,676.36
379.677462837,676.36
379.700797780,676.36
379.724012562,670.86
379.746508263,670.86
379.769802278,670.86
379.793874862,670.86
379.816941771,640.06
379.840477804,640.06
379.863403655,640.06
379.886458755,640.06
379.909922692,607.53
379.933296676,607.53
379.956711844,607.53
379.979753632,607.53
380.003252897,607.53
380.026487487,575.22
380.049903232,575.22
380.073166654,575.22
380.096245434,575.22
380.119428632,542.74
380.142398323,542.74
380.165575280,542.74
380.188802158,542.74
380.211829322,510.88
380.235174857,510.88
380.258080419,510.88
380.281453411,510.88
380.305072262,510.88
380.328474150,480.23
380.351863142,480.23
380.375355463,480.23
380.398869769,480.23
380.422862896,446.45
380.446068494,446.45
380.469156010,446.45
380.492697740,446.45
380.515832937,410.56
380.539250410,410.56
380.562554984,410.56
380.585714758,410.56
380.609076389,410.56
380.632463205,380.00
380.656072968,380.00
380.679745484,380.00
380.703202540,380.00
380.726517035,350.21
380.750116366,350.21
380.773429773,350.21
380.796264582,350.21
380.819371619,340.07
380.843365834,340.07
380.867617045,340.07
380.891397274,340.07
380.915667588,374.14
380.939059845,374.14
380.962225858,374.14
380.985608034,374.14
381.009043810,374.14
381.032557028,407.82
381.056228871,407.82
381.079479526,407.82
381.102816005,407.82
381.126625546,437.56
381.150691154,437.56
381.174706170,437.56
381.198385086,437.56
381.229612734,470.94
381.253479812,470.94
381.277340490,470.94
381.301384978,470.94
381.325665789,497.88
381.349297088,497.88
381.372693792,497.88
381.396063839,497.88
381.420176520,517.31
381.443476071,517.31
381.467031529,517.31
381.490858254,517.31
381.514431697,517.31
381.537687663,556.81
381.560930381,556.81
381.584730194,556.81
381.608784090,556.81
381.632010680,569.69
381.655036435,569.69
381.677862892,569.69
381.700984649,569.69
381.724264488,601.64
381.747445637,601.64
381.770981415,601.64
381.794523913,601.64
381.818141963,601.64
381.841409354,640.09
381.865115758,640.09
381.888281291,640.09
381.911293286,640.09
381.934498468,637.97
381.957611872,637.97
381.980312312,637.97
382.003379156,637.97
382.026727379,640.35
382.050217076,640.35
382.074066554,640.35
382.097604604,640.35
382.121065565,640.35
382.144721600,633.65
382.168285026,633.65
382.191548256,633.65
382.214975265,633.65
382.238300608,632.57
382.261695264,632.57
382.284709755,632.57
382.307637301,632.57
382.330814834,640.49
382.354315220,640.49
382.377820341,640.49
382.401002994,640.49
382.424708118,640.49
382.448119766,647.84
382.471823098,647.84
382.495280379,647.84
382.518623194,647.84
382.541851896,645.02
382.564996949,645.02
382.588194226,645.02
382.611431600,645.02
382.636285666,661.09
382.660015974,661.09
382.683323461,661.09
382.706823303,661.09
382.730520330,659.68
382.753433636,659.68
382.776415359,659.68
382.799535420,659.68
382.822667608,659.68
382.845781269,659.94
382.869227446,659.94
382.892400019,659.94
382.915667857,659.94
382.938647212,667.36
382.961317411,667.36
382.983804216,667.36
383.007728446,667.36
383.032363469,628.42
383.056749370,628.42
383.080118201,628.42
383.103025715,628.42
383.126307858,628.42
383.149757714,635.46
383.173491670,635.46
383.196841622,635.46
383.220694619,635.46
383.244064795,634.64
383.267401786,634.64
383.290222547,634.64
383.314428797,634.64
383.337669883,633.78
383.361330014,633.78
383.384639133,633.78
383.407721913,633.78
383.431015256,633.78
383.454125716,640.02
383.477199312,640.02
383.500101962,640.02
383.523110821,640.02
383.546064735,624.12
383.569267837,624.12
383.591943956,624.12
383.614676140,624.12
383.638461872,588.68
383.661614509,588.68
383.684984333,588.68
383.708019912,588.68
383.731401832,588.68
383.754592390,592.38
383.777904420,592.38
383.801407270,592.38
383.825293644,592.38
383.848914478,581.47
383.872285198,581.47
383.895555596,581.47
383.919241232,581.47
383.942252651,587.54
383.965208485,587.54
383.988254369,587.54
384.011190139,587.54
384.034545787,587.54
384.058270175,615.65
384.081778336,615.65
384.105408003,615.65
384.128857891,615.65
384.151889023,605.33
384.175204158,605.33
384.198372923,605.33
384.222278049,605.33
384.245340669,609.64
384.268720444,609.64
384.291973690,609.64
384.315456571,609.64
384.339078238,609.64
384.362764993,605.80
384.386551750,605.80
384.409831588,605.80
384.432933153,605.80
384.455885723,598.86
384.479009399,598.86
384.502277686,598.86
384.525637461,598.86
384.548794418,612.61
384.572042384,612.61
384.596399836,612.61
384.619836924,612.61
384.644666766,645.65
384.668446738,645.65
384.691830674,645.65
384.715223954,645.65
384.738612018,645.65
384.762146867,643.35
384.785489586,643.35
384.808627247,643.35
384.832502549,643.35
384.856215864,654.72
384.879579448,654.72
384.902913623,654.72
384.927186786,654.72
384.950453984,655.07
384.974084483,655.07
384.997463170,655.07
385.020962915,655.07
385.044055424,655.07
385.066973690,652.35
385.089883219,652.35
385.112840462,652.35
385.136118860,652.35
385.160150196,661.01
385.183492275,661.01
385.206879571,661.01
385.230316019,661.01
385.253544625,659.53
385.276654477,659.53
385.299930251,659.53
385.323061256,659.53
385.346116291,659.53
385.369117630,663.11
385.392273307,663.11
385.415570330,663.11
385.438159056,663.11
385.460654820,659.51
385.484257639,659.51
385.507813225,659.51
385.531460171,659.51
385.555230832,642.51
385.578597711,642.51
385.601480713,642.51
385.624292225,642.51
385.647088378,642.51
385.670143221,643.72
385.693320754,643.72
385.716847572,643.72
385.740125618,643.72
385.763049708,648.42
385.786040327,648.42
385.808415354,648.42
385.831280723,648.42
385.854830133,604.81
385.878266485,604.81
385.902185532,604.81
385.925388409,604.81
385.948552598,604.81
385.971439824,610.11
385.994238600,610.11
386.017714313,610.11
386.041488109,610.11
386.065586358,611.39
386.088883956,611.39
386.111752718,611.39
386.135380528,611.39
386.158912402,608.54
386.182988026,608.54
386.206549276,608.54
386.229728633,608.54
386.252756244,608.54
386.275900400,611.40
386.299303248,611.40
386.323113525,611.40
386.347010075,611.40
386.370704190,610.96
386.393954588,610.96
386.417326236,610.96
386.440625914,610.96
386.463843640,628.23
386.487510971,628.23
386.510931003,628.23
386.535013699,628.23
386.558996714,635.63
386.588438868,635.63
386.611365166,635.63
386.634441066,635.63
386.657853130,635.63
386.680927430,637.35
386.704225092,637.35
386.727632964,637.35
386.750951587,637.35
386.774122816,637.76
386.797399454,637.76
386.820543803,637.76
386.843804217,637.76
386.866627634,675.32
386.889796815,675.32
386.913094893,675.32
386.936377931,675.32
386.959954893,644.02
386.983653233,644.02
387.006769101,644.02
387.030361135,644.02
387.053196680,644.02
387.075918368,605.94
387.099875526,605.94
387.123107620,605.94
387.146878216,605.94
387.171002833,601.83
387.194285295,601.83
387.217685775,601.83
387.241438547,601.83
387.265190359,599.12
387.289257983,599.12
387.312464476,599.12
387.335452023,599.12
387.358414033,599.12
387.381178761,604.14
387.404728203,604.14
387.428484943,604.14
387.452865339,604.14
387.476348828,601.46
387.499684602,601.46
387.531202590,601.46
387.555157637,601.46
387.581562633,601.36
387.605307085,601.36
387.629083698,601.36
387.652787157,601.36
387.676220405,604.85
387.699399858,604.85
387.723120278,604.85
387.746858394,604.85
387.770583806,600.44
387.793727834,600.44
387.817009016,600.44
387.840759484,600.44
387.864774980,600.44
387.888303941,600.17
387.912345197,600.17
387.935657739,600.17
387.958691815,600.17
387.981758626,632.09
388.004853214,632.09
388.028142108,632.09
388.051631485,632.09
388.075707877,669.27
388.098562558,669.27
388.121523225,669.27
388.144405234,669.27
388.167924723,669.27
388.191676951,675.85
388.214846452,675.85
388.237780558,675.85
388.260982347,675.85
388.284423564,678.14
388.307688938,678.14
388.330995144,678.14
388.354318631,678.14
388.377213504,665.90
388.400710817,665.90
388.424182338,665.90
388.447305886,665.90
388.470394042,665.90
388.493923259,634.01
388.518017987,634.01
388.541812968,634.01
388.565094502,634.01
388.590852483,603.60
388.614118913,603.60
388.637668706,603.60
388.661914764,603.60
388.685622352,573.37
388.708861261,573.37
388.732474160,573.37
388.756391734,573.37
388.779594323,570.57
388.802674735,570.57
388.825742602,570.57
388.849066633,570.57
388.873068976,570.57
388.897153560,573.56
388.920734906,573.56
388.944055001,573.56
388.967409912,573.56
388.990633557,573.07
389.013745105,573.07
389.037539990,573.07
389.060975766,573.07
389.085538724,573.92
389.108620032,573.92
389.131768252,573.92
389.154995770,573.92
389.179643945,573.84
389.203380173,573.84
389.226915246,573.84
389.250414351,573.84
389.273769070,573.84
389.297025388,573.73
389.320152776,573.73
389.343881868,573.73
389.367914323,573.73
389.391795321,588.97
389.415418747,588.97
389.438297140,588.97
389.461825909,588.97
389.485148404,620.34
389.508936952,620.34
389.532169590,620.34
389.555871385,620.34
389.583314187,654.64
389.606416935,654.64
389.631760574,654.64
389.655133565,654.64
389.678582302,654.64
389.701800475,675.96
389.724973432,675.96
389.747988467,675.96
389.771272977,675.96
389.794565007,680.94
389.817817517,680.94
389.840951497,680.94
389.863946340,680.94
389.886920126,656.69
389.910113819,656.69
389.933339417,656.69
389.956999260,656.69
389.980502044,656.69
390.003557784,621.49
390.026756309,621.49
390.050109172,621.49
390.073543668,621.49
390.096406157,589.57
390.119583722,589.57
390.142939977,589.57
390.165944228,589.57
390.188950719,559.99
390.212456895,559.99
390.235792702,559.99
390.259007931,559.99
390.282447803,559.99
390.305517271,528.12
390.328840854,528.12
390.352057459,528.12
390.375550964,528.12
390.398521838,495.87
390.422124560,495.87
390.445379982,495.87
390.469177106,495.87
390.492321647,458.57
390.515208648,458.57
390.538499526,458.57
390.561679651,458.57
390.585108195,458.57
390.608662660,425.87
390.632234310,425.87
390.656028618,425.87
390.680091922,425.87
390.703507154,399.76
390.727763612,399.76
390.751576481,399.76
390.775405285,399.76
390.799037384,364.60
390.822687818,364.60
390.845955176,364.60
390.869296135,364.60
390.893368687,348.44
390.916812303,348.44
390.940407889,348.44
390.963763056,348.44
390.987344562,348.44
391.010632528,347.86
391.034189906,347.86
391.057261133,347.86
391.080862607,347.86
391.104103341,346.42
391.127972498,346.42
391.150997133,346.42
391.174403533,346.42
391.197365063,344.52
391.220386818,344.52
391.244047908,344.52
391.268979319,344.52
391.292588537,343.14
391.316453662,343.14
391.340118913,343.14
391.363957957,343.14
391.387998733,343.14
391.410894854,342.17
391.433765503,342.17
391.457477763,342.17
391.481297831,342.17
391.505065227,359.92
391.528543180,359.92
391.552003468,359.92
391.582800198,359.92
391.606404392,389.11
391.630208397,389.11
391.653787854,389.11
391.677168750,389.11
391.700732879,422.94
391.723872843,422.94
391.747514798,422.94
391.771098864,422.94
391.795000373,422.94
391.818079665,451.03
391.841328751,451.03
391.864304841,451.03
391.888192366,451.03
391.911511053,485.25
391.935423731,485.25
391.958382669,485.25
391.981655723,485.25
392.004709926,519.02
392.028390793,519.02
392.051682023,519.02
392.075434347,519.02
392.098627944,519.02
392.121956775,550.80
392.144929025,550.80
392.168266527,550.80
392.191979683,550.80
392.215544964,577.46
392.239060453,577.46
392.262470725,577.46
392.285514400,577.46
392.308788126,611.60
392.332165821,611.60
392.355968577,611.60
392.379372801,611.60
392.402877441,651.67
392.425897404,651.67
392.449206651,651.67
392.472366327,651.67
392.495855384,651.67
392.518916819,664.68
392.542272274,664.68
392.565200331,664.68
392.589391092,664.68
392.612601618,666.28
392.635716974,666.28
392.658435301,666.28
392.681782052,666.28
392.705651529,637.36
392.729115209,637.36
392.752960366,637.36
392.778540360,637.36
392.802438574,637.36
392.828156041,606.47
392.851293222,606.47
392.874683781,606.47
392.898276103,606.47
392.921800360,576.40
392.945131206,576.40
392.968787529,576.40
392.992310122,576.40
393.015948972,540.35
393.039561614,540.35
393.063057519,540.35
393.086638609,540.35
393.110334836,508.31
393.133007914,508.31
393.156050469,508.31
393.179421348,508.31
393.202842564,508.31
393.226012257,492.77
393.249065404,492.77
393.272192600,492.77
393.295518422,492.77
393.319584702,490.96
393.343195872,490.96
393.366623423,490.96
393.390016895,490.96
393.413066202,488.37
393.436698780,488.37
393.460071099,488.37
393.483824671,488.37
393.507313567,488.37
393.530719135,492.31
393.553724985,492.31
393.583048770,492.31
393.607007112,492.31
393.630774092,489.58
393.654434158,489.58
393.677505162,489.58
393.701227021,489.58
393.724152487,511.35
393.747317923,511.35
393.770993638,511.35
393.795043277,511.35
393.818445101,554.19
393.841862604,554.19
393.864810726,554.19
393.888704491,554.19
393.912183756,554.19
393.936258931,581.00
393.959543313,581.00
393.982556076,581.00
394.005582855,581.00
394.029135560,612.46
394.052456903,612.46
394.075966055,612.46
394.099487976,612.46
394.122467202,655.67
394.145558910,655.67
394.168759259,655.67
394.192569535,655.67
394.216056352,666.55
394.239075162,666.55
394.262597435,666.55
394.285432948,666.55
394.308883732,666.55
394.331974575,665.60
394.355271725,665.60
394.378350857,665.60
394.401722407,665.60
394.425887984,635.61
394.449166798,635.61
394.472115176,635.61
394.495416262,635.61
394.518794853,603.09
394.542294534,603.09
394.565522915,603.09
394.589352967,603.09
394.613037290,603.09
394.636397449,574.62
394.660039915,574.62
394.682854948,574.62
394.705821982,574.62
394.729847141,540.11
394.753373125,540.11
394.776535330,540.11
394.799604733,540.11
394.823379425,542.31
394.846248986,542.31
394.869462359,542.31
394.915283370,542.31
394.938680425,542.31
394.961765636,539.98
394.985700106,539.98
395.009129258,539.98
395.032513609,539.98
395.056125931,533.43
395.079083749,533.43
395.102031967,533.43
395.125299036,533.43
395.148868158,525.30
395.172091259,525.30
395.195104437,525.30
395.218209425,525.30
395.241396526,525.30
395.264642539,520.41
395.288108107,520.41
395.311478026,520.41
395.334739336,520.41
395.357620480,512.42
395.380892894,512.42
395.403674870,512.42
395.427507706,512.42
395.450488853,542.21
395.474260664,542.21
395.498346944,542.21
395.521624606,542.21
395.545108638,569.59
395.568750368,569.59
395.592379458,569.59
395.615112154,569.59
395.638306262,569.59
395.661314673,598.77
395.684299979,598.77
395.707485000,598.77
395.730276991,598.77
395.753490332,629.78
395.777184831,629.78
395.800357052,629.78
395.823870300,629.78
395.847385213,629.78
395.870091060,627.27
395.893272432,627.27
395.916030632,627.27
395.939395879,627.27
395.963501359,627.85
395.986654859,627.85
396.010208492,627.85
396.033834414,627.85
396.057205293,635.22
396.080645869,635.22
396.104093645,635.22
396.127838608,635.22
396.151163407,640.92
396.174352363,640.92
396.197348485,640.92
396.220564194,640.92
396.243764863,640.92
396.267105918,641.28
396.290315066,641.28
396.313593496,641.28
396.337137337,641.28
396.360841852,654.59
396.384485982,654.59
396.407851517,654.59
396.431092282,654.59
396.454593371,654.59
396.477750231,654.59
396.501178039,654.59
396.524250482,654.59
396.547665393,654.59
396.570789613,661.32
396.594260493,661.32
396.617694029,661.32
396.641548210,661.32
396.664867696,662.59
396.688028396,662.59
396.710960038,662.59
396.734262596,662.59
396.757491969,663.66
396.780882112,663.66
396.804106237,663.66
396.827166936,663.66
396.850326196,663.66
396.873224205,668.84
396.895863427,668.84
396.919116353,668.84
396.941868600,668.84
396.964759345,644.31
396.988145520,644.31
397.011244811,644.31
397.035048080,644.31
397.058591536,616.15
397.081878254,616.15
397.105339982,616.15
397.128223623,616.15
397.151554182,616.15
397.174666753,587.26
397.198020160,587.26
397.221150588,587.26
397.244254583,587.26
397.267132400,565.27
397.290161675,565.27
397.313288390,565.27
397.336369890,565.27
397.359458333,545.18
397.382644410,545.18
397.405586195,545.18
397.428439979,545.18
397.451500742,545.18
397.474838213,525.02
397.497860607,525.02
397.520949755,525.02
397.544231160,525.02
397.567825466,506.45
397.591301274,506.45
397.614750362,506.45
397.638219866,506.45
397.662059038,487.30
397.685439389,487.30
397.708963390,487.30
397.732546847,487.30
397.756173313,487.30
397.779540768,462.54
397.803250947,462.54
397.826840581,462.54
397.851968761,462.54
397.875726332,441.98
397.899585921,441.98
397.923832235,441.98
397.947009351,441.98
397.970137347,434.39
397.994174506,434.39
398.017804812,434.39
398.041625424,434.39
398.064881262,461.76
398.088229740,461.76
398.112084433,461.76
398.136220377,461.76
398.159945244,461.76
398.183671327,493.35
398.206456695,493.35
398.229948695,493.35
398.254254850,493.35
398.277381085,515.91
398.301024991,515.91
398.324505151,515.91
398.349111053,515.91
398.372228553,535.34
398.395381829,535.34
398.418972934,535.34
398.442304069,535.34
398.466328332,535.34
398.489637354,553.14
398.512930951,553.14
398.535994626,553.14
398.559655813,553.14
398.589184463,574.42
398.613168053,574.42
398.636278257,574.42
398.660338648,574.42
398.683712823,594.58
398.707161366,594.58
398.730927770,594.58
398.754407994,594.58
398.778360032,614.66
398.801621693,614.66
398.824893403,614.66
398.847902837,614.66
398.871365461,635.14
398.895015223,635.14
398.918388950,635.14
398.941481745,635.14
398.964708078,635.14
398.988056813,660.96
399.011684911,660.96
399.035077102,660.96
399.058457773,660.96
399.081424902,670.45
399.104752709,670.45
399.127603869,670.45
399.150722169,670.45
399.174430716,668.86
399.197942268,668.86
399.221371963,668.86
399.245062974,668.86
399.268619775,668.86
399.291446295,663.43
399.315042008,663.43
399.338324758,663.43
399.361416753,663.43
399.384328138,658.91
399.407444966,658.91
399.430441792,658.91
399.453881248,658.91
399.477127901,660.84
399.500706590,660.84
399.523720984,660.84
399.546738803,660.84
399.570041264,660.84
399.593327566,657.35
399.616448138,657.35
399.639614118,657.35
399.663212583,657.35
399.686053568,638.74
399.708727894,638.74
399.731936882,638.74
399.755240464,638.74
399.778707920,638.74
399.801646986,622.03
399.824783781,622.03
399.848052067,622.03
399.871266944,622.03
399.894752096,621.11
399.918349633,621.11
399.942052804,621.11
399.965226976,621.11
399.988964451,615.74
400.012242209,615.74
400.035293052,615.74
400.058145940,615.74
400.081480402,617.74
400.104453708,617.74
400.127635464,617.74
400.152448505,617.74
400.175975801,617.74
400.199366232,619.38
400.223014970,619.38
400.245880019,619.38
400.270275102,619.38
400.293548251,624.23
400.316976699,624.23
400.340455451,624.23
400.365165834,624.23
400.388820972,624.56
400.412278284,624.56
400.435218661,624.56
400.458133150,624.56
400.481504701,624.56
400.504535959,624.25
400.528048536,624.25
400.551208628,624.25
400.574523281,624.25
400.598325269,626.69
400.621459153,626.69
400.644770575,626.69
400.668066893,626.69
400.691422251,646.12
400.714926411,646.12
400.738394731,646.12
400.761706569,646.12
400.785589134,659.81
400.808919980,659.81
400.832737200,659.81
400.855595049,659.81
400.878968775,659.81
400.901926337,660.59
400.925340384,660.59
400.948431419,660.59
400.971820250,660.59
400.996466696,663.99
401.019781062,663.99
401.043301095,663.99
401.066124223,663.99
401.089399132,664.71
401.112339254,664.71
401.135278543,664.71
401.158772623,664.71
401.182761717,664.71
401.206311926,662.14
401.229595252,662.14
401.253056243,662.14
401.276327025,662.14
401.299390123,661.48
401.322961804,661.48
401.346059272,661.48
401.369608488,661.48
401.392700100,665.54
401.416006177,665.54
401.439620419,665.54
401.463227428,665.54
401.486642788,665.54
401.509566333,666.30
401.533029660,666.30
401.556193720,666.30
401.583143747,666.30
401.606930535,665.29
401.630507688,665.29
401.654061833,665.29
401.677679242,665.29
401.700592643,665.12
401.723522364,665.12
401.746834010,665.12
401.769647858,665.12
401.792961840,665.12
401.815877961,668.68
401.838896867,668.68
401.862438852,668.68
401.886147494,668.68
401.909703143,670.04
401.932639136,670.04
401.955648667,670.04
401.979097018,670.04
402.002403704,668.78
402.025458227,668.78
402.048590862,668.78
402.071922380,668.78
402.094935783,668.78
402.118296901,669.09
402.141001243,669.09
402.163488079,669.09
402.186038820,669.09
402.209367042,640.21
402.232342843,640.21
402.255207060,640.21
402.279821121,640.21
402.303167328,642.70
402.326295579,642.70
402.349293301,642.70
402.372179022,642.70
402.394973125,642.70
402.418155041,606.28
402.441428415,606.28
402.465301539,606.28
402.489107783,606.28
402.512219107,604.03
402.535520512,604.03
402.558330872,604.03
402.583942930,604.03
402.606823370,606.18
402.630098632,606.18
402.652905599,606.18
402.675944122,606.18
402.699471642,606.18
402.722835001,604.48
402.745929716,604.48
402.769093360,604.48
402.792384301,604.48
402.815334503,574.84
402.838535971,574.84
402.861416732,574.84
402.885707717,574.84
402.908957795,542.98
402.932094142,542.98
402.955190937,542.98
402.978126259,542.98
403.001360975,542.98
403.024477899,511.11
403.047798505,511.11
403.070932836,511.11
403.094750152,511.11
403.118050374,483.79
403.141223458,483.79
403.164043098,483.79
403.187964287,483.79
403.211256541,493.61
403.234276151,493.61
403.257314321,493.61
403.280523054,493.61
403.303159011,493.61
403.326064764,477.20
403.349026389,477.20
403.372339251,477.20
403.395400750,477.20
403.418521641,489.73
403.441628868,489.73
403.464846497,489.73
403.487902492,489.73
403.511101528,472.46
403.534375765,472.46
403.557267246,472.46
403.582980137,472.46
403.606708428,472.46
403.630606353,457.46
403.654201074,457.46
403.677909077,457.46
403.701719992,457.46
403.725569277,436.01
403.749471010,436.01
403.773416999,436.01
403.797018697,436.01
403.820595178,443.14
403.844284428,443.14
403.868239473,443.14
403.892871199,443.14
403.916355903,458.13
403.940283909,458.13
403.963854469,458.13
403.987492999,458.13
404.011139913,469.74
404.034815595,469.74
404.058476109,469.74
404.082028366,469.74
404.105616367,469.74
404.128779531,483.52
404.151820453,483.52
404.174997794,483.52
404.198402400,483.52
404.221395034,482.12
404.244454101,482.12
404.267729010,482.12
404.290423784,482.12
404.313547684,481.08
404.336567966,481.08
404.359945020,481.08
404.383726816,481.08
404.406963868,481.08
404.430098264,480.43
404.453031761,480.43
404.475926441,480.43
404.499415337,480.43
404.522342242,479.55
404.545365020,479.55
404.569026654,479.55
404.592097017,479.55
404.615358710,479.55
404.638454513,479.12
404.661840432,479.12
404.685054892,479.12
404.708088231,479.12
404.731406884,479.38
404.754451359,479.38
404.777413912,479.38
404.800494867,479.38
404.823773776,479.51
404.846546247,479.51
404.869451168,479.51
404.892983233,479.51
404.916312926,479.51
404.939420218,479.41
404.962297650,479.41
404.985226027,479.41
405.008602665,479.41
405.031698565,476.77
405.054657790,476.77
405.077835834,476.77
405.101639614,476.77
405.124437141,475.53
405.147571985,475.53
405.170393160,475.53
405.193833607,475.53
405.216986723,475.53
405.240004189,475.26
405.262984407,475.26
405.286082258,475.26
405.309210733,475.26
405.332170566,476.17
405.355247297,476.17
405.381664005,476.17
405.404708927,476.17
405.428064125,475.14
405.451691999,475.14
405.475189503,475.14
405.498582973,475.14
405.522120702,475.40
405.545657918,475.40
405.568804826,475.40
405.592024758,475.40
405.615579927,475.40
405.639031926,474.88
405.662521654,474.88
405.685904501,474.88
405.709344180,474.88
405.732946837,473.14
405.755986127,473.14
405.779285229,473.14
405.802470057,473.14
405.825809895,470.81
405.848934402,470.81
405.871827387,470.81
405.894493584,470.81
405.917603148,470.81
405.940559621,469.69
405.963637536,469.69
405.986680090,469.69
406.010113785,469.69
406.033146195,471.62
406.056138893,471.62
406.079273416,471.62
406.102550854,471.62
406.125555168,471.62
406.148366711,470.04
406.171544115,470.04
406.195054355,470.04
406.218288304,470.04
406.241234377,471.36
406.264359108,471.36
406.287150107,471.36
406.310589850,471.36
406.333452114,470.81
406.356488749,470.81
406.379365893,470.81
406.401974394,470.81
406.429221032,471.44
406.452335939,471.44
406.475253628,471.44
406.498565113,471.44
406.522024409,471.44
406.545177748,470.41
406.568678548,470.41
406.591603725,470.41
406.614398084,470.41
406.637787715,470.86
406.660835773,470.86
406.683883991,470.86
406.707078516,470.86
406.730397265,470.94
406.753773551,470.94
406.776930155,470.94
406.799922725,470.94
406.823044736,470.94
406.846987301,470.96
406.870215842,470.96
406.893360286,470.96
406.916291574,470.96
406.939513811,470.64
406.962671119,470.64
406.985921579,470.64
407.008969478,470.64
407.032156130,469.53
407.055494304,469.53
407.078727996,469.53
407.101842872,469.53
407.125251990,469.53
407.148501011,470.36
407.171768848,470.36
407.194977868,470.36
407.218213833,470.36
407.241460454,469.75
407.264571553,469.75
407.287525274,469.75
407.310502003,469.75
407.334111796,469.41
407.357583060,469.41
407.380834929,469.41
407.404030157,469.41
407.427220905,469.41
407.450214147,469.38
407.473291549,469.38
407.496487193,469.38
407.521670478,469.38
407.544539174,468.73
407.567499295,468.73
407.590655227,468.73
407.613686965,468.73
407.637003314,468.73
407.660073293,468.07
407.682939205,468.07
407.705921438,468.07
407.729655297,468.07
407.752806941,468.48
407.776195195,468.48
407.799293238,468.48
407.822893271,468.48
407.846006226,467.52
407.870025560,467.52
407.893326550,467.52
407.916476721,467.52
407.939127239,467.52
407.962711688,467.22
407.986189831,467.22
408.009373635,467.22
408.032521599,467.22
408.055563769,466.50
408.078907511,466.50
408.102128307,466.50
408.125774485,466.50
408.149050418,463.75
408.172090956,463.75
408.195156198,463.75
408.218811240,463.75
408.242888495,461.71
408.266725907,461.71
408.290189714,461.71
408.313789619,461.71
408.338050716,461.71
408.361059478,457.61
408.383862029,457.61
408.407912020,457.61
408.433014279,457.61
408.457056526,456.64
408.480461676,456.64
408.503715849,456.64
408.531565470,456.64
408.555348577,475.81
408.583382425,475.81
408.607422655,475.81
408.630908543,475.81
408.655056134,496.27
408.678312003,496.27
408.702077222,496.27
408.725674407,496.27
408.749646669,516.70
408.773161228,516.70
408.796987600,516.70
408.820293198,516.70
408.844215379,516.70
408.868229337,538.74
408.892272543,538.74
408.915298041,538.74
408.938659895,538.74
408.962124951,560.50
408.985705399,560.50
409.009208407,560.50
409.033470464,560.50
409.056781854,580.79
409.079830904,580.79
409.103382616,580.79
409.126929305,580.79
409.150329207,600.62
409.174413470,600.62
409.197357175,600.62
409.220811734,600.62
409.243924401,600.62
409.267397296,627.70
409.291181556,627.70
409.314718260,627.70
409.338460759,627.70
409.361160589,652.58
409.384387241,652.58
409.407393507,652.58
409.430561310,652.58
409.453425206,673.31
409.476760724,673.31
409.499841806,673.31
409.523294830,673.31
409.546672172,673.31
409.569925672,671.84
409.593068228,671.84
409.616314816,671.84
409.639768064,671.84
409.663039004,650.21
409.686021814,650.21
409.709021039,650.21
409.732109002,650.21
409.755565449,628.10
409.779254763,628.10
409.802324294,628.10
409.825459361,628.10
409.848321241,628.10
409.871169745,608.59
409.894201643,608.59
409.917605641,608.59
409.940818629,608.59
409.963970945,586.53
409.987155005,586.53
410.010279128,586.53
410.033487156,586.53
410.056647184,586.53
410.080018542,562.62
410.103203273,562.62
410.126420294,562.62
410.149477632,562.62
410.172296631,540.09
410.195434963,540.09
410.219005235,540.09
410.242487667,540.09
410.265681455,519.61
410.288980428,519.61
410.312034118,519.61
410.335068480,519.61
410.358106714,519.61
410.382166944,497.48
410.405463550,497.48
410.429055390,497.48
410.452638751,497.48
410.476112830,471.96
410.499585150,471.96
410.522867387,471.96
410.546469788,471.96
410.569824634,454.81
410.593336537,454.81
410.616916602,454.81
410.640407738,454.81
410.664173436,453.29
410.687692220,453.29
410.711134395,453.29
410.734458713,453.29
410.757923768,453.29
410.781338391,451.50
410.804387441,451.50
410.827721902,451.50
410.850869930,451.50
410.873873027,450.26
410.896919166,450.26
410.919966264,450.26
410.943117779,450.26
410.966609427,450.09
410.989703565,450.09
411.012804872,450.09
411.035833986,450.09
411.058992029,450.09
411.082135193,451.54
411.105667097,451.54
411.129125816,451.54
411.152267955,451.54
411.175349166,451.81
411.198299623,451.81
411.221397313,451.81
411.244437947,451.81
411.267878970,452.12
411.291004629,452.12
411.314207793,452.12
411.337222603,452.12
411.360045410,452.12
411.383273886,450.44
411.406821183,450.44
411.430143292,450.44
411.453305847,450.44
411.476558548,452.16
411.499724144,452.16
411.522868107,452.16
411.545842340,452.16
411.569365540,455.44
411.592914020,455.44
411.616552709,455.44
411.639516158,455.44
411.662701914,455.44
411.685861142,460.97
411.709037073,460.97
411.731847816,460.97
411.754960099,460.97
411.778044766,467.08
411.801255098,467.08
411.824298996,467.08
411.847295533,467.08
411.870493961,467.08
411.893556100,473.06
411.916700223,473.06
411.939868378,473.06
411.963132695,473.06
411.986158449,478.47
412.009431086,478.47
412.032809164,478.47
412.056348140,478.47
412.079730058,483.02
412.103229994,483.02
412.126680777,483.02
412.149963430,483.02
412.173194690,489.79
412.196472351,489.79
412.219799836,489.79
412.242931863,489.79
412.266301173,489.79
412.289518641,495.51
412.312616460,495.51
412.335937929,495.51
412.359259207,495.51
412.382635877,503.03
412.405856193,503.03
412.428833082,503.03
412.451765395,503.03
412.474869037,503.03
412.497945768,507.81
412.520885792,507.81
412.543760888,507.81
412.566913395,507.81
412.589904013,509.53
412.613101993,509.53
412.636118882,509.53
412.659519201,509.53
412.682394905,510.05
412.705379602,510.05
412.729618074,510.05
412.752361681,510.05
412.775826000,510.05
412.798800041,510.46
412.821837667,510.46
412.844847964,510.46
412.868011704,510.46
412.891212948,510.88
412.914385839,510.88
412.937443817,510.88
412.961022538,510.88
412.984116741,511.06
413.007182495,511.06
413.030214969,511.06
413.052840333,511.06
413.075024157,511.06
413.097247789,491.35
413.119210810,491.35
413.141298216,491.35
413.163667162,491.35
413.185948810,456.75
413.208066201,456.75
413.230350281,456.75
413.252425015,456.75
413.274572934,456.75
413.296674517,418.68
413.318769155,418.68
413.340768112,418.68
413.363637992,418.68
413.385804151,381.78
413.408012295,381.78
413.430188054,381.78
413.452392614,381.78
413.474693815,381.78
413.496885030,344.18
413.519039253,344.18
413.541336422,344.18
413.563895482,344.18
413.588344229,311.46
413.610853432,311.46
413.633190058,311.46
413.655714429,311.46
413.678013358,311.46
413.700344479,274.70
413.722637392,274.70
413.745171076,274.70
413.767547989,274.70
413.814841720,225.06
413.837116712,225.06
413.859356857,225.06
413.881455591,225.06
413.903997051,225.06
413.926345324,194.36
413.948649789,194.36
413.970897549,194.36
